replicate,group_id,weighted_n,weighted_deaths,q75_age,median_age,q25_age,steepness,x,y
1,all,56266,7252.5,71.166666669927764,82.430113132799477,89.916666667837916,4.3962727009059748,1,1
1,diet__0,26300,1932,71.401917530335524,82.416666668723096,89.927307504592918,4.4488492163051934,0.99983687437072033,1.011959338961931
1,diet__1,11204.5,1087.5,74.076475808095196,84.499999997567954,91.536526329087152,4.8396194441691263,1.0251108094615105,1.1008460515135441
1,number_of_friends__0,571,239,64.833333332993831,76.833333330676254,86.499006696079149,3.5463164261299811,0.93210272812428996,0.80666434213672955
1,number_of_friends__1,12147,4541,72.618547780515186,82.916666668840804,90.083333334388271,4.7476487136398164,1.0059026188070064,1.079925891007951
1,income__0,7716.5,592.5,65.833333335857176,78.416666664531149,86.247967143928534,3.8411987891513126,0.95131091884100116,0.87373988159554483
1,income__1,7373,656,68.651224115190558,79.203026464891451,87.063893235398311,4.3015505219700483,0.96085063400666437,0.97845398013721796
1,income__2,7235.5,508,70.726446915196703,83.083155849935707,,,1.0079223804543873,
1,income__3,7483,291.5,79.839024932694116,88.451755728487811,,,1.0730514901270016,
1,alcohol__0,4866,453,64.857882958705233,75.749999999096715,86.888307915882365,3.4384266370866654,0.91896028187004031,0.78212314635943347
1,alcohol__1,10809.5,1331,77.916666667760012,86.833333330354421,91.979642927502198,6.1746056970124137,1.0534176168175471,1.4045092552470559
1,physical_activity__0,11045,1254.5,67.965116059408501,79.262356351877855,88.083728920040045,3.9397525515777398,0.96157039387028154,0.8961574541920122
1,physical_activity__1,23467,1087,74.333333334716073,85.583333334915451,91.507390648272533,4.9832914711050638,1.038253255785734,1.1335264689285807
1,sleep_duration__0,2006,283.5,62.226041782048597,72.354384026230164,84.946528079136783,3.1845438112608955,0.87776640448937937,0.72437358369616867
1,sleep_duration__1,11935.5,1002,71.378232913480886,82.250000000951474,91.273176338930512,4.1342163303534312,0.99781495954569621,0.94039123858296148
1,sleep_duration__2,21094,1492,74.843501788519575,84.451602482008596,91.026629308170769,5.2184970043311409,1.0245236755401801,1.1870275934556389
1,sleep_duration__3,4771,456.5,66.000000002545704,78.022413160361722,86.319199967812793,3.8398368682689492,0.94652803684332321,0.87343009169509511
1,sleep_frailty__0,2828,440,66.931420295452185,80.20274503068724,88.232336146918882,3.7652251945385151,0.97297870866046465,0.85645851627051828
1,sleep_frailty__1,2716,430,73.723033257395926,84.135791497167375,91.002937623585922,4.868996362143541,1.0206924180926449,1.1075282843896714
1,church_frequency__0,2166,652,69.171975447966688,79.551122994459647,86.504499361614748,4.5897021917171053,0.96507356318070781,1.0439985196485353
1,church_frequency__1,1792,378,71.833333334076002,82.800504201711448,90.389172006134913,4.4622345378757329,1.004493395129948,1.0150040367050399
1,church_frequency__2,1714,406,75.903345878490015,85.316860723281721,93.319976048489579,4.8985860003068469,1.0350205462636153,1.1142589037521162
1,education_level__0,13926,2909.5,67.08333333538323,79.58333333112914,88.250000002428919,3.7598425195135783,0.9654643225215036,0.8552341438552612
1,education_level__1,26056,2497,74.453741058540302,84.677172542778237,90.91666666484943,5.1435069663636943,1.0272601762217484,1.1699699532523837
2,all,56199,7186.5,71.63845692315428,82.583333330331143,89.833333330354677,4.53882353922722,1,1
2,diet__0,26434.5,1876,71.500000002128601,82.636442197695317,89.249999997177284,4.6555742096195232,1.0006430942567035,1.0257226722703083
2,diet__1,10998.5,1047,74.809398018350095,84.229089935338209,90.061699692760527,5.5223855214359983,1.0199284351773994,1.2166997623300948
2,number_of_friends__0,586.5,221,71.416666669230608,79.410414634326628,88.349196093119033,4.6898140641819497,0.96157918834163636,1.0332664452913358
2,number_of_friends__1,12177,4581.5,72.298157124219657,83.00000000128945,89.999999997264013,4.6887773547961196,1.0050454087302538,1.0330380360181244
2,income__0,7461.5,544.5,65.268369849501255,78.266652304562413,87.565962666964992,3.5100942485263724,0.94772939221886188,0.77334891259597216
2,income__1,7087.5,656,67.378656263177334,78.833333331427809,87.077753664377482,4.0018754019981122,0.95459132190870244,0.88169882953402312
2,income__2,7253.5,421,75.747784731177404,84.00490209119954,89.873532220914925,5.9469349959872808,1.0172137488708788,1.3102371009999225
2,income__3,7647.5,292.5,79.355739062354132,86.374076864487094,,,1.0459020407785318,
2,alcohol__0,5060.5,394.5,65.980909297531525,78.154709417330182,86.699888955186395,3.7721311912411193,0.94637387794354844,0.83108126117706749
2,alcohol__1,10787.5,1384.5,77.68842134740224,86.833333333191248,91.416666666387002,6.3251589198445934,1.0514631685531537,1.3935679290412588
2,physical_activity__0,10967,1211.5,67.166666665310032,79.333333330810717,88.028105963158623,3.802869600612468,0.96064581231517365,0.83785359085802757
2,physical_activity__1,23516.5,1005.5,76.06257216689724,85.773812661119706,90.091475125669206,6.1140784074985151,1.0386334530482892,1.3470623730261824
2,sleep_duration__0,1890.5,235,62.857167082449507,78.3456505910315,86.535489250149723,3.3087500894765007,0.948685980955152,0.7289884836632905
2,sleep_duration__1,11770,966.5,71.33614493879162,82.958155499811866,89.834605165967361,4.4845978790137133,1.0045387144641091,0.98805292610632334
2,sleep_duration__2,21315.5,1479.5,74.749999999384031,84.098803646680679,90.033623501127067,5.5025435321073921,1.0183508010059088,1.2123281472723337
2,sleep_duration__3,4732,452.5,63.716966147160903,77.120047067295658,85.833333332466452,3.4870124203099411,0.93384517138364365,0.76826349166763153
2,sleep_frailty__0,2840,432,67.46998195246573,80.684351766205793,88.28114249831718,3.876975125363185,0.97700526864749482,0.85418062452881316
2,sleep_frailty__1,2672,402,73.42099974904859,84.148578813285468,89.66831137605557,5.1792309241739467,1.0189535275440309,1.1410954577572678
2,church_frequency__0,2258,610,69.239438905309598,80.542355825670654,88.084163542493911,4.2740001446741704,0.97528584252591699,0.94165373642216144
2,church_frequency__1,1796,356,73.44566418920688,83.000673350106737,90.098431441156876,4.9841970463129828,1.0050535622981727,1.0981253188709761
2,church_frequency__2,1702,432,76.083333333151586,85.066058770806833,90.321990409286471,5.9743034975808413,1.0300632747596279,1.3162669678491237
2,education_level__0,13934,2747.5,67.416666665624888,80.066254353653775,88.492620731714197,3.7989385487643665,0.96952073892913571,0.83698749597371958
2,education_level__1,26133,2555.5,74.416666663988096,84.583333332910129,90.893033413739744,5.1336155972726862,1.0242179616870033,1.1310454246359036
3,all,56597.5,7720.5,71.166666663712547,82.000000002232142,89.699702551512189,4.4245314420511646,1,1
3,diet__0,26071.5,2018.5,71.083990959140465,82.083333335270396,89.330136810053148,4.4986669516929538,1.0010162601589754,1.0167555617160269
3,diet__1,11036.5,1120.5,73.250000002497458,83.916666663998882,91.039774571942559,4.7171292888741991,1.023373983679446,1.0661308097038609
3,number_of_friends__0,565,261.5,67.900353400279755,77.321766118049808,86.77542949259724,4.096500895671686,0.9429483672676221,0.9258609525831718
3,number_of_friends__1,12607,4934.5,72.333333332320606,82.666666664155287,89.999999997576609,4.6792452832503466,1.0081300812427438,1.0575685458528687
3,income__0,7665,700,62.93778750235019,76.206442626616905,86.020815670404957,3.3014057805501049,0.92934686127490818,0.74615941231047267
3,income__1,7237,692.5,65.854710317869319,77.820489745480444,86.999793162751928,3.6803114140701529,0.94903036272392771,0.83179687211444042
3,income__2,7157,476,72.74872226636613,83.586543084513551,90.034306039744024,4.8356216475169314,1.0193480863687587,1.0929115796440561
3,income__3,7460,291.5,79.787962002946287,87.257211551925948,,,1.0641123359701306,
3,alcohol__0,4968.5,407,66.750000000455842,77.739455575331831,86.005670660451273,4.0372239922465667,0.94804214113677643,0.91246362357749544
3,alcohol__1,10638,1408.5,76.881310501466899,86.416666668932081,92.151709051145332,5.6590970031199257,1.0538617886168258,1.2790274127866588
3,physical_activity__0,11033,1356.5,66.707220699125017,77.74999999709614,86.749999999103366,3.8792025214377395,0.94817073164609378,0.87674877492550563
3,physical_activity__1,23093.5,1108.5,74.291611875632555,85.57043928308903,,,1.043541942448289,
3,sleep_duration__0,1983.5,273.5,61.878182590848567,75.379096520972226,85.249999996929134,3.2252133076035885,0.91925727462097939,0.72893895090242933
3,sleep_duration__1,11722,1083,70.046276140174456,81.166666664452663,88.853874341398367,4.3156316822618379,0.98983739832003914,0.97538727858178764
3,sleep_duration__2,21140.5,1597.5,73.608567266532049,84.08333333519748,90.131484503925606,5.0888915151681404,1.0254065040598612,1.1501537692336945
3,sleep_duration__3,4606,447,64.328929462184988,77.69484077859309,86.179874366621419,3.5556741879303622,0.94749805824973343,0.80362728449320053
3,sleep_frailty__0,2818,482,66.666666665044133,80.226990797202774,87.436209120311531,3.8627230700913331,0.97837793652462068,0.87302421074006809
3,sleep_frailty__1,2732,468,72.398126588813938,82.989717161114541,90.101976909665993,4.6876648670807555,1.0120697214494567,1.0594714781612231
3,church_frequency__0,2294,704,68.706535478961669,78.421499298336101,86.333333332824083,4.4489929452020265,0.95635974751465092,1.0055286087286843
3,church_frequency__1,1738,384,71.964456112441383,83.077883816384144,90.177912354616836,4.5613464414297873,1.0131449245624715,1.0309219182122473
3,church_frequency__2,1726,458,76.08333333174734,85.249999996870031,92.104858922313426,5.3209664407406727,1.039634146274993,1.2026056341626834
3,education_level__0,14441,3198,66.986263559609483,78.666666665028558,87.583333335869256,3.8193135003941157,0.95934959344984339,0.86321309960530501
3,education_level__1,25958,2542.5,74.764872902585807,84.41666666960883,90.986204519346131,5.2040528277214442,1.0294715447233036,1.1761816806773333
4,all,55087.5,6976.5,71.583333330318467,82.569965756629657,89.916666663805202,4.5038163139602965,1,1
4,diet__0,25799,1849,71.94264066177935,82.520157388615843,89.249999998519115,4.76792304262404,0.99939677378381597,1.0586406527826417
4,diet__1,11135.5,1053,75.416666665525767,84.833333330617975,91.039635174380095,5.430039322074971,1.0274115115980484,1.2056529271062184
4,number_of_friends__0,598.5,247,67.180889629962181,76.739263177652631,85.681715147259368,4.1478831907206475,0.92938470392294104,0.92097077268973482
4,number_of_friends__1,11939,4363.5,73.083333336206962,83.340380530845906,90.083333335455436,4.9023753255605982,1.0093304480286089,1.0884936204802369
4,income__0,7427.5,549,65.987247941301163,78.953161656874997,87.597189697774368,3.6535573555271048,0.95619709822316035,0.81121366877292966
4,income__1,7162.5,620,69.383940983484976,79.41802510493396,87.590814845143967,4.3619802997689066,0.96182703210770526,0.96850759349315674
4,income__2,7362,488.5,73.400629813437703,83.666666667191961,89.975681790322028,5.0477468658242541,1.013282080239621,1.1207710337071159
4,income__3,7300.5,277,80.682529851372365,87.685356421616561,90.448917139956606,8.9782796678676089,1.0619521955484907,1.9934826471581446
4,alcohol__0,4857.5,395.5,65.998131179247082,77.833333331787756,86.490336004420115,3.7981922392350742,0.94263492322616604,0.84332751925560823
4,alcohol__1,10497,1324.5,78.833333330109255,86.528763648281398,92.083333330799334,6.5304727278320645,1.0479447684805887,1.4499864720481215
4,physical_activity__0,10733.5,1182,68.583333336167399,79.549794484805716,88.501888299794444,3.9937532933523703,0.96342288331903003,0.8867487070849438
4,physical_activity__1,23190.5,1035,75.525377603821809,85.529631609780751,91.07590136682947,5.500112595129611,1.0358443391132623,1.2212115707474871
4,sleep_duration__0,1878,225,63.413053306490603,77.604859772941083,87.244210006897873,3.2564453647193226,0.93986789338967458,0.72304133599442122
4,sleep_duration__1,11639.5,930,71.833333334547333,82.666666669429119,89.738391857130111,4.6169447904996055,1.0011711390687079,1.0251183593319846
4,sleep_duration__2,21027,1536.5,74.749999999644416,84.583333330174256,90.502440554992745,5.3695383285516476,1.0243837762931729,1.1922196542314365
4,sleep_duration__3,4682.5,415.5,66.098200295684734,78.708113171655356,86.558079086308751,3.8469491426178086,0.95322933042800462,0.85415320573656095
4,sleep_frailty__0,2794,416,71.320775425991243,80.249935538361669,88.578104821574328,4.6501943434481339,0.97190225044895684,1.0325008879767399
4,sleep_frailty__1,2834,428,76.255691607351835,84.827128619259739,91.411077102528935,5.5971607351231203,1.0273363667036381,1.2427595498896855
4,church_frequency__0,2188,590,70.614977622307123,80.112731887648422,87.633726000837939,4.7073221899626176,0.97024058510301681,1.0451852077917836
4,church_frequency__1,1862,378,74.021129733635647,83.250000003201961,91.342183954663057,4.8062894406356715,1.0082358547728683,1.0671592946048469
4,church_frequency__2,1730,414,77.431610622750057,85.943035452664731,90.932467959406679,6.3657465085063869,1.0408510487454603,1.4134116635207215
4,education_level__0,13793,2780,68.416666667031606,80.249999997032774,88.583333331235067,3.9793388433141175,0.97190303110413234,0.88354821020997742
4,education_level__1,25646,2405.5,74.666666665443842,84.579710975331139,91.108831057120611,5.144074037974371,1.0243399061666696,1.142158933531435
5,all,55717.5,7080,71.500000001730953,82.500000003152977,90.083333332995309,4.4394618840720064,1,1
5,diet__0,26148,1865.5,71.111151410993273,82.946107515255832,90.618427506819913,4.2520599548494218,1.0054073637828582,0.95778724221173084
5,diet__1,11063.5,1014.5,75.166666666879067,84.50000000286515,91.416666663756928,5.2000000011754013,1.024242424238009,1.1713131314027201
5,number_of_friends__0,609.5,243.5,70.017709798510097,79.329164171717153,88.583333330803612,4.2729059992911091,0.9615656262870953,0.96248286636304503
5,number_of_friends__1,12163,4514,72.404574863885713,82.749705856401874,90.083333336075953,4.6807419189855546,1.0030267376150226,1.0543489371491661
5,income__0,7429,570,62.590737214113382,77.564124236421421,88.564000063635888,2.9863065216639644,0.94017120282978284,0.67267308508229273
5,income__1,7322,675.5,67.419058025648184,78.89770735477515,87.504058367391352,3.9281904910302656,0.95633584668799809,0.88483482764519483
5,income__2,7370,458,73.063005444236325,84.798221249593581,90.068620748455373,4.9864835663167897,1.0278572272285185,1.1232180152750944
5,income__3,7535,301.5,80.081955482387627,86.459321626344774,,,1.0479917772489755,
5,alcohol__0,4862,400.5,65.37159293988492,78.630539108649785,86.595661310030465,3.7047816534201341,0.95309744370478411,0.83451142281730739
5,alcohol__1,10523,1312.5,77.833333331494103,86.504156526680006,92.200162812089488,6.0211027522472644,1.0485352305863516,1.3562685995457922
5,physical_activity__0,11011.5,1273,66.750000000607713,79.24999999869172,89.448935578190401,3.4913531397903288,0.96060606055349029,0.78643611116849055
5,physical_activity__1,23374.5,1018,74.702442731395976,86.055895576127966,,,1.0431017645192617,
5,sleep_duration__0,2138,233,66.44488464399231,81.104508290500007,86.5272279809531,4.0385978334127097,0.98308494893818621,0.90970436031954116
5,sleep_duration__1,11843.5,976,71.024349972954468,81.862680501542201,90.416666665954082,4.2213976698871472,0.99227491513228583,0.9508804850949989
5,sleep_duration__2,20912.5,1444,74.316405236669851,85.001469894990521,91.083333335129254,5.0695911258068032,1.0303208471726297,1.1419382029149947
5,sleep_duration__3,4638.5,438.5,61.90466083351491,76.666666663348806,86.087819571563884,3.1702503173303014,0.92929292921719719,0.7141068895544731
5,sleep_frailty__0,2926,450,68.147843283034859,80.819255270421365,88.539450581676761,3.96335875278473,0.9796273365737288,0.89275656741294507
5,sleep_frailty__1,2708,434,72.499999998087418,83.249999999784379,90.519499179281979,4.6199952153312571,1.0090909090497302,1.0406655887523153
5,church_frequency__0,2314,642,69.166666667041582,78.10382407300078,87.058959520873785,4.3652216466081573,0.94671301903049476,0.98327719903842181
5,church_frequency__1,1790,318,74.26920318146729,84.728962690185668,91.196399562796472,5.0054929819117779,1.0270177295387577,1.1274999341407999
5,church_frequency__2,1688,416,75.361905863310994,84.890921503374756,90.826801417965129,5.4892657505098361,1.0289808666682474,1.236470971899621
5,education_level__0,13788,2831.5,67.166666663338944,79.359339176719544,88.666666665803646,3.691132054308,0.96193138392347388,0.83143681614907439
5,education_level__1,25972,2426,74.806051878519355,84.999999997790979,91.600878051652913,5.0610824501276621,1.0303030302368783,1.140021602232
6,all,56026.5,7368,71.416666665494162,82.416666668518104,89.913472590130894,4.4557242479764367,1,1
6,diet__0,26071,1874,71.4166666669568,82.489204663386275,89.228234656558513,4.6312152142665362,1.0008801374503524,1.0393855087351509
6,diet__1,10831,1025,75.145347930982467,84.000000000385214,90.250000003280803,5.5612005889523086,1.0192113245520511,1.2481025035330504
6,number_of_friends__0,586.5,241,68.200631994682652,78.701578475302441,87.505845759525741,4.0767007003375761,0.95492309573550405,0.91493559148975756
6,number_of_friends__1,12245,4687.5,72.735172742776257,82.916666667015434,90.083333334011144,4.7795653165044403,1.0060667340564542,1.0726797823440433
6,income__0,7748.5,593.5,64.90831355814116,79.530684385436473,86.827338461496339,3.628386058964812,0.96498302588857265,0.81432015471169261
6,income__1,7229.5,670,66.259379655096978,79.005107853905585,86.833333334935148,3.8400547159454392,0.95860595978318441,0.86182503724044335
6,income__2,7094.5,411.5,74.666666667619793,83.698783957739622,90.457353612772508,5.300515693108129,1.0155565292925304,1.1895968866375324
6,income__3,7237,302.5,78.666666665636143,86.134588712063845,89.660538780168224,7.8347817597594354,1.045111288697216,1.7583632477520561
6,alcohol__0,4788.5,427,66.30624285292339,77.694126038436195,83.960911283287558,4.4007694817315564,0.94269920368077875,0.98766647952466136
6,alcohol__1,10668,1388,77.499999997703327,86.083333330969126,91.668653503231781,6.0756184980725481,1.0444893831632192,1.3635535234999754
6,physical_activity__0,10973.5,1240,67.771505681639525,79.750000002974687,88.284432366350771,3.8877923773994758,0.96764408494863285,0.87253881996066374
6,physical_activity__1,23035.5,1042.5,75.333333331059748,85.338260760475976,89.921298329719889,5.8499085217378868,1.0354490688601687,1.3128973419741174
6,sleep_duration__0,2001,249.5,64.522533872097185,78.849713289332328,85.179262457600004,3.8171442764015477,0.95672048478334903,0.85668323800223956
6,sleep_duration__1,11645.5,943.5,71.334697761089998,82.666666669760019,89.504171169564643,4.5497557805501652,1.0030333670524121,1.021103534990172
6,sleep_duration__2,20855,1516,73.750000001869921,83.366997015874034,90.083333333744235,5.1041018585706741,1.0115308030010262,1.1455156500963222
6,sleep_duration__3,4723.5,428,66.028721456481193,78.418454555494648,86.287251045496745,3.8708858019988872,0.9514878206721904,0.86874447038701885
6,sleep_frailty__0,2858,412,68.669517521356212,81.34448395518433,88.726105287293976,4.055748909260239,0.9869907051974558,0.91023337252123582
6,sleep_frailty__1,2618,444,73.509507067635624,82.855004120192035,90.590836416864917,4.850618030143564,1.0053185535085631,1.0886261716816223
6,church_frequency__0,2104,618,70.146079882787433,79.460295901226189,86.916666669296163,4.7380748755403621,0.96412896945732451,1.0633680658519553
6,church_frequency__1,1798,374,72.501943647383399,83.197304310147487,90.278596592047265,4.6801444889051158,1.0094718419609121,1.050366725685639
6,church_frequency__2,1678,414,74.156186531850736,83.800496378205295,90.585231704298678,5.1007526912605687,1.0167906537066465,1.1447639951186546
6,education_level__0,13831.5,2855.5,67.926789475096669,80.250000001130232,88.431553182262661,3.9137246908670549,0.97371081900093992,0.8783588195890869
6,education_level__1,26246.5,2557,74.599945407487311,84.500000000498005,90.777346412758604,5.2233359346760508,1.0252780586281063,1.172275402152237
7,all,54986.5,7051.5,71.25000000096324,82.166666669373356,89.646191894542028,4.4665041082798078,1,1
7,diet__0,25532,1867,71.030851708654538,82.498128144257464,89.569883382767188,4.4499696421283632,1.00403401389298,0.99629811912166522
7,diet__1,10947.5,976,75.916666668548984,84.500000001005063,89.993548265860255,6.0027499284461436,1.0283975659012761,1.3439481489155045
7,number_of_friends__0,620.5,257,59.860736978251396,75.686536305668596,84.837915521123705,3.0302276206159853,0.92113431606298624,0.67843385949174062
7,number_of_friends__1,11795,4397.5,72.416666669848325,82.666666664776443,89.833333333856729,4.7464114838694922,1.0060851926416221,1.062668111078372
7,income__0,7011.5,530,65.141456596496894,78.382682636825919,87.766563053570451,3.4644116608043718,0.95394745599485453,0.77564277941269522
7,income__1,6795.5,628,68.197024302883491,79.005557166122657,87.030586575548298,4.1949343423358627,0.96152807906921012,0.93919858588274419
7,income__2,7342,492.5,74.564980776985905,83.420976781986226,89.880191487384423,5.4469362752773725,1.0152654374755159,1.219507727571566
7,income__3,7775.5,316,79.98285897056347,86.423944787553538,90.424579692065009,8.2767914496688064,1.0518127154325347,1.8530804515159085
7,alcohol__0,4825.5,428.5,66.434300248327943,77.47784030422757,86.023744916219542,3.9550809947777079,0.9429351760852982,0.88549812087846369
7,alcohol__1,10351,1289.5,77.583333330375268,85.94639937919176,91.826600036105376,6.0341774927668297,1.046000803769094,1.3509844268543127
7,physical_activity__0,10778.5,1261,67.305566648529165,79.33333333144877,87.516430484262671,3.9252816691182044,0.96551724132456895,0.87882638725030859
7,physical_activity__1,22968.5,1011,76.025213129600559,85.848450926183816,90.864133950954454,5.7853567627804789,1.0448087333471299,1.2952762658509236
7,sleep_duration__0,1862,210,63.060388473671487,80.297461071173956,86.107503707417138,3.4840569093698197,0.9772510474871664,0.78004112946212878
7,sleep_duration__1,11620.5,942,71.416666667653914,82.675403409675766,89.307550251800549,4.6210911283853866,1.0061915221941458,1.0346102939475668
7,sleep_duration__2,20689,1417.5,75.416666666606702,84.281549542469662,90.658150806507521,5.5297468913692089,1.0257389396311558,1.2380480924932786
7,sleep_duration__3,4540.5,464.5,62.645340065718159,76.198728166813822,85.836966852776868,3.2856137633835116,0.92736788840937601,0.73561194252408413
7,sleep_frailty__0,2772,426,68.666666668195191,79.970890350756335,88.30743219907545,4.071678887720636,0.97327655596091656,0.91160307681632657
7,sleep_frailty__1,2664,368,74.143081413172425,84.416666669131018,91.142805303369684,4.9657669274151646,1.0273833671361081,1.111779326075139
7,church_frequency__0,2158,582,69.583333331775265,79.801032729735653,88.118313726562477,4.3054284941234107,0.97120932325079379,0.96393698287262242
7,church_frequency__1,1766,324,74.643253952956258,83.72137573170852,91.446880316329782,4.9823397593625423,1.0189214084659304,1.1154897966233819
7,church_frequency__2,1592,364,74.099350455697547,84.688731687413679,90.449504330118245,5.1796901936138067,1.030694503261143,1.1596743377022594
7,education_level__0,13555,2806,67.83333333309038,79.916666666768563,88.486279447542714,3.8695044389257953,0.97261663282924127,0.86633849317471334
7,education_level__1,25682,2406.5,74.787966629515267,84.333333335636013,90.411629912885687,5.3977951141201999,1.0263691683512124,1.2085055746649838
8,all,56017.5,7019,71.635901447775694,82.583333330789799,90.166666665186042,4.4565527846200146,1,1
8,diet__0,25863,1803,71.625107227187442,82.570079939033022,90.58478549434858,4.3550359228430287,0.99983951493331358,0.97722076531274793
8,diet__1,11115.5,973.5,74.749999997748787,84.902977687021703,92.182656382624302,4.8703408024885473,1.028088529036973,1.0928493474365555
8,number_of_friends__0,573.5,223.5,65.650549339788469,78.769048613423848,87.076740908129921,3.676297225392593,0.95381289948556902,0.82491948442299223
8,number_of_friends__1,11993,4420,72.666666669210557,82.770200846869514,90.250000001005603,4.7073100011816518,1.0022627751695516,1.0562670810109158
8,income__0,7415,569,65.534454959741808,77.833333332180075,87.318766567835596,3.5729076379563778,0.94248234108468998,0.80172003129567326
8,income__1,7262.5,675,68.331168857858984,78.999999997020723,88.151107110889157,3.9858852731260552,0.95660948536170198,0.89438753802753612
8,income__2,7181,448.5,72.983394109926664,84.042408165199419,,,1.0176679091962206,
8,income__3,7413,274,80.770839047172785,89.054345947527267,,,1.0783573677126552,
8,alcohol__0,5008,450,64.500000002983427,77.254708707886351,87.127484513285836,3.4141978385936751,0.93547578660261266,0.76610734879577658
8,alcohol__1,10448,1239.5,77.833333330677135,86.957261923305396,92.593921463502497,5.891178667191812,1.052963817469025,1.3219138091492659
8,physical_activity__0,10864.5,1273.5,67.416666665798161,79.140100318271962,88.891142655808324,3.685309963097009,0.95830595746570468,0.82694184074636401
8,physical_activity__1,23171.5,978.5,75.846345966025183,86.410787643909941,,,1.0463465708969286,
8,sleep_duration__0,2052,250,64.833480900313006,78.653539338162517,86.553650223944814,3.6212212789974205,0.95241419988599418,0.81256106547073736
8,sleep_duration__1,11851,924.5,71.276844447715433,83.330844301063578,91.46090181034873,4.1285477346756752,1.0090515960076303,0.92639937956612661
8,sleep_duration__2,20739,1419,74.666869690012888,84.477085650554855,91.833333330028822,4.9210534809064752,1.0229314105326748,1.1042286984436707
8,sleep_duration__3,4719.5,422.5,63.913671453830993,77.750000000748742,86.366287128862126,3.4628482100289162,0.9414732593720696,0.77702394145976084
8,sleep_frailty__0,2826,390,68.07148932122135,81.148070529239348,90.250000001599531,3.6588602227936269,0.98262043025314239,0.82100681841370748
8,sleep_frailty__1,2732,430,72.496584928508653,82.664810999814236,90.706865601204896,4.5394583689068835,1.0009866115321124,1.0186030746843129
8,church_frequency__0,2006,568,70.498561276165901,78.679637601973511,85.67765571351724,5.1834210483838747,0.95273022326212087,1.1631010107795314
8,church_frequency__1,1758,328,74.093326283851354,84.469571102509988,91.618606216754273,4.8198700064084115,1.0228404170144696,1.0815242720881124
8,church_frequency__2,1720,384,73.373226576513872,85.23342898609431,93.154943718670907,4.3086971860725081,1.0320899574819713,0.96682287730153893
8,education_level__0,13889.5,2901,68.583333334003399,80.249999999260069,88.91666666618606,3.9467213116623663,0.97174571142359323,0.88559958838205055
8,education_level__1,25755,2328,74.916666669629421,84.652623717185605,91.222489151824846,5.1915580345376071,1.0250569976160591,1.1649268583677872
9,all,56194,7262,71.250000002898858,82.463601356270857,90.000000000403901,4.3980587395863378,1,1
9,diet__0,26315.5,1833,71.249999997661263,82.666666664753038,90.163087870404695,4.3708709662311662,1.0024624841159298,0.99381823323311758
9,diet__1,10993,972,74.770131326278943,84.873372425471516,92.103071397217079,4.8966518131437695,1.0292222390190022,1.1133666244767635
9,number_of_friends__0,558.5,213,69.169578752138221,81.179343343450213,87.635521083667072,4.3961657567209098,0.98442636518780924,0.99956958672507268
9,number_of_friends__1,12075,4605.5,72.833333335063443,82.912792056861875,90.166666665060674,4.7834303118934551,1.0054471390189517,1.0876231071764548
9,income__0,7909.5,577.5,64.332867283888135,79.191289359222708,88.464752431095448,3.2816039391927569,0.96031810467613887,0.74614827438648768
9,income__1,7466,673.5,66.500000002419441,78.479811290792227,87.030302118578206,3.8226330448894466,0.95169032154844535,0.86916370863409309
9,income__2,7293,433.5,73.18137535848669,84.766905371563411,,,1.0279311596560221,
9,income__3,7010.5,292,80.000000001799933,86.460752459545191,90.378201408289499,8.3309958125769885,1.0484717019088856,1.8942438711858964
9,alcohol__0,4968.5,475,64.174154251141942,75.456866170906622,85.233416843192131,3.5830725715624712,0.91503238919808083,0.81469411477198217
9,alcohol__1,10488.5,1297,77.833333331421613,86.890031961154449,92.306756706949528,6.0034194887210059,1.0536773865327553,1.3650157590404675
9,physical_activity__0,10798,1186.5,67.358046490378143,79.217108753625169,88.813757694665568,3.6921222512444833,0.96063120517111866,0.83948907230642134
9,physical_activity__1,23558.5,1038,74.374317846179551,85.999999997691845,90.476147184521139,5.3410080426643898,1.0428843584715946,1.2144012526687493
9,sleep_duration__0,2065,240.5,63.257476936740922,78.896642812080614,87.1730372808628,3.2989669352017645,0.95674505496334361,0.75009615162894594
9,sleep_duration__1,11965,955.5,71.28266265458123,82.479761086124,91.956310291650865,3.989608536145826,1.0001959619709468,0.90712943422876413
9,sleep_duration__2,20930.5,1440,73.927571141565139,83.91624697895702,90.968895609879709,4.9242796318434596,1.0176155976551429,1.1196484456927958
9,sleep_duration__3,4764,408.5,62.279196902247563,78.091578251962702,87.583333332243924,3.0861190804911387,0.94698238941300261,0.70170028715473809
9,sleep_frailty__0,2786,380,68.030624801122414,81.818127274097662,90.02605278880084,3.7197788249417649,0.99217261832424075,0.84577743163376462
9,sleep_frailty__1,2804,398,73.774997093326462,83.916666665111791,91.058303939964077,4.8553594176011163,1.0176206870054485,1.1039778468392603
9,church_frequency__0,1972,582,70.400674312219792,79.537225100196096,86.297182264556881,5.0034400849969449,0.96451311599366341,1.1376473988311366
9,church_frequency__1,1768,338,71.833333335911504,84.575627877878688,93.647812326123145,3.8770409284507119,1.0256116212107105,0.88153459469606121
9,church_frequency__2,1646,368,76.628268294513774,86.007494728442751,93.423450576383416,5.1209622667381005,1.042975243791028,1.1643687749426821
9,education_level__0,13999,3017.5,67.545845735494467,79.526501740498048,88.25149197832215,3.8408123469242392,0.96438307850413252,0.87329719186185528
9,education_level__1,25934,2443,74.416666665789805,84.750000000936964,91.24999999833517,5.0346534656378683,1.0277261556257782,1.1447444801774989
10,all,55494,7348.5,71.416666665091114,82.416666665164612,89.83333333261568,4.4751131218819227,1,1
10,diet__0,25708.5,1979.5,70.750000000792454,82.166666667630992,89.173812164689878,4.459808097080014,0.99696663299245891,0.99657996917953384
10,diet__1,10918,1040.5,74.650269423494223,84.581841132997738,91.205293027712472,5.1091344328525228,1.0262710754443589,1.1416771584768286
10,number_of_friends__0,586.5,267,67.11964406557847,77.641281756874491,87.533043878581822,3.803446876468707,0.94205801931190514,0.84991077831553019
10,number_of_friends__1,12325,4661.5,72.334033191863853,82.854535212172379,90.000000001237083,4.6900651465172754,1.0053128640689475,1.0480327577831057
10,income__0,7581.5,645.5,63.750000003332936,77.333333330771055,87.32910377665138,3.2797401493384846,0.93832153689197728,0.73288430035468088
10,income__1,6951.5,621.5,68.583333334383795,78.733320957562825,87.101308767122717,4.2517240204545237,0.9553082421718635,0.95008190958680017
10,income__2,6986.5,437,73.571516146733146,83.660907160956654,89.864537617708962,5.1347693434265178,1.0150969524264677,1.1474054853092048
10,income__3,7195.5,263,80.823205920477889,88.663331955700315,90.84657099312868,8.8456652344851996,1.0757937143455962,1.9766350019695871
10,alcohol__0,4744.5,371,67.083333330918109,79.534007224079531,88.830616879057445,3.6571927269916125,0.96502334348468011,0.81722911296008771
10,alcohol__1,10168.5,1297,77.416666666204549,86.516474422122741,92.083333332506726,5.8988505289276914,1.0497448868396302,1.3181455682280145
10,physical_activity__0,10557.5,1250.5,67.166666664721333,78.545996425504811,87.160701652171113,3.9284714903624001,0.95303534592844874,0.87784853329257451
10,physical_activity__1,22965,1014.5,74.642064066788862,86.000015201670848,90.734732854184301,5.3440492896386607,1.0434784453375718,1.1941707715739984
10,sleep_duration__0,1981.5,269,62.752013968696502,78.509315376353541,85.639072438269764,3.4302929527062713,0.95259027758686809,0.76652653447645758
10,sleep_duration__1,11779.5,1032.5,70.891261623753579,81.562795203024621,88.900154891149441,4.5290287410770373,0.98963957781004386,1.0120478785064637
10,sleep_duration__2,20708,1549.5,73.938809389029231,84.081745210763998,90.488343629055635,5.080610970150774,1.0202031775000575,1.1353033614520611
10,sleep_duration__3,4474.5,412,65.172943835205615,77.935470718491885,87.329896958693396,3.5174272511266595,0.94562755170773227,0.78599739388207313
10,sleep_frailty__0,2818,460,68.678597603110333,80.712805071469063,88.211278692001969,4.1321928466528322,0.97932624962111303,0.92337170795698631
10,sleep_frailty__1,2788,462,72.201427945743944,83.916666663723632,89.583333335223628,4.8278174793491742,1.0182002022073167,1.0788146238678606
10,church_frequency__0,2342,672,69.083333335310769,79.177724983560708,86.916666669546373,4.4398724287600793,0.96070040426698156,0.99212518384182802
10,church_frequency__1,1810,404,71.679548990671478,82.7159335135552,89.823487761333354,4.5588741540124689,1.0036311447732584,1.0187170759373614
10,church_frequency__2,1650,420,76.296894149969305,85.51527144883012,91.683985665895051,5.5575981568915234,1.0375968224516317,1.2418899825607945
10,education_level__0,14002,2969.5,68.33333333549578,79.999999998309306,88.558071924635726,3.9555517440045831,0.97067745196886535,0.88389983365183666
10,education_level__1,25519,2429,74.295878779508556,84.609807525282932,91.124693711703699,5.0276747273164331,1.026610404774418,1.1234743324660676
11,all,55511.5,7360.5,71.416666664752725,82.166666666858262,89.88120905968114,4.4499703761641376,1,1
11,diet__0,25834.5,1893,71.416666666938625,82.350260115071407,90.304086084337897,4.3600588463244243,1.0022344030208443,0.97979502732842527
11,diet__1,10598.5,981,74.823462024295594,84.666666668781673,91.353824252648124,5.1218881654972561,1.0304259635121815,1.1509937668197041
11,number_of_friends__0,537,217.5,70.842956387829105,76.600798954546022,87.365919814185574,4.6360206082860955,0.93226124488073925,1.0418093192526672
11,number_of_friends__1,12227,4648.5,72.497011442928979,82.666666665643092,90.083333334333972,4.7006228577019842,1.0060851926829655,1.0563267753152794
11,income__0,7489.5,580,66.118895891804669,77.668652955294291,87.75226263040534,3.590224947128049,0.94525743961598196,0.8067974938347372
11,income__1,7254.5,692,66.840584194715603,78.625322841849197,87.416666664540841,3.8211998302958299,0.95690048083163315,0.85870230749484089
11,income__2,7135,451.5,75.464181474089983,84.214149631185506,90.496313333813376,5.6022758725810657,1.024918656766602,1.2589467791941151
11,income__3,7183.5,309,80.174545377096621,86.392334363942524,90.399689477168138,8.4490089839749327,1.0514280044268691,1.8986663437651816
11,alcohol__0,4777.5,444,65.773314621098933,76.078420690851232,83.627875520423288,4.2610076562415022,0.92590370008933676,0.95753618474972391
11,alcohol__1,10360.5,1322,77.896592933539239,86.416666666810741,92.083333333274965,6.0913687169760671,1.0517241379303355,1.3688560152229172
11,physical_activity__0,10874,1307.5,67.836588260971936,78.833333332820388,87.247599754780765,4.0612686957588169,0.95943204867306164,0.91265072628632182
11,physical_activity__1,22706.5,993.5,75.775948947912582,86.416666668183481,,,1.0517241379470423,
11,sleep_duration__0,2042.5,243.5,66.666666667392718,79.496798887567238,85.929485499331605,4.1269556434677606,0.96750668017097607,0.92741193639702046
11,sleep_duration__1,11733,987,71.249999999713737,82.156980924004273,91.493174401935022,4.0585028460254327,0.99988212077662519,0.91202918288275237
11,sleep_duration__2,20559,1418,74.333333335756663,84.500000001628123,90.758795359586031,5.1444519416890122,1.0283975659403377,1.156064312078301
11,sleep_duration__3,4478,431,62.672379152460387,76.817618295987202,86.41973666655278,3.234785944095099,0.93490001982727888,0.72692302884125615
11,sleep_frailty__0,2764,410,66.681120911168719,81.115459201897124,89.251684715136832,3.5938605657531815,0.98720640002078675,0.80761449222299753
11,sleep_frailty__1,2746,438,72.456720201105085,83.160808286851605,90.448117059084993,4.6222541219731053,1.0120990866530348,1.0387157062284706
11,church_frequency__0,2244,604,69.762132406553363,79.318108820915043,87.54661571508197,4.4599613857141289,0.96533195319346965,1.0022451856316859
11,church_frequency__1,1798,314,74.057239360885831,85.348724758347927,91.951385189126896,4.769645088263899,1.0387268733243276,1.0718374921801885
11,church_frequency__2,1630,390,74.709795033030304,84.779459151465858,91.543718692586523,5.0362268990888861,1.0317986914961643,1.1317439158842446
11,education_level__0,13849,2875.5,66.918744178883998,78.416666665852134,87.66666666609153,3.7794948730024029,0.95436105475459576,0.84933034458991552
11,education_level__1,25478.5,2534,74.644138811013349,84.583333332898206,91.048351983122913,5.1561956946954792,1.0294117646981864,1.1587033752660858
12,all,56321.5,7249,71.833333330817553,82.666666669774187,89.99999999886353,4.5504587154218914,1,1
12,diet__0,26287,1913.5,71.916666667405849,82.752169761077297,89.375925907371567,4.7397297115361345,1.0010343115883051,1.0415938277767003
12,diet__1,11012.5,992.5,75.666666664191894,84.583333331843647,91.255472905574663,5.4259018953808535,1.0231854838144847,1.1923856988290018
12,number_of_friends__0,639.5,261.5,68.523036888602164,79.607202351230015,87.613022775179942,4.1701027347119233,0.96299035098674401,0.91641370584883908
12,number_of_friends__1,12121,4562,72.481218890314466,83.095414548895235,90.166666665587684,4.6985191217535638,1.0051864662794951,1.0325374683281672
12,income__0,7690,566.5,66.292287051519864,79.316815256596243,87.814262346886224,3.6853873386646345,0.95947760387437075,0.80989358856823457
12,income__1,7045.5,604,71.083333336068165,80.003208812341128,87.847814564453785,4.7721851766507211,0.96778075172581124,1.048726177973526
12,income__2,7336,471.5,74.476733285981936,83.837153885761111,90.103489022546654,5.3649750017908273,1.0141591195476967,1.1789965226161641
12,income__3,7309.5,294.5,80.347135320037339,86.3751364964765,90.402429709035502,8.5900156827812477,1.0448605220955189,1.8877252206835664
12,alcohol__0,5055,384.5,66.744902158983137,79.568276219802087,86.474439822479951,4.0329518905563448,0.96251947036464969,0.88627370178930054
12,alcohol__1,10473,1357.5,77.755041264997786,85.916666669314608,92.12120097184355,5.9804894573442331,1.039314516121995,1.3142607880554649
12,physical_activity__0,11339.5,1233,68.916666669167569,80.000000000544716,88.895164085699633,4.0043051453081393,0.96774193545408194,0.87997834849862688
12,physical_activity__1,23044.5,959,76.583333332947447,85.999999997301941,91.048612171076599,5.9452708074049569,1.0403225805734166,1.3065212057096418
12,sleep_duration__0,2032.5,245,63.12583214638844,79.12830784946388,86.997548964074966,3.3147305011107462,0.95719727233656493,0.72843875934460034
12,sleep_duration__1,11886.5,980.5,71.833333335981507,82.674836585778522,89.900941941742985,4.5758593951063791,1.0000988296290809,1.0055820042050712
12,sleep_duration__2,20959.5,1426,75.620563711099933,84.432567022710899,90.897438150450697,5.5268220837913171,1.0213616978169797,1.2145637241055385
12,sleep_duration__3,4712.5,441,63.660412958839416,78.635496952911595,86.507750657509447,3.4417794313728312,0.95123585020107593,0.75635878635891107
12,sleep_frailty__0,2728,394,69.571968844787278,81.73606703825584,89.525453916951918,4.0963303775077708,0.98874274639334636,0.90020163541424059
12,sleep_frailty__1,2742,386,74.126817356147654,84.152153953949949,90.686808024652549,5.0816546723058966,1.0179696042433861,1.1167345953680972
12,church_frequency__0,2198,604,69.744274943645081,80.416666669963618,87.635138241369972,4.4948455159338163,0.97278225806783081,0.98777855091848277
12,church_frequency__1,1756,338,74.00910241306039,83.21616672728581,92.040749281233019,4.6150064570180405,1.0066471781148101,1.0141848867626007
12,church_frequency__2,1672,414,77.2471685651022,84.858105249240737,90.756542909672447,6.2814237791365457,1.0265093376538408,1.3803935321615526
12,education_level__0,14457.5,2957,68.580426152252045,80.333333331752669,88.749999997287091,3.9828969094221875,0.97177419349273619,0.87527371601544512
12,education_level__1,25464.5,2424,74.776133103441111,84.818424966954439,91.110926682459848,5.1925005698204636,1.0260293342391051,1.1410938752663853
13,all,56353.5,7303,71.41666666586201,82.500000002239148,90.083333332150616,4.4196428573523239,1,1
13,diet__0,26184.5,1829.5,72.13780752683671,82.999999996821842,90.328327832794315,4.5628161592298371,1.0060606059947772,1.0323947672919627
13,diet__1,11334,1060,74.000000000473491,84.343649258740342,92.115595608372146,4.6558584704753141,1.0223472637145594,1.0534467649869113
13,number_of_friends__0,594,262,65.870772132645769,77.522043548605367,86.633760688602194,3.7336649943086382,0.9396611338969858,0.8447888471570677
13,number_of_friends__1,12275,4627,72.125444712586841,82.798510566731764,90.166666663610968,4.5894070141979286,1.0036183098725395,1.0384112839713264
13,income__0,7336,566.5,65.456000186435261,77.441908925988827,88.549333035931696,3.3534314613959024,0.9386898051380238,0.75875620941119282
13,income__1,7287,645,68.162175201035183,79.13802743307015,88.062264267613244,3.9767674992963435,0.95924881734451217,0.89979385838400217
13,income__2,7410.5,456.5,75.666666663793663,84.558470924090784,90.029070888147643,5.8874871924790302,1.0249511626884336,1.3321183141947466
13,income__3,7582.5,288.5,80.250000002868632,,,,,
13,alcohol__0,5043,431.5,65.3054000742233,77.388711721457994,87.434535316729594,3.4971412517199263,0.93804499053766754,0.7912723639880167
13,alcohol__1,10472,1279.5,77.980988626220906,86.444916111602424,92.976359984223876,5.7647732788869623,1.0478171649606813,1.3043527418277563
13,physical_activity__0,11132,1225.5,67.831351804117929,79.916666664109187,89.772034510888517,3.6423965348830292,0.96868686862957765,0.8241382058334642
13,physical_activity__1,23338.5,1012.5,75.347714795545912,86.104581768949416,,,1.0436919002013629,
13,sleep_duration__0,1987.5,269,62.538631831448996,73.423847723952463,85.508856433805178,3.1964793115876184,0.88998603299345036,0.72324380379968845
13,sleep_duration__1,11947,967,71.583333333051613,82.833333332371325,91.480742739594007,4.1630210063997177,1.0040404040014925,0.94193606604983904
13,sleep_duration__2,21252.5,1451,75.635704216811931,84.398617468257186,91.416666665340557,5.3481286546072662,1.0230135450420184,1.2100816349244949
13,sleep_duration__3,4546.5,409,62.80708513951496,77.898815682595298,87.394970007755333,3.1681788043190116,0.94422806885431554,0.71684045670083241
13,sleep_frailty__0,2856,448,66.449825039593577,80.58945102437481,89.152378439700144,3.5497967829467378,0.97684183057196994,0.80318634277008416
13,sleep_frailty__1,2656,400,72.542777523909606,83.702743371882818,90.714048843168655,4.6063229094581519,1.0145787075104367,1.0422387188583067
13,church_frequency__0,2242,634,69.510405359450715,79.003052303436959,87.113166334006607,4.4881057248708203,0.95761275516718447,1.015490588205471
13,church_frequency__1,1682,332,71.934387745679246,83.035890894783037,93.232582573121547,3.8987290503978742,1.0064956471821738,0.88213667398760953
13,church_frequency__2,1758,440,76.014233577736761,84.75000000066035,92.559529101486888,5.1223019787712483,1.0272727272528501,1.1589854981721004
13,education_level__0,13926,3065,66.999999997621828,78.833333333522688,88.416666669935097,3.6809338511784242,0.95555555553191585,0.83285776022716052
13,education_level__1,26057,2382.5,74.924622249018128,84.999999998543004,91.744509227791582,5.0535416858515303,1.0303030302574061,1.143427613714235
14,all,55665.5,7217.5,71.333333333100271,82.333333333091133,89.769491840897501,4.4658616543283562,1,1
14,diet__0,25878,1895,71.294841833229157,82.453609441657051,89.864545246277999,4.4402222053647495,1.0014608434238819,0.99425879013991469
14,diet__1,10861.5,1030.5,74.405528376792063,84.553283523716402,91.386079502796917,4.979419271864935,1.0269629577809529,1.1149963114148047
14,number_of_friends__0,563.5,229.5,62.663657686102795,76.852793636361241,85.941235045609133,3.3015804200506844,0.93343474052535202,0.73929303583570727
14,number_of_friends__1,12089,4582,72.20784327954091,82.750000002650353,89.916666669232086,4.6728118622958057,1.0050607287800863,1.0463404879026807
14,income__0,7693.5,595.5,66.366916913037883,78.096048946798746,87.943064158630918,3.6195548750136566,0.94853500745378727,0.81049417899131493
14,income__1,7043,620,68.622548774907102,78.416666666171722,87.063104920681923,4.2524024788774542,0.95242914979436111,0.9522020178918853
14,income__2,7147.5,437,74.532942406456542,84.384216542967636,,,1.024909512670638,
14,income__3,7212,310.5,80.069164074650402,86.313236236476328,90.554417465734375,8.2318693709273543,1.0483389016606912,1.8432880389272577
14,alcohol__0,4754,414,66.599787729155651,77.833333331865077,87.00060226105694,3.8152071433302357,0.94534412953960367,0.85430482147437325
14,alcohol__1,10282.5,1276,77.656988611910265,86.250000001601791,92.000000000975078,6.0133815460370643,1.0475708502249657,1.3465221297683587
14,physical_activity__0,10841,1248.5,67.469606959273037,78.833333331081704,88.17669742204238,3.8070695384666138,0.95748987851797907,0.85248264123380657
14,physical_activity__1,22877,1018,74.694392991286804,85.913971107150985,90.117314889578523,5.5705379093352621,1.043489527620288,1.2473601603704501
14,sleep_duration__0,2051,279.5,64.138138115719329,76.644451892907526,84.835311167861207,3.7031362543966293,0.93090427400566389,0.82920980116065934
14,sleep_duration__1,11837.5,1003,70.879558864304599,82.249999999231079,89.895538430175279,4.3253096541421909,0.99898785424461178,0.96852746209682938
14,sleep_duration__2,20584,1453,74.579190125818599,84.392150382457771,91.129201697986375,5.0992200225636344,1.0250058750935955,1.141822209745665
14,sleep_duration__3,4665,439.5,65.119705638703877,77.636073413267923,86.2499999997207,3.6741595780368463,0.94294826008295107,0.82272131615985356
14,sleep_frailty__0,2840,454,67.966096502965243,80.7290000472494,88.325719228977817,3.9651520626708661,0.98051417061724955,0.88788063079110446
14,sleep_frailty__1,2750,424,72.476630207996109,84.034579937412317,90.146244954917961,4.755880710531712,1.0206629142225854,1.0649413436088568
14,church_frequency__0,2268,664,68.751563029112134,79.432684939251658,86.333333331188129,4.517900278214448,0.96476945270629955,1.0116525382813091
14,church_frequency__1,1764,350,72.915505125218672,83.147790537955871,90.086871122429102,4.842235064552443,1.0098921927716655,1.0842778929032211
14,church_frequency__2,1644,412,73.999999999291433,85.083333332220562,91.865377709772389,4.7624704448484909,1.0334008097061238,1.0664169232006233
14,education_level__0,14030,2926,68.33333333525745,79.916666665120474,88.249999997684611,4.0125523020317173,0.97064777326342788,0.89849453758665199
14,education_level__1,25456,2399.5,74.750000002435499,84.499999999869061,90.746605190493256,5.2823707909570974,1.0263157894751129,1.1828335044453007
15,all,55811.5,7258.5,71.083333331783663,82.083333331931016,89.833333330240805,4.3777777780632166,1,1
15,diet__0,25845.5,1922.5,70.999999998154095,82.666666667468348,89.924254613638524,4.3682918216407769,1.0071065990117438,0.99783315716252818
15,diet__1,11085.5,1025.5,74.558311367710701,84.351803067713377,91.748693898111696,4.9069183259033462,1.0276361795226938,1.1208696682804735
15,number_of_friends__0,596,254,61.062056877701139,76.460737995203019,86.444674379969811,3.0123267621382639,0.93150137660721966,0.68809494562123585
15,number_of_friends__1,11815,4563,71.91666666601887,82.269565730718099,89.841017925196155,4.5898211065572596,1.0022688211020134,1.0484362933076639
15,income__0,7656.5,587,62.855742945242596,77.500000002877357,87.531679805074972,3.1407115540578432,0.94416243659940757,0.71742142093090278
15,income__1,7222.5,646.5,67.418225593827913,78.666666666367931,88.050205088851982,3.8128511462189274,0.95837563453050001,0.87095584552621585
15,income__2,7124,444,73.72952919080241,84.260179301272913,90.368377272366388,5.0640632625664814,1.0265199508959888,1.1567657198001691
15,income__3,7348,290.5,79.973764243037024,87.658845183897782,,,1.06792501748705,
15,alcohol__0,5167,436.5,66.732823138059771,79.366136370068617,86.083333332713053,4.101500971896761,0.96689709284984182,0.93689108488994988
15,alcohol__1,10191,1265,76.649228171451156,86.00000000316021,92.666666668336191,5.3691481331353277,1.0477157360970084,1.2264551572352094
15,physical_activity__0,11162.5,1305.5,66.749999999629964,79.17012163625219,88.073943586767939,3.7127335904229959,0.96450909609264657,0.84808635308701197
15,physical_activity__1,22996,998,75.13753824299296,86.130707261641106,,,1.0493081087891887,
15,sleep_duration__0,1959.5,261.5,60.792722050686869,76.350927567630336,86.560166133354187,2.9630772583683771,0.930163584596159,0.67684505897402569
15,sleep_duration__1,11576.5,968,71.166666668111944,82.437457694135233,90.021133615348447,4.3723038113372956,1.0043142054279424,0.99874960150938896
15,sleep_duration__2,20925,1499,73.971351285294716,83.948173148482809,91.083333334154801,4.9058123663748825,1.0227188607096485,1.1206170379313485
15,sleep_duration__3,4813.5,459.5,63.791513913148528,77.856207126093821,86.543526184772048,3.4219481862356704,0.94850201576557058,0.78166329122114164
15,sleep_frailty__0,2844,436,68.376698774242257,80.056173591167465,89.091649698953034,3.8646566859914109,0.97530363767555517,0.88278959826535164
15,sleep_frailty__1,2636,428,72.499999999520583,82.666666665145385,89.583333335554642,4.8390243893898441,1.0071065989834436,1.1053609010575884
15,church_frequency__0,2068,606,69.500760624752928,78.220921816489607,86.757649767916334,4.5327359507016407,0.95294524042021445,1.0353965368947939
15,church_frequency__1,1716,332,74.053013907602661,82.865209255002881,90.778072997725261,4.9545540502120557,1.0095253919563683,1.1317509251015505
15,church_frequency__2,1734,450,74.793435418357959,84.452221885316362,90.814365366205621,5.2713682763878591,1.0288595559808222,1.2041196569644013
15,education_level__0,14085.5,2988.5,67.750000000389591,79.496750160404702,88.500623772751879,3.8310535159085797,0.96848832684381114,0.87511374723170288
15,education_level__1,25169,2317,74.59962018920595,84.583333332163065,90.981827115008358,5.1631220210594515,1.0304568527952256,1.1793933549874431
16,all,55730.5,7254.5,71.333333331737933,82.499999998932608,89.884467885090473,4.4471673558113078,1,1
16,diet__0,26207.5,1962.5,71.083333331370639,82.446035426292553,89.790022604823221,4.40730234094897,0.99934588396799084,0.99103586357948847
16,diet__1,10804.5,1005.5,74.912916325669997,84.916666666057154,91.416666665737324,5.1452951551199204,1.0292929292988584,1.1569825786736672
16,number_of_friends__0,582,222,65.266538219136663,76.92178908390413,87.398226670855649,3.4756403358790982,0.9323853222412043,0.78154026097923368
16,number_of_friends__1,12237,4617,72.416666667812223,82.916666663625847,90.000000001300194,4.7156398102121306,1.0050505050266501,1.0603693166730048
16,income__0,7694.5,617.5,63.970149166280869,77.670768968057402,87.153257660788398,3.3503172789127449,0.94146386629166434,0.75335983804044138
16,income__1,7197,661,65.608046890453764,77.999999999614033,87.716320128597118,3.5280910073537903,0.94545454546209939,0.79333443629987965
16,income__2,7100,451.5,73.760673101130919,84.103556603503094,90.070187924580026,5.1567172606865466,1.0194370497526211,1.15955097888278
16,income__3,7106.5,265.5,80.224366056851352,86.744661141813808,89.853677972325926,9.0083966438362761,1.0514504380961953,2.0256482212356164
16,alcohol__0,4944,374.5,66.532533098851545,78.957302855410461,86.797109113255488,3.8963214823388395,0.95705821644160016,0.87613556464146691
16,alcohol__1,10301,1265,78.000000001848278,87.000000001996298,92.417052010821649,6.0345207846823543,1.054545454583296,1.3569358429465854
16,physical_activity__0,10894.5,1228.5,66.769991051535371,79.416666665118512,88.142122130824887,3.7158983524144937,0.96262626261995166,0.83556521603774747
16,physical_activity__1,23041,1043,74.734222954255785,85.854984429571672,90.953772832238144,5.2933025315405144,1.0406664779476664,1.1902638484300629
16,sleep_duration__0,2039,272.5,61.631230895900778,76.520200064108224,85.460757388255857,3.2111506742971674,0.92751757654664546,0.72206652400904514
16,sleep_duration__1,11745.5,1016.5,70.979393378573306,82.50000000130278,90.481394224217567,4.2303351668518161,1.0000000000287295,0.9512426289340904
16,sleep_duration__2,20875,1475,74.647213784287572,84.425878582230482,90.689536759691038,5.2626966002164766,1.023343982828155,1.183381730246666
16,sleep_duration__3,4697.5,442,63.80299421691965,77.681966693055998,86.41489382926602,3.4354462926520646,0.94159959629164913,0.77250213850459593
16,sleep_frailty__0,2858,444,67.085048772133632,80.928658941150886,89.217869591126046,3.6564999826730231,0.98095344172361143,0.82220876574274071
16,sleep_frailty__1,2764,454,73.230731591141037,83.916666667238914,90.583189640754796,4.8360103466209949,1.0171717171918138,1.0874361047603862
16,church_frequency__0,2228,644,68.765537359813806,79.500000003035524,87.20717269248162,4.3108975190615508,0.96363636368562544,0.96935805967102018
16,church_frequency__1,1794,382,71.72953536049647,82.724467416040795,91.424814370359869,4.2002181017396287,1.002720817177104,0.94447043830069055
16,church_frequency__2,1676,430,75.065785400233622,84.875220259007605,91.530565365518768,5.1549562422310631,1.0287905486073421,1.1591549923334583
16,education_level__0,14244,2951,67.249999997578215,79.802157465262511,88.403038269240923,3.7726097045911389,0.96729887837933326,0.84831745755223376
16,education_level__1,25279.5,2412,74.5833333337835,84.695963215952304,90.916666665432459,5.1854671362053004,1.0266177359642195,1.1660157402057794
17,all,56007,7363.5,71.47262156652603,82.083333332023287,89.833333335448089,4.4705964760560217,1,1
17,diet__0,26283,1937.5,71.249999998365254,82.336875606444735,89.755536838777289,4.4493102965075328,1.0030888398914781,0.99523862650934947
17,diet__1,10633.5,1055,73.999999998974999,83.547187797610022,90.916794660098603,4.9387126504295384,1.0178337599871281,1.1047100038844238
17,number_of_friends__0,580,244,65.881152496201025,76.708007450559634,87.281471668932696,3.5844328690340812,0.93451379636691034,0.80177955855149829
17,number_of_friends__1,12033,4635,72.600435676531291,82.583333334040717,90.090090155336313,4.7218390411382911,1.0060913705830508,1.0561988912280262
17,income__0,7966,657.5,63.666666665773391,77.53655880386394,87.164214094395632,3.2997724140953135,0.94460782300631174,0.73810562679241987
17,income__1,7280.5,665.5,67.597416531615778,79.182034179169946,86.833333336063461,4.1163639344115728,0.96465422351797392,0.92076391963764215
17,income__2,6993.5,434.5,71.916666667071823,83.242386673058078,,,1.0141204467945579,
17,income__3,6959.5,270,79.875433136568219,88.944107264887521,,,1.0835830326859743,
17,alcohol__0,5049,430,65.597063423313571,77.32083795893017,85.952006699161274,3.7986270416521251,0.94197975179895477,0.84969132463578756
17,alcohol__1,10009,1297.5,77.413830016658821,85.795083400568458,92.590670713015356,5.6530265499304519,1.0452192901758912,1.2644904500344381
17,physical_activity__0,11434,1315.5,67.416666666377978,78.969679918602139,87.107427624999005,4.0104940629035246,0.96206716653639579,0.89708254466339099
17,physical_activity__1,22708,1019,73.750000001065061,85.701951586394983,,,1.0440846893940643,
17,sleep_duration__0,2020,281.5,61.034208728085289,74.76813668018444,85.364617951264563,3.0730324341998236,0.91088085297109933,0.68738756688478075
17,sleep_duration__1,11794.5,965,71.416666669331363,82.69934777305933,89.888970927728593,4.4769372903472755,1.007504744459442,1.0014183374243715
17,sleep_duration__2,20668.5,1531.5,73.749999998211493,83.511460242232872,90.801603541858029,4.897572244655513,1.017398500429227,1.0955075616612509
17,sleep_duration__3,4845,451.5,62.851875408585265,76.788924651643356,86.045241500120881,3.3108141504163711,0.93549958967962121,0.74057548431147713
17,sleep_frailty__0,2770,418,68.911755218056058,80.971311628850088,89.28463303755143,3.974466069362395,0.98645252747381584,0.88902366622645512
17,sleep_frailty__1,2596,398,72.347519002874535,83.337115100810806,90.486053969146809,4.5944788405332693,1.0152744987062847,1.0277104778167179
17,church_frequency__0,2090,618,68.716351846289072,77.81815575412422,86.559526401458612,4.3612281835565341,0.9480384457506541,0.97553608493066846
17,church_frequency__1,1682,348,73.458409494597291,82.706124240075923,90.127770149674788,4.9615654704119434,1.0075873004027929,1.1098218094577519
17,church_frequency__2,1716,446,74.858313818768352,84.500000001208818,90.961257237883473,5.247487853736259,1.0294416243966389,1.1737780141511707
17,education_level__0,14558,3038,68.176729444170235,79.412737831528119,88.083333330380825,3.9892659885867192,0.96746482638938736,0.89233416837165891
17,education_level__1,24946.5,2399.5,75.029260146699471,84.29147877858756,90.999999998954323,5.2778693760193427,1.0269012643240549,1.1805738684506593
18,all,56092,7263.5,71.749999999876081,82.650969878270431,89.916666669408457,4.5495946714806941,1,1
18,diet__0,25981.5,1846,71.712052319637863,82.666666669288205,89.658112837629147,4.6063962944075225,1.0001899165979649,1.0124849853730689
18,diet__1,10976.5,1003,75.249999997019572,84.74313522302262,91.319163219593179,5.2736495391357607,1.0253132582452882,1.1591471152790449
18,number_of_friends__0,608.5,247,71.083333332663628,78.870583607517887,87.501586978363619,4.803835128236944,0.95426083594275601,1.0558820016099382
18,number_of_friends__1,12309,4675.5,72.750000001690239,83.166666665370855,90.083333334791092,4.7980769230665183,1.0062394523362514,1.0546163492636926
18,income__0,7286.5,534.5,66.082756225253448,77.824290633267609,87.77131935843957,3.588264015248988,0.94160166236268461,0.78869971378816583
18,income__1,6998,562.5,69.951211881943863,79.85984047687306,88.250218338316941,4.3641626482436653,0.96622992560754961,0.95924207833295205
18,income__2,7135.5,435.5,73.728637122513362,84.112506931088703,90.4324426921699,5.0355295732060066,1.0176832414062515,1.1068083943326674
18,income__3,7739,312,80.258445479881559,86.561420095580999,90.927439289278411,8.1133630445394882,1.0473128170555039,1.7833155765278192
18,alcohol__0,5114.5,431.5,66.936592109557949,79.067820272249094,86.686607130046724,4.0034308931017879,0.95664721646583639,0.87995331060972215
18,alcohol__1,10635,1371,77.666666665243696,86.537097508597981,91.956181346279578,6.0559857658038174,1.0470185363347955,1.3311044616273167
18,physical_activity__0,10714.5,1177,68.750000002864084,80.007468787853483,88.782998740549914,3.9937839479490616,0.96801609110806164,0.87783291399215124
18,physical_activity__1,23242,947,76.335029567156653,86.077033132745697,,,1.0414521845239231,
18,sleep_duration__0,1917.5,260,63.581398647766868,76.120457254271784,85.272701238973852,3.509261692985131,0.92098686036453192,0.77133501913545621
18,sleep_duration__1,11649,928.5,71.92124114234143,82.583333332775055,91.188533531105094,4.2861929775320249,0.99918166059521152,0.94210436028514521
18,sleep_duration__2,21006,1406.5,75.218329598062013,84.695687426447762,90.864927382257704,5.4130417739757553,1.0247391839586253,1.1897855006529729
18,sleep_duration__3,4647,445.5,66.011363065631372,77.896878462747821,86.632103777177406,3.7775984651769341,0.94247990770677581,0.83031538806235916
18,sleep_frailty__0,2818,414,66.5175699282415,80.521094477131371,89.13849269105836,3.5595848728809556,0.97423048508352683,0.78239604402439356
18,sleep_frailty__1,2718,434,72.883593024575447,82.833333331943521,89.537009547176012,4.9739543366089078,1.0022064284779921,1.093274169628413
18,church_frequency__0,2096,602,70.524060537984198,80.249999997506293,86.850209272796235,4.915427471660248,0.97095049357194085,1.0804099764035664
18,church_frequency__1,1760,340,72.385342333483237,83.908219248016465,90.715665532480514,4.5775635452301513,1.015211550107612,1.0061475528632873
18,church_frequency__2,1676,408,76.353751221090874,85.250000001480572,92.836298115228175,5.1721375676354517,1.0314458514768554,1.1368348042205147
18,education_level__0,14133.5,2983.5,68.45251253584749,80.382451521421487,88.501548312381843,4.0092926371801942,0.97255303403952731,0.88124172078725971
18,education_level__1,25980,2438,75.515395718043507,84.928114925980239,90.999999999833776,5.4846810018809977,1.0275513409106223,1.2055317886364532
19,all,55466,7232,71.250000002099739,82.43317191481367,89.999999997541011,4.3964358365256437,1,1
19,diet__0,25401.5,1843.5,71.382230605014627,82.691985629998641,89.536891811959762,4.5548625054134586,1.0031396791991993,1.0360352510030066
19,diet__1,11477.5,1028,75.309874229889388,84.583333331366262,91.416666666189144,5.2514076695209315,1.0260836913903371,1.1944693075905193
19,number_of_friends__0,590.5,233,60.372707689197213,76.502470252134586,86.522063042892853,2.9255967964549701,0.92805442851564823,0.66544739994817514
19,number_of_friends__1,12077,4597.5,72.041121008364442,82.500000002396987,90.000000002387992,4.5938279349090649,1.0008106941178045,1.044898209759707
19,income__0,7239,554,65.586995081981414,78.416666666848045,88.81081799193386,3.3765615149107515,0.95127561933300009,0.76802247103397625
19,income__1,6888.5,668.5,67.53639439198723,78.733230539675489,87.258499094226977,3.9921312521342678,0.95511586793042857,0.90803810190236178
19,income__2,7226.5,529.5,71.176509741674167,82.99999999812087,89.947341014869764,4.4217540922997562,1.0068762134240443,1.0057588138927829
19,income__3,7749.5,285.5,80.250000001759915,88.064594263901824,90.863100522075769,8.2977254474624491,1.0683150025442143,1.8873755369121603
19,alcohol__0,4880.5,416.5,64.500000002738943,75.571496008200299,84.839222565831605,3.7155547992936335,0.91676074391867124,0.84512885834128593
19,alcohol__1,10675.5,1323,78.227411260629154,87.234935259438501,92.333333335680237,6.1842774116645325,1.0582503770398035,1.4066570380228181
19,physical_activity__0,10570,1245.5,67.416666665119067,79.10688835451738,88.744800020373916,3.7090394661765811,0.95964872534889634,0.84364690037366974
19,physical_activity__1,23132.5,1069,74.749999997976047,85.583333336664865,90.672021570710044,5.3751549667049732,1.0382147301708415,1.222616493580577
19,sleep_duration__0,1908,230,62.835186848141291,76.571718591914632,85.550806468975722,3.3708839939230266,0.9288944828065544,0.76673107927964745
19,sleep_duration__1,11524,992.5,70.846997426505155,82.49999999789712,89.969252883021099,4.3143446224480329,1.0008106940632167,0.98132778070008531
19,sleep_duration__2,21071,1478,75.083333330521882,84.083333334815762,91.042065406344037,5.2687978553261097,1.0200181720740695,1.1984248266636515
19,sleep_duration__3,4600.5,430.5,63.793992843145944,77.878703105398401,86.903179587127468,3.3700321853896851,0.94474956254113518,0.76653732948663
19,sleep_frailty__0,2948,480,67.249999998577607,80.609040376254839,88.021145860295107,3.880818175025301,0.97787138968225207,0.88271916600793199
19,sleep_frailty__1,2756,400,74.128927757597495,83.841223584396076,90.457684106922173,5.1345749664433917,1.0170811293181523,1.1678948942653227
19,church_frequency__0,2272,670,68.833333335631536,78.64027627116343,86.47059015265161,4.4587589264604359,0.95398823610027028,1.0141758215636882
19,church_frequency__1,1752,336,73.377706764708464,84.083333334507131,91.792668722225798,4.5660335073449732,1.0200181720703254,1.0385761733198311
19,church_frequency__2,1606,394,75.150213450173752,84.334706299001212,91.528074225690375,5.1493114671650977,1.0230675872348158,1.1712468141544461
19,education_level__0,13396,2858,67.31627099369237,79.083333332630275,88.285098154571315,3.7714714669485292,0.95936297846642227,0.85784749446701736
19,education_level__1,26246,2452.5,74.750000002001286,84.736583025347244,91.250000002344635,5.1355504862778156,1.0279427693612702,1.1681167830567658
20,all,55647,7210.5,71.500000003062979,82.500000000614605,89.750000003180247,4.5205479452101089,1,1
20,diet__0,25916.5,1903,71.249999998632759,82.482556289183421,89.376632941128278,4.5503517697329139,0.99978856107356295,1.0065929672429168
20,diet__1,11114,1011,75.648700468929079,84.820233131150871,91.390374251180873,5.3882601243320654,1.0281240379456846,1.1919484517449634
20,number_of_friends__0,579.5,229.5,68.678812258372986,80.002059284203185,87.685137952871315,4.2092333136941349,0.96972193071039015,0.93113342999805204
20,number_of_friends__1,11891,4528,73.166666664856564,83.000000002475588,89.991010045710652,4.9333277456122682,1.0060606060831183,1.0913118952403842
20,income__0,7736.5,591.5,64.083333335458263,77.678617224046334,87.554411514917788,3.3095461840362317,0.94155899664809273,0.73211173161938636
20,income__1,7100.5,621,66.714885265529787,79.0191586102477,87.445499239468504,3.8117133775963339,0.95780798314738214,0.84319720170984069
20,income__2,7376,517,72.853362915397838,83.572217004354286,89.698413819987579,4.9612326776396687,1.0129965697422023,1.0974848044464391
20,income__3,7235,274.5,80.760691709705952,86.492280149766074,,,1.0483912745348087,
20,alcohol__0,5092,440,66.38023476974503,76.317416091286248,86.760185791331196,3.7447301031514688,0.92505958897839635,0.82837968948417351
20,alcohol__1,10485.5,1278,78.000000000641919,86.402057973712303,92.182854263399207,6.0920077420942826,1.0472976724008318,1.3476259550679612
20,physical_activity__0,10892.5,1277,67.583333332841448,79.171398596731592,87.772992417657264,3.9213836283285537,0.95965331631687012,0.8674575905081553
20,physical_activity__1,23321,1012.5,75.702148835402994,85.99999999989646,,,1.0424242424152215,
20,sleep_duration__0,1987,230.5,63.842841170930953,79.067825601323491,88.128726573739925,3.2557110556149742,0.9583978860695086,0.72020274866560519
20,sleep_duration__1,11910,984.5,71.141260385775169,82.540162063589605,89.586566169931046,4.4748600554234148,1.0004868128845419,0.98989328498659013
20,sleep_duration__2,20814,1488,74.419524010033598,84.387372574460812,90.739534088499965,5.1707916949026114,1.0228772433191775,1.1438417991742547
20,sleep_duration__3,4582,434.5,64.008205501468254,78.736147084265724,87.631137589625951,3.3330387096077958,0.95437754040823219,0.73730856303369674
20,sleep_frailty__0,2786,404,68.91666666443146,80.628619429216471,89.006508993927127,4.0134023008651738,0.97731659913473701,0.88781323625108377
20,sleep_frailty__1,2718,424,73.469617082287812,83.507157110255449,90.508905912262861,4.9008592989721462,1.0122079649652527,1.0841294812866675
20,church_frequency__0,2004,576,69.477728702099725,78.517929738175241,86.833333330018675,4.5240676669868369,0.95173248166776125,1.0007786051203056
20,church_frequency__1,1734,330,74.379129010534768,83.509764857841546,91.222128523059268,4.9581290313369335,1.0122395740269021,1.0967982402643197
20,church_frequency__2,1692,430,76.539299280444013,85.250625605955634,90.686971591241047,6.0257704400528969,1.0333409164281278,1.3329734609800332
20,education_level__0,14104.5,2869.5,68.379161939365801,80.231565667785503,88.500000003144507,3.9874862773344129,0.97250382626894305,0.88208029771246677
20,education_level__1,25534.5,2449.5,74.851208746280236,84.619734590088896,90.857237707759481,5.286741314397104,1.0256937525994969,1.1694912604563434
21,all,56136,7380,71.525028323655803,82.463868392112985,89.916666668561533,4.4837695721085407,1,1
21,diet__0,26182.5,1910.5,71.345861380584282,82.760576498217347,89.997544477500995,4.4371639850506783,1.0035980376847411,0.98960571315979884
21,diet__1,11041,1026,74.83333333134641,84.599281845406466,90.39693443497967,5.435713835254818,1.0258951404406553,1.2123089172708346
21,number_of_friends__0,557.5,219.5,70.89684965966903,78.626202935407875,88.583333332995466,4.4455531346791464,0.95346246142059288,0.99147671689751382
21,number_of_friends__1,12365,4764,72.245368313148447,82.66666666382018,90.076938103984673,4.6359724709320425,1.0024592379142692,1.0339452990114135
21,income__0,7794,584.5,64.500757629983056,78.695567655838076,87.018397425340041,3.4948408612551249,0.95430361430103228,0.77944256613785767
21,income__1,7351.5,672.5,66.743831021070932,78.910471394515966,87.431999473611768,3.8142802044336848,0.95690964943942802,0.85068604509932
21,income__2,7037.5,388,76.5092651388549,84.849060862386807,90.450862940422269,6.0860356230365324,1.0289240914449018,1.35734799149692
21,income__3,7323,291,79.175887325141829,86.537594253253687,,,1.0494001305125569,
21,alcohol__0,4869,439.5,65.887966757316804,76.878692657569957,84.081327931076487,4.2256453836827159,0.93227123777427345,0.94243143313351874
21,alcohol__1,10820.5,1369,78.021027397070654,86.428097137988871,91.938638886463323,6.209980584948803,1.0480723112215171,1.3849910181777012
21,physical_activity__0,10838.5,1190,67.443702659801033,79.513311370307704,88.016077490259775,3.8650526264271186,0.96422000229512062,0.86200964707683136
21,physical_activity__1,23380,1029,75.341113441277415,85.999999999013241,90.897818879735937,5.5281627809451397,1.0428809814024982,1.2329274937171808
21,sleep_duration__0,2004.5,242,65.013004785368423,78.851922719728663,87.262046393144487,3.5440592952179042,0.95619965758567571,0.7904195874078499
21,sleep_duration__1,11831,952,71.807000751519041,83.037272907948861,91.332451860436592,4.2527710343155434,1.0069534030723535,0.94848117547566835
21,sleep_duration__2,20964,1511,74.000000000060083,84.300807889729171,90.083333336661198,5.2415010076228654,1.0222756891403832,1.1689942855734206
21,sleep_duration__3,4743.5,456,64.654294644489568,77.878791283313674,86.08333333178372,3.6342643466078619,0.94439895680133001,0.81053771567899957
21,sleep_frailty__0,2760,430,68.197278100796154,80.76432511370416,89.280777573636797,3.8306887913812981,0.97939044927740293,0.85434559688576406
21,sleep_frailty__1,2824,440,72.4691859940922,83.874298375274662,90.279903889275062,4.7092036867284026,1.0171036116866981,1.0502778099976822
21,church_frequency__0,2230,624,70.164359220807853,80.125538735844628,87.232352781510997,4.6944907994530389,0.97164419154884085,1.0469964443880653
21,church_frequency__1,1816,404,71.083333330223354,82.701768262627738,91.131809753186573,4.1250899329139239,1.0028848982609395,0.92000489020983656
21,church_frequency__2,1694,428,75.333333335474464,85.250000001264823,90.729003614127535,5.5372710936443319,1.0337860891500248,1.2349588899681949
21,education_level__0,14078.5,2982.5,67.666666665659491,79.666666669429276,88.249999999137117,3.870445344236638,0.96607966886317886,0.86321236673554558
21,education_level__1,25676,2519.5,74.333333334783774,84.500000000268614,91.155603556348822,5.0231032368000577,1.0246911968581669,1.1202857675930677
22,all,55017,7112.5,71.499999999370445,82.083333333979681,89.814018716072383,4.4819946186426947,1,1
22,diet__0,25641.5,1894,71.43871146134434,81.779571579702093,89.249999999750912,4.5914461159483428,0.9962993491864951,1.0244202652208436
22,diet__1,10787,958.5,75.301360014914167,84.500000001752113,91.416666664498393,5.243462122015047,1.0294416243787217,1.1698947830515136
22,number_of_friends__0,549.5,227.5,67.449162179732241,78.440941153813199,86.220289466356618,4.178808227980392,0.95562567902370188,0.93235458396107618
22,number_of_friends__1,11765,4552,71.512781947532005,82.08333333281243,89.916666665451558,4.4601090797362621,0.99999999998577971,0.99511700910674894
22,income__0,7189,571,64.186072374260291,77.704375581763586,87.180987647465088,3.3791981687495012,0.94665229134398032,0.75394962651089503
22,income__1,7006.5,673,65.66318242671592,78.067660728772253,86.816258591215913,3.6906055706351011,0.95107810024151296,0.8234292730482452
22,income__2,7222.5,425.5,75.873659627828033,84.021134190568986,90.055540506547487,5.9245409624506475,1.0236077261714605,1.3218536536852885
22,income__3,7474.5,293,79.734684590731561,86.063696696501239,89.996054226709475,8.3871549071528335,1.0484917363958199,1.8712996379484184
22,alcohol__0,4830,388,66.419782422787634,79.402380109822403,85.640116935689747,4.1311653580493948,0.96733864092422939,0.92172474747425215
22,alcohol__1,10303,1283,77.65714020023691,85.833333333101095,92.358405039911332,5.8384999025024014,1.0456852791767539,1.3026566069975569
22,physical_activity__0,10678.5,1271.5,67.229939950439643,78.724344130461589,87.439166369834751,3.8954654916879261,0.95907830411989881,0.86913658385150172
22,physical_activity__1,22755,1002,75.476092330296595,85.708062957603744,90.084439656259519,5.8670608690469512,1.0441591426224834,1.3090289855867125
22,sleep_duration__0,2006,261,62.863905279982454,77.519930785713257,85.943744891864867,3.3587725083584608,0.94440524814338489,0.74939235633790546
22,sleep_duration__1,11828.5,942.5,71.416666664140962,82.795011341758681,90.358879623457369,4.3709260116325188,1.0086701889271885,0.9752189334301764
22,sleep_duration__2,20389.5,1445,74.579341749357368,83.468209345724517,90.310808409077481,5.3058123028949389,1.0168715859297535,1.1838060404681443
22,sleep_duration__3,4524,433,60.71411994843298,76.625622643820236,85.636242855058512,3.0746025501483003,0.9335101235721851,0.68598979065249255
22,sleep_frailty__0,2776,434,66.921364359469877,80.895950297643139,88.660018987887412,3.721295162024107,0.98553441986200374,0.83027657966065249
22,sleep_frailty__1,2644,432,72.583333334875391,82.66666666658142,90.435168446962408,4.6307097364242376,1.0071065989758028,1.033180565894249
22,church_frequency__0,2150,610,69.637029381560978,79.94970018241699,87.166666667486112,4.5608302601109756,0.97400649967659825,1.0175894101122671
22,church_frequency__1,1706,378,71.58333333545238,82.535713361850185,90.450696871700913,4.3745228740242457,1.0055112287658916,0.97602144719865924
22,church_frequency__2,1592,396,74.728383927111395,83.990570460676423,91.186318258966878,5.1033482554433816,1.0232353761626201,1.1386332848808405
22,education_level__0,13505,2901,67.583333334783973,79.416666663770968,88.553383293043794,3.7871472324504314,0.96751269031243392,0.84496916098424779
22,education_level__1,25569.5,2416,74.684747336901907,84.166666669242986,90.999999999642668,5.1587718810787955,1.0253807106832109,1.1509991242785234
23,all,56352.5,7434,71.583333330982569,82.333333334947611,89.749999999707654,4.5321100913184571,1,1
23,diet__0,26306,1872,71.916666664039724,82.749999997597911,89.997562633824145,4.576653730870647,1.0050607286960582,1.0098284548818697
23,diet__1,11093,1090,74.015428436666596,84.40625681069551,90.908587537087868,4.996475573866503,1.0251772082069708,1.1024612097216189
23,number_of_friends__0,580.5,225,67.791310635243647,77.384230488824144,87.333333331007012,3.9598884769282736,0.93988943911708789,0.87374057495065927
23,number_of_friends__1,12331,4731.5,72.583333335580619,82.666666666641518,89.896699334453771,4.7747310760958852,1.00404858297596,1.0535337800469993
23,income__0,7603.5,570,66.539281057514572,78.170116849194002,87.190693463996993,3.7852189143565123,0.94943461758293135,0.83520012490591033
23,income__1,7356,670.5,67.550933563425104,78.375694198907752,87.395003714377054,3.9495775615945377,0.951931508470094,0.87146549444158528
23,income__2,7358,456.5,73.846472463952907,84.061322289474319,90.538761635566033,5.0359373376078844,1.0209877200950546,1.1111683600216464
23,income__3,7240.5,331.5,79.005429465970835,86.593246668621077,,,1.0517398380597969,
23,alcohol__0,5037.5,463.5,65.659244243194422,76.590226300575097,86.31309789586102,3.7082777668799163,0.93024566355149907,0.81822323204005043
23,alcohol__1,10674.5,1423,77.749999998498069,86.261753172523726,91.833333330150026,6.1250949005554309,1.0477136012651711,1.3514885510589068
23,physical_activity__0,11199,1253.5,68.001995502267278,79.168411757917156,88.535435071811065,3.8555845205468477,0.96155965695989798,0.85072613922871454
23,physical_activity__1,23200,1037,74.951237083747273,85.696851827701721,,,1.0408524513281963,
23,sleep_duration__0,1959,255,63.688197811134202,77.616645209997799,85.661929349387989,3.5322469046677836,0.94271228998148993,0.77938241426085952
23,sleep_duration__1,11780.5,967,71.797850772632188,82.833333332313998,90.968550170945988,4.3208300130979982,1.0060728744618208,0.95338152119800024
23,sleep_duration__2,21243,1551.5,73.749999998465597,84.083333335140708,90.571371260189096,4.9986016019080255,1.0212550607306734,1.1029303130749544
23,sleep_duration__3,4759.5,435.5,65.557059006047993,78.314770414730802,86.249999999714149,3.7846128512472901,0.95119154348010504,0.83506639843038122
23,sleep_frailty__0,2754,418,68.347918554343764,80.750000001054389,89.165706890576999,3.878894275263117,0.98076923076280753,0.85586938470302909
23,sleep_frailty__1,2838,434,72.500000003314426,83.963360797507065,90.099753400186486,4.7707123448916944,1.019797904403168,1.0526470559553032
23,church_frequency__0,2190,602,70.315223947968889,79.300280857365976,86.916666668326329,4.7767102048380643,0.96316130594102634,1.0539704703970352
23,church_frequency__1,1808,370,71.65638009115203,82.865007129058469,92.760687443937073,3.9264499774318886,1.006457576446564,0.8663624444942879
23,church_frequency__2,1686,416,77.535903609165132,85.24999999873323,91.291927229044475,6.1972850842982901,1.0354251011788878,1.3674171543558884
23,education_level__0,14264,3036,67.833333335693609,79.532452242055271,88.331732316265658,3.8799348338099215,0.96598120130156973,0.85609898162936982
23,education_level__1,25694,2509.5,75.036931348099316,84.416666665479525,90.861933795122141,5.334385694288529,1.025303643690175,1.1770203253682829
24,all,55283.5,7057.5,71.690060724590083,82.500000002936844,89.666666665164243,4.5892979061598016,1,1
24,diet__0,25568.5,1823.5,71.604601678345432,82.499999997746272,89.727176865064379,4.5523331616913945,0.99999999993708399,0.99194544672752827
24,diet__1,10767,912.5,75.9166666650883,84.583333331369744,90.868195430991733,5.6571695547454519,1.0252525251922271,1.2326873675279049
24,number_of_friends__0,585,217.5,66.718285053289463,78.424898807919263,87.083333331100505,3.8509557030300763,0.95060483400154527,0.83911652321835217
24,number_of_friends__1,11975,4482.5,72.66666666800117,82.916666668116619,89.750000001394895,4.8536585366530831,1.0050505050323024,1.057603719762549
24,income__0,7332.5,534.5,66.082176076848398,78.107913348102528,89.377172950101865,3.3529909350528144,0.94676258600390339,0.73061086981352774
24,income__1,6742,550,70.066744292506655,80.438628163934041,88.166530698821646,4.444175547611386,0.97501367467964339,0.96837809148243981
24,income__2,7092,485,73.681498904797678,82.911465498849211,89.606119761829049,5.2064954163251187,1.004987460556336,1.1344862597254601
24,income__3,7283,261.5,80.416666663666192,,,,,
24,alcohol__0,4848.5,420.5,65.61699507361935,77.258368192922433,87.413546529586753,3.5445225520650347,0.93646506897178405,0.77234527471131065
24,alcohol__1,10496.5,1290.5,78.541102175767847,86.711176432002063,92.249999997714653,6.3251749016018399,1.0510445627747311,1.3782445661485883
24,physical_activity__0,10711.5,1184.5,68.135463779280272,79.505263982274741,88.822733580213111,3.8431975194082719,0.96370016944781223,0.83742602855436643
24,physical_activity__1,22599,925.5,75.916666666193962,85.999999997016843,,,1.0424242423509746,
24,sleep_duration__0,1908,232.5,62.502213266470328,78.229229879268587,85.541746095206719,3.3954347278125381,0.94823308941192452,0.7398592981412585
24,sleep_duration__1,11823.5,905.5,71.705203657070314,83.514962673491596,92.03232437107053,4.108548566643333,1.0123025778244681,0.89524555839550057
24,sleep_duration__2,20315.5,1337,75.583333332707895,84.048088181976894,90.5075964263781,5.6316407486560607,1.0187647051998174,1.2271246852589839
24,sleep_duration__3,4595.5,451,63.626580890752521,76.293143396421115,85.893102765107045,3.4263610557108057,0.92476537446915419,0.74659809098727492
24,sleep_frailty__0,2880,390,68.36800793557677,81.002059638870662,89.915293876266432,3.7592697224993543,0.98184314710287446,0.81913830816117317
24,sleep_frailty__1,2720,382,72.896974176890723,83.712482975070003,90.5062767351057,4.7538783945771321,1.0146967632980606,1.0358618010385485
24,church_frequency__0,2106,582,69.572228676025162,79.882286536158915,86.850763839504708,4.6232094202638558,0.96827013979776066,1.0073892597075771
24,church_frequency__1,1740,318,72.250000002167326,82.988012372971397,92.176749182783297,4.1646538339379093,1.0059153014547537,0.90747079816894638
24,church_frequency__2,1588,378,73.638662366526972,84.083333334269184,91.063088346252002,4.8256013387246224,1.0191919191669816,1.0514901053269285
24,education_level__0,13848.5,2847,67.416666667605,79.666386344912794,88.33333333088332,3.8087515390191951,0.96565316778274934,0.82992030957655871
24,education_level__1,25479,2415.5,74.763148174101033,84.41666666380199,90.666666669535559,5.3080497053551863,1.0232323231611749,1.1566147619727778
25,all,56031,7314,71.416666667890439,82.250000000562622,89.771426374422205,4.4811264933799677,1,1
25,diet__0,25977,1844,71.652930610836052,82.830714361969825,90.203793505851991,4.4650599182760367,1.0070603569775469,0.99641461245790175
25,diet__1,11079,1014,74.733808631946445,84.500000003217309,92.001926667411055,4.8934110729191449,1.0273556231323926,1.0920046734115296
25,number_of_friends__0,595,231.5,64.880111437279183,76.836721977526082,86.378046054774188,3.5741443698966506,0.93418506962918524,0.79759952663170419
25,number_of_friends__1,12075,4602.5,73.083333332816622,82.916666663987357,90.000000002072014,4.9014778316038683,1.0081053697680264,1.093804836539404
25,income__0,7614.5,600,65.833333334128199,78.757473162170015,88.130243676518376,3.5322146410769215,0.95753766761861747,0.78824256496555334
25,income__1,7073,602.5,69.049430604034526,79.563991031139381,87.613346127179227,4.2859487769130586,0.96734335599507759,0.95644449743714044
25,income__2,7007.5,425,72.156352004402862,84.452686616545094,90.666541883095121,4.5624970446014492,1.0267803843886614,1.0181585035239893
25,income__3,7647.5,281.5,80.750000001674536,86.754527089525396,,,1.0547662867955254,
25,alcohol__0,4925.5,445,65.694784380979371,77.322647415851833,86.41615182526715,3.7315417345763646,0.94009297769389566,0.83272403492492897
25,alcohol__1,10523,1323,77.851715143352465,86.133816750752629,92.08333333334717,6.052285523743711,1.0472196565369416,1.350616978272057
25,physical_activity__0,10895.5,1213,67.8302792157521,79.45526798663397,87.87954656433881,3.9630010715695723,0.96602149527161663,0.88437607762783987
25,physical_activity__1,23120.5,1011.5,75.472139283323131,85.999999997044071,,,1.0455927051240828,
25,sleep_duration__0,1935.5,241.5,63.860633385664379,76.790645991759263,86.619574958466899,3.374086872454821,0.93362487527336147,0.75295506106319643
25,sleep_duration__1,11618.5,929,71.314527540423484,82.572912263380488,91.370108379627226,4.1172037312412657,1.0039259849582451,0.91878766138908818
25,sleep_duration__2,21161,1495,74.583333333734615,83.933182346489346,91.398012997369833,4.9916610976544513,1.0204642230506409,1.113929969401378
25,sleep_duration__3,4670.5,409.5,65.677457805267395,78.780269219372315,87.228690388473112,3.6554878666551822,0.95781482332928181,0.81575199273117749
25,sleep_frailty__0,2856,404,68.243709175394329,80.90064831970939,89.935278647973021,3.7295894343643328,0.98359450843958662,0.83228836317700661
25,sleep_frailty__1,2728,384,74.053124664421716,84.083333333028605,91.791587792859787,4.740170144629233,1.0222897669599202,1.0578077078680894
25,church_frequency__0,2114,606,69.629989289991855,80.166666664398363,86.787212988576925,4.6724731269319282,0.97467071931732518,1.0427005651000121
25,church_frequency__1,1732,314,73.291942777167563,83.482084179677898,93.78444951505368,4.0737858597522365,1.0149797468584418,0.90909860852410629
25,church_frequency__2,1746,400,76.519640471800173,85.214768645505288,93.272316724677481,5.0866361504998023,1.0360458193911537,1.1351244286485469
25,education_level__0,13599,2905.5,68.030680006307577,79.682609829372311,88.166666669339364,3.9572240070889504,0.96878552983376598,0.88308687847464562
25,education_level__1,26113,2490.5,74.729978222417373,84.256682522276549,90.847190594006591,5.2277453805101484,1.0243973558869326,1.1666141065719013
26,all,56313,7456,71.353233146898646,82.164890128404508,89.750000001166754,4.4662679469323159,1,1
26,diet__0,26146.5,1974.5,71.353308030979889,81.94811327645813,89.249999999603787,4.5789531059777877,0.99736168512356549,1.0252302728775757
26,diet__1,11125.5,1121.5,74.000000000326565,83.713510748240651,90.63698241550604,5.0317725089293228,1.0188477172843049,1.1266168014808486
26,number_of_friends__0,618.5,217,68.741819610352323,80.232545986898899,87.612116265243017,4.2517903906987433,0.97648211859730105,0.95197834998213937
26,number_of_friends__1,12249,4741.5,71.783695497016311,82.408887026187458,89.83333333299106,4.5656809169842862,1.0029696004875275,1.0222586220157823
26,income__0,7215.5,603,63.466335477469414,77.571407101654856,87.012674338593825,3.2944147945533548,0.94409433251147645,0.73762139524480264
26,income__1,7272,694,67.528164946798725,78.083333332710282,86.886854811151764,4.033502983923122,0.95032480674755715,0.90310367220434207
26,income__2,7310,499.5,72.707258537092542,83.000905190494734,90.046822944555174,4.7867929804956724,1.0101748454940271,1.0717657420852933
26,income__3,7534.5,299,79.357841146640013,86.447970398230552,,,1.0521278646284635,
26,alcohol__0,5099.5,457.5,65.784825593148213,76.730593234378503,86.072749502306252,3.782082069015551,0.93386108244612187,0.84681038261784047
26,alcohol__1,10508,1312,77.604571558164992,86.499999999802654,92.333333335419809,5.8728629947279067,1.0527610986228229,1.3149374521431745
26,physical_activity__0,11167,1328,68.10682622810306,78.91666666627269,86.839939396807679,4.2126829617465935,0.96046701386619515,0.94322217381518747
26,physical_activity__1,23006.5,1082.5,73.666666667334724,85.583333331896398,,,1.0416046707803013,
26,sleep_duration__0,2014.5,236.5,62.702187432636052,78.771532246044657,86.14719148023805,3.3598429791741311,0.95870063384668525,0.75227080396774226
26,sleep_duration__1,11793.5,1048,70.940707987042515,81.972747584089021,90.065416937387397,4.2862219653601983,0.99766150062374315,0.95968759964440031
26,sleep_duration__2,21130.5,1562,73.999999997459923,83.277192558740438,90.083333333746026,5.1778565311990521,1.0135374419487164,1.1593250993271675
26,sleep_duration__3,4654.5,484.5,62.70950292342625,76.699865464417641,85.979978490935309,3.2960162434973315,0.93348710555754033,0.73797996059802473
26,sleep_frailty__0,2878,440,66.467342457135828,80.168052717429617,89.141917082987646,3.5355923557669797,0.97569719368145813,0.79162119196082348
26,sleep_frailty__1,2712,438,72.807035404394554,82.333333333442027,89.230824356023646,5.0130535393463704,1.0020500630472977,1.1224256132661314
26,church_frequency__0,2240,678,68.369692400744526,78.323722849898431,85.981427840004756,4.4472461626523483,0.95325050307371884,0.99574101139788695
26,church_frequency__1,1802,360,72.250000002321997,82.71178316264313,90.913133959386712,4.4318271171886181,1.0066560429081564,0.99228867811942323
26,church_frequency__2,1708,454,74.160729465540754,83.250000001984006,90.333333336030037,5.1475940837141998,1.0132064908975564,1.1525493196730072
26,education_level__0,14248,2987,67.999999997868883,79.702449169757628,88.416666666697949,3.9037934283093585,0.97003049654422147,0.8740616269990481
26,education_level__1,25744.5,2487,74.083333330700782,84.333333336588311,90.66666666434358,5.0854271357797716,1.0263913601636299,1.1386301037475213
27,all,55703.5,7279,71.249999997267693,82.083333334182754,89.666666669753951,4.457013573298358,1,1
27,diet__0,26047,1987,71.666666669497658,82.083333336641715,89.854341368691337,4.5131296163044281,1.0000000000299569,1.012590503053941
27,diet__1,11401,1120,75.202502099610541,84.500000000498915,90.942312904410528,5.3685524590123999,1.0294416243609075,1.2045178617303309
27,number_of_friends__0,598.5,223,67.145388836781549,78.858915445627545,87.333333336013439,3.9062379752742022,0.96071775161191664,0.87642496730909414
27,number_of_friends__1,12101,4587.5,72.250000003017817,82.583333333094714,89.833333335137922,4.6966824647654706,1.0060913705450574,1.0537734264268235
27,income__0,7541.5,569,66.200323200136197,78.231205136374399,86.217367770965822,3.9082295520478043,0.95307051941804888,0.87687180839244494
27,income__1,7224.5,634,67.529114373641846,78.936250716700997,87.3106115452605,3.9904083109520223,0.96165990719858851,0.89530988526897615
27,income__2,7140.5,491.5,72.843448128740619,82.949880297059821,90.411880485193862,4.7215299927765404,1.0105569173141291,1.0593483540330415
27,income__3,7439,321,79.784703219650012,86.409932794463103,90.279790296332862,8.2333697817945524,1.0527098411399258,1.8472839820637001
27,alcohol__0,4923.5,388,66.546497640692792,79.778774543406428,86.657624013922884,3.9668973812227595,0.97192415686392919,0.89003484418089984
27,alcohol__1,10455.5,1361.5,76.750000000729401,85.636610591588976,91.657821388246433,5.7444081442574992,1.0432886569425721,1.2888469038263262
27,physical_activity__0,10790,1282.5,67.853049054802383,78.927540979122284,87.583333331568127,4.0003245706939383,0.96155379872047331,0.89753475166860386
27,physical_activity__1,23380,1043,75.016613977519654,85.784163653990348,91.283025128703287,5.2736994569172824,1.0450862577027731,1.1832361221674599
27,sleep_duration__0,1959.5,274.5,62.632898289652445,76.513758752598434,84.834696794780513,3.446286513001442,0.93214731474282209,0.77322773564071967
27,sleep_duration__1,11785.5,1013,71.66449370831819,82.258224334379662,90.01378619618734,4.4829098663483169,1.0021306517790265,1.0058102342799899
27,sleep_duration__2,21281.5,1592,74.000000003116455,84.045126434636714,90.925215043194797,4.9656755459603126,1.0239000174672122,1.1141261888250265
27,sleep_duration__3,4602.5,446.5,64.850809249877145,77.738427188557054,87.213129637147077,3.4763130946290688,0.94706713325180825,0.77996466410948484
27,sleep_frailty__0,2794,476,67.919750226977868,79.978754426377662,89.160460922463869,3.7653520907553464,0.97436046000670073,0.84481503787946599
27,sleep_frailty__1,2838,462,72.842313906211686,83.249999999452143,89.912880592135636,4.8768152534794549,1.0142131979523734,1.094189006445055
27,church_frequency__0,2340,690,68.249999999490328,78.916666663992942,86.916666668104469,4.227678570844267,0.96142131975443201,0.94854514156563929
27,church_frequency__1,1864,414,72.371828152233533,82.584602565193265,90.159328984525914,4.6428446212783729,1.0061068332711309,1.041694072706737
27,church_frequency__2,1762,464,75.800631582096557,84.967636745761368,91.020147294848002,5.5828081753332333,1.0351387217650612,1.2525894488586322
27,education_level__0,13747.5,2893,67.783533552204503,79.421992315812574,88.500000001274501,3.8337615399356864,0.96757757135014044,0.86016375693883251
27,education_level__1,26088,2484.5,74.47166701703749,84.368120548309747,90.807293174544142,5.1646701347618906,1.0278349711362844,1.1587737057169964
28,all,55557,7338,71.494141907404696,82.304752502866123,89.83333333256742,4.4879161024481116,1,1
28,diet__0,25697,1851.5,71.727044212145785,82.511369498142955,90.159592153460252,4.4763952200662978,1.0025103896068412,0.99743291048254457
28,diet__1,10932,1003,75.249999996982993,84.50000000165879,91.608073433697513,5.1656449843295489,1.0266721839509356,1.1510119321329877
28,number_of_friends__0,537,227.5,60.834948334980012,76.147379430950451,85.749999999048583,3.0562802139706964,0.9251881223784586,0.6810020829719895
28,number_of_friends__1,12009,4668.5,72.602081105596497,82.749999998373724,89.974265203530535,4.7633619084323797,1.0054097422319823,1.0613749900168623
28,income__0,7525.5,562.5,65.3481331398349,78.814616681844797,87.883132530511944,3.4974314982431816,0.95759496608777495,0.77929966122480965
28,income__1,7300,623.5,68.745482009831463,79.728991749938359,87.758153974794226,4.1934659103605121,0.96870459269240783,0.93439044194097565
28,income__2,7192.5,460,75.034681522400376,83.999999998309193,,,1.0205972005733694,
28,income__3,7225,305,80.249999997916959,86.773827954785773,90.402114378982091,8.5473650805815389,1.0542991178032401,1.9045287134309485
28,alcohol__0,4842.5,386.5,65.385623982195085,77.826882564710061,86.412682084980375,3.7012730066314385,0.94559402948207483,0.82471974122074887
28,alcohol__1,10488,1345,78.416666664643685,86.315888998802933,92.4853261416159,6.135331453582058,1.0487351747494427,1.3670780187346414
28,physical_activity__0,10462.5,1201.5,67.881073199950464,79.250000002871843,88.629305433242337,3.8196025141703456,0.96288485892855458,0.85108598890402432
28,physical_activity__1,23403.5,1047,76.057176619736083,86.04213697433994,90.663150403629558,5.8908867185029221,1.0454090967753493,1.3126107048412747
28,sleep_duration__0,1927,232.5,63.416666665706998,78.847657665360302,86.979703302578315,3.346243477887731,0.95799641293635585,0.74561186116255385
28,sleep_duration__1,11527,945,71.124708539441997,82.3590083272002,90.416666666513635,4.2690849619681206,1.0006592064575153,0.95123992171764959
28,sleep_duration__2,20774.5,1464,75.249999998903007,84.345011204962546,91.051180026137644,5.3378931864320869,1.0247890752362736,1.1893923737835299
28,sleep_duration__3,4575.5,425,63.665596248238231,78.356947098030943,87.779718046340221,3.2494215528179997,0.95203429589685351,0.72403794514908026
28,sleep_frailty__0,2714,438,68.249999996759456,80.078084007197091,88.403184060826888,3.9734705817516001,0.97294605198416106,0.88537095860239301
28,sleep_frailty__1,2672,382,74.032673377551674,83.681324628611605,90.749999999280121,5.0056642740859232,1.0167253054518031,1.1153649399451531
28,church_frequency__0,1964,554,69.033153172107319,79.612107587640935,87.780855227462979,4.2464995097838205,0.96728445401580643,0.94620741850931644
28,church_frequency__1,1730,358,73.160181655852327,82.713770898237385,91.31799346793359,4.5552719542562912,1.0049695598727062,1.0150082689316402
28,church_frequency__2,1668,408,75.955761673792921,85.055712034192382,90.462844697431251,5.863047167759345,1.0334240666264134,1.3064074804252945
28,education_level__0,13611,2855.5,67.926118674885984,79.781492196425788,88.583333331228673,3.8621611637234596,0.96934247136758633,0.86056893122772304
28,education_level__1,25741.5,2528.5,74.550077529555296,84.416666664732801,91.250000000143871,5.0549136867793854,1.0256596866844734,1.1263387218896499
29,all,56389,7302.5,71.499999999740041,82.583333330853932,90.083333330334895,4.443946188862256,1,1
29,diet__0,26392,1879.5,71.750000002868219,82.857754400454056,90.039883288892668,4.5302505819578851,1.0033229594705351,1.0194206656489071
29,diet__1,11292,1124,74.230218473698145,84.048793531982128,90.594395493090119,5.1361454616619051,1.0177452294793807,1.1557622985027338
29,number_of_friends__0,593,251,70.331968308561045,78.791621953707732,87.423919329751286,4.6098670570740312,0.95408623962954542,1.0373363810362102
29,number_of_friends__1,12557,4679,72.218772289892314,82.880435298297115,90.184704972235195,4.613199702109144,1.0035976020276742,1.0380863102418034
29,income__0,7545.5,601.5,62.309370303353859,77.086637215007315,87.837079655996192,3.0197240242014978,0.93344061211691243,0.67951408407458935
29,income__1,7145,655.5,67.270955344044694,79.159340875061076,87.116600864364699,3.9887511239687132,0.95853894099823622,0.89756962718531874
29,income__2,7250.5,462,74.473823665103382,83.999999997830528,90.025051034668493,5.4015029168838895,1.0171543895098178,1.2154744201047107
29,income__3,7606,290,80.000000000034817,87.88974763959304,,,1.0642552691289415,
29,alcohol__0,4846,442.5,64.500000000321791,77.822220895462365,86.183433632202139,3.5890174137846529,0.94234778080079307,0.80761945830480841
29,alcohol__1,10793.5,1376.5,77.531904669232148,85.979616414978921,92.190957453843481,5.8652914126373794,1.041125526751487,1.3198385316495063
29,physical_activity__0,10905.5,1238.5,66.750000001444704,79.249999998369688,87.583333333004489,3.8040000002455807,0.95963673058424637,0.85599596362787755
29,physical_activity__1,23559.5,1057,74.846353890565751,85.793151162860369,,,1.0388676225885305,
29,sleep_duration__0,2025,255.5,58.987913117065119,78.625522267005863,85.249999999519275,2.9938794513522078,0.95207494170776719,0.67369840320202079
29,sleep_duration__1,11872,969,71.791896103449744,82.221640160173834,92.031695971001795,4.0623741686294803,0.99562026433068462,0.91413666952378958
29,sleep_duration__2,21460.5,1551,74.490160239168702,84.368306842905213,90.845423375202259,5.1584805540075234,1.0216142100355787,1.160788257728252
29,sleep_duration__3,4581.5,434,63.483474978891479,77.864588439799704,86.371594114741711,3.4019653593046209,0.94286080858289523,0.76552802728144553
29,sleep_frailty__0,2956,482,66.69196329224998,80.169495551320807,88.066199563526638,3.7507536893402356,0.97077088460618854,0.84401420042858522
29,sleep_frailty__1,2704,412,73.661269080073993,84.431149255535516,91.810581729808945,4.6520301283568735,1.0223751676052923,1.0468241357233652
29,church_frequency__0,2540,714,69.144534512986993,80.416666668140607,87.370016340831384,4.412320476777861,0.97376387492094807,0.99288341695863513
29,church_frequency__1,1842,340,74.000000002303537,84.110200208026981,91.492386911049579,4.8083889664007264,1.0184888017423075,1.0820088187502954
29,church_frequency__2,1736,440,74.617080645716243,84.849702866659854,92.980293258955214,4.6206349974670227,1.0274434252578077,1.0397594392676484
29,education_level__0,13869,2933.5,66.66666666493775,78.750000000411433,88.41418678738836,3.6211025237362797,0.95358224019506455,0.81483941745553823
29,education_level__1,26311,2467.5,75.158202083025571,84.668243178991744,91.666666665657104,5.1287775889267593,1.0252461333788143,1.1541043412678753
30,all,55736,7131,71.749999998292424,82.593479252740948,90.083333332429447,4.5050988681338318,1,1
30,diet__0,25884,1736,71.999999999144563,82.833333332636684,89.995671438674918,4.6029587509960921,1.0029040316749676,1.0217220278015335
30,diet__1,11134,966.5,75.361406950749725,85.097493347518551,91.247508407512626,5.3567260399996712,1.0303173339763927,1.1890362890567623
30,number_of_friends__0,584,217,71.99057992528293,80.030913536686825,89.019756526689179,4.6996349506457031,0.96897375265894148,1.0431813125984635
30,number_of_friends__1,12325,4554,73.327013215268977,83.333333331206745,90.290076994368562,4.912634558026177,1.0089577783277757,1.0904609869441468
30,income__0,7346.5,517,66.149336691725111,79.337155445508387,87.376074560888497,3.7376047103668935,0.96057408119025933,0.82963877592216728
30,income__1,7029,579,69.499999997846047,79.868267318882175,88.265512520310239,4.2561196888852297,0.9670045146600561,0.94473391449636757
30,income__2,7168,446,73.805929287804545,83.999999999488438,89.420274002678312,5.379668601748782,1.0170294405741578,1.1941288658060523
30,income__3,7680.5,282,80.816752146647275,87.304900170887862,89.71649065724165,9.8098275659401537,1.057043497389542,2.1774944020271247
30,alcohol__0,4864,418.5,66.740279510093885,77.770718806332908,85.786561234101725,4.083249420190131,0.94160846001353071,0.90636177800056905
30,alcohol__1,10622.5,1328.5,77.791198670844551,86.461478192567384,91.916666664962264,6.1209637959303471,1.0468317714040127,1.3586746873028921
30,physical_activity__0,10695,1130.5,68.416666665276722,80.333333331059677,88.921268255875347,3.917819762364589,0.97263529830526829,0.86964123919160197
30,physical_activity__1,23460,982.5,76.277943345784195,85.966810870678742,90.874030444922411,5.8897162155023315,1.0408425900986105,1.3073444974010207
30,sleep_duration__0,1941,232,64.448384549151413,77.891841645364721,85.435927125035192,3.7113369211156786,0.94307495398045971,0.82380809605917549
30,sleep_duration__1,11707.5,843.5,72.638541465052384,82.883072097098534,92.347652715213329,4.2053175835831622,1.0035062434344413,0.93345733504959694
30,sleep_duration__2,21121,1382.5,75.91666666874076,85.027470743478091,90.742381016527347,5.7351348305299243,1.0294695357643062,1.2730319574330711
30,sleep_duration__3,4538,427,63.786903641137627,77.348294555418093,85.86271936923049,3.5037570302322973,0.93649396120882278,0.77773144003911177
30,sleep_frailty__0,2696,382,67.895627821014131,81.273769683730592,88.976831212170765,3.8552718350900297,0.98402162518215308,0.85575743128741077
30,sleep_frailty__1,2722,396,75.232872253808864,84.944230000186892,91.833333332368412,5.1169801608641619,1.0284616990192714,1.1358197257463947
30,church_frequency__0,2168,580,71.250000000275534,80.779093468832286,87.83333333113039,4.8711011144264438,0.97803233620469565,1.081241778927756
30,church_frequency__1,1884,326,75.090028307896759,84.518629543846174,91.319573915027036,5.2077015333512371,1.023308744328522,1.1559572133227007
30,church_frequency__2,1662,370,76.455232634608436,85.890627660207159,92.529348131237271,5.3434123748968139,1.0399202023851877,1.1860810453445698
30,education_level__0,13464.5,2815,67.666666664324651,79.891385244181578,88.416666667018774,3.8501872401835517,0.96728441478665883,0.8546288001396144
30,education_level__1,26422.5,2482.5,74.695300369426448,84.817632866502549,91.142667089170232,5.1569126117122188,1.0269289250662943,1.1446835602629939
31,all,56249.5,7415.5,71.250000002139771,82.402025375153983,89.916666664140237,4.4143942176295949,1,1
31,diet__0,25862.5,1935,71.553142603792011,82.583333335783962,89.955327672976878,4.4876917075501419,1.0022002852454723,1.0166042012350918
31,diet__1,11323.5,1066,75.03994675478215,84.676630487332545,91.416666664950995,5.1705488615430273,1.0276037524784483,1.171292958135367
31,number_of_friends__0,582,229,68.702224082256478,80.083333332848852,86.754603553321587,4.4361649643587873,0.97186122511250472,1.0049317631493462
31,number_of_friends__1,12371,4680,72.166666666001134,82.750000001548088,90.058241675894465,4.6250819145765885,1.0042228892410092,1.047727431343938
31,income__0,7432,593,65.879114872137649,76.583333331527285,87.925812270338014,3.4736873259655958,0.92938654096017936,0.78690011691589878
31,income__1,6989,592,69.112955645572626,79.877755061170561,88.421928121000008,4.1368205979278843,0.96936640449684208,0.93712079030160567
31,income__2,7022.5,469,72.759767941528978,84.178346395686418,90.009123820674105,4.8800863629615296,1.0215567640776466,1.1054940094548236
31,income__3,7626.5,276,80.806369921676009,88.654607873484608,90.773698276617537,8.8945206495110671,1.0758789904721919,2.014890426865223
31,alcohol__0,4993,486,64.900673076769934,76.816207437471334,86.563039001064311,3.5460672996628606,0.93221261355832041,0.80329647168824869
31,alcohol__1,10571,1234.5,78.444763550705943,86.949766070273768,92.764964725063848,6.071825738451782,1.0551896713025579,1.3754606949698709
31,physical_activity__0,10848,1248,67.747108379264702,78.822983021040685,87.657063508348401,3.9589734135512487,0.956566087571041,0.89683277441340647
31,physical_activity__1,23216.5,1019.5,75.75000000307503,86.28353736248053,,,1.0471045701808308,
31,sleep_duration__0,2001,282,62.770422562330126,76.337014278314896,85.249999999675993,3.3958384890053299,0.92639730553676636,0.7692648915322291
31,sleep_duration__1,11844.5,1006,71.295941120130649,82.518316164046439,90.260713722536423,4.3511365991057858,1.0014112612931905,0.98567014738484848
31,sleep_duration__2,21031.5,1473,75.000000000597197,84.732988314133038,91.083333330143063,5.2683723316530671,1.0282876898761506,1.1934530700980381
31,sleep_duration__3,4555.5,438.5,63.501039681271301,76.922508943699569,86.671717688095995,3.3198212379043377,0.93350264867267929,0.75204457831294191
31,sleep_frailty__0,2842,458,66.666666669941506,80.750000002064795,88.252343608640501,3.7409065386916578,0.97995164116940126,0.84743372573109677
31,sleep_frailty__1,2798,452,72.499999998118582,84.099230808576323,90.416666663571846,4.6939105570756423,1.0205966470568584,1.0633192972049832
31,church_frequency__0,2412,646,68.534057299667566,80.341759755856884,88.00157570362245,4.1269646232637038,0.97499739102385807,0.93488810011167678
31,church_frequency__1,1758,358,74.01685776578995,84.219771837324501,90.462983638215889,5.1209489998206728,1.0220594876630134,1.1600570196855862
31,church_frequency__2,1686,428,75.833333330111032,85.156208843774778,91.645350813939217,5.3855372302028304,1.0334237351094435,1.2199946277327973
31,education_level__0,14350.5,3189,67.307290638941765,79.079943662186281,88.166666666431993,3.7910982360147365,0.95968446530478868,0.85880373367525142
31,education_level__1,25948.5,2306,75.916666664960502,84.96318707000205,91.250000003002881,5.5410774159070995,1.0310812954316086,1.2552294024348605
32,all,56218,7400,71.083333330580061,82.083333333801576,89.750000002050982,4.3973214274647709,1,1
32,diet__0,26372.5,1938.5,71.23528781807768,82.416666668615534,90.087541353199256,4.3717143160139464,1.0040609137235987,0.99417665688687484
32,diet__1,11264,1126,74.614659964973328,84.083333336326533,90.33333333340542,5.3492639846560843,1.0243654822641244,1.2164823683903738
32,number_of_friends__0,555.5,213.5,63.490221106630486,78.436702136081195,88.443243747787619,3.1433747832500618,0.95557403617015746,0.71483852956874727
32,number_of_friends__1,12115,4674,71.750000002429744,82.333333331179091,89.750000002123187,4.5740740740322945,1.0030456852472214,1.0401955257269944
32,income__0,8035,607.5,65.995797255451208,78.082553923024747,86.851855013149077,3.7438788686804849,0.9512595401735553,0.85139986476698803
32,income__1,7547,708,65.847794608282342,78.026583570224744,87.083333333027568,3.6743397274542593,0.95057766785518349,0.83558588746892237
32,income__2,7261.5,490.5,71.758615803690788,83.592747935515717,,,1.0183888073304228,
32,income__3,7192.5,284.5,80.132865522372853,88.111032600014582,,,1.0734338996894857,
32,alcohol__0,4937,401.5,66.66666666552517,76.532511219839606,85.162966033450473,4.1377201837766382,0.93237577120084902,0.94096377807027787
32,alcohol__1,10497,1350.5,77.20843550874207,86.083739223893531,91.999999997462439,5.8197859522931852,1.0487359093206392,1.3234843184180241
32,physical_activity__0,11137,1348.5,66.650763034844985,78.310086437389344,87.242986555641124,3.802896096106561,0.95403150989168684,0.86482104136269167
32,physical_activity__1,23457.5,1064.5,74.347775584451895,86.073231133908607,90.606621488031962,5.2939324011279281,1.048607891980722,1.2038993483767433
32,sleep_duration__0,2081.5,274,63.888366768190494,76.493733370872306,84.969965433944992,3.6284598043852685,0.93190335070581864,0.82515228059578505
32,sleep_duration__1,12131,1037,71.007192476994803,82.428270975904965,90.085972765393009,4.3204161759769066,1.0042022859951443,0.98251088696688627
32,sleep_duration__2,20895.5,1527,73.978492226697455,84.366268801947911,90.403904912930741,5.1363256688617778,1.0278124117945175,1.1680578173752179
32,sleep_duration__3,4863.5,481,62.673143358426458,76.991167700334387,86.093771940355637,3.2873228586076042,0.93796346436420541,0.74757392945524914
32,sleep_frailty__0,2880,450,68.317995958299733,80.31523685987878,88.62712313738902,3.9546375455550384,0.97845973838888067,0.89932874155052223
32,sleep_frailty__1,2820,432,72.666666669591109,83.916666665195535,90.193948447435545,4.7877741528222231,1.0223350253569563,1.0887933101543963
32,church_frequency__0,2200,660,68.583333335648831,79.015145249431285,86.333333331110168,4.4515574799794591,0.96262105887082894,1.0123338840267488
32,church_frequency__1,1766,368,72.211724716569094,82.729210096244969,91.000485137036662,4.4031223052971482,1.0078685493901285,1.0013191844007914
32,church_frequency__2,1678,434,74.052566652632621,85.113140183371854,90.512877524121151,5.1708100076529684,1.0369113524818638,1.1758999411225992
32,education_level__0,13920,2915.5,67.583333330460817,79.324013827799504,88.250000003154909,3.8382587324837751,0.96638392480016655,0.87286289978958453
32,education_level__1,26101,2567,74.083333330068399,84.416666667855239,90.806749821855789,5.0478122523176383,1.0284263959476998,1.1479288779733123
33,all,56190.5,7453.5,71.000000002962338,81.859131752221344,89.7499999979797,4.3658203612786481,1,1
33,diet__0,26371,2043,71.432513015437067,81.750000001790085,89.125926645919279,4.6203633571845737,0.99866683474286544,1.0583035889803254
33,diet__1,10858,1118,74.000000000102887,84.166666669094838,90.388978680665176,5.1355650836814171,1.0281890959197826,1.1763115883625885
33,number_of_friends__0,599.5,275.5,66.527780949235208,76.833333330853662,85.82663490341713,3.981238135345567,0.93860430334662937,0.91191066188979752
33,number_of_friends__1,12385,4722,71.753433463306834,82.166666669112885,89.916666665065804,4.5237907676677116,1.0037568797800398,1.0361834416711542
33,income__0,7963.5,618.5,65.764574306487873,77.666666664684044,86.142182244717901,3.8113730963964199,0.94878439341101939,0.8730027305292416
33,income__1,7475.5,704,66.54063984354832,78.935825898494372,86.83333333661821,3.8898643950568492,0.96428857976926141,0.89098132153050791
33,income__2,7177,498,73.509910595789449,83.166666669516232,90.051647960358906,5.0276863207639781,1.0159729878549488,1.1516017391268671
33,income__3,6921,303.5,79.213820747818787,86.333333332821056,,,1.0546573300354887,
33,alcohol__0,5012,433.5,66.833744490130911,78.845311723938906,85.485644129923799,4.2272000839917885,0.96318284883102667,0.96824874460792953
33,alcohol__1,10246,1300.5,76.810268549177877,85.622702892648732,91.983094803628717,5.6431610997675481,1.045976191780525,1.2925774843641977
33,physical_activity__0,10981,1291.5,68.583333330312158,79.520124587707059,87.481583353232196,4.2078036056917458,0.97142643570183218,0.96380594195116565
33,physical_activity__1,23130,1109,73.964762717097173,85.49601599882854,90.662286733547091,5.120281061707133,1.0444285709945671,1.1728107521601097
33,sleep_duration__0,2006.5,276,63.685346111487952,76.379287405103568,85.249999999496893,3.5418740222663341,0.93305762924893132,0.81127342152689963
33,sleep_duration__1,11881.5,1070.5,70.470605657660627,81.319993143479863,89.969084121248741,4.1705814787209476,0.99341382449091453,0.95528013834712167
33,sleep_duration__2,20980,1567.5,74.241727556169138,83.999999997537103,90.142177943125375,5.2828692240344086,1.0261530778483692,1.2100519001856453
33,sleep_duration__3,4736.5,465,65.141797264354722,77.696005076935975,86.336021535000157,3.6659046391495917,0.94914279462569062,0.83968288564120686
33,sleep_frailty__0,2982,488,66.666666667067688,80.623637833380002,88.340866063614229,3.7197977354691205,0.98490707276762901,0.85202720855415071
33,sleep_frailty__1,2650,470,72.805204502606642,82.333333334758294,90.085687871329341,4.7645272170904578,1.0057928977792276,1.0913246132039747
33,church_frequency__0,2394,752,68.249999999739529,78.641640619011639,86.36612819440964,4.3409739528200371,0.96069478060250257,0.99430887979748805
33,church_frequency__1,1808,390,72.133922719817107,83.166666667766819,90.23286984911779,4.5951107583007929,1.0159729878335777,1.0525194300378844
33,church_frequency__2,1738,478,73.74777147079358,83.694361661662697,91.576913555579736,4.6942450322991265,1.0224193669069981,1.0752263363681529
33,education_level__0,14419.5,3116.5,67.999999998189594,79.416666669819094,87.999999999440675,3.9708333332425632,0.97016258259621757,0.90952742088536087
33,education_level__1,25567,2418.5,74.412980721994373,84.166666663898567,91.263281178487333,4.9949653349632976,1.0281890958563045,1.1441069310282816
34,all,55685,7281,71.646144197228097,82.416666668842311,89.733163420004871,4.5566749088791783,1,1
34,diet__0,25812,1891,71.333333335626307,82.05999466658028,90.094687899917375,4.3738843261758413,0.99567233162079738,0.95988509464496807
34,diet__1,10784,975.5,74.250000002341309,84.500000000329777,91.421391146795003,4.9209757840513122,1.025278058622032,1.079948840427974
34,number_of_friends__0,563,225.5,67.099518812714038,77.481899327270739,87.082506555571101,3.8773931268094137,0.9401241576367082,0.85092599413969383
34,number_of_friends__1,12109,4640.5,73.250000001440426,83.148091038205891,89.999999997699405,4.9640651377180038,1.0088747142893137,1.0894051555104318
34,income__0,7659,574.5,65.458790948233911,77.793952842366508,85.994314213552713,3.7882625067435214,0.9439104490230078,0.83136554230842286
34,income__1,7187.5,634,67.556819854409852,78.833333332476997,87.005277958234487,4.0534490143963664,0.9565217390947941,0.88956291494435535
34,income__2,6911.5,451.5,73.982129010270086,83.215810567595938,,,1.0096963870422553,
34,income__3,7172.5,311.5,79.249999997266357,86.329872092390787,89.282303854751234,8.6051891289139935,1.0474807533683945,1.8884799335027924
34,alcohol__0,4855.5,394.5,66.999999998904414,78.299448187869075,86.040772737931093,4.112199082518516,0.95004386069729563,0.90245610335410309
34,alcohol__1,10566.5,1426.5,77.325364963069475,86.51739837654921,91.764281596501093,5.9919591319080219,1.049756097564392,1.3149849949207559
34,physical_activity__0,10731.5,1272.5,67.881580664402648,78.814023632633621,86.773698302704446,4.1717940329170089,0.95628744546677147,0.91553470816796978
34,physical_activity__1,23210.5,1037,74.833333335921509,85.76060984532414,89.966982835726014,5.6668822577417286,1.0405736280249975,1.2436441859609493
34,sleep_duration__0,2045,273.5,64.820044882011743,76.876098442759968,84.500000003047589,3.9063147232783746,0.9327736918996633,0.85727307771429861
34,sleep_duration__1,11872,930,71.416666666873084,82.5000000018523,90.41666666649644,4.3421052633414599,1.0010111223418539,0.95291091644049353
34,sleep_duration__2,20415,1424.5,74.250000000857952,84.360470757063169,91.028239781425469,5.0279690754431279,1.0235850849929571,1.1034294032355878
34,sleep_duration__3,4602.5,440,63.820370793097048,77.120912311060223,86.347855242789336,3.4234142956921962,0.93574413317319771,0.75129658449438641
34,sleep_frailty__0,2640,404,68.048438693625627,80.737848876632,88.451635218235751,3.9571176398387795,0.97963011778969478,0.86842219797771925
34,sleep_frailty__1,2688,388,73.561091528772408,84.101606363205505,91.833333331782995,4.6026977570616801,1.0204441621150906,1.0101000947188095
34,church_frequency__0,1940,552,69.605610908895429,80.249371477452456,86.885337185253434,4.6441344147475911,0.97370319282508422,1.0191937119977528
34,church_frequency__1,1804,356,74.731018550035287,83.197370599943937,91.298396379152351,5.0217585098907493,1.0094726462820751,1.1020664432534577
34,church_frequency__2,1626,382,74.936396256663372,85.500000003290893,90.622564829064331,5.4506618113057854,1.0374115268072863,1.1961928204894705
34,education_level__0,13861,2839,67.833333336299873,80.249999998407048,88.333333331645449,3.9146341471525568,0.97371081896406797,0.8590988440988987
34,education_level__1,25667,2552,74.49999999991941,84.416666664960402,90.475513830519205,5.2841284205373826,1.0242669362515506,1.159645690378456
35,all,55904,7218,71.583333336464378,82.505036536384765,89.937245754217741,4.4952288459532657,1,1
35,diet__0,25748.5,1873,71.916666669263506,82.49999999845862,89.249999999973113,4.7596153852469163,0.99993895478218564,1.0588149231894299
35,diet__1,11020.5,1069,75.272351621499553,84.807586659499137,91.798241050348992,5.1318016512593587,1.027907994708892,1.1416107671312783
35,number_of_friends__0,608.5,261,66.669167564323772,78.827938475916568,87.192214278290905,3.8409471836493725,0.95543183525715314,0.8544497544562395
35,number_of_friends__1,12149,4529.5,72.408206303315637,82.916666663392519,90.166666664328545,4.6691360049111328,1.0049891515026022,1.0386870535221857
35,income__0,7280,505,65.938164870745481,79.700376597578355,87.591724563389093,3.6807055158074102,0.96600619723900671,0.81880269991613153
35,income__1,6980,632,68.252393030916195,78.833333332997498,87.619353063047583,4.0705063263520183,0.95549722347231436,0.90551704169998048
35,income__2,7188,498.5,74.47274057744113,83.666666667712647,90.039378486418741,5.374742263354138,1.0140795056895175,1.1956548704283734
35,income__3,7253.5,320,79.24999999861582,86.170287504463232,,,1.0444245723891303,
35,alcohol__0,5034.5,372.5,67.031974236579899,79.838103359594598,86.569639377600907,4.0863687028788123,0.96767551062638402,0.90904575560318335
35,alcohol__1,10561,1383,77.416666666620557,86.073893009393913,92.201780718505944,5.8216590489146638,1.0432562255933948,1.2950751226281814
35,physical_activity__0,10703.5,1217.5,68.249999998149519,79.48648909098398,88.950564289517558,3.8398223339316977,0.96341377966580743,0.8541995225423098
35,physical_activity__1,22859,1041,75.916666665187833,85.583333332983386,90.179005187467496,6.0006522211831443,1.0373104106831235,1.3348936009309302
35,sleep_duration__0,1992.5,225.5,64.838334438828738,79.664361876467467,86.93726943296538,3.6048959779104406,0.96556968181373315,0.80193825530276874
35,sleep_duration__1,11788.5,949,71.499999998350773,82.550905033273636,90.923897757539024,4.2499659984167639,1.0005559478404527,0.94543929665398585
35,sleep_duration__2,20792.5,1538.5,74.833333333784395,83.999999999907757,91.108747298367547,5.1611590453367109,1.0181196630688565,1.1481415567936957
35,sleep_duration__3,4533.5,427.5,65.189922660281454,78.690550094786815,87.315331675985902,3.5565692837105454,0.95376662320589656,0.79118759146428586
35,sleep_frailty__0,2958,428,68.262182955952127,80.833333334756489,89.307848052702127,3.8408543024491664,0.97973816785244316,0.85442909228232367
35,sleep_frailty__1,2702,404,75.457063414129294,84.400870442155195,92.225289803829597,5.0333809003197558,1.0229784021116621,1.1197162753684833
35,church_frequency__0,2182,640,69.359289310853029,79.94026654963443,86.333333333216103,4.7095592802937363,0.96891377672902101,1.0476795379468649
35,church_frequency__1,1788,330,76.250000001140151,83.9093045656101,91.282004608483717,5.5820435635456098,1.0170203915806528,1.2417707206543502
35,church_frequency__2,1770,430,74.177047252592956,84.833333332980146,93.065335870902757,4.4913192003400981,1.0282200565485309,0.99913026772448144
35,education_level__0,13817.5,2906.5,67.85642725085853,79.686210934708654,88.602024387245322,3.8411143536062804,0.96583450271629168,0.85448694276469639
35,education_level__1,25887,2437,75.455626721009082,84.500000002199855,91.08471646782526,5.4065848600948412,1.02417989918634,1.2027385135157256
36,all,55771.5,7250.5,70.999999999870823,81.999999997832845,89.750000002521205,4.3733333325995654,1,1
36,diet__0,25950.5,1864,71.148663552649793,82.416666669807327,90.476781991135013,4.2640812106005734,1.0050813008778718,0.97501856966067324
36,diet__1,11148,963.5,74.822021234071585,84.83333333265881,91.210330253615922,5.1764543389734987,1.0345528455475712,1.1836404740492414
36,number_of_friends__0,555,213.5,60.583306780692858,75.275343413750875,86.635861998335528,2.889365084725922,0.91799199287488176,0.660677992045131
36,number_of_friends__1,12081,4584.5,72.157103677373598,82.416666665217235,89.848108590752403,4.658676376427306,1.0050813008218951,1.0652461228374122
36,income__0,7631.5,560,65.645598130713012,78.406114292301453,87.720704258950306,3.5517887813009672,0.95617212554114184,0.81214682512886305
36,income__1,7206.5,661.5,67.332719631464869,78.636965532005746,87.242782129394087,3.9496091757715237,0.95898738456200028,0.90311185436757579
36,income__2,7170.5,495,72.283842300505839,82.862113285772026,,,1.0105135766824629,
36,income__3,7500,293.5,80.23306750339961,86.568169908264565,90.594709484771528,8.3546768035313494,1.0557093891530787,1.9103681718597065
36,alcohol__0,4925.5,428.5,65.586357281808347,75.749999998127421,85.935593699967697,3.7224983995236927,0.92378048780645605,0.85118103661926725
36,alcohol__1,10371.5,1237,77.449709704024016,86.916666664573825,91.999999999384485,5.9735348848873642,1.0599593495959869,1.3658997452491504
36,physical_activity__0,11038.5,1283,67.250000001603269,78.91666666643637,88.718777867639133,3.6758807212442437,0.9623983740063663,0.84052150652309254
36,physical_activity__1,23332,1032,75.083333334948065,85.725162975908106,90.821899794288711,5.4468215512113094,1.0454288168069965,1.245462245150577
36,sleep_duration__0,1992,271,63.889254824753593,76.146584379073076,84.883037462825683,3.6271016849046407,0.92861688269616505,0.82936776345576313
36,sleep_duration__1,11814,941.5,71.50597124762696,82.634059199916422,91.715149302372723,4.0889371638997112,1.0077324292939065,0.93497038824369572
36,sleep_duration__2,21012.5,1406.5,74.539240221605141,84.608385630250595,91.083333332094824,5.114114449501324,1.031809580883984,1.169385926149249
36,sleep_duration__3,4660.5,450.5,62.733242792958954,76.417926292083408,85.91934319611758,3.295850745202201,0.93192593041589067,0.75362440832816768
36,sleep_frailty__0,2754,420,67.833333330849001,80.750000000410495,88.295029858821351,3.9463980853210519,0.98475609759200744,0.90237761112420445
36,sleep_frailty__1,2738,424,72.500000001681599,83.398589856678896,90.500000003144663,4.6332549916611194,1.0170559738888172,1.0594333061978272
36,church_frequency__0,2142,616,69.58333333287581,78.758913835782948,86.329562613802267,4.7030834532695316,0.96047455899834688,1.075400180043893
36,church_frequency__1,1832,330,72.845314806826181,84.619911543957215,91.642074466061473,4.5018350544468158,1.0319501408072391,1.029383015671222
36,church_frequency__2,1572,362,73.382293609296411,85.171315818289372,91.549102073118064,4.688292717342402,1.0386745831773212,1.0720181520112075
36,education_level__0,13671,2904,67.220165832594091,78.997455570147253,88.175450048062061,3.7698107435754049,0.96338360453945193,0.86199940797437025
36,education_level__1,25898.5,2428.5,74.585082291601381,84.557561145119806,90.877449239817693,5.1900108445800237,1.0311897700896897,1.1867402847829609
37,all,55995,7120,71.778879784270799,82.33333333068299,89.749402614992334,4.5815769583470276,1,1
37,diet__0,26077.5,1868.5,71.916666667751912,82.689822699009838,89.160494441499992,4.7953287277025822,1.0043298303846759,1.0466546281550781
37,diet__1,11056,999.5,75.752946753672063,84.58333333147452,91.439010216682661,5.3922600486049923,1.0273279352331655,1.1769441171955013
37,number_of_friends__0,571.5,231.5,68.499720876292116,77.793880538542538,85.344614187329483,4.6182471507592897,0.94486494584267311,1.0080038363964299
37,number_of_friends__1,12077,4542,72.776395215666966,82.666666663582035,89.833333330375481,4.8465126687829763,1.004048582990807,1.0578263145734725
37,income__0,7794.5,575.5,66.296506034048264,77.768243142923652,87.55048813870691,3.658996359363532,0.94455356047077377,0.79863252164679333
37,income__1,7444,657,68.583333335073362,80.337867554180107,87.459456672687722,4.2560575663378524,0.97576357356396215,0.92895036033038325
37,income__2,7273.5,499.5,74.207916695093246,83.927280623345197,89.882907949402139,5.3542154672829216,1.0193596837171681,1.168640299172155
37,income__3,7012,283.5,80.018957982536762,86.333333331971104,,,1.0485829959686259,
37,alcohol__0,5052,423,65.88588107369641,77.317754772900003,86.416909191649381,3.7658978560986407,0.9390820418063428,0.82196542595179434
37,alcohol__1,10542.5,1325,77.833333330591117,86.333333331522908,92.134297099730432,6.0368891723105715,1.0485829959631823,1.3176443890813965
37,physical_activity__0,11239,1261,68.992420556752151,79.749999996850335,88.645391088907402,4.0579107299004598,0.96862348177430191,0.8857017500289901
37,physical_activity__1,23070.5,1048,75.651658944605558,85.615264125713821,91.057016693362982,5.5574992494166153,1.0398615076332365,1.2130101272863236
37,sleep_duration__0,2069.5,219,66.556704220481919,79.803077802784529,87.361792518402027,3.8357480948909251,0.96926815148202539,0.83721132041724167
37,sleep_duration__1,11601.5,930.5,71.455593664982729,82.666666666133935,90.378143715925987,4.3686853221991155,1.0040485830218018,0.95353310921471013
37,sleep_duration__2,20916.5,1453.5,75.211740628048702,84.302667971134071,90.70892715465115,5.4398692192560389,1.0239190442167749,1.1873355547035647
37,sleep_duration__3,4876.5,470,62.439737156206732,77.024189976576366,85.954159595166217,3.2756147924330943,0.9355164774784106,0.71495356778092689
37,sleep_frailty__0,2924,446,67.202456418458937,79.988923788586433,88.49041387228786,3.7574729262811148,0.97152539017604833,0.82012655477400542
37,sleep_frailty__1,2728,406,74.570713113162782,83.224894013504809,90.603652454718272,5.1908693871120493,1.0108286722613424,1.1329874919278549
37,church_frequency__0,2148,612,69.580252680774166,78.784876788648106,87.118387000920208,4.4922039796529543,0.9569013375447476,0.98049296573939515
37,church_frequency__1,1736,308,75.152564086933126,84.19956144810422,91.362226675883562,5.1944055581699855,1.0226667382690038,1.1337593159286488
37,church_frequency__2,1762,432,76.134841105112642,84.687002164528707,90.62597508207763,5.8440562553038715,1.0285870708573459,1.2755556238462336
37,education_level__0,14302.5,2908.5,67.916666664759489,79.015436143493602,88.03332486549813,3.9278609476295783,0.95970165359559279,0.8573163745451301
37,education_level__1,25621.5,2423.5,75.556368385891304,84.500000001868415,91.359345196517054,5.3470938427911587,1.026315789529415,1.1670858945301488
38,all,55753.5,7317,71.33333333242426,82.176481388119143,89.583333331357366,4.5028208982423656,1,1
38,diet__0,25934,1901.5,71.249999999697792,81.611400187075333,89.059723096866847,4.5824070223780105,0.99312356538636726,1.0176747256740126
38,diet__1,10759.5,962.5,74.422254724505876,84.999999997559868,90.927095714928313,5.1500041743440219,1.0343592054776021,1.1437284073089113
38,number_of_friends__0,554.5,213,65.241820188649044,76.726779097077113,86.930351075389112,3.5376660363836043,0.9336829443292527,0.78565550714319987
38,number_of_friends__1,11859,4639.5,71.916666664226284,82.422387062552829,89.750000002710664,4.6218160956305967,1.0029924093886702,1.0264268111207087
38,income__0,7629.5,533,66.600741790172279,79.549593010909547,88.177740998851178,3.6867773985417016,0.96803357441403681,0.81877060666143775
38,income__1,6959,598,65.915871189821004,77.976924085240952,87.162074019752254,3.6701581317574798,0.9488958734672065,0.81507974993855337
38,income__2,7032.5,488,71.456978714920908,82.999999999378403,89.432259040232751,4.6174523288241671,1.0100213418407364,1.0254576926713979
38,income__3,7409.5,274,80.750000001520618,86.950159080191384,89.845342876464755,9.5598550022475575,1.0580905584108204,2.1230813346316211
38,alcohol__0,5065.5,394.5,67.110176568322146,77.686805645030063,88.039265490019858,3.7119057564178153,0.94536544194579997,0.82435118791127648
38,alcohol__1,10374,1355.5,77.416666663674135,86.250000001067832,91.34463891377861,6.1925740841722936,1.0495703703071622,1.3752654667187645
38,physical_activity__0,10631,1254,67.350157079512812,78.666666663386366,86.46693474321961,4.1150589313352235,0.95728930388055999,0.91388465682512454
38,physical_activity__1,23199,973.5,75.332338499342825,86.407244422560709,90.441519739939395,5.7188568358949023,1.0514838669528779,1.2700609162863228
38,sleep_duration__0,1921.5,248.5,62.681080997525513,76.806162154862093,84.507187935792075,3.5190042077637722,0.93464895134785519,0.78151103214817685
38,sleep_duration__1,11898,974,71.061222573689747,82.250000002798032,90.630035885390981,4.2031163920203776,1.0008946430102266,0.93344072238383391
38,sleep_duration__2,20554.5,1411,74.558513300199849,84.083333332492515,90.421859792005577,5.3004788980639157,1.0232043513200244,1.1771462862608879
38,sleep_duration__3,4674,460,65.104708064838647,76.833333336624264,86.249999997351324,3.6335905686166718,0.93497959560644595,0.80695871559870613
38,sleep_frailty__0,2776,396,65.083333335237455,80.505421923122995,90.02827189883881,3.2273249227638208,0.97966499128742512,0.71673401978381535
38,sleep_frailty__1,2704,416,72.648897666659082,82.703118192537772,89.509163278194123,4.9052085001529271,1.0064086073718748,1.0893634481592704
38,church_frequency__0,1964,556,69.95797387158683,79.543411133461575,86.333333331530625,4.8575062628722652,0.96795834756879418,1.0787695919170019
38,church_frequency__1,1742,350,71.516591958078337,82.229124790860766,90.851279821956354,4.2529326239853669,1.0006406139792356,0.94450406092000228
38,church_frequency__2,1620,388,74.045230138115912,85.041097858297178,91.263095228599127,4.9391197695759459,1.0348593225432525,1.0968945648057833
38,education_level__0,14057,2929,67.833333333368856,79.66666666716489,88.061196548629169,3.9384618048565172,0.96945823575603818,0.87466543614778447
38,education_level__1,25581,2481.5,74.499999999891557,84.416666669912502,90.414178431307377,5.3044941674945321,1.0272606619795872,1.1780380093654386
39,all,55291,7370.5,71.333333330314801,82.249999998281439,89.58333333633081,4.5068493134886678,1,1
39,diet__0,25561.5,1972.5,71.536275324687068,82.333333336133833,89.742469815332015,4.5222703392760035,1.0010131712809014,1.0034216865740733
39,diet__1,11144,1113.5,74.742421875076346,84.474416822596382,90.709400044089151,5.2905700708313308,1.0270445814512026,1.1738954872524903
39,number_of_friends__0,568.5,205,65.397747883341353,77.377609296147483,87.062708034638163,3.5715555789524891,0.94076120726765033,0.79247281870798003
39,number_of_friends__1,12051,4647.5,72.749999997220456,82.778280363642395,89.833333333241271,4.8455578741826368,1.0064228615850699,1.0751541791468908
39,income__0,7602.5,587.5,66.157594098650222,78.435656205656144,86.570142269696845,3.8425215484321611,0.95362499948079038,0.85259596697226536
39,income__1,7202,705,68.318736098641452,78.859772833267897,87.120529971524419,4.1942685557788195,0.95878143264335103,0.93064317531666363
39,income__2,7089.5,533.5,71.433878125521687,82.91666666557299,,,1.0081053698152642,
39,income__3,7364,335.5,79.337666126353383,86.408260799421214,90.440632364860718,7.7824483064480434,1.0505563623249441,1.7268046400299537
39,alcohol__0,4930.5,424,65.704958456085521,76.683097951492783,86.067059317691246,3.7659718156138071,0.93231730034158089,0.83561076789111433
39,alcohol__1,10295,1290.5,78.666666665174859,86.416666668819886,92.074109802576672,6.4454248124125408,1.050658561344991,1.4301398524955915
39,physical_activity__0,10689,1287,68.096677200407711,79.25000000164809,87.583333333986147,4.0668855373851667,0.96352583590643126,0.90237885815558072
39,physical_activity__1,23056.5,1138,74.74999999750959,85.317310869302332,90.679367948165336,5.3559759014663335,1.0372925333870515,1.1884080271857087
39,sleep_duration__0,1859.5,241,66.08420096003114,77.017259590848411,85.841050047901973,3.8982562071667091,0.93638005583535122,0.86496262377788302
39,sleep_duration__1,11425.5,1036.5,71.166666666773239,81.583333330672218,89.759151069816198,4.387973740471165,0.99189463018087354,0.97362335309021386
39,sleep_duration__2,21016.5,1559.5,74.839557039902232,84.508932423065218,90.402659462785152,5.4300826484833173,1.0274642240101031,1.2048511655873384
39,sleep_duration__3,4660.5,478,65.171139299604263,77.0918583511977,86.095010912643389,3.6843974087069231,0.93728703164508798,0.81751067151941226
39,sleep_frailty__0,2758,474,67.034445797630667,79.896251739114334,87.304204775515515,3.9416478422996777,0.97138299988794785,0.87459055498097449
39,sleep_frailty__1,2798,446,74.166666665437361,84.166666668071969,90.593192823808252,5.1238262951403746,1.0233029382350223,1.1368976281956311
39,church_frequency__0,2298,696,68.58333333489847,79.359813563245766,86.754724065979914,4.3672944320934084,0.96486095519640047,0.9690349351202886
39,church_frequency__1,1812,418,72.270557160711064,82.589796925118392,90.16057761054094,4.6165289277745778,1.0041312696272833,1.0243362062178665
39,church_frequency__2,1636,410,75.789174764112786,85.249999997917584,90.679285396121472,5.7252764673661334,1.036474164130077,1.2703500980675797
39,education_level__0,13920.5,2955.5,67.706407156636402,79.334357388466984,87.914165742765249,3.9259355286896707,0.9645514576306945,0.87110423615443167
39,education_level__1,25636,2492.5,74.499999998454854,84.602087513109851,90.861721559634091,5.1707326271730256,1.0285968086915205,1.1473054161578919
40,all,56046.5,7186,71.416666665075013,82.25000000278159,89.845453227760004,4.4631261924386916,1,1
40,diet__0,26110.5,1869.5,71.555028258794849,82.019778704020581,89.708722673565731,4.518076421804512,0.99720095685406418,1.012312049222116
40,diet__1,10826.5,972.5,74.66666666511199,84.590443209314913,91.457463784956488,5.0379051456312469,1.0284552365526343,1.1287839349392206
40,number_of_friends__0,540,200,67.256941393841544,77.067327860200251,86.707225587298552,3.9622725865427388,0.93698878854217549,0.88777964496175676
40,number_of_friends__1,12211,4643,72.243142359533621,82.499999998242814,89.916666667705741,4.6679993508762347,1.0030395136225261,1.0459035101415313
40,income__0,7611,561,64.391985442581188,77.443735027508055,87.376562619134091,3.3693782762517031,0.94156516747585417,0.75493681580413596
40,income__1,7097.5,632,68.298855631841434,79.50805113608196,87.41666666612899,4.1588470036389245,0.96666323566435375,0.93182375409521945
40,income__2,7018,478.5,71.649423393600131,82.999999999763645,90.009055059193329,4.5207878628256744,1.0091185409964338,1.012919569803935
40,income__3,7373.5,295,78.618899567847322,86.58952658787733,,,1.0527602016407172,
40,alcohol__0,4932,434,65.126900266695003,78.095820717608248,86.083333330298927,3.7265798278067237,0.94949326097224496,0.83497075079799332
40,alcohol__1,10498,1274.5,77.333333335805875,86.833333330815691,92.666666668442289,5.6630434783540675,1.0557244173602323,1.2688513015715852
40,physical_activity__0,10927.5,1265,67.163645217259145,78.916666664130432,86.749999998866514,4.0291655871687464,0.9594731508992288,0.90276756995911311
40,physical_activity__1,23030,986,74.567673481081911,86.093596988781911,,,1.0467306624421926,
40,sleep_duration__0,2068.5,257.5,61.020499798284582,78.57223518283584,85.707930398151603,3.1826817645113326,0.9552855341055152,0.71310593231787767
40,sleep_duration__1,11841,917,71.416666666149283,82.599599736198314,91.544942402940947,4.1036599863950505,1.0042504526857738,0.91945865060848175
40,sleep_duration__2,20802,1472.5,73.916666669121767,83.49999999829609,91.009570849735326,4.8850680443759913,1.0151975683340089,1.0945395298596177
40,sleep_duration__3,4610,418,62.667647674037291,77.04843219734552,86.275573966340161,3.2636679411552718,0.93675905403939019,0.7312515488996234
40,sleep_frailty__0,2756,410,67.618907251349626,81.22421079719841,89.181116731156138,3.766970674933229,0.9875283987167357,0.8440206511111269
40,sleep_frailty__1,2614,400,72.911254769599594,83.490951346160969,90.500000002749985,4.7468395408218989,1.0150875543262907,1.0635683008165593
40,church_frequency__0,2222,608,69.66136273468841,79.991899071915512,87.093638196051742,4.5887239017768229,0.97254588533994268,1.028141196086034
40,church_frequency__1,1830,350,74.419420521262424,83.170883769645471,91.328004192397586,4.9188557354822953,1.011196155219851,1.10210993895169
40,church_frequency__2,1604,400,72.973379453460709,83.286609682647679,91.344511022777951,4.5335590444384914,1.012603157201593,1.0157810577077397
40,education_level__0,14098.5,2910,67.166666664601749,79.416666663394025,88.341177370821143,3.7505785973164283,0.96555217824569306,0.84034787178336068
40,education_level__1,25734.5,2399,74.607886594363364,84.38789148031691,91.000000000837574,5.1480787978801548,1.0259926015497023,1.1534692446298944
41,all,56700.5,7489,71.419367201889642,82.333333332144349,89.583333330707262,4.5327839056867818,1,1
41,diet__0,26493,1934.5,71.750000001613003,82.166666669303495,88.907281999247857,4.7890258305849516,0.9979757085484624,1.0565308054012219
41,diet__1,11052,1094,74.676228712685287,84.217036535724489,90.461607060984193,5.3351294265810258,1.0228789862786316,1.1770094356114418
41,number_of_friends__0,620.5,237,64.925246027195939,77.586075976091493,86.832387712125282,3.5415882679695065,0.94234100377180474,0.7813274009215988
41,number_of_friends__1,12479,4807.5,72.166666663659228,82.750000000910575,89.833333330052824,4.6839622642748848,1.0050607287705131,1.0333522095325207
41,income__0,8058.5,603,66.489212847003316,78.385432365285013,86.972003516872292,3.826892225217787,0.9520497858269269,0.84426972581168258
41,income__1,7097.5,627,68.749881400982261,79.479129295489059,87.416666663682761,4.2577834467460365,0.96533355421016387,0.93933078111318458
41,income__2,7126.5,533.5,71.571088355226351,82.913244831049937,89.747036943325085,4.5617011089776058,1.0070434595009794,1.0063795680298249
41,income__3,7141.5,287,79.936506820853523,87.588336661445936,90.732708706536144,8.1128842892055566,1.0638259513689572,1.7898237502624423
41,alcohol__0,5159.5,463.5,65.876598573599011,77.333333332357284,86.776286030169715,3.7002148234539396,0.93927125506243803,0.81632279421299792
41,alcohol__1,10689,1366,77.584130989922159,86.416666667935687,91.916666665736258,6.0294053070987488,1.0495951417309755,1.3301770904044912
41,physical_activity__0,11186.5,1270.5,67.503286760960975,79.369106168374699,87.168232443948213,4.0360704498176876,0.96399724092535477,0.89041757423160572
41,physical_activity__1,23208.5,1077,74.923023691056727,85.267890738451442,91.246730687983714,5.2235617041217122,1.0356423976479694,1.1523959255080058
41,sleep_duration__0,1876.5,209.5,63.721296606471391,77.860756403857195,87.298031422836488,3.302440181403425,0.94567720329937155,0.72856775220636905
41,sleep_duration__1,11758,1009.5,70.954490707144089,82.043182360445101,89.793481886206663,4.3549668652972722,0.99647589912910806,0.96077089839504104
41,sleep_duration__2,21420.5,1579,74.729251054670556,83.864313159830942,90.177906616674306,5.4285832720678133,1.0185948966928182,1.1976267532315341
41,sleep_duration__3,4855.5,459.5,65.148089704243702,77.833333332286045,86.14290930892156,3.7072637344759083,0.94534412955558755,0.81787788952939389
41,sleep_frailty__0,3062,498,65.083333333220494,79.434686385851691,86.796428269787299,3.6583769664303607,0.96479376178541076,0.80709273650583702
41,sleep_frailty__1,2778,436,75.190006811404686,83.626667142905163,89.592915889914664,5.8062344688186132,1.0157085078232326,1.2809422618921176
41,church_frequency__0,2340,656,69.083333335459358,79.911948781159239,87.201462226269882,4.4106071472805564,0.97059047104024199,0.97304597771516443
41,church_frequency__1,1760,372,71.84746861772291,82.791724622022741,90.351146608643134,4.4743388132158772,1.0055675055451621,0.98710613748924148
41,church_frequency__2,1738,434,75.806542767385551,84.553718067580576,91.293566983563224,5.4596491157582205,1.0269682356534611,1.2044803435055891
41,education_level__0,14470.5,3066.5,67.361458841171554,79.749999997980964,88.249999996794074,3.8178827043895711,0.96862348177084179,0.8422820906153714
41,education_level__1,25959,2537,74.583333336330142,84.333333332962752,90.669271031669098,5.2426743737419228,1.0242914979859994,1.1566124666045783
42,all,55884,7333.5,71.428621205210689,82.367953474837748,89.833333335633299,4.4753730941917436,1,1
42,diet__0,25889,1867,71.294487237774547,82.445601830566744,89.926813060688261,4.424869048241769,1.0009427010439529,0.98871512053028154
42,diet__1,10894.5,993.5,75.72710743729418,84.833333331900377,90.929879219816129,5.5801227924390764,1.0299312991649814,1.2468508602514292
42,number_of_friends__0,633,247.5,65.494434689878631,76.693035109767592,86.24999999801561,3.6950588418664259,0.93110283641071934,0.82564263673613492
42,number_of_friends__1,12209,4654.5,72.749999998505231,82.833333330276929,90.00000000249851,4.8019323658609547,1.0056500111488305,1.072968055354542
42,income__0,7243,540.5,66.487096800716472,77.922147844246823,86.429878187220424,3.9072858662021805,0.94602505655371105,0.87306371646939529
42,income__1,7019.5,649,68.289823462800328,79.107691803487185,88.410850623514207,3.931593112599352,0.96041832370708924,0.87849505054715471
42,income__2,7283,445.5,74.271400834844144,83.999999996778683,90.309740997009271,5.2374497078529938,1.019814095811419,1.1702822530372481
42,income__3,7752,302.5,79.91069607168933,87.359357742527578,89.729326806322035,8.8973055514135808,1.0605988622652212,1.9880589537799065
42,alcohol__0,4709.5,455,66.739274226327737,76.454588856259335,85.328258358933581,4.1128976339355106,0.92820794533416617,0.91900664980833369
42,alcohol__1,10856,1344.5,77.995417702158235,86.588128715846381,92.083333333364749,6.1462696812325266,1.0512356452111904,1.3733535845780804
42,physical_activity__0,10602,1201,67.416666664192519,79.166666665909801,87.775771167946132,3.8885141854502403,0.9611343165166063,0.86886927717755102
42,physical_activity__1,23275,1001,75.701959111454329,86.005407757526314,91.178750307236697,5.5570568000532266,1.0441610375059247,1.2416968782480551
42,sleep_duration__0,2040.5,253,65.150126887377965,78.52918529836829,85.681109594943749,3.8249111801857318,0.95339488217778601,0.85465749998582285
42,sleep_duration__1,12051,954,71.479077661418955,82.743239164618799,92.034876547585085,4.0252991198655996,1.0045562099572585,0.89943319476307759
42,sleep_duration__2,20512.5,1444,74.249999998027718,84.301713450144817,90.726134874688285,5.1165952501131349,1.023477091438211,1.1432779217342988
42,sleep_duration__3,4488.5,427,65.364530720413839,78.960784173437347,86.425304156090846,3.7491872943126374,0.95863477047003187,0.83773737192513198
42,sleep_frailty__0,2742,388,67.216684815725529,80.750000001415131,89.217274513243041,3.6703561637044095,0.98035700287349159,0.82012294538479791
42,sleep_frailty__1,2706,422,74.005117147502503,83.55913146557856,90.358145632641225,5.1097037800377638,1.0144616679240999,1.1417380568045312
42,church_frequency__0,2078,562,70.416666667615146,80.583333333806678,87.999295593806693,4.5831219934220204,0.97833356219568757,1.0240759590234201
42,church_frequency__1,1854,370,72.539250401976531,82.726063576580756,91.237380718443589,4.4242960219250165,1.0043476872574284,0.98858708063177658
42,church_frequency__2,1632,394,73.543652296476253,84.594252745279761,90.560916471744349,4.9710841809827535,1.0270287068759347,1.1107641924724347
42,education_level__0,13687.5,3049,67.83333333278938,79.418374884755579,88.250000000044452,3.8898795860800042,0.96419021639303903,0.8691743692002778
42,education_level__1,26458,2416,74.833333336518052,84.984554285557778,90.898147803041709,5.2901049347722715,1.0317672189284073,1.182047803263131
43,all,56055.5,7497.5,70.916666666470263,81.94140048639207,89.439722262629516,4.4237517973752984,1,1
43,diet__0,25951.5,1945.5,71.085708104520108,82.083333331112712,89.144733614697245,4.5452803245033779,1.0017321261764889,1.0274718231705913
43,diet__1,10955.5,1087.5,73.660578307982831,83.559812612548214,90.062486268914157,5.0945178336315671,1.0197508477588799,1.1516283161849739
43,number_of_friends__0,638,271,60.65476300461507,75.574101651067409,85.749999999416374,3.0114918487011395,0.92229448364893307,0.68075515685304011
43,number_of_friends__1,12255,4754,71.750000000308361,82.416666667201284,89.75000000064189,4.5787037036485643,1.0058000739307371,1.0350272604274955
43,income__0,7569.5,668,63.439678961195909,76.648682607540351,85.312317906126552,3.5043180112157883,0.93540850110646234,0.79215972589035655
43,income__1,7070.5,699.5,65.99663762603636,78.393447783567055,86.833333333959999,3.7622782845437497,0.95670134166898668,0.85047228164473099
43,income__2,7148.5,466.5,73.71045266205978,83.692935530871907,90.015634278875211,5.1329042201259449,1.021375458975353,1.160305653488833
43,income__3,7415,276.5,79.809819256818713,88.042295474433914,,,1.0744543655811083,
43,alcohol__0,4874,438,66.887900068072739,77.610190179696758,86.600208324211366,3.9371436957682571,0.94714258871601065,0.89000103896069493
43,alcohol__1,10411.5,1326,77.416666666178273,86.416666666300088,92.039142555479486,5.9098518828489457,1.0546154465672237,1.3359365881140484
43,physical_activity__0,11132,1377,66.743188020257165,78.329464241049195,86.799685106027681,3.905440910547715,0.95592049655115785,0.88283454620236435
43,physical_activity__1,23014.5,1076.5,74.30551503299364,85.444926749749001,91.536324753959647,4.958845703332317,1.0427564850315045,1.120959296648266
43,sleep_duration__0,2047,262,66.341107031100378,78.218353280012877,85.274774118471953,4.1311782297145783,0.95456451580910584,0.93386302372698438
43,sleep_duration__1,11764.5,1020,70.694971537050407,81.448037322606794,89.540404395250135,4.3218979333323411,0.99397907332731994,0.97697568292520631
43,sleep_duration__2,20821,1530.5,73.666666664286467,83.878693972406779,90.08333333538198,5.1093620680067939,1.0236424258618382,1.1549838919620856
43,sleep_duration__3,4587.5,463.5,63.298630999602437,76.740403265427872,85.269357236531334,3.4928478211357827,0.93652784563002534,0.78956686114446117
43,sleep_frailty__0,2910,504,66.6797755179429,78.790297998696062,87.296907104512428,3.8215935940391375,0.96154443945317591,0.86388065359059396
43,sleep_frailty__1,2688,446,72.26393573057986,82.09968068564369,89.107321421095023,4.874297970382262,1.0019316267272964,1.1018470731731111
43,church_frequency__0,2306,660,68.621092832436332,78.077053290641075,87.244020261266982,4.1925230922485319,0.95284011290003834,0.94773018114082275
43,church_frequency__1,1752,360,71.583333330280539,83.197636846720727,91.448508082369685,4.1881150246599841,1.0153309115156908,0.94673372659489563
43,church_frequency__2,1688,456,73.355546654605305,83.317236537587391,89.815155794449979,5.0619207193624556,1.0167904873852358,1.1442596581403586
43,education_level__0,14321.5,3111.5,67.083333331860871,79.166666663632796,88.090337707669221,3.7685842896667872,0.96613758361110669,0.85189776964945563
43,education_level__1,25553,2415.5,74.729209858663168,84.583333334653588,90.930662914211553,5.2207251438899176,1.032241734124379,1.1801577898171141
44,all,55369,7207.5,71.668548920606057,82.249999999893532,90.000000002877414,4.4868242907097979,1,1
44,diet__0,25757.5,2009.5,71.583333331053922,82.250000001187956,90.033613152911514,4.4579269688771008,1.0000000000157376,0.99355951560382461
44,diet__1,11083.5,1136,74.987899693272198,84.419074133391788,91.416666663747066,5.138491177402809,1.026371721987855,1.1452401173904494
44,number_of_friends__0,549.5,241.5,68.738027364678487,76.83333333017741,85.577095132753044,4.5628020736306372,0.93414387027692236,1.0169335320480801
44,number_of_friends__1,12161,4548,72.630335139071789,82.672388936847199,90.22518006195817,4.6986710766237909,1.0051354278049145,1.0472153069048487
44,income__0,7812,608.5,66.043543954012392,77.666666664465666,86.71918071063439,3.756434086103325,0.94427558254791732,0.83721444003974399
44,income__1,7210,717,67.307085736165291,79.049123179775236,86.805712027429934,4.0540867853439053,0.96108356449699162,0.90355372144572321
44,income__2,7052.5,506,73.082289822430795,83.166666667637827,,,1.0111448834984254,
44,income__3,7085,304.5,79.20118839884401,87.850163329600662,90.540789943885017,7.7472001975253688,1.0680870921545822,1.7266555798867247
44,alcohol__0,4989,416.5,66.000000001379249,78.845655655190484,85.979379103421053,3.94635164849206,0.95860979520112521,0.87954227596190593
44,alcohol__1,10454,1387.5,77.33333333197595,86.08333333242912,92.005336978235874,5.8671832019597971,1.0466058763834718,1.307647195836954
44,physical_activity__0,11085,1316.5,68.178018835198657,79.085229073577253,86.897127922200042,4.2248393716821875,0.96152254192923559,0.94161016744737169
44,physical_activity__1,22746.5,1084,74.833333336245431,85.575411621004022,91.255877478805914,5.2108498462931658,1.0404305364269275,1.1613670401763894
44,sleep_duration__0,1943.5,269,63.416666667745645,76.349452685759815,85.314948634912156,3.4865498946554534,0.92826082292837253,0.77706405884325258
44,sleep_duration__1,11634,1029,71.376933710799136,81.484390415515733,90.371762945961279,4.2898195823038243,0.99069167678566816,0.95609261793159983
44,sleep_duration__2,20901,1591,74.63046081438398,84.500000000570154,91.083333332136561,5.1358812820919271,1.0273556231085657,1.144658437533655
44,sleep_duration__3,4667.5,462,64.687965887650037,77.379616896573978,86.384695254118725,3.5664184951378282,0.94078561576503517,0.79486475601959328
44,sleep_frailty__0,2742,476,68.502684406812207,80.209104403184341,88.802894060142592,3.9511466025684867,0.97518667967523609,0.88061095032170977
44,sleep_frailty__1,2762,456,73.439381880257756,83.833333331018537,91.555790450607333,4.6274808279730069,1.0192502532659824,1.031348795528821
44,church_frequency__0,2280,700,69.512584356490095,78.80530480239716,86.532314988428226,4.6302321997103881,0.95811920732521783,1.0319620069137816
44,church_frequency__1,1870,380,73.404844890364657,84.299998890139776,91.411194918390748,4.6816816711288265,1.02492399866564,1.0434287968045663
44,church_frequency__2,1822,482,76.500000002871417,85.586612199086133,91.865073354389921,5.570205246734325,1.0405667136680476,1.2414582978584037
44,education_level__0,14132.5,2910.5,68.166666664758267,79.583333336338953,88.568389419421464,3.9008143720680981,0.96757852080780504,0.86939316526054655
44,education_level__1,25383,2422.5,75.12593586597896,84.499999997874326,91.249999999046551,5.2406142335157195,1.0273556230757896,1.1680007715850791
45,all,55794,7244.5,71.189065050177675,82.083333332752417,89.749999998955488,4.4223706165274494,1,1
45,diet__0,26118.5,1933.5,71.372992482196764,82.277871831012746,89.113326857643983,4.6378985925364553,1.002370012161564,1.0487358466075924
45,diet__1,10872,1062,74.624374838019293,83.979307615561567,90.298581207879238,5.3578028535496403,1.0230981638516454,1.2115228048789621
45,number_of_friends__0,566.5,239,70.957024402054913,78.515111966883097,86.920523374400119,4.9184149479322077,0.95652928285204586,1.112167064775377
45,number_of_friends__1,12137,4533.5,71.617783346848228,82.3271039092065,89.807306466246175,4.5260726940889384,1.0029697938248423,1.0234494316631739
45,income__0,7566,578.5,62.922786075959486,77.515636474193812,88.065080318258893,3.083077293073019,0.94435293167198864,0.69715488827436278
45,income__1,7234.5,661.5,67.246764030998307,78.858366944546162,87.282964560691553,3.9357944550255248,0.96071106938198081,0.88997390682647137
45,income__2,7126,497.5,72.656692695800118,83.434078732746414,89.882842989092367,4.8434547076507917,1.0164557815228861,1.0952168254622647
45,income__3,7103,270,80.312980332156556,87.556932411358872,,,1.0666834405520227,
45,alcohol__0,5019.5,389,65.875839780861099,79.725535493692277,86.855936676325342,3.8000556380141601,0.97127555932089149,0.8592802294345141
45,alcohol__1,10182.5,1233.5,77.771890901698285,86.416666667905162,92.33333333118496,5.9346226918366876,1.0527918781951278,1.3419550748771696
45,physical_activity__0,11080,1268.5,67.756639982524433,79.249999998239886,87.592776934023519,3.9952335574216074,0.96548223348792794,0.90341445886296157
45,physical_activity__1,22896.5,1048.5,74.67008082272865,85.599704816201282,,,1.0428390434534873,
45,sleep_duration__0,2065,250.5,61.893605389679294,76.558548289428757,86.224075897536892,3.1466119105548715,0.93269297409101204,0.71152153073630586
45,sleep_duration__1,11968,1019,71.249999997818477,82.175329838132157,89.889422685570509,4.4086842824874388,1.0011207696086952,0.99690520419323037
45,sleep_duration__2,20667,1497.5,74.597479394908206,83.688544665307873,90.048866525053896,5.4162480015811223,1.0195558741023369,1.2247386009076935
45,sleep_duration__3,4660.5,452,62.889398605410555,76.548538488510772,85.833333331867067,3.3363300323655087,0.93257102727779717,0.75442117399587694
45,sleep_frailty__0,2914,466,66.356121449351562,79.749223294262819,87.015715548383383,3.8601544111653259,0.97156414166286964,0.87286994824427688
45,sleep_frailty__1,2704,432,72.591206401006431,83.215530617807147,89.239287064594251,4.9985059719114435,1.013793266417008,1.1302774926259775
45,church_frequency__0,2372,626,69.670685247730347,80.416666664918878,87.563505573939821,4.4943538916066927,0.97969543145772187,1.0162770788161049
45,church_frequency__1,1792,380,71.500506868487761,82.421319621683438,90.028123081620308,4.4485657881483123,1.0041175994590872,1.0059233325047352
45,church_frequency__2,1604,418,75.378556791852745,84.165298766100676,90.632566716284416,5.5175851584636018,1.0253640458886861,1.247653269457579
45,education_level__0,14014.5,2914.5,67.333333331639579,79.130830543217684,88.250000000290029,3.7831472766077803,0.96403042286835783,0.85545685892296319
45,education_level__1,25535.5,2412,74.499999996829715,84.29349990891977,91.166666665775111,5.0576099938436911,1.026925887222534,1.1436422752408406
46,all,56123.5,7036,71.583333331717256,82.178143178608082,89.916666667237635,4.4824441728438966,1,1
46,diet__0,26215,1822.5,71.583333332884152,82.166666668833201,89.981208400714991,4.4660954792819387,0.99986034595902296,0.99635272790211116
46,diet__1,11056,943,75.916666668933445,84.995635038938005,91.416666668707322,5.4835893574308372,1.0342851730563722,1.2233480543164827
46,number_of_friends__0,563.5,217.5,64.934857417410655,78.50697612329634,86.426174048576343,3.6529626113948388,0.95532672176185907,0.81494882491246035
46,number_of_friends__1,11805,4424,72.583333332401949,82.583333332631909,90.083333331415858,4.7190476192734465,1.0049306316540054,1.0527844714414896
46,income__0,7732,562.5,66.130922259951603,78.068832051236555,87.679122164787501,3.6229862538873219,0.94999508423498635,0.8082613222126781
46,income__1,7128,605,69.116742740608728,79.333333332513618,87.927321091451262,4.2174850689245416,0.96538240295948907,0.94088959199434907
46,income__2,7105,449,73.605914728982526,83.999999997816403,89.925120795844819,5.1473092289940761,1.0221696031175669,1.1483264555034836
46,income__3,7393.5,297.5,80.000000000701903,86.464037847153364,89.657150690966674,8.9533694378732704,1.0521537053864822,1.9974302172273983
46,alcohol__0,5083,436.5,66.59240900978547,77.107288199595487,88.752079351330238,3.4796225309830255,0.93829435926787164,0.77627794051819088
46,alcohol__1,10389,1272,77.663096381202607,86.317630202915339,92.253648707157438,5.9159946981147993,1.0503721167721007,1.3198144739773487
46,physical_activity__0,10997,1200.5,68.24999999853037,79.518416959734182,88.629655114598933,3.9018529266983037,0.96763462745692386,0.87047440553459576
46,physical_activity__1,23403,1014.5,75.055744863210805,86.022015800620451,90.783058844610579,5.46959359381749,1.0467748780068928,1.220225703412898
46,sleep_duration__0,2009.5,250,64.032557180253718,76.501847758691767,85.189852078290556,3.6158614854770628,0.93092694480113392,0.8066718393021215
46,sleep_duration__1,11820.5,875,72.497413332402942,82.723498909127571,91.105029128590203,4.4456796515584651,1.0066362625075891,0.99179810838288562
46,sleep_duration__2,20974.5,1389,75.33333333407775,84.477696883532531,91.083333333664612,5.3636632943332359,1.0279825464044197,1.1965934404332463
46,sleep_duration__3,4715,439.5,62.673238425280708,76.341662051290811,86.026016767614493,3.2690612197050264,0.92897769526585539,0.72930327599171485
46,sleep_frailty__0,2722,382,68.36416514137693,80.589725364756305,90.051439621308006,3.7159913957529449,0.98067104278081008,0.82901007853385622
46,sleep_frailty__1,2766,372,75.135983242694223,84.139658382926129,91.043438415207405,5.2893223630334516,1.0238690621185591,1.1800085308541901
46,church_frequency__0,1948,510,70.130250009880314,80.281333870856443,87.843858257901985,4.5321841121682587,0.97691832360304043,1.0110966110020294
46,church_frequency__1,1734,324,73.417131077903505,83.563843868579681,91.994380776788802,4.4981816589133654,1.0168621562422004,1.0035109162462774
46,church_frequency__2,1674,372,75.747001641407607,85.165916910262681,90.706830741637859,5.6929739196654232,1.0363572796377365,1.2700601948720989
46,education_level__0,14269,2892.5,68.208202906085546,79.666666664059932,88.750000001133699,3.8782715210084779,0.96943863152164877,0.8652135690845425
46,education_level__1,25702.5,2394.5,74.898628293002588,84.547680456440901,91.249999998394856,5.1706781534762136,1.0288341545109241,1.153539888974382
47,all,55623,7391,71.29035463101927,81.865987500665724,89.596906807090292,4.471950081767714,1,1
47,diet__0,25714.5,1907.5,71.612862183226909,82.063901371675243,89.877691579234778,4.4930012535245414,1.0024175347669007,1.0047073807560272
47,diet__1,11053.5,1061,74.873588831290846,84.789941550712172,90.902758659833552,5.2897275690303704,1.0357163474027926,1.1828682056619464
47,number_of_friends__0,590.5,255,63.439325894068034,75.833333330763793,85.039410933837317,3.5107886469494098,0.92631061623909594,0.78506883635911084
47,number_of_friends__1,12321,4787.5,72.122671788524798,82.083333336503202,89.730301678030003,4.6618047886971938,1.0026548978699574,1.0424545675729977
47,income__0,7465,584,66.047202050096573,78.041105311392585,86.902330463845729,3.7420582488450389,0.95327873875286684,0.83678444088665749
47,income__1,7028,656,67.464014343888209,79.083333335106332,86.908726949898295,4.0670867673643469,0.96600964270373257,0.90946604792079233
47,income__2,7239.5,502,73.800166486677938,83.397092804909263,,,1.0187025815114132,
47,income__3,7397,306,77.915755959092664,86.994351117093544,90.87876269421497,6.7109701394653136,1.0626433977405587,1.5006809147593478
47,alcohol__0,5028.5,463.5,64.674361003835799,75.326586170618754,85.844808371375223,3.5581008215309025,0.92012065657921982,0.79564859993348214
47,alcohol__1,10598,1369.5,77.333333331102736,86.117893029626131,91.651852609075533,6.0144412531613831,1.051937387659629,1.3449258473797496
47,physical_activity__0,10761.5,1254,68.499999999201094,78.964496274843043,87.55553777411113,4.1439132921671558,0.96455803790555772,0.92664569514360751
47,physical_activity__1,23142,1063.5,74.835016103287259,85.621622250373363,91.226437608609061,5.2235629608191454,1.0458753978833653,1.1680727345584159
47,sleep_duration__0,1942,242,63.242672890808116,78.637130673541662,84.657222109060868,3.672135699523158,0.96055923924330844,0.82114863367875568
47,sleep_duration__1,11762,993.5,71.348200666077702,82.499999998463835,90.0566466277769,4.4097730066602905,1.0077445165831898,0.98609620546505616
47,sleep_duration__2,20852.5,1505,74.485524918025177,84.573476774814836,90.747951055661389,5.2005448669855001,1.0330722117549378,1.1629255183746998
47,sleep_duration__3,4545.5,455.5,62.802552065056204,77.332071158169811,86.279585677344969,3.2939455825326793,0.94461782626809399,0.73657923776077072
47,sleep_frailty__0,2856,490,66.666666664986707,79.499999999297458,88.201957754073845,3.6916148321572275,0.97109926144421055,0.82550448118999831
47,sleep_frailty__1,2718,442,72.803130583224387,82.69381062677266,90.222932731700453,4.7471153760496039,1.0101119298915218,1.0615313877057233
47,church_frequency__0,2182,700,68.166666669418362,77.374854459093726,85.633230472436026,4.429884167928086,0.94514042792758746,0.99059338474927705
47,church_frequency__1,1814,366,72.462380175377561,83.246905311618903,91.118393734009487,4.4622022303956514,1.0168680285074672,0.99782022357275302
47,church_frequency__2,1756,450,75.269318173751827,85.101577987659567,90.716932355206325,5.5090434670376185,1.0395230129846968,1.2319107696434646
47,education_level__0,14189.5,2998,67.833333330293101,79.166666663434739,88.142620522101254,3.8980524484072978,0.96702756639674037,0.87166725413590473
47,education_level__1,25622,2498,74.666666666186671,84.333333333762425,90.405427449881955,5.3583210579786131,1.0301388391983501,1.1982068135833319
48,all,55675,7218,71.333333330514591,82.250000002149307,89.91666666340123,4.4260089688319129,1,1
48,diet__0,25507.5,1931.5,71.570712000220098,82.499999999735323,89.593356833859218,4.5775745325541646,1.0030395136483827,1.0342442965636944
48,diet__1,11502,1082,75.735079733403282,84.739530569025774,91.655201002286432,5.3227942889263264,1.0302678488366128,1.2026171493120783
48,number_of_friends__0,565.5,239.5,60.583333333694547,75.803975596587861,85.681930468819147,3.0202475137745002,0.92162888260920361,0.68238621635048036
48,number_of_friends__1,12021,4492,72.682452527404962,82.724199709992121,90.083333335934341,4.754023696860405,1.0057653459918592,1.0741107237555056
48,income__0,7371,546.5,66.509841381149727,78.648310335227123,87.812386991423935,3.6919677006721243,0.95621045997777432,0.83415278339268428
48,income__1,7087.5,663.5,67.390090746201736,79.145033232831722,87.244957930866306,3.9861779228602181,0.96224964414302194,0.90062581231330574
48,income__2,7068.5,493,72.928957784971956,83.490879737248136,,,1.015086683709014,
48,income__3,7534,270,80.416666665154011,88.408039169787955,90.781971667851934,8.5292269881857568,1.0748697771121913,1.9270695220567395
48,alcohol__0,4809,413.5,65.440597847503824,76.476723872408229,86.856956008449075,3.5709490520134626,0.92980819295331052,0.80681017077918105
48,alcohol__1,10651.5,1320,78.051091279818991,86.623729459106471,92.66666666922174,5.926809390064407,1.0531760420284848,1.3390866199777667
48,physical_activity__0,10751.5,1259,67.835653256029701,79.310950472327733,88.387239114886825,3.8591158374353416,0.96426687501830066,0.87191776261895315
48,physical_activity__1,23098,1046,75.850253253096696,85.75242683075686,91.022163344071572,5.6520521355954605,1.0425826970032344,1.2770087397918486
48,sleep_duration__0,1958.5,276,62.410315749262196,75.034937367561525,85.146720881087276,3.3002111341925398,0.91227887374590588,0.74564040819454391
48,sleep_duration__1,11714,971,71.539746333118273,83.11350746071885,90.695143417274807,4.3389080944431164,1.0104985709245833,0.98032067377129972
48,sleep_duration__2,20923,1556,75.060140125371802,84.295399312178048,91.043724122663605,5.2738734520656152,1.0248680767170248,1.1915641132235359
48,sleep_duration__3,4665.5,442,66.055641799102787,78.568521663856203,86.391130668937237,3.8636160736909702,0.95524038494593433,0.87293453332306137
48,sleep_frailty__0,2792,452,68.717573774988949,80.261274429472593,88.267982750373122,4.1053501505021801,0.97582096568237386,0.92755124976297565
48,sleep_frailty__1,2828,428,75.28092570496807,84.198128732893736,91.265185916294712,5.2675649432452252,1.0236854556923225,1.1901387865093755
48,church_frequency__0,2166,622,69.578988784412971,80.250000001625125,87.240113775673819,4.543878152798011,0.97568389057176996,1.0266310314317337
48,church_frequency__1,1810,404,72.623682056012555,83.008748333120224,90.960285686487111,4.5269423938009794,1.00922490371977,1.0228046137456663
48,church_frequency__2,1720,432,76.554110554226881,85.473939381530357,91.623639732849696,5.6719714576604785,1.0391968313592317,1.2815092553139116
48,education_level__0,13599.5,2902.5,67.997495119605887,79.460912655165032,88.416666669804741,3.8914856295622431,0.96609012344180678,0.87923130227846369
48,education_level__1,26046,2402.5,75.569492798397576,84.590215898113328,91.346078766034736,5.3617567242770399,1.0284524728985152,1.2114202122125577
49,all,56019,7456.5,70.999999998751122,81.916666668539392,89.25000000324313,4.4885844738836509,1,1
49,diet__0,26314,1898,71.230630868873888,82.096428198937247,89.258206132362758,4.5539362337433476,1.0021944439112156,1.0145595477237732
49,diet__1,10868,1052,74.083333336027366,84.000000000795026,90.103335433395969,5.2434450064518163,1.0254323499353979,1.1681734045466317
49,number_of_friends__0,548,222,55.364581925768675,76.190589296411943,85.809527370361877,2.5025694145214121,0.93009875029098832,0.55754089715417965
49,number_of_friends__1,12215,4725,72.083333330907962,82.416666666511574,89.593614739591075,4.7067585461900263,1.0061037639628982,1.0486064311757521
49,income__0,7849.5,617.5,66.166209125916779,77.637865759318885,86.801943132173321,3.7623021180530767,0.94776641819992646,0.83819345273407009
49,income__1,7272,659.5,67.473350137569042,78.911653430748359,87.378527163227687,3.9643783790029992,0.96331621683350155,0.88321349460376897
49,income__2,7319.5,459,74.666666668136983,83.916666669456447,90.03358231161701,5.4608659679251339,1.0244150559618066,1.2166120521288168
49,income__3,7347.5,319,79.67523129639693,86.607407550988995,90.969880611581743,7.6680032406629746,1.0572623505474144,1.7083343947915945
49,alcohol__0,5012,451,65.924095177171012,76.853461832155162,85.887818679330309,3.8496556929293582,0.93819078531513556,0.85765472730393477
49,alcohol__1,10389,1271,77.134267278038777,86.56338239896958,92.083333331595512,5.7905545462737527,1.0567249122725204,1.2900625085626605
49,physical_activity__0,11328,1316.5,67.416666664229595,79.166666663927515,87.273834198559769,3.9868055968737628,0.96642929801160926,0.8882099958395715
49,physical_activity__1,23126,1063,74.436119606458433,85.9933940886377,90.862883036608523,5.2349566275973327,1.0497667640285466,1.1662823008136236
49,sleep_duration__0,1945,241.5,66.413844089548448,76.599472500901499,86.042346507481426,3.9024613732588556,0.93509020344842719,0.86941916676959297
49,sleep_duration__1,11982.5,980.5,71.151340377663558,82.264467344399037,90.069051166769995,4.3485423929712557,1.0042457864803869,0.96880039091896009
49,sleep_duration__2,20834.5,1478,74.000000002217249,83.916666666845657,90.105265408687714,5.2105112551036399,1.0244150559299354,1.1608361801856337
49,sleep_duration__3,4817.5,476,63.757505182759758,76.703291952884712,85.833333333055819,3.4745374638122484,0.93635758231289323,0.77408311774646843
49,sleep_frailty__0,2886,462,66.847849769801257,79.198536968556425,88.171341400169794,3.7141448662077123,0.96681835564694818,0.82746462449755986
49,sleep_frailty__1,2638,426,72.767653623030412,82.906400848772975,89.553525534945067,4.9390583512034194,1.0120822076933178,1.100359897411044
49,church_frequency__0,2232,628,68.783460014025763,79.250000000567894,87.761595858116479,4.1758579794993,0.96744659204992223,0.93032848190695383
49,church_frequency__1,1746,340,72.124898140232219,83.996227637835432,91.337968626111135,4.371827381759223,1.0253862987090356,0.9739879926948537
49,church_frequency__2,1624,392,72.720414159968911,83.999999998945498,90.516176670786805,4.7202248258754071,1.0254323499128197,1.0516065484206727
49,education_level__0,14351,3048,67.222649374931407,79.511472389586743,88.250727375229459,3.7812049388660127,0.97063852355363989,0.84240476276352816
49,education_level__1,25377,2476,74.083333331907141,84.416666666997827,90.387046329172406,5.1777571575970223,1.0305188199194459,1.1535389804343104
50,all,55703,7329.5,71.354494125060995,82.424282015849428,89.637256743339989,4.5083056503420407,1,1
50,diet__0,25644,1858.5,71.750000001516511,82.666666667807718,89.842964790855547,4.5689950558306291,1.0029406947325508,1.0134616883138756
50,diet__1,11177.5,1091.5,74.65909090033567,84.398765621909774,90.083333333638194,5.4718256657898587,1.0239551204787041,1.2137210939490575
50,number_of_friends__0,599,261,66.83955875208872,77.076417065619552,86.518795207211184,3.9166365647055743,0.93511784610751558,0.86876021025957351
50,number_of_friends__1,12421,4741,72.49999999924718,82.780567199294111,89.916666664720367,4.7529512270794259,1.0043225755169596,1.0542655258342619
50,income__0,7412.5,550.5,64.859166664049368,78.921866870990783,87.442802123658325,3.4946484595955898,0.95750748372688088,0.77515783769684166
50,income__1,7048,704,66.159208866335007,78.750060299195397,86.558021851449638,3.8605217056826144,0.95542306676147315,0.85631321500788671
50,income__2,7060.5,460,73.310711948222135,83.999999997529684,90.231177940126869,4.9644022828755334,1.0191171575067801,1.1011680812943305
50,income__3,7331.5,306.5,77.94911263476051,86.820151865662893,90.520379458220404,6.906237301688904,1.0533322188838501,1.5318919872180661
50,alcohol__0,4940,439.5,66.061568668948127,76.803006606858389,86.178639486247064,3.8178026664207225,0.93180073551735498,0.84683758434414702
50,alcohol__1,10379,1357.5,77.638958983704001,86.249999999527773,91.583333334310296,6.1852900553962575,1.0464149385364703,1.3719766438034178
50,physical_activity__0,10711.5,1214.5,67.790045024495001,79.249999999605123,87.605066579238837,3.9994909811557684,0.96148850874267944,0.88713838221069397
50,physical_activity__1,23031.5,1086,74.765434725553661,85.533799965521766,90.521767424598252,5.428534773875918,1.0377257511211855,1.2041186190346389
50,sleep_duration__0,1896,239.5,66.031908164620191,78.764531675575711,85.560380030699534,4.0333177227445276,0.9555986385229297,0.89464158723100862
50,sleep_duration__1,11442,985.5,71.083333335981308,82.717859672746883,89.899966660101782,4.3959967890065306,1.0035617860382575,0.97508845450019799
50,sleep_duration__2,21143,1503,74.583333335342743,84.380588934006155,90.087916043987889,5.4422999005936923,1.0237345945916829,1.2071719006409405
50,sleep_duration__3,4581,450.5,62.807096551839692,76.733590330569115,85.933294890940289,3.318037370665972,0.93095855315808462,0.73598323361554596
50,sleep_frailty__0,2804,494,67.08451146701627,79.829470415040944,87.9892536734354,3.8187254177441159,0.96851884496476992,0.84704226241945091
50,sleep_frailty__1,2806,454,72.554733341928397,84.065764222688102,90.357643074785386,4.7220238424023808,1.0199150319140546,1.0474054353533295
50,church_frequency__0,2440,718,68.920379043842686,79.215475810723831,86.916666669304703,4.4017676011493583,0.96106964929935845,0.97636849462844222
50,church_frequency__1,1828,374,72.595887366444828,83.386302721846704,90.987809131246394,4.5338547971333423,1.0116715691355649,1.0056671283566063
50,church_frequency__2,1680,428,76.272272270892728,85.289392462388875,91.503062551375578,5.5998008567999937,1.0347605144560255,1.2421076322487457
50,education_level__0,14005,2909,67.639007587630687,79.33333333072656,88.022658387606313,3.8920080661321683,0.96249953764197171,0.86329729348250506
50,education_level__1,25760,2555.5,74.580056329839792,84.796541336070192,90.401929438810299,5.3594502213516808,1.0287810735162315,1.1887947794633367
51,all,55697,7313.5,71.333333330560777,82.166666665749972,89.833333330398759,4.4414414414307872,1,1
51,diet__0,26029,1880,71.583333330993241,82.467301986318446,89.611014353882169,4.5744819803286658,1.00365884771487,1.0299543606849897
51,diet__1,10997.5,1033.5,75.249999997850566,84.416666667915109,90.446788116370669,5.5549018654170581,1.0273833671666155,1.2506979859285448
51,number_of_friends__0,584,234,60.539132864124795,76.293950936095058,86.765922649203432,2.90900836744806,0.92852678625086693,0.65496942958926818
51,number_of_friends__1,12207,4691,72.416666665232981,82.494113589873052,89.916666666480126,4.7139493476568042,1.0039851552632058,1.0613557354790273
51,income__0,7267.5,575,64.863834668982165,77.898776971679723,86.97932190821146,3.5223631353461613,0.9480581375969428,0.79306756191554117
51,income__1,7052.5,662.5,67.289869345745984,78.83333333157843,87.436978156449157,3.9128856687217639,0.95943204867088772,0.88099454204697292
51,income__2,7283.5,457.5,74.977708571053213,83.819124986370483,89.939005165808368,5.6023971221688225,1.0201110546122387,1.2613916441424564
51,income__3,7615.5,314.5,79.103180830582843,86.182731013007981,,,1.0488770508799532,
51,alcohol__0,4947,447,65.858871821555908,75.78055747186508,85.527497333454775,3.8528649308016139,0.9222785899315683,0.86748074507100414
51,alcohol__1,10687.5,1296,78.000000002294485,86.333333330534686,92.056272868746802,6.1419790403033403,1.0507099391257346,1.3828796622217163
51,physical_activity__0,10965,1232.5,68.140924520617887,79.572485194975357,88.008830198054909,4.0050766541207112,0.96842781171435832,0.90175153875956471
51,physical_activity__1,23167,1082,74.516802751148717,85.429311178972227,90.579897014811635,5.3183595748563768,1.0397076411349937,1.1974399854167828
51,sleep_duration__0,1990.5,207.5,68.576170932391634,79.106446615755502,86.184145957741407,4.4926487288781294,0.96275594259600072,1.0115294298309707
51,sleep_duration__1,11558.5,940.5,71.389947870078927,82.891953111494743,90.36891425213112,4.3675694156813005,1.0088270155669721,0.9833675560685341
51,sleep_duration__2,21183,1546,73.747345942191544,83.999999997167407,90.40052441848033,5.0440821322349194,1.0223123732020838,1.1356858350495318
51,sleep_duration__3,4575,443,64.675222621110748,77.833333331229056,85.833333335157292,3.6786523325807492,0.9472616632709624,0.82825640754045171
51,sleep_frailty__0,2828,464,67.475081592250802,79.795151535564571,88.43330337080954,3.8073435990260789,0.97113774689397336,0.85723152026959137
51,sleep_frailty__1,2716,416,73.468320283250591,83.181073178884674,90.400665969509305,4.9125546288834334,1.0123457182127304,1.1060721375403026
51,church_frequency__0,2238,614,68.982677310071978,79.250000001575614,87.876376237916574,4.1945201045191256,0.96450304262628528,0.94440513509683532
51,church_frequency__1,1766,344,73.163153857331324,83.396954583633971,92.095088655279355,4.4050941160368398,1.0149730781082886,0.99181632227436545
51,church_frequency__2,1726,460,74.166666664413128,83.674765472128485,89.96307183531826,5.2970764276321693,1.0183541436883814,1.1926480394900227
51,education_level__0,14033.5,3010,67.601156701296546,79.664422022817206,88.250000000806182,3.8580573675383096,0.96954671834124928,0.86864983326121636
51,education_level__1,25978.5,2460,74.083333334013844,84.250000000442085,90.77518491432032,5.0473729409290122,1.0253549695908564,1.1364267676358302
52,all,56250,7377.5,71.331859721239226,82.166666665726581,89.749595859901021,4.4612793910781203,1,1
52,diet__0,26214,1875.5,71.288034536814095,82.485066772947974,89.241863495582066,4.5942883249238813,1.0038750520149091,1.029814078470799
52,diet__1,10907.5,1011.5,74.833333335018409,84.150372233264164,89.882711497039026,5.5916178945938357,1.0241424612684822,1.253366445907024
52,number_of_friends__0,645,273.5,60.763124301064806,75.833999763353276,86.467240061521494,2.9502668160254943,0.92292900321567028,0.66130510048879232
52,number_of_friends__1,12301,4704.5,72.583333330799718,82.666666668122474,89.852585313638741,4.7869280470440083,1.0060851927269974,1.0729944545990855
52,income__0,8019,606.5,65.715163551262975,77.881248845709479,86.363370966548459,3.7718164719740002,0.94784481354889083,0.84545623381424151
52,income__1,7289,660.5,67.772329797120747,78.854073848773709,87.083333332207815,4.0833752479771466,0.95968446875873303,0.91529242847764147
52,income__2,7327.5,509.5,72.732040066209805,83.333333334346662,89.934121105892089,4.8443751161333788,1.0141987829853967,1.0858712695334418
52,income__3,6996,280,79.712203257533361,86.521739560147395,,,1.0530029155513669,
52,alcohol__0,5067.5,436,66.832051933826378,78.028713889859901,86.083333330635767,4.0531698790082613,0.94963951996859197,0.90852186642109523
52,alcohol__1,10457.5,1335.5,76.94518641438512,86.623159509581029,91.884513697865273,5.7983306654891056,1.0542372354227842,1.2997013092443581
52,physical_activity__0,11296.5,1262,67.694228543793471,79.333333330331087,87.58333333361233,3.9887835158343301,0.96551724135381856,0.89408960214670485
52,physical_activity__1,23178.5,1098,74.307360739507303,84.729067890801701,89.982485044157812,5.4053203179807774,1.0311854104475184,1.2116076676996728
52,sleep_duration__0,2085,249.5,64.848295241581042,78.021265416164397,85.40373992983838,3.7956496003579736,0.94954886917310821,0.85079845210965599
52,sleep_duration__1,11675.5,965.5,71.083333336059951,82.666666664051263,89.383441039034608,4.5172776032686359,1.0060851926774492,1.0125520522885214
52,sleep_duration__2,20845,1442.5,74.58333333535235,84.166666664171814,90.083333335696139,5.4301075266003229,1.0243407707724315,1.2171637439833316
52,sleep_duration__3,4797.5,449,62.82210659876597,77.780788445267291,85.833333332239178,3.3801235086751684,0.94662217175850549,0.75765788518757671
52,sleep_frailty__0,2826,468,67.202992499125827,79.838681937234966,87.235520131387048,3.9854522306341118,0.97166752865900707,0.89334289141460399
52,sleep_frailty__1,2632,380,74.166666665129299,83.62370894704793,90.978257600544524,4.9741698610383498,1.017732766101477,1.1149648845095719
52,church_frequency__0,2212,614,68.746254916910488,79.267762823268384,87.491333734909958,4.2287239009714694,0.96471922301227553,0.94787246668035929
52,church_frequency__1,1750,344,74.749181714334867,82.704458926871652,91.181768450009471,5.0329543520572448,1.0065451390809479,1.1281414838358672
52,church_frequency__2,1564,396,73.926373003733715,83.999999997681158,89.797526705758116,5.2926209130573021,1.0223123732086274,1.1863459893683723
52,education_level__0,14510,3085.5,67.585050589410628,79.333333330421183,88.108983059397275,3.8654060788026361,0.96551724135491501,0.86643443280706867
52,education_level__1,25605,2402.5,74.750000000508095,84.575393279869445,90.808318057732237,5.2667653597645359,1.0293151312069422,1.1805504426145703
53,all,55280,7208.5,71.21275441738058,82.315284636444602,89.916666666832597,4.4009661475425421,1,1
53,diet__0,25690,1915,71.083333334016075,82.499999999255593,90.453580604206039,4.2591092848990009,1.0022439983488705,0.9677668816601207
53,diet__1,10944,1012.5,74.236260840692537,84.029846256528643,90.477494290321971,5.1738586553255841,1.0208292011338673,1.1756188259286242
53,number_of_friends__0,607,259,67.534146449441337,78.427830852423511,86.249999997100758,4.1904490571434074,0.95277360940692246,0.95216571013237961
53,number_of_friends__1,12035,4491,72.166666666990949,82.749999999606885,90.08333333579742,4.6186046505892451,1.0052811013784653,1.0494524374308651
53,income__0,7538,646.5,64.20130053639943,76.207903961509189,86.143806124225208,3.4730721000153757,0.9258050227013197,0.78916128494982996
53,income__1,7250.5,679,66.352067492653461,78.91666666398288,86.959357409887787,3.8295509492484574,0.95871218829562299,0.87016141930263258
53,income__2,7111.5,474.5,73.618299912738323,83.357559127337979,90.040427611608763,5.0759292983132474,1.0126619800380539,1.1533670399049987
53,income__3,7244.5,274.5,80.501072499761207,88.688494099313161,,,1.0774243749628833,
53,alcohol__0,4943,466.5,64.988277877010887,77.705840704799769,86.498753572611207,3.6124650056294878,0.94400257556050493,0.82083453599084244
53,alcohol__1,10328,1279,77.833333330712449,86.029401999858237,92.324670300419228,5.9366090361225634,1.0451206283233725,1.3489331290215694
53,physical_activity__0,11060.5,1322.5,67.1639180391835,78.666202578182876,86.739525188980096,4.0185830240775076,0.95566944736474713,0.91311382304575239
53,physical_activity__1,22705.5,1027,74.411238261733601,85.787963398478823,,,1.0421875326966519,
53,sleep_duration__0,1993,251.5,66.095837686907274,78.616846131868868,85.800622953281376,3.9897337153948715,0.95506984491506852,0.90655860137045163
53,sleep_duration__1,11535,967,71.007708221883419,82.58333333293875,90.176479649580457,4.308222550643686,1.0032563660282294,0.97892653708535271
53,sleep_duration__2,20704,1437.5,74.348950876132136,84.16666666439653,91.065974276163985,5.0347878716396472,1.0224913518325154,1.1440187683449974
53,sleep_duration__3,4694.5,478,61.594066422427503,76.635708095856216,85.94244855500088,3.1474661305455944,0.93100216362401078,0.71517617382790133
53,sleep_frailty__0,2796,448,65.958124329158267,80.298449084182479,88.851001532401867,3.5075734854684546,0.97549865057055052,0.79700078752640491
53,sleep_frailty__1,2776,434,71.902208673586657,82.253467723772658,89.819049604007631,4.590846569615664,0.99924902267003068,1.0431451676080601
53,church_frequency__0,2180,598,69.66666666698822,78.496334509590554,86.749999997200774,4.594907386766649,0.95360582006463435,1.0440678779891097
53,church_frequency__1,1774,320,74.083333334007804,84.264657636881608,91.725290830289197,4.7763779985663772,1.0236817865484722,1.0853021446741784
53,church_frequency__2,1640,412,74.735295571029738,84.742059030936787,90.863211545244141,5.2543713128481002,1.0294814554211933,1.1939131401367611
53,education_level__0,14183,2997,67.74999999703968,79.666666664235322,88.285470716802493,3.8794663025457776,0.96782349737467077,0.88150332733462056
53,education_level__1,25327.5,2388,74.604156807677185,84.33333333283143,91.249999998761865,5.0663299158074118,1.0245160872042147,1.1511858410082074
54,all,55586,6983.5,71.750000001599446,82.5833333338025,89.916666665277248,4.545871560406761,1,1
54,diet__0,25887.5,1733.5,71.91666666860732,83.329300656490773,90.671000951389672,4.4432022699409952,1.009032904008283,0.97741482813549196
54,diet__1,11146,951,75.923864097325506,84.999999999170427,91.446116721648522,5.4760093174863913,1.0292633703171044,1.204611534822247
54,number_of_friends__0,604.5,231,68.068483805552788,77.499999998769823,87.333333334705841,4.0228707668591364,0.93844601410691664,0.88495038045007435
54,number_of_friends__1,11931,4453.5,72.749999997127375,82.833333331776217,89.916666669985247,4.8252427166156595,1.0030272451823083,1.0614560161888738
54,income__0,7375,534,65.869608366108608,78.999865981023035,89.176272376653131,3.3895827367349312,0.95660786252965768,0.74563979463415242
54,income__1,6964.5,566.5,69.495187857459186,80.485756647000571,88.05782456922897,4.335901084352308,0.97460048411555988,0.95381073282333018
54,income__2,7249,441.5,74.436197961223129,83.999999997403094,90.311832004025163,5.2911272564567868,1.0171543894683255,1.1639412126248769
54,income__3,7623,299.5,80.373372139398228,88.166326989917707,90.796958651884523,8.4583484661737369,1.0676043631412733,1.8606659589425114
54,alcohol__0,5102.5,451,65.58344380595247,77.252960374684378,86.621950542475147,3.6719792588973941,0.93545461603526325,0.8077613302758665
54,alcohol__1,10532,1276,78.359835965945422,86.91726103072817,92.327304135754289,6.2228358048885788,1.0524794473893164,1.3688982898434034
54,physical_activity__0,10778.5,1128,68.380003535145946,80.518408598866799,89.186654754721189,3.8698398771212994,0.97499586597468457,0.85128667312699635
54,physical_activity__1,23428,970,76.666666664583559,86.181891458935567,91.2933450922514,5.8921027002216588,1.0435748713434425,1.2961436815637699
54,sleep_duration__0,1871.5,215.5,63.154920083502631,79.26280555832399,86.876057868161269,3.3414419779470386,0.95979179282995386,0.73504979926182712
54,sleep_duration__1,11718,891.5,71.557878476694725,83.327483949306938,90.597719131217701,4.3764801114295153,1.009010905535825,0.96273729982769496
54,sleep_duration__2,21006.5,1381.5,75.58333333142069,84.696075934188954,91.479106011695563,5.3282138363294944,1.0255831596412648,1.1720995117276762
54,sleep_duration__3,4724.5,405.5,63.145395710132632,77.892162606499141,88.206945904169331,3.1080344992000253,0.94319470360512569,0.68370486449069867
54,sleep_frailty__0,2806,420,68.579154657498165,80.60786758696608,89.742100205197815,3.808915323497013,0.97607912314641532,0.83788450088902078
54,sleep_frailty__1,2804,384,73.661399742441844,83.688709540117728,90.909222626172848,4.8521317794292198,1.0133849792893113,1.0673710673416068
54,church_frequency__0,2018,540,69.763830712395958,78.878457501357644,87.85441471020323,4.360194093840108,0.9551377295771083,0.95915470463709307
54,church_frequency__1,1782,332,72.311083845730138,83.411699176666048,92.052144919492321,4.2252895558652837,1.0100306661092897,0.92947842888178922
54,church_frequency__2,1724,386,77.4341623085555,85.665634034666056,90.695627058503604,6.4597414878323525,1.0373235200909712,1.4210127589382089
54,education_level__0,13801.5,2833,68.416666663955255,80.219001842700294,88.813581391870443,3.9328988189038552,0.97137035530467686,0.86515836768426924
54,education_level__1,25926,2340.5,74.795067307296392,84.7499270364235,91.1666666640768,5.1766431116165661,1.0262352416057561,1.1387570112415064
55,all,55861.5,7130.5,71.83333333102847,82.500000000428912,89.88805309340087,4.5694422891218762,1,1
55,diet__0,26158.5,1879.5,71.332054848768919,82.595235453129106,89.710841252050059,4.494052743242257,1.0011543691236326,0.98350136819561251
55,diet__1,10880,1002.5,74.83333333377206,84.400146037452132,91.670880560456254,5.0126152521606313,1.0230320731759193,1.0969862261076768
55,number_of_friends__0,629,239.5,71.619558159544141,79.131345044132928,87.626671542999134,4.9435112470636557,0.95916781871177614,1.0818631540291683
55,number_of_friends__1,12137,4478.5,72.677341150610516,83.081136215972023,90.095238712448122,4.7698716748685985,1.0070440753398799,1.043862986567063
55,income__0,7649.5,581.5,65.666666664230135,77.541515673086337,86.249999999994969,3.7671991415672741,0.93989715966888732,0.82443302775385929
55,income__1,7189.5,625.5,68.790731041144795,79.333333335741997,87.234411740018245,4.3013829306092743,0.96161616164035812,0.94133652608968266
55,income__2,7254.5,479,73.607285397765565,83.629798530749369,89.717922055420388,5.1909679491786829,1.0136945276401768,1.1360178377865555
55,income__3,7423.5,311,80.099301081455067,87.25249606737782,,,1.0576060129324145,
55,alcohol__0,4920.5,424,66.66666666368198,79.453969159886469,86.615293168688893,3.9829293079372801,0.9630784140542229,0.87164451500331608
55,alcohol__1,10384.5,1321,77.833333330039252,87.026672467461282,92.499253145481589,5.9339389252508665,1.0548687571758646,1.2986133864470384
55,physical_activity__0,10809.5,1228.5,68.226811065324398,79.250000002516174,87.387193690475073,4.1361386958154736,0.96060606063156551,0.90517363698017683
55,physical_activity__1,23203,1054.5,74.749999998428279,85.58333333366545,91.409412121674109,5.1372360981601588,1.0373737373723697,1.1242588861205198
55,sleep_duration__0,1843.5,221,63.605708856753864,77.700185639960111,85.391485302495227,3.5665557219627479,0.94182043199462007,0.78052320092834437
55,sleep_duration__1,11671.5,958.5,71.256550967351544,82.197445912766071,91.255777827160713,4.1100311771527345,0.99633267772531797,0.899460134760247
55,sleep_duration__2,21054,1455.5,74.814443520107119,84.097197466576674,91.289991204084302,5.1043643027638446,1.0193599692865389,1.1170650551633876
55,sleep_duration__3,4840.5,454,65.026764745702224,77.314479574566931,86.237855489710682,3.6450025370056047,0.93714520695957548,0.79769090107188467
55,sleep_frailty__0,2864,414,66.61180617950329,80.783851192917751,89.391661906934857,3.5462845840431556,0.97919819627270011,0.7760869619659112
55,sleep_frailty__1,2816,378,74.372410167745159,84.771861427287575,91.956098063816938,4.8210513021119832,1.0275377142648103,1.0550633965963623
55,church_frequency__0,2146,594,70.804008246716819,79.971595736407764,86.991663771685481,4.9402827736885992,0.96935267558778182,1.0811566184892092
55,church_frequency__1,1850,336,72.907603443796816,83.916495142221748,92.441850689231643,4.295865312231733,1.0171696380822481,0.94012902241014684
55,church_frequency__2,1684,350,76.418284959053878,85.999999997683986,93.477733808219043,5.0411945167790435,1.0424242423907499,1.103240657788858
55,education_level__0,14206,2980,68.416666664428305,80.220306029971255,88.583333330865784,3.9778664147545255,0.97236734581277817,0.8705365256990617
55,education_level__1,25449,2269.5,75.668950969367117,84.750000002156838,91.249999999548223,5.4393000007889549,1.02727272729353,1.1903640874812846
56,all,56238,7446.5,71.583333331520194,82.41666666500565,89.749999996977323,4.5366972479170435,1,1
56,diet__0,26124,1981.5,71.965338506158176,82.333333333920564,89.030362484768943,4.8246831318325034,0.99898887768145483,1.0634791938227053
56,diet__1,11049.5,1103,75.738376219791363,84.56370870674715,90.683720620137947,5.6581973918771729,1.0260510662299467,1.2472063006794314
56,number_of_friends__0,615,259.5,67.203679202430735,78.069293842724051,86.811901263849791,3.9814570437945225,0.94725129032514599,0.87761136047210309
56,number_of_friends__1,12413,4732.5,72.916666669355337,82.916666667655733,89.9868158782661,4.8574072583016745,1.0060667341071001,1.0706923986457064
56,income__0,7347.5,586.5,66.602896335765863,77.874927885559387,87.113718375270381,3.796772637175132,0.94489295717446553,0.8369023608349363
56,income__1,6997,667.5,67.579326724274864,79.250000000918689,87.000000002811291,4.0807030149930572,0.96157735088998042,0.89948762105883318
56,income__2,7411.5,490.5,75.255052045107789,83.918486879050405,89.931420125261184,5.7179328305707973,1.0182222877339739,1.2603734651229153
56,income__3,7647.5,299,79.249999997565226,88.02576333086985,90.66593105881303,7.7107826649093578,1.0680577957449211,1.6996467349567239
56,alcohol__0,5180.5,421.5,66.000000000524025,77.666666663839251,88.538821412543328,3.4459062984731696,0.94236602627386701,0.75956276343000539
56,alcohol__1,10609,1325,78.069041044628378,86.250000001170903,92.361297249559911,6.0347364869802993,1.0465116279422753,1.3302048069773793
56,physical_activity__0,11096.5,1257.5,68.591048806933131,79.509495909362329,87.489431474046398,4.2072116598487428,0.96472593623010827,0.92737324752724482
56,physical_activity__1,23022.5,1085.5,75.833333333314926,85.499999997476635,90.561921956606,5.8050368697426373,1.0374115267850328,1.2795733443328035
56,sleep_duration__0,1880,219.5,64.550580884915661,79.327163884651213,86.068729828047481,3.6865235989534741,0.96251361641557087,0.81260075281551714
56,sleep_duration__1,11822,1037,71.407076112680926,81.914754727109411,89.399573991462944,4.5527172090823971,0.99391006748748612,1.0035311946753134
56,sleep_duration__2,21069,1581,75.333333335166444,84.486036490000998,90.221086879768421,5.6748680206782485,1.0251086328619259,1.2508809185545231
56,sleep_duration__3,4674.5,456,65.499999997706254,77.465660000211102,86.244801690194208,3.7342203193131867,0.93992711832281906,0.82311428672647213
56,sleep_frailty__0,2906,494,66.498293749422643,79.499999997857756,88.165834311275518,3.6690827817266309,0.96461071789031338,0.80875636640977866
56,sleep_frailty__1,2766,436,74.1666666654978,83.620606441542975,89.783075522665229,5.3546629834274482,1.0146079649330022,1.1802998284458945
56,church_frequency__0,2284,676,68.710561383716069,79.249999997695255,86.366074665187298,4.4886828683063564,0.96157735085086893,0.98941644615303959
56,church_frequency__1,1782,400,71.841787712285026,82.289298046708211,90.129517971893222,4.4996999014393388,0.99845457692659245,0.99184487206090477
56,church_frequency__2,1766,456,76.548427770729589,85.182296065481438,91.375842991845076,5.7449187734470861,1.0335566762450741,1.2663218327131658
56,education_level__0,14727.5,3113.5,68.000000002818467,80.166666665647071,88.601072877489756,3.8913830921986006,0.97269969667052869,0.85775683929212398
56,education_level__1,25367.5,2390,74.833333330032474,84.742117469680167,90.46967948585295,5.4195600829760187,1.0282157832726557,1.1946047502870791
57,all,56113,7401.5,71.24999999970278,82.333333333219372,89.583333332896544,4.4909090909370635,1,1
57,diet__0,25780.5,1878,71.720201106591773,82.416666667728592,89.106898819880485,4.7402139283032021,1.0010121457632712,1.0555132228949482
57,diet__1,11163.5,1061,75.106605070629271,84.7105964706317,91.144578790296251,5.2818764983230482,1.0288736413451289,1.1761263457731101
57,number_of_friends__0,567.5,233.5,69.099642258348226,78.742499774610565,87.731015437084821,4.2263390368068476,0.95638663693991366,0.94108763976894239
57,number_of_friends__1,12351,4728,72.250000001236771,82.703508755937747,89.750000003068465,4.7259147855589321,1.0044960577658164,1.0523292032555558
57,income__0,7393,577.5,66.137045713929169,78.764167560751986,87.098000698001258,3.757661214415263,0.95664980843151026,0.83672618134231647
57,income__1,6984,618,68.6668916652756,79.119748692571889,87.669193819293994,4.163692801603017,0.96096860760341785,0.92713807322566621
57,income__2,7158.5,491,73.413928473821812,82.97890119781205,89.747712092728378,5.080200836122434,1.0078409052379786,1.1312188096558442
57,income__3,7360.5,295.5,80.402640248094713,86.730153408867253,90.311334522045655,8.7529346461796642,1.0534026729836514,1.9490340305136962
57,alcohol__0,4853,398,66.666666663689043,79.390096213344151,86.807733319617611,3.9417026699514692,0.96425218073021102,0.87770707225093303
57,alcohol__1,10434.5,1324,77.723170729844398,86.704394755873466,91.938023166306976,6.0995634772449447,1.0530898148501233,1.35820239371005
57,physical_activity__0,10801.5,1223.5,68.817192358105046,79.427678586888661,88.847897913764854,3.9652960983416707,0.96470864680565105,0.88296066966572251
57,physical_activity__1,22980,1057,75.80738624438294,85.583333331857446,90.092687863969104,5.99100639320885,1.0394736841940393,1.3340297636616776
57,sleep_duration__0,1894.5,239,64.148778691798341,78.967172942285998,85.692178888468931,3.6654925509154275,0.95911546083880928,0.81620279473316915
57,sleep_duration__1,11744.5,986.5,71.459767309442043,82.313300534987263,89.289443407264827,4.6166458708152698,0.99975668666114814,1.0279980683937582
57,sleep_duration__2,20911,1487,75.235830104914768,84.416666667982966,90.250000001425519,5.6224664600073,1.025303643742103,1.2519662157833011
57,sleep_duration__3,4736.5,462,65.988532189545623,77.421598632500334,85.945599966950525,3.8794075109649087,0.94034330323005055,0.86383568057385007
57,sleep_frailty__0,2916,434,68.323429750231881,81.311082784096357,88.249999998836131,4.0805357755829439,0.98758400142763847,0.9086213265411498
57,sleep_frailty__1,2824,456,74.327851923379782,84.119110618641017,90.640957383804192,5.1565356959601569,1.0216896026569731,1.1482164505102919
57,church_frequency__0,2304,674,70.500000003305558,79.916666665649089,86.916666669427187,4.8680203046681632,0.97064777326833651,1.0839721326116651
57,church_frequency__1,1830,384,72.103694968363271,83.867258905589864,90.375648721797859,4.5899447884616773,1.0186306749680885,1.0220524832543314
57,church_frequency__2,1656,380,76.583333331033984,85.472172843001417,93.529297719965598,5.043806943134391,1.038123556799025,1.1231149063589621
57,education_level__0,14340.5,3097,67.916666669488947,79.90585412251194,88.25000000154958,3.9297961046318064,0.97051644683347216,0.8750558127668141
57,education_level__1,25550,2456,74.503307719086607,84.774030484361504,90.911517465474404,5.166561848895439,1.0296440949531844,1.1504489946861505
58,all,55612.5,7227.5,70.916666667724499,82.250000000573451,90.083333333706989,4.2913043480091897,1,1
58,diet__0,25545,1805,70.749999996769716,82.382953699172219,90.207721846938057,4.2339465192046353,1.0016164583416152,0.98663394060335907
58,diet__1,10747.5,965,73.80052216035017,84.333333335435668,91.302473322250009,4.818510379518238,1.0253292806668413,1.1228544956858231
58,number_of_friends__0,569.5,255.5,64.316773369097277,76.97289100558416,85.89881811788112,3.5665244837341747,0.93584062012215807,0.83110499617412292
58,number_of_friends__1,12039,4552,71.91666666869618,82.653016203400597,90.250000000707573,4.5083463386923839,1.0048998930434569,1.0505771609473198
58,income__0,7252,569.5,65.321987120277484,77.7444691763761,87.089437288519918,3.571592840478909,0.94522150973658436,0.83228607221387896
58,income__1,6975.5,669.5,65.519384028517791,77.002307305241047,86.833333334652707,3.6127658088722692,0.93619826510278648,0.84188058359186146
58,income__2,7014.5,409.5,73.641986818784446,84.426366755057273,90.427627555451096,5.029677930055767,1.0264603860725672,1.1720627394766632
58,income__3,7460,297,79.139665157482639,86.438860076614148,,,1.0509283899819026,
58,alcohol__0,4863,414.5,66.714559083357869,78.642273858216555,85.251212405810719,4.2425281678521607,0.95613706817833743,0.98863371688385204
58,alcohol__1,10397.5,1341,77.027030566309662,86.002845306691498,91.916666666329363,5.7760206313287741,1.0456272985543087,1.345982517881392
58,physical_activity__0,10799.5,1257.5,66.70794410864869,78.706958687426663,87.197895885099726,3.8412466532929588,0.95692350987085606,0.89512333355591045
58,physical_activity__1,22713.5,1001,74.40802390848819,86.156781791890324,,,1.0474988667633998,
58,sleep_duration__0,2110,259.5,67.023032647534649,78.559523471436933,86.01132046975944,4.1372620958213595,0.95513098444850109,0.96410362917761983
58,sleep_duration__1,11604,911.5,70.575321494944859,82.812358542508676,93.0983077237874,3.6767930194114591,1.0068371859201375,0.8568008048921506
58,sleep_duration__2,20412.5,1398.5,73.66666666589056,83.919398634416353,90.500119300215573,4.9852754783826523,1.0202966399250002,1.1617156636059636
58,sleep_duration__3,4545,433.5,65.092938733045756,77.333333331427042,85.833333335560383,3.7286336549281911,0.94022289763997413,0.86888119614680059
58,sleep_frailty__0,2826,426,65.083333335639551,80.570985621788623,88.653956088881429,3.4182798844679221,0.97958645132190736,0.79655964882885111
58,sleep_frailty__1,2668,436,72.001607825653011,81.92523727965181,90.393924969830564,4.4543184329325705,0.99605151707088901,1.0379870714597546
58,church_frequency__0,2050,594,69.300857631648057,78.506137053035459,86.170910317036615,4.6535798386113498,0.95448190945274303,1.0844208336726864
58,church_frequency__1,1712,302,72.552014784618606,84.639323086838502,91.321422268461589,4.5094296748417566,1.0290495208054515,1.0508296101006582
58,church_frequency__2,1632,398,72.49942445865581,83.836744130617902,92.133950303978736,4.2698634431545681,1.0192917219456947,0.99500363919315848
58,education_level__0,13862,2914,67.407311112939098,79.749999997614026,88.499999999328168,3.7809309390172636,0.96960486318611561,0.88106799993603413
58,education_level__1,25884.5,2507.5,74.250000001599076,84.650905868275373,91.249999999501455,4.9794650516894361,1.0291903448958686,1.1603616634647449
59,all,55654,7214.5,71.157823100601803,82.083333332285761,89.750000001139981,4.4149393463392519,1,1
59,diet__0,25795.5,1837,70.666666665745126,81.999999997956522,90.064173532231564,4.2273473886291022,0.99898477156145826,0.95750973161937192
59,diet__1,11058.5,998.5,74.666666663422063,84.004263610547071,90.916619696285295,5.1695080866178706,1.0234021962836852,1.1709125949610806
59,number_of_friends__0,592.5,229,66.703291459892,77.359762097508096,86.981881290951193,3.81484919523457,0.94245395449943614,0.86407737365582149
59,number_of_friends__1,11911,4537.5,72.583333333895823,82.666666665109361,89.999999999521791,4.746411483447786,1.0071065989786523,1.0750796582026392
59,income__0,7520,619.5,62.807086625195417,77.500000001034692,86.077394437646063,3.3304243599033425,0.94416243657287846,0.75435336674893172
59,income__1,7142,678.5,65.81746614031772,78.416666665258731,86.874789810470006,3.7239616911246167,0.95532994923361836,0.84349101969258644
59,income__2,7041,468,72.381203768823696,83.29540419039752,89.791430710804832,4.7842802088666634,1.0147663454797227,1.0836570637903913
59,income__3,7381.5,281,79.805770872998082,87.270372404066137,,,1.0631923541747805,
59,alcohol__0,4813.5,457.5,64.865199513775494,76.893628790057875,86.198588628066588,3.6043794250463161,0.93677517308880265,0.81640519660478916
59,alcohol__1,10657,1364.5,77.747219123458279,86.833333334711881,92.000000000592877,6.0923783283595245,1.0578680203348638,1.3799460990129251
59,physical_activity__0,10731,1281,66.745287295190238,78.517996632813663,86.68682376134322,3.9374095755401415,0.95656442599572467,0.89183775056953718
59,physical_activity__1,23293.5,1068,74.20055239510279,85.749999997605627,91.033480832321914,5.0941819373511175,1.0446700507455837,1.1538509451041665
59,sleep_duration__0,1947,223.5,64.105370809188301,78.812411771330602,86.217395220921915,3.5642332110265427,0.96015120940917476,0.80731193147237879
59,sleep_duration__1,11543.5,926,71.166666668581158,82.525483306455541,91.645851604906255,4.02972498969309,1.0053865986701573,0.91274753140933385
59,sleep_duration__2,20952,1419.5,74.03790409488721,83.999999997104013,90.875579949273117,4.988812038166393,1.0233502537848858,1.1299842753905511
59,sleep_duration__3,4722,478.5,61.893723975993169,74.939554730725803,85.447741050789844,3.1816039910624334,0.91296919470069693,0.72064500584827584
59,sleep_frailty__0,2744,404,66.512993651286564,79.912712410800324,89.118768481618147,3.5350574360130507,0.97355588725060138,0.80070351112393523
59,sleep_frailty__1,2768,402,74.083333334569446,83.0275979754377,91.388135115080672,4.7979514026530996,1.0115037316933684,1.0867536394653827
59,church_frequency__0,1982,530,69.976634113400507,79.749999999480877,87.750000000291621,4.4870510463243836,0.97157360406698889,1.0163335652719498
59,church_frequency__1,1776,342,72.32953262291052,83.697963249680186,91.91890877640536,4.2726201484853341,1.0196706182832287,0.96776417823906802
59,church_frequency__2,1614,372,74.166666664509108,84.511466870251311,90.453565522240467,5.188923171223224,1.0295813222903132,1.1753101830324664
59,education_level__0,13927,2918.5,67.249999998326729,79.333333331838759,88.408919780123952,3.7494037573736785,0.96649746192306074,0.84925374127338404
59,education_level__1,25935.5,2461,74.416666663474217,84.583333331139102,91.005700049587958,5.0987499610400242,1.0304568527782973,1.1548856192707992
60,all,55955.5,7452,71.166666663539871,82.166666669013054,89.750000001879499,4.4215246626122475,1,1
60,diet__0,26007.5,1963,71.583333332998166,82.366366159746377,89.956182754424518,4.4830480166941884,1.0024304197654477,1.0139145111192465
60,diet__1,11071.5,1102,74.583333331745109,84.416666669153727,91.006748183281729,5.1400191392751351,1.0273833671408894,1.1624992579456515
60,number_of_friends__0,591,241.5,66.382121244531504,77.628954302550824,86.839891507921649,3.7945950757629925,0.94477429168763505,0.85820963701718589
60,number_of_friends__1,12429,4730.5,71.999999998190987,82.666666664539605,89.916666666577768,4.613953487810404,1.0060851926431513,1.0435209209224379
60,income__0,7280,564.5,66.023669225009229,77.772978390864495,86.059135536439214,3.8817653246481205,0.94652712034860331,0.87792461217546713
60,income__1,7109,677,66.550810090156375,78.394493563571473,86.912440818305043,3.8501087958144744,0.95409119952940535,0.87076497127120411
60,income__2,7171.5,461,73.296631246274117,83.735489384977626,,,1.0190931770700176,
60,income__3,7623.5,311.5,79.691562324831736,87.253403985429216,,,1.0619075535448792,
60,alcohol__0,4827.5,382,67.119239586180043,78.148179630394537,85.151418067461648,4.3338179971719253,0.95109346403443695,0.98016370547880083
60,alcohol__1,10727,1408.5,77.176925172735451,85.999999999199702,91.999999997089105,5.8017652220108555,1.0466531439765985,1.3121639399797351
60,physical_activity__0,10822.5,1302.5,67.583333330842962,78.91666666527793,87.1881469814859,4.0253719352588622,0.9604462474201747,0.91040359206786892
60,physical_activity__1,23126,1034,75.17430779050801,86.000000001328431,,,1.046653144002506,
60,sleep_duration__0,2077.5,283,66.022237932270002,76.955898591235581,84.957583281222043,4.0641402188893609,0.93658294428849487,0.91917167244482967
60,sleep_duration__1,11849.5,979.5,71.632225620605368,82.999999997409148,91.950571942920561,4.0849781119368007,1.0101419877692368,0.92388450221227214
60,sleep_duration__2,20861,1582,73.583333330032431,83.999999999811806,90.749999997084885,4.893203883374218,1.0223123731936681,1.1066779576625274
60,sleep_duration__3,4655.5,468,65.600746379403475,78.282577491325569,86.083333330788463,3.8219087109029588,0.95272913779825674,0.86438706159901091
60,sleep_frailty__0,2844,460,68.216082327319342,80.194948944420105,88.78163353970038,3.8994796743469,0.97600343540117673,0.88193100161134863
60,sleep_frailty__1,2840,464,72.539552685655508,82.91341305132002,90.273114974667607,4.675508039503943,1.0090881912651397,1.0574424878909623
60,church_frequency__0,2278,676,68.83333333603747,78.935077763124994,86.653306553980613,4.4295845340353441,0.96067031757652199,1.0018228715291921
60,church_frequency__1,1906,408,71.73261538247985,83.205386798403453,91.460941477773858,4.2175593811910508,1.0126416242924228,0.95386992112790936
60,church_frequency__2,1736,448,73.614407912599276,84.737888195055447,91.343415051205199,4.7796183696341279,1.0312927569083445,1.0809887390315533
60,education_level__0,13768.5,2972.5,67.249999998909473,79.166666666054653,88.166666663474757,3.7848605581199086,0.96348884377842514,0.85600801690062356
60,education_level__1,26081.5,2514.5,74.500000002625384,84.416666669943965,91.14575555285144,5.0713628717680859,1.027383367150507,1.1469715219844352
61,all,55471,7258.5,71.250000000676735,82.25000000275071,89.750000000258595,4.4459459461951214,1,1
61,diet__0,26048,1901.5,71.333333331726735,82.047264887747701,89.383721636608101,4.5454570562096803,0.99753513537998506,1.0223824381175217
61,diet__1,10725,989,74.334438564458523,83.749999998737565,90.638948063328783,5.1366157322635555,1.0182370820174673,1.155348219350151
61,number_of_friends__0,611,233.5,61.13188531654211,78.718164281403148,86.773845889568094,3.0698964713412198,0.9570597480701587,0.69049343120522266
61,number_of_friends__1,11861,4494.5,72.833333332633515,83.083129540624157,90.001815021317555,4.8392822992254043,1.0101292345026818,1.0884707906462299
61,income__0,8186,647,65.81238204627266,77.885072542489709,87.567662312992638,3.5800537427060397,0.94693097312930063,0.80524005150577238
61,income__1,7077,681,67.058929846795337,78.416666664976219,86.749999997962661,3.982346620217974,0.95339412355445241,0.89572537957329423
61,income__2,7110,515,72.787828641431858,83.008027969685088,89.988843133039211,4.825763504250637,1.0092161454943347,1.0854300890411335
61,income__3,6897.5,277,79.684772643484493,87.939931153130672,90.737460138787497,7.9564297091093898,1.06917849422723,1.7895920925261295
61,alcohol__0,4992.5,468.5,63.583333335431767,77.253367223566443,86.20548063543994,3.4149440457201221,0.93925066530070322,0.76810291601558056
61,alcohol__1,10405,1270,77.679491520321889,86.833333334792513,92.360749324027822,5.914570433663628,1.055724417408979,1.3303289120564699
61,physical_activity__0,11200.5,1353,67.999226129149491,78.66666666656954,86.730012729109404,4.1998592128927408,0.95643363725153396,0.94464918460986158
61,physical_activity__1,22947.5,1042,74.896410477506109,85.999999999081552,90.90173938104104,5.3732104174433823,1.0455927051210387,1.208564045193087
61,sleep_duration__0,1935,231,62.954335329249574,76.827616454681873,86.203560338709664,3.3045237604015094,0.93407436415942258,0.74326674241947299
61,sleep_duration__1,11738.5,1002.5,70.651043736393646,81.437098892072711,89.371253438077972,4.3502236454512326,0.99011670382187467,0.97846975606489128
61,sleep_duration__2,20687,1442,74.583333333676535,83.671388871415132,90.870166094072232,5.137364035251645,1.0172813236306004,1.1555165306605324
61,sleep_duration__3,4769,448,62.67545401340017,76.710002633742207,87.123125346190321,3.1377222635865456,0.93264440888968725,0.705749080523985
61,sleep_frailty__0,2826,456,67.822916100837944,79.992749318592359,88.203591221647244,3.9249312814430413,0.97255622268592268,0.88281129121734625
61,sleep_frailty__1,2620,386,72.590338976861986,82.333333334771737,89.527111956280407,4.8612172717213165,1.0010131712099481,1.0934044926663105
61,church_frequency__0,2044,608,68.583333331483161,76.721390563523016,87.055021341764729,4.1534585534802746,0.93278286396300547,0.93421256212861514
61,church_frequency__1,1684,302,72.568272388841251,84.087937484437916,91.581054075370488,4.4227056761512777,1.0223457444574557,0.994772705218395
61,church_frequency__2,1620,404,75.343937746952747,83.86247639843009,90.000000000309967,5.7220333094054618,1.0196045762386072,1.2870226895813763
61,education_level__0,14563,2970.5,68.099252595017703,80.249999999589903,88.599229559114804,3.9146385452108934,0.97568389053989157,0.8804962076880567
61,education_level__1,25103.5,2477.5,74.006523994023624,84.166666665330411,90.666666669901105,5.0519775432173724,1.0233029381460863,1.1363110582891585
62,all,55587.5,7202,71.555358738063575,82.395895535419228,90.000000002459899,4.4671996789912072,1,1
62,diet__0,25872.5,1911.5,71.563041994162631,82.584840605208953,90.469304483933513,4.3681209149556119,1.0022931369161283,0.97782083382089391
62,diet__1,11096,1023.5,75.916666663649721,84.699696837836456,91.030158092909431,5.6042442101669439,1.0279601464059203,1.2545318349038981
62,number_of_friends__0,620,253,61.602066801944495,76.499999999771404,86.862014608035068,3.0285098206468204,0.92844430541915313,0.67794368693425522
62,number_of_friends__1,12101,4534,72.41666666976046,82.583333331486202,90.083333336553395,4.6745283017488282,1.0022748438480944,1.0464113175268763
62,income__0,7536.5,592.5,65.181963277544526,77.628772196051571,87.120908554847361,3.5384003749880915,0.9421436795074527,0.79208466808162481
62,income__1,7021,658,67.178003056339278,78.833333331531051,88.936524296972152,3.6231016096955164,0.95676286809266187,0.81104536847425923
62,income__2,7157,473,74.301244640157648,83.999999999774928,90.613397525064059,5.1495348647387855,1.0194682569311495,1.1527433817110375
62,income__3,7527,325.5,79.791320927636789,86.659391457571857,90.308668746825077,8.2396620276707839,1.0517440328119245,1.8444803500548876
62,alcohol__0,4863,410.5,66.666666666473802,78.368058759319339,86.481007768025478,3.9551180812761055,0.951116050745896,0.88536854528277076
62,alcohol__1,10348,1261,77.499999997578669,86.859767386095328,92.415471836822277,5.8234676262511149,1.0541759006522022,1.3036058481196398
62,physical_activity__0,10895.5,1260.5,68.416666666617473,79.250000001377799,88.578462270057756,3.9307014891002603,0.96181975432636546,0.87990279628330825
62,physical_activity__1,23167,1079.5,75.09325756327766,85.687944176474062,91.312982385692905,5.2829468511115252,1.0399540367837825,1.1826081730701887
62,sleep_duration__0,1987,247.5,63.68849024980662,77.727106171775262,85.162064063822584,3.6196632588955544,0.94333711244588625,0.8102756802921679
62,sleep_duration__1,11629.5,974.5,71.398942463393979,81.901224995353488,90.777141717490352,4.2264621145352459,0.99399641769955516,0.94610996110424028
62,sleep_duration__2,20969.5,1498,74.655736912660814,84.500000000423341,91.083333334507245,5.1437835353716155,1.0255365203731492,1.1514559242924185
62,sleep_duration__3,4682.5,434,67.32817354203371,79.688605957276707,87.124462388114267,4.0254315633030462,0.96714290729471164,0.90110849135180771
62,sleep_frailty__0,2838,448,68.373874979536012,80.64962525650472,88.65462352433066,3.9766591986667392,0.9788063438407093,0.89019060808241224
62,sleep_frailty__1,2734,392,75.466016281210017,84.164395291712694,91.875491876873795,5.1290118810349572,1.0214634448087678,1.1481492320919047
62,church_frequency__0,2146,630,69.619897788689599,79.226407507388743,86.949153104633027,4.5718298947617271,0.96153342338917802,1.0234218802133661
62,church_frequency__1,1818,338,74.711678010971795,84.126401542279197,91.541474550040164,4.9986582634549253,1.0210023326479423,1.1189690684665641
62,church_frequency__2,1678,410,75.26600628129782,84.568429349264846,90.439590207301023,5.5733984641781715,1.0263670150039417,1.2476268948507734
62,education_level__0,13985.5,2949,67.985956086297705,79.454956581694802,88.58333333398086,3.8575278602828957,0.96430721537020958,0.8635225952456218
62,education_level__1,25481.5,2324.5,75.333333334549749,84.50000000044848,91.659630634162895,5.1756989628291725,1.0255365203734543,1.1586003166972738
63,all,54943.5,7267.5,71.333333332537791,82.484405608176289,89.87787269370547,4.4479080338279458,1,1
63,diet__0,25352,1928,71.333333334328557,82.499999998518092,90.064760839882837,4.404362666649674,1.000189058649654,0.99020992186729273
63,diet__1,10969.5,1010.5,74.666666665759422,84.162648197240401,91.567309532668943,4.9798489240918746,1.0203461803075387,1.1195935001844297
63,number_of_friends__0,548.5,229,61.840681127372285,76.69203223429939,85.44068511561953,3.2496618336374801,0.92977613973006878,0.73060454688420473
63,number_of_friends__1,12053,4573.5,72.658921759956186,83.056973454853278,90.083333334693819,4.76670176772405,1.0069415284314085,1.0716727350187016
63,income__0,7519,647.5,64.295126893278507,77.333333330790538,86.373098737389668,3.5027372023493903,0.93755095597275961,0.78750216409822549
63,income__1,6980.5,659,66.310273166371402,78.688746114257711,87.416666664226014,3.7281947824130226,0.95398330792430019,0.83819061771483494
63,income__2,7127,460.5,75.533232033137907,83.666666667092287,89.988348945777915,5.7880311292350406,1.0143331463711101,1.3012928966190342
63,income__3,7257,269.5,80.031499152066928,87.194870384078072,,,1.0571073373344992,
63,alcohol__0,4777.5,446,64.637625487335185,76.613307129299471,85.198112634337491,3.7262398785366133,0.92882171562505822,0.83775110685679977
63,alcohol__1,10253,1230.5,78.853058788642628,86.959640398242641,92.382905623759086,6.4272449982612185,1.0542555257211279,1.4450040219761067
63,physical_activity__0,10828,1308,67.10489066457265,78.499999997024432,87.231924816797033,3.9002268989715425,0.9516950436658429,0.87686770259387325
63,physical_activity__1,22618,1052,74.640742199712832,85.637400330988086,90.323070943798328,5.4607578841430522,1.0382253433187043,1.2277137572566739
63,sleep_duration__0,1932.5,244,64.837778710902271,76.640006424289368,86.363922991790176,3.5603220634516783,0.92914540462776163,0.80044866853679175
63,sleep_duration__1,11455,991,70.086780423831399,82.499999998524885,90.076366712236108,4.1271489468684193,1.0001890586497364,0.92788540488696303
63,sleep_duration__2,20647.5,1519,74.333333334384747,83.666666669977417,91.111298162823104,4.9866993717953134,1.0143331464060878,1.12113365066671
63,sleep_duration__3,4536.5,422,64.604301771555143,78.289378808638261,86.79683053305655,3.5277358272235801,0.94914157690041967,0.79312247474405406
63,sleep_frailty__0,2768,456,66.116198885166156,80.249999997178008,88.915626125473935,3.5198252636496794,0.97291117521519976,0.79134398393135341
63,sleep_frailty__1,2684,416,72.643110598506993,82.666666664456542,90.544725567967248,4.6178329053263623,1.0022096425977298,1.038203323946016
63,church_frequency__0,2006,588,68.249999999604995,77.821261526744465,86.682123112946982,4.222045450120393,0.94346635528195422,0.94922049152325405
63,church_frequency__1,1668,342,73.452317908395443,82.998892577759904,90.972278804428512,4.7373902870155833,1.0062373847006618,1.0650827874555904
63,church_frequency__2,1736,458,75.288334927615736,84.663042344163401,90.685079886270529,5.4987624053987298,1.0264127106199472,1.2362581158555117
63,education_level__0,13354.5,2941.5,67.249999998311395,79.41168967457368,88.250000000553385,3.7815090317188371,0.96274791688263039,0.8501769827431449
63,education_level__1,25770,2364.5,74.916666667419435,84.833333333466868,91.146815824074977,5.2268979486660498,1.028477234065899,1.1751362458291863
64,all,55171.5,6908,71.604359703628845,82.333333335947003,89.979143208947278,4.4807784163615469,1,1
64,diet__0,25913.5,1775,71.249999999759481,82.499999998399559,89.500104618161998,4.5205220311564993,1.0020242914467279,1.0088698014277673
64,diet__1,10811.5,905.5,74.720168610694117,84.583333333109081,90.946396598936431,5.2127539064777721,1.0273279351873359,1.1633590019634579
64,number_of_friends__0,588,224,70.661353313435797,78.797019966185175,87.627582598653945,4.644344871304857,0.95704882546984327,1.0365040266990324
64,number_of_friends__1,11531,4293,72.916666668814059,82.905986520480155,90.250000001085638,4.7830376841668407,1.0069553018362143,1.0674568656869072
64,income__0,7684,597.5,65.664740340179193,78.819992622465222,86.904358820855435,3.7109890977644198,0.95732784558659612,0.82820187765004305
64,income__1,6918.5,577,68.41439148952918,79.038667299795904,87.457853069656338,4.1504359366196777,0.95998381332737037,0.926275649218532
64,income__2,7054,450.5,73.484272048196161,82.949919957639054,89.255534707438343,5.2595611239173188,1.007488906336103,1.1738052265008352
64,income__3,7487,288.5,79.869948400563914,86.378408798389955,89.578469618962018,8.8971746422821649,1.0491304712022009,1.9856314719322345
64,alcohol__0,4849,423.5,66.000000000449788,77.536737689286795,84.727878562050918,4.1401772995402117,0.94174175328128007,0.92398617267534777
64,alcohol__1,10237,1185.5,78.083333336141223,86.833333333454519,92.416666664533693,6.0581395369804856,1.054655870413336,1.3520283696375635
64,physical_activity__0,10970.5,1187.5,68.038054133079712,79.709543756962248,87.759018386682698,4.0418684772170534,0.96813211037771507,0.90204605129728899
64,physical_activity__1,22984,1021.5,74.596032496266261,85.563669540963403,90.449696382152794,5.3970911807418265,1.0392348526912614,1.2044985668191863
64,sleep_duration__0,1990,230.5,64.890773635800954,78.50546375766136,85.754364512089523,3.7627973162991166,0.95350765694537498,0.83976420314811262
64,sleep_duration__1,11744.5,889,71.499999999575081,83.162338996365818,90.516465634424208,4.3731753625113425,1.0100688946606375,0.97598563377798553
64,sleep_duration__2,20625.5,1349.5,74.438610014503283,83.786995706066179,90.500000002842256,5.2166715188970523,1.0176558182599964,1.1642333171058836
64,sleep_duration__3,4684,432.5,62.529496832947103,76.836304797525713,86.266599745724761,3.236970622736139,0.93323447119538316,0.72241256361090112
64,sleep_frailty__0,2684,336,67.60279673921498,81.980280528150203,90.275687595484527,3.6157842000761398,0.995711909217179,0.80695447622964711
64,sleep_frailty__1,2770,390,73.680341370003617,84.0833333302309,90.635693464721655,4.9591027576728823,1.0212550606586439,1.1067502779349088
64,church_frequency__0,1868,476,70.990385933036961,80.730839458124564,88.201648653176903,4.6905820200894679,0.98053651160601329,1.0468230258746614
64,church_frequency__1,1696,320,71.950316806439048,84.141855687308706,92.225725520349798,4.1499462168464127,1.0219658585178659,0.92616635575928019
64,church_frequency__2,1560,320,76.52745685623961,85.92837830003819,90.763377469752939,6.0360253918858886,1.0436645137325149,1.3470930340686704
64,education_level__0,13690.5,2746,67.583333335187689,79.416666665186852,88.422342964164329,3.810961656966557,0.96457489873683122,0.85051330435150363
64,education_level__1,25364,2348,74.663304787686315,84.583333335649584,91.249999998595356,5.0994687163491896,1.0273279352181921,1.1380765220901121
65,all,55486.5,7231.5,71.715015290208129,82.500000002437261,89.833333331517679,4.5534027945827109,1,1
65,diet__0,25710,1876.5,71.416666669379339,82.466155447660768,88.935380753670827,4.7073178459830975,0.99958976297241831,1.0338022042731434
65,diet__1,10924.5,1018,75.666666665630714,84.853480032915996,90.748831034584597,5.6260811085963214,1.0285270306716268,1.2355772951362443
65,number_of_friends__0,589.5,251.5,64.144900521210346,74.872179808945191,84.16666666611232,3.739539222817736,0.90754157341494879,0.82126255715105034
65,number_of_friends__1,12089,4674,72.908555810004799,82.971392428898028,90.000000002354994,4.8545571395326812,1.005713847593295,1.066138305468662
65,income__0,7522,556.5,66.357775169709456,78.812595519843526,87.415516155046802,3.7426899483055323,0.9553041880910933,0.82195450680495419
65,income__1,7166,629,66.405207434031837,79.250000000199194,87.024929152794613,3.843407834553179,0.96060606058009634,0.8440737637192498
65,income__2,7039.5,441,74.53785054428468,83.666666669425524,,,1.0141414141448946,
65,income__3,7305,297.5,79.249999996930114,86.477140037228224,90.221890272806746,7.8816993118643701,1.048207757996042,1.7309470888983094
65,alcohol__0,4879,422,66.839061275251623,76.449864128716925,85.240100918558952,4.1546491725820847,0.92666501971464732,0.91242733402038745
65,alcohol__1,10832.5,1400,78.374512240726673,86.499999999414399,91.999999998877868,6.3483965884206519,1.0484848484467755,1.3942093143996588
65,physical_activity__0,10524.5,1150,68.243861553215481,79.59339486206575,88.758579389486968,3.8798191375237412,0.96476842254199224,0.8520702675677303
65,physical_activity__1,23184.5,1050.5,75.338081750040089,85.673314158023118,90.136062233744056,5.7895274461518209,1.0384644140059649,1.271472722123278
65,sleep_duration__0,1974,228.5,66.167438530627919,78.925554013007286,86.183017396815728,3.9432061665893525,0.95667338194758333,0.86599107183767632
65,sleep_duration__1,11629.5,958,71.535460141080932,83.075695282676563,89.688485098820365,4.5764105693722268,1.006978124608755,1.0050528749217813
65,sleep_duration__2,20700,1491.5,74.507961078776361,84.500000000891845,90.198120237039504,5.3855412904712541,1.0242424242229757,1.1827509081512748
65,sleep_duration__3,4624,433.5,66.000000000926875,78.909655582239964,87.386217307322013,3.6897434666318265,0.95648067369586387,0.81032661354308477
65,sleep_frailty__0,2804,446,68.249999997778303,79.981992522738977,88.184487354141496,4.0122422559920166,0.96947869721668001,0.88115250000844958
65,sleep_frailty__1,2808,436,74.000000000089628,83.912093485845503,89.991557780352807,5.247274508141416,1.0171162846468669,1.1523853137667111
65,church_frequency__0,2060,590,68.666666666802527,80.026087210607912,87.051552385954167,4.352819399211401,0.97001317828174227,0.95594868180562709
65,church_frequency__1,1742,386,72.182972512644483,82.676769746999426,90.244606698880702,4.5774800272504059,1.0021426635703872,1.0052877449577577
65,church_frequency__2,1666,422,75.229756955534057,85.250000001007024,90.464747503513237,5.5956713417400099,1.0333333333150123,1.2288988245005055
65,education_level__0,13532.5,2815.5,69.108029036821762,80.212410608046923,88.221304285678215,4.1966857884729114,0.97227164370517871,0.92165924645757369
65,education_level__1,26123.5,2598.5,74.499999998993303,84.499999998265736,91.000000000715175,5.1212121205725856,1.0242424241911441,1.1246999994521483
66,all,55353,7050,71.416666663518882,82.36605843707973,89.833333331538554,4.4723651636757609,1,1
66,diet__0,26236.5,1882.5,71.583333333229078,82.666666669654489,89.398800658555629,4.6401626833630782,1.0036496615023092,1.0375187431138577
66,diet__1,10753.5,1043.5,74.661206363617353,84.059454212949078,89.960188217058743,5.4944476056124314,1.0205593882723301,1.2285328689700816
66,number_of_friends__0,608.5,225,66.432541634918422,77.773283577032487,87.333333330625834,3.7210687857821916,0.94423947257891783,0.83201363251919891
66,number_of_friends__1,11757,4397.5,71.916666668781843,82.666666665333835,89.91666666912991,4.5925925924297397,1.0036496614498525,1.026882292557517
66,income__0,7651.5,617,65.709497778745927,77.674158918058765,86.208078624927737,3.7892456800260312,0.9430360076947818,0.84725766822486259
66,income__1,7400,642,66.510540670323579,79.344340786533536,87.167534417768124,3.8410400737207531,0.96331355769737947,0.85883865318454178
66,income__2,7100,445.5,74.28540470371901,83.322302921269042,90.710858873139117,5.0727548877396247,1.011609690961718,1.1342443432258589
66,income__3,7256.5,299,80.000000000521098,86.611327760627034,90.713799932936624,8.0840904540859491,1.0515414893477064,1.8075649367239441
66,alcohol__0,4949.5,409.5,66.839164187728343,78.639464522822252,85.971563776282053,4.1102771327162575,0.95475570902662221,0.91903880436679075
66,alcohol__1,10190,1300,77.281443116253513,85.916666668746487,91.743433833874363,5.9408603107498523,1.0431076622948894,1.3283486686197064
66,physical_activity__0,11099,1260,68.249999997447617,79.72431079223297,87.602725617325447,4.1195391469998146,0.96792674440206683,0.92110974758018982
66,physical_activity__1,22996.5,1038.5,75.096267746543035,85.583333335585522,91.087337631107275,5.3519454266282001,1.0390606878555868,1.196670046108115
66,sleep_duration__0,1938.5,266.5,63.246614159842245,76.199294331911332,84.464575615448624,3.5912636796584128,0.92512978984080863,0.80298981595385077
66,sleep_duration__1,11767.5,952,71.589273852837806,83.317446195030527,89.314343039881123,4.7005427914455744,1.0115507258208498,1.0510194537832145
66,sleep_duration__2,20864.5,1468,74.46880071997505,84.109086865504594,90.061503384905677,5.3941313877980495,1.0211619745013825,1.2061026303506721
66,sleep_duration__3,4698.5,446.5,66.381163104648977,78.002177432551321,86.141216164652661,3.9474680151763102,0.94701845532814921,0.88263544471667277
66,sleep_frailty__0,2746,432,66.991135728648402,80.017999361638132,87.91871809032412,3.8235663335949197,0.97149239480440475,0.85493160635666776
66,sleep_frailty__1,2806,436,73.25599637129524,83.79503327604661,89.539618371275736,5.1459701825642341,1.0173490739520878,1.1506149418118732
66,church_frequency__0,2210,610,69.108588110989757,79.749999998549725,87.910285849149787,4.2416382344392591,0.96823863508621777,0.94841053429392352
66,church_frequency__1,1744,368,72.413413120054244,82.975672121281306,90.878523035218649,4.493646260569391,1.0074012729972659,1.0047583540508886
66,church_frequency__2,1642,384,75.448502722397635,85.021585630752497,90.577552647768314,5.6197570931519927,1.0322405520436717,1.2565514861790064
66,education_level__0,14048,2885,67.440984595097774,79.33333333282998,88.17411637096366,3.8264037575440892,0.96317991704597006,0.85556604112335788
66,education_level__1,25368.5,2379,74.749999998388219,84.639457948448381,91.220096637505748,5.1389776151904467,1.0276011691527684,1.149051436347118
67,all,55611.5,7489.5,71.416666665091796,82.083333333409783,89.744568768448488,4.4785995074895402,1,1
67,diet__0,25662.5,1948,72.249999997755168,82.416666667195031,89.75613816168142,4.7078725127981471,1.0040609137110856,1.0511930135581882
67,diet__1,11050,1102.5,74.994601423769396,84.666666668479053,91.186064962016843,5.2290928777673242,1.0314720812393932,1.1675732266354109
67,number_of_friends__0,542,203,62.011995982315561,77.469860582091968,88.254266982712707,2.9521019953234822,0.94379525582156121,0.65915739739324675
67,number_of_friends__1,12157,4778,72.494279114504991,82.500000002571312,89.916666664163188,4.7352866974991521,1.0050761421623693,1.0573141647473401
67,income__0,7593,558,67.249999998943736,78.820932457008382,87.999860788659916,3.7986246392589176,0.96025501470377628,0.84817243267822806
67,income__1,7007.5,696,66.220731618695638,78.522854613842355,86.43735329006347,3.8840740006057399,0.95662360950784842,0.86725191527182144
67,income__2,7113,519,71.829180505460258,83.105664133229965,,,1.0124547914698789,
67,income__3,7333.5,315,79.184494754957854,86.381965396157312,90.284877286093476,7.7818908631178516,1.0523691215765709,1.7375723929108271
67,alcohol__0,4889,415.5,65.952141182522922,76.450818885228855,86.083333330488827,3.7976299825320377,0.93138053464151449,0.84795034165954775
67,alcohol__1,10324.5,1334,77.666666666122126,86.250000001587537,91.881803514571573,6.067475883005339,1.0507614213381589,1.3547708101290881
67,physical_activity__0,10929,1290,68.501566196596656,79.508392228116918,88.073394631691855,4.0623895969549038,0.96863015912336492,0.90706695031814955
67,physical_activity__1,22899.5,1077.5,75.333333331308424,85.583333336434123,90.342876604997144,5.7019278852048174,1.0426395939454345,1.2731497593543497
67,sleep_duration__0,2016.5,284.5,63.972231815124353,76.029914858986743,84.500000000142862,3.7037594235146605,0.92625276985481342,0.82699053963652736
67,sleep_duration__1,11597.5,1055.5,71.083333334304655,81.416666665358534,89.904648280508411,4.3257693151657399,0.99187817257197208,0.96587545011153086
67,sleep_duration__2,20875.5,1548.5,75.473116214925781,84.658278016927639,90.816758178805543,5.5174826300183764,1.0313698844692238,1.2319660690337497
67,sleep_duration__3,4498,423,65.23310904941107,78.916666669977076,87.111910857343247,3.6069921635912334,0.96142131983638879,0.80538395039772548
67,sleep_frailty__0,2742,480,67.249999997309686,79.821703219489606,87.96943441023636,3.8525039645720032,0.97244714582028746,0.86020282861405217
67,sleep_frailty__1,2660,438,74.694821855689,83.749976890542271,90.735477192615832,5.2211069392996263,1.0203042869904277,1.1657900936595011
67,church_frequency__0,2182,676,68.669569387229416,79.250000002295167,86.33333333183144,4.486586225384519,0.96548223352960028,1.0017833070096183
67,church_frequency__1,1770,394,74.268359732583846,82.780389446442769,90.203833823102599,5.1947239834988803,1.008492054168922,1.1598991994733552
67,church_frequency__2,1778,474,75.903991072321432,85.083333335664946,91.017108100961195,5.629767385141645,1.0365482233776939,1.2570374680136083
67,education_level__0,13803,2990.5,67.673133569283905,79.254346898117319,88.16666666677807,3.8672856710982697,0.96553519063606297,0.8635033484532445
67,education_level__1,25693.5,2460,75.166428622930553,84.79604444740265,90.925685008523118,5.3807135547921492,1.0330482572262782,1.2014277110051943
68,all,54931,7146.5,71.279429338286164,82.166666665593695,89.833333331170664,4.4285378806048019,1,1
68,diet__0,25462,1903,70.981891779334376,82.481344941073488,89.711055389848426,4.4038990024504177,1.0038297558882423,0.99443634020558058
68,diet__1,10913.5,1045,74.048681500067801,83.916666665810141,89.977184732351034,5.2683334674994011,1.0212981744451031,1.1896326980903931
68,number_of_friends__0,594,246,60.611704745654244,76.779648717576052,87.352582384560989,2.8712464023942581,0.93443791543909138,0.64835087331400088
68,number_of_friends__1,11899,4625,71.49999999935865,82.083333330504715,89.833333335833913,4.4772727263511332,0.99898580119565838,1.0110047259525023
68,income__0,7491,623.5,64.59614560416621,77.671446907769592,86.249999998985288,3.5869571066457961,0.94529144310893143,0.80996419209943127
68,income__1,6860,632,66.480800837529287,78.78516655265534,87.13309921394044,3.8148377055525677,0.95884584040994914,0.8614214913369056
68,income__2,6950.5,456,73.721662733542587,83.592094276087167,89.85474556383457,5.1814086095889884,1.0173480033733722,1.1700043556771762
68,income__3,7519.5,286.5,79.034049426909817,86.184185976354357,,,1.0488947583466099,
68,alcohol__0,4723,410.5,65.99850249599703,78.528516934993505,86.083333333273131,3.9098420878531792,0.95572231565134647,0.8828742563040276
68,alcohol__1,10213,1235.5,76.816866215232977,86.32065370630977,92.449655895060459,5.5217690171894116,1.0505556232142432,1.2468605137990392
68,physical_activity__0,10827,1271,67.166666664301943,78.833333332369548,87.240347627644013,3.9271986775286765,0.95943204868234067,0.88679351592050559
68,physical_activity__1,22587,1042.5,74.622391433247245,85.181579823284892,89.793678049433368,5.6146576080373665,1.0366926550636579,1.2678355157866634
68,sleep_duration__0,1957,256.5,64.303525208971791,78.195063071441027,85.55015337198941,3.6803516525765341,0.95166405362022888,0.83105344287444849
68,sleep_duration__1,11593,1015.5,70.500000003086555,81.916666667686613,89.514238086034695,4.3081750796603844,0.9969574036765475,0.97282109712292231
68,sleep_duration__2,20595,1507.5,73.750000002444395,83.832914549711219,90.018128292223309,5.1531997447046516,1.0202788789144741,1.1636345637402301
68,sleep_duration__3,4582,432.5,65.283120520594792,77.931779011957005,85.996114913527862,3.7624583647136038,0.94845978514776486,0.84959380864543221
68,sleep_frailty__0,2854,476,66.666666665512139,80.363764868038388,88.000000001944912,3.7670514776419988,0.97805799029315799,0.85063097103451568
68,sleep_frailty__1,2752,456,72.499999999738648,82.666666667781385,89.616837534840542,4.8295525676547983,1.0060851927244732,1.0905523894932181
68,church_frequency__0,2310,710,68.768893659485798,78.519750733860832,86.333333331372145,4.4703817600022617,0.95561562760510566,1.0094486895055632
68,church_frequency__1,1754,394,70.946152847499846,82.563079338597262,90.153145110139647,4.2985949184346586,1.0048244950061915,0.97065781852307487
68,church_frequency__2,1606,426,74.431882564195405,83.755210335031677,90.509617089421525,5.2093912984829389,1.0193331886749541,1.176323075229402
68,education_level__0,13889.5,3026.5,67.514896364726624,79.616901089090547,88.499999999091472,3.7939722612906839,0.96896837026527649,0.8567099037148902
68,education_level__1,25267.5,2270.5,74.749999999865508,84.411332955091225,91.052691302274837,5.1777544817165442,1.027318453827913,1.1691792237778991
69,all,56551,7205.5,71.583333330375567,82.416666665257281,89.833333336207318,4.515981733639518,1,1
69,diet__0,26426,1891.5,71.6635094750321,82.341160894298824,89.646742295004202,4.5787741124527441,0.99908385313294545,1.0139044802474479
69,diet__1,11096.5,1049.5,74.884215049333463,84.666666668167764,91.546538187396251,5.0813242527243032,1.0273003033724848,1.1251870694855899
69,number_of_friends__0,569,207,67.195502816907052,77.470387557834215,86.823650926433658,3.9469025363749743,0.93998447998979595,0.87398549621547927
69,number_of_friends__1,12135,4529,72.302492505575188,82.772101586582849,89.91666666637974,4.6991758359451872,1.0043126582972495,1.0405657314645578
69,income__0,7738.5,585.5,66.342289436442016,78.576285212746967,87.735440416511338,3.672964552344423,0.95340285396267765,0.81332582126817177
69,income__1,7281,627,68.708682142544362,79.053033638956109,89.264142857283701,3.8458410023508232,0.95918746580757908,0.85160685520563095
69,income__2,7336,514.5,71.25573857657696,83.183186208821155,90.615008274573697,4.2968142655416806,1.0093005404680726,0.95146847772539456
69,income__3,7459.5,290.5,80.433064779053012,87.987522389665514,,,1.0675938004995369,
69,alcohol__0,5080,439,65.52474897376257,76.411532637036615,85.426861038125352,3.8393680223447744,0.92713689753298245,0.85017350573970385
69,alcohol__1,10772.5,1319.5,77.666666663470124,86.792133241535396,92.057721458043744,6.0309778873374711,1.0530895843440196,1.3354743759065182
69,physical_activity__0,11087,1287,68.260038286048896,78.999999998228091,88.487401047071643,3.9056005931953561,0.95854398381693484,0.86483976764178716
69,physical_activity__1,23382,1041.5,75.555041743035275,86.066331202532126,,,1.0442830884206744,
69,sleep_duration__0,1964.5,249,62.84745880669329,76.276982203213322,84.8610511490146,3.4649947640108789,0.92550433412963862,0.76727386610095338
69,sleep_duration__1,11987,951.5,71.897293653105933,82.741145457251761,91.382536031015661,4.2463493064399742,1.0039370530879681,0.94029372944734169
69,sleep_duration__2,21137,1506.5,74.500000000651283,84.083333330513469,91.232386168769352,5.0251848412825941,1.0202224468993086,1.1127557943492166
69,sleep_duration__3,4850,465.5,64.859061992220916,77.833333333393909,86.955939109253009,3.5223680215608661,0.94438827099767342,0.77997835892974721
69,sleep_frailty__0,2882,408,68.666666667229563,80.926163854809829,89.944349005863018,3.8033354651542024,0.98191503162216853,0.84219460783536426
69,sleep_frailty__1,2778,410,74.570475207324009,84.26640217084929,91.781764100818322,4.8959960344806666,1.0224437068427539,1.084148768364235
69,church_frequency__0,2180,626,70.083333334045676,79.224904700098563,86.990392853922756,4.6859067720768603,0.96127285785383254,1.0376274857738179
69,church_frequency__1,1874,352,72.761380209458579,83.898321394330878,91.523557814204693,4.4716729135485753,1.0179776104642944,0.99018844125057315
69,church_frequency__2,1678,366,74.793567699325862,85.250000000588983,92.580182243215333,4.7929300874109471,1.0343781597821657,1.0613262785605271
69,education_level__0,13993,2801,68.166666668667517,79.083333330038073,88.404120269108986,3.9077709523846869,0.95955510614427242,0.86532036285171987
69,education_level__1,26200,2517,75.010161273837568,84.536951470737932,90.842812977570375,5.3394057453311472,1.0257264081559181,1.1823355496675172
70,all,55498,7137,71.583333330845093,82.249999996755093,90.000000001614168,4.4660633472452567,1,1
70,diet__0,26158,1852.5,71.494485957139901,82.595472729884605,89.98912982123403,4.4659131225682644,1.004200276390798,0.9999663630662371
70,diet__1,10605.5,991.5,74.579491750749952,84.562085238404023,90.926117039011345,5.1730607233731938,1.0281104588661416,1.1583043770671155
70,number_of_friends__0,571,247.5,68.445791494455946,76.570714729119331,86.806043763606581,4.1704609286755501,0.93095093899258574,0.93381141385913413
70,number_of_friends__1,12183,4582.5,72.416666666822167,82.583333331274389,90.166666666308572,4.6525821596430381,1.0040526849183276,1.0417635841445978
70,income__0,7476.5,581.5,62.85938096452589,76.953361478115198,,,0.93560317910214152,
70,income__1,7070,668,67.074908605852798,78.597177535058847,86.798464220292317,3.9849395855135894,0.95558878465847596,0.89227117388999144
70,income__2,7226,442.5,74.654201258613128,84.71303995769965,89.940099028377048,5.5419080536614098,1.0299457746023311,1.2408932929891718
70,income__3,7486.5,305.5,78.381053648942583,86.608039251777029,,,1.0529852796984056,
70,alcohol__0,4992.5,427,66.010052504919187,77.721635474878298,85.125687399183917,4.0658673334568212,0.94494389638838361,0.91039177399145421
70,alcohol__1,10371,1279,77.474746785128545,86.412438893897473,92.141479681358007,5.8917305923061072,1.050607159845673,1.3192223518146526
70,physical_activity__0,11151,1272,68.49999999836237,79.166666666613338,86.728886493643586,4.3429238909961203,0.96251266467764862,0.97242774079210259
70,physical_activity__1,22906,983.5,75.048941086739163,86.058909194448034,,,1.0463089264175467,
70,sleep_duration__0,2024.5,225,66.773276111910391,80.651873855023737,86.337355967515734,4.1224465679082787,0.98056989493259084,0.92306047796009727
70,sleep_duration__1,11618,962.5,71.119742906749124,81.771118601414457,90.41666666520392,4.2375209450463363,0.99417773379502095,0.94882687852157555
70,sleep_duration__2,20839,1426.5,74.457621574219118,84.653727470456516,90.352083893413209,5.3259887481836365,1.0292246501373405,1.192546619713488
70,sleep_duration__3,4714,451.5,62.968860674367541,76.805704280086175,85.833333334581582,3.359172346613271,0.93380795480992451,0.75215510516331241
70,sleep_frailty__0,2936,444,66.416666669553138,80.843386140583902,88.682617848872852,3.6308076618649037,0.98289831177839893,0.81297719704411431
70,sleep_frailty__1,2634,436,72.398995215634741,82.245830228411734,90.495570457101252,4.5448284623464863,0.99994930372834623,1.0176363631630558
70,church_frequency__0,2244,636,69.756210540722776,78.099526641698148,86.670722372711538,4.6173089366963671,0.94953831786965726,1.0338655271301518
70,church_frequency__1,1792,334,72.226448189884806,84.196798212087629,90.835897434352574,4.5244110723544235,1.0236692792147033,1.0130646881990952
70,church_frequency__2,1686,408,75.136625570554244,84.437494598029147,91.633121568739625,5.1185109011827299,1.0265956790438948,1.1460900805045486
70,education_level__0,14121,2886,67.833333333426481,79.583333333672527,88.400859995221452,3.8693681861855489,0.96757852081230677,0.86639348467196298
70,education_level__1,25060.5,2324,74.887278984940167,84.66666666771259,91.587389047396258,5.0698268664739947,1.0293819656055057,1.1351891973500889
71,all,55248,7041.5,71.333333332341752,82.249999999720288,89.833333333425841,4.4459459456702968,1,1
71,diet__0,26214.5,1929,71.583333334872179,82.166666669575406,90.155313564669143,4.4242275542457694,0.99898682881282475,0.99511501226287336
71,diet__1,11126,1010,75.261242157035852,84.833333331258189,91.569347577534757,5.2019122481649331,1.0314083079823306,1.1700349738239255
71,number_of_friends__0,600.5,249,64.833333336128959,75.833333331405967,86.16701137416031,3.5546300640807731,0.92198581558253934,0.79952165580026102
71,number_of_friends__1,11895,4359.5,72.750000000227871,82.776833891945088,89.999999999993264,4.7986570372794715,1.0064052752854298,1.0793331938623014
71,income__0,7812,621,65.092148234587825,77.505320841237776,86.479697707627423,3.6238523230040118,0.94231393120366391,0.81509140400888491
71,income__1,7166.5,653.5,66.425977412085459,78.634963671901019,87.982268001255903,3.6478893873979432,0.95604819054308132,0.82049791697320473
71,income__2,7269,440.5,74.915898671572947,84.371209490271696,90.737079398508868,5.332801068799359,1.0257897810402263,1.1994750125094817
71,income__3,7443.5,296.5,80.19703528653281,87.807643427232151,,,1.0675701328575169,
71,alcohol__0,4988.5,423.5,66.633442730594595,76.44170683102827,86.66938616569513,3.8152287202564019,0.92938245387584473,0.85813655111391507
71,alcohol__1,10467.5,1285.5,77.833333331192932,86.333333330277696,92.177411249880294,6.0187440293951031,1.049645390037341,1.3537600553278166
71,physical_activity__0,11144,1293,67.356165340604093,78.958467619417931,87.776373980428005,3.8666827069255061,0.95998136923630939,0.86970978823777456
71,physical_activity__1,23344.5,995,76.057114151738205,86.337510108414463,,,1.0496961715344446,
71,sleep_duration__0,2014.5,261.5,63.525753015217383,78.64276154064278,85.980219773701435,3.5023214929354269,0.95614299745787512,0.78775620210726527
71,sleep_duration__1,11671.5,908,71.871517318835174,83.493957828267753,91.050615975277495,4.3533827800725069,1.0151241073380146,0.97918032141440381
71,sleep_duration__2,21162.5,1527.5,74.500000001345214,84.083798569125179,91.538665686917952,4.9348816462971046,1.0222954233363055,1.1099733794791096
71,sleep_duration__3,4831.5,455.5,65.890145599040551,77.769893960632672,86.095414169453875,3.848990855509415,0.94553062566440305,0.86573046603451642
71,sleep_frailty__0,2728,418,68.844936438520477,80.341811382118749,89.869682628168675,3.8212975632341313,0.97680013838774438,0.85950157962570783
71,sleep_frailty__1,2768,428,72.830380836819387,83.214376682587215,90.687805771221974,4.6599314844254796,1.0117249444725862,1.0481304859236027
71,church_frequency__0,2064,574,70.179163079443668,78.758273759005803,87.166666669295097,4.636247659488772,0.95754740132855487,1.0428034249952591
71,church_frequency__1,1868,350,74.103399051428696,83.272007092730064,92.012097785812159,4.6498078016608524,1.0124256181521367,1.0458534265782262
71,church_frequency__2,1784,440,76.409231515144342,84.967191976235284,90.848628827518695,5.884400168379579,1.0330357687115408,1.3235428950975274
71,education_level__0,14067.5,2824.5,67.891503732901029,79.494484574316758,88.416666668349919,3.8730257501158394,0.96649829270014709,0.87113649096152457
71,education_level__1,25137,2395,74.513896174583763,84.351067408718023,91.136409972212078,5.074507287866,1.0255448925106976,1.141378538982875
72,all,56083.5,7238.5,71.333333333159715,82.42476838358462,89.833333332093048,4.4553928858560559,1,1
72,diet__0,26179,1853,71.583333332514357,82.49999999695396,89.701842922155095,4.5533546558445046,1.0009127306614831,1.0219872349079326
72,diet__1,10883,959.5,75.333333333711906,85.249999998244903,91.788528173339316,5.1807347666857035,1.0342764883670932,1.1628008796109304
72,number_of_friends__0,596.5,247,67.717325438642803,79.103639820731701,87.079052854423523,4.085567270008073,0.95970715322611277,0.9169937140623402
72,number_of_friends__1,11993,4553.5,72.308866522243122,82.877309988309662,89.916666666239536,4.7068520377639365,1.0054903594344242,1.0564392767035551
72,income__0,7696.5,564,66.950625157702277,78.787082464658923,89.308512911147389,3.5239054482022198,0.9558665921632099,0.79093034856456645
72,income__1,7089.5,593.5,69.821056225339888,80.499999997202906,87.93708489149985,4.4435787489988785,0.97664817961726846,0.99734835127679045
72,income__2,7280,477.5,71.795053242847942,83.376639053200577,89.784687506463499,4.634704509909449,1.0115483572266311,1.0402459735083365
72,income__3,7095,272.5,80.767770663113069,87.611533714951406,90.333766099546921,9.1586426417544349,1.0629272660764888,2.0556307549956281
72,alcohol__0,5087.5,423.5,66.241303623039258,77.621685653296097,86.023724186726596,3.9237708754296055,0.94172767695341097,0.88067898296598712
72,alcohol__1,10262.5,1246.5,79.218290374553789,86.82415150025605,92.083333332247648,6.7488427194354141,1.0533745281054085,1.5147581576610378
72,physical_activity__0,11020.5,1178,68.433042404828882,80.000000002442832,89.5126548886482,3.7951361802239356,0.97058204191903197,0.85180729903121466
72,physical_activity__1,23081.5,999,75.630377369024899,85.999999997284107,90.3182583868346,5.8551672561212422,1.0433756949981496,1.314175294104559
72,sleep_duration__0,1965,223,64.12055466721138,78.595716466678084,87.106352234355199,3.419316481714072,0.95354488714985441,0.76745565863987486
72,sleep_duration__1,11876.5,952.5,71.605070920510585,82.695922080830783,90.486055717218662,4.3798521619088913,1.0032897113642381,0.98304510379163779
72,sleep_duration__2,20919.5,1438.5,74.945379035072364,84.331197184301402,90.928333392770568,5.276320966510375,1.0231293194764555,1.18425492469147
72,sleep_duration__3,4711,427,63.819071176527615,78.360466960045812,86.79771412663321,3.4101433722693235,0.95069077531859658,0.76539678085294183
72,sleep_frailty__0,2796,390,68.455038998307103,81.451838614264929,90.064194960453122,3.7693206878116259,0.98819614797348398,0.8460130866971548
72,sleep_frailty__1,2780,392,72.855236855610087,83.740296381349538,89.628042845050004,4.9926229656547658,1.0159603481279167,1.120579731925367
72,church_frequency__0,2124,582,70.416666669468242,80.416666665078949,87.004536377543687,4.8479200813790957,0.97563715667163953,1.0881015895969901
72,church_frequency__1,1718,354,71.833333335434318,83.106466596733668,91.452848002038621,4.23590838045524,1.008270550545882,0.95073733988811981
72,church_frequency__2,1650,374,76.671748191683264,85.740700930545813,92.780411751098981,5.3226452097839791,1.0402298072774636,1.1946522666230119
72,education_level__0,14418,2891.5,68.557088231309606,80.416666665258916,88.583333332570973,4.015563889218245,0.97563715667382289,0.9012816584516985
72,education_level__1,25297,2407.5,74.239244058389858,84.701930051380188,90.549974104151531,5.1930189399088178,1.0276271527655161,1.1655580266320409
73,all,55511,7237.5,71.436711545167739,82.496258935254616,89.83333333277622,4.4843156470620107,1,1
73,diet__0,25493,1839,71.786447191155389,82.833333333141425,89.858438774206576,4.5835199154711121,1.0040859355592278,1.0221224989980571
73,diet__1,11292.5,1094.5,74.350453383930358,84.212425443182156,91.416666665105765,4.9344528897966615,1.0208029616139858,1.1003803652915394
73,number_of_friends__0,570,218,71.37885677985922,80.410844090266366,87.39965032519288,5.0191548791094336,0.97472109800003248,1.1192688637780959
73,number_of_friends__1,12287,4595,72.470123099930888,82.833333336095563,89.999999997055056,4.725266116939169,1.0040859355950371,1.0537318264014313
73,income__0,7062.5,560,65.513988980673716,77.286595454017387,87.252066032605327,3.5553556678165248,0.93684970023518377,0.7928424195887922
73,income__1,7049.5,683.5,68.30133459236697,78.666666664469446,87.086124623581483,4.1877852525234385,0.95357859471190398,0.93387388001269489
73,income__2,7318,469,74.738867727380907,84.306752903880664,90.024977412081498,5.5152523855210047,1.0219463766235384,1.2298983433814328
73,income__3,7600.5,328.5,78.734395908571514,87.904068658483467,,,1.0655521813113131,
73,alcohol__0,4681,412.5,65.497504223917844,76.510272286293755,84.250152797367051,4.0799715297080876,0.92743929571813877,0.90983147726926017
73,alcohol__1,10659,1315,77.41666666672343,86.131337327748028,92.521989344942071,5.7020521284160628,1.0440635543891308,1.2715545865179845
73,physical_activity__0,10653.5,1291,67.539092099359465,78.416666664833315,87.083333331855556,4.0122645710313067,0.95054815426693373,0.89473286155938248
73,physical_activity__1,23174.5,1043.5,75.409113552560484,85.999999999132442,,,1.0424715145765295,
73,sleep_duration__0,2022,232,65.311066392028508,79.935811488572284,86.681470676129564,3.7404913087227905,0.96896286595623882,0.83412756886849571
73,sleep_duration__1,11832.5,1003.5,71.249999997052853,81.654351702253479,90.171523972644138,4.3154215171879056,0.98979460106594785,0.96233669902680474
73,sleep_duration__2,20627,1499.5,74.56307367218875,84.583333334356297,90.911544052951029,5.1737765897590009,1.0252990187196207,1.1537494228687279
73,sleep_duration__3,4606,436,66.000000002665274,77.833333335203704,86.083333332673888,3.875518672933878,0.94347712659660721,0.86423859914343937
73,sleep_frailty__0,2958,468,66.559274588961927,79.916666667466387,87.352670363160783,3.8433677469184553,0.96873079699513687,0.8570689597723824
73,sleep_frailty__1,2666,414,73.610035280219194,84.083333331609765,90.484956129965056,4.9827394202489588,1.0192381377875659,1.1111482358547844
73,church_frequency__0,2376,678,68.467949022393256,78.766996857450465,87.280124558848186,4.1870222136090991,0.95479477341231944,0.93370372274135316
73,church_frequency__1,1780,344,73.129251323923143,83.899811981248462,90.801350600339731,4.7475860489994384,1.0170135356937264,1.0587091593585556
73,church_frequency__2,1742,420,75.808465636634679,84.969868974823186,91.702945837660494,5.3458727747095063,1.0299845116796136,1.1921267804178686
73,education_level__0,13452.5,2850,67.166666664281706,79.39532420916872,88.508750112845291,3.7201299676537611,0.9624112079007171,0.82958700065885838
73,education_level__1,26097.5,2471.5,74.73469844595472,84.750000002911648,90.880545304719561,5.2490278611124541,1.0273193123754354,1.1705304162858072
74,all,55906,7297.5,71.416666665511158,82.24999999964858,89.750000001353499,4.4863636357304868,1,1
74,diet__0,25766.5,1861,71.73794242804108,82.003018835154407,89.123517049037005,4.7167275527449259,0.99699718948941973,1.051347580294153
74,diet__1,11047,1039,75.104303618435665,84.583333333146513,91.068354249297698,5.2983628835170604,1.0283687943283635,1.1809927401603417
74,number_of_friends__0,561.5,225.5,65.922092481734509,77.232450004546749,87.15240656988351,3.6378383138315775,0.93899635264287817,0.81086568303535445
74,number_of_friends__1,12189,4666,72.328909012184184,82.666666667381406,89.916666667241245,4.7002391259133596,1.00506585614267,1.0476723483757573
74,income__0,7472.5,552,66.195372418885981,78.826195010166742,87.149832386040117,3.7617860414310775,0.95837319161706425,0.83849334268655851
74,income__1,7160.5,696,67.234926781519334,78.326323814515291,86.81257753048537,4.000802998217341,0.95229573027173187,0.8917696653819982
74,income__2,7176.5,460.5,74.045765627986327,83.999999998372189,,,1.0212765957292533,
74,income__3,7368,323,79.046180122723783,86.368228711670042,90.752880342325938,7.3776749290164378,1.0500696499943958,1.644466549759553
74,alcohol__0,4885,424.5,65.532852053972348,76.790384682812444,82.898042213183402,4.4220871743279107,0.93362169827526487,0.98567292653438454
74,alcohol__1,10424.5,1346.5,77.249999999812829,86.49999999958888,91.991179534566967,5.8679157794431935,1.0516717325222913,1.3079447534545998
74,physical_activity__0,10785.5,1254,68.275854493478747,79.166666663365163,87.166797976832953,4.1907206346323056,0.96251266460429674,0.93410186398097361
74,physical_activity__1,22973,1066.5,74.659073725444102,85.790864758855747,91.267157923308076,5.1656087322756719,1.0430500274677483,1.1514021492006383
74,sleep_duration__0,1937,220,66.666666669948256,79.077460313759971,87.333471546321718,3.8263031362028421,0.96142808892520171,0.85287405276942707
74,sleep_duration__1,11538,985,70.881189391966956,81.946852933586598,89.632751911000796,4.3701346408015951,0.99631432138524889,0.97409282787440232
74,sleep_duration__2,21046.5,1493.5,74.428200423642224,84.187602724634203,90.327585008122341,5.2950227272829373,1.0235574799391356,1.1802482271191959
74,sleep_duration__3,4600,446,63.928704535722332,77.205360472949636,86.093054480450675,3.4833126469072226,0.93866699663561703,0.77642227196326152
74,sleep_frailty__0,2950,478,66.666666669005679,79.208815943116107,88.016065498317133,3.7101192673569394,0.96302511785355061,0.82697693914257209
74,sleep_frailty__1,2726,456,73.68832843968373,82.205637071171012,90.120032757035617,5.0028673522540092,0.99946063308841637,1.1151274748239224
74,church_frequency__0,2194,668,68.833333335914801,78.544605925037487,86.33333333245065,4.488263196604886,0.95494961611395834,1.0004234076924283
74,church_frequency__1,1830,352,72.292827512591529,84.115578298328884,91.281108405040044,4.4298680209529113,1.0226818030235656,0.98740725911568317
74,church_frequency__2,1728,426,75.031529408744774,84.372928000130827,91.467183269584297,5.1335303550753357,1.02581067477801,1.1442519536737183
74,education_level__0,13629.5,2863,67.443329705125464,79.488792057711422,88.000000002039357,3.8668126165181924,0.96642908277265704,0.8619035215340014
74,education_level__1,26001,2534.5,74.666666665740976,84.951384954520861,91.000000002671385,5.201105200151761,1.0328435860776148,1.1593142291741354
75,all,55435.5,7391,71.333333335273565,81.916666665421516,89.833333333441303,4.4279279282991695,1,1
75,diet__0,25404.5,1830.5,71.789018269146482,82.269336280409874,90.000000002096954,4.517567338588556,1.0043052241911745,1.0202440987615213
75,diet__1,10977.5,1010,73.583333336310815,84.176137713911615,91.325050412407933,4.7445316230028034,1.0275825560348864,1.0715015465089663
75,number_of_friends__0,558,250,65.345195166433868,75.91666666704549,85.821799736769989,3.7074831623707682,0.92675483216520171,0.83729528176734924
75,number_of_friends__1,12167,4755,71.999999998144631,82.083333332917647,89.833333333062228,4.6028037378855471,1.0020345880060875,1.039493824745596
75,income__0,6986.5,522.5,66.118733867891137,77.315278002379998,87.597753614856032,3.5995719969159707,0.94382841916852744,0.81292470320279531
75,income__1,7073,689.5,67.250000000153705,78.059110459726924,87.00000000257009,3.952360022793747,0.9529087747008762,0.89259809256017075
75,income__2,7202.5,470.5,73.429647829226226,84.354470613532399,90.074389372250693,5.0679351430893176,1.0297595598960074,1.1445387606017301
75,income__3,7595.5,314,78.971213527047752,88.677239469956461,,,1.0825298816435935,
75,alcohol__0,4910,427,65.516740599964507,76.634092698550404,85.452454023410709,3.8440607100833311,0.93551283051534395,0.86813985510371439
75,alcohol__1,10548,1367,77.54367311564117,86.249999997911118,92.062470148877921,5.9405748148738295,1.0528992878847057,1.3416150648946288
75,physical_activity__0,10548,1248,67.639134837246033,78.094934582419711,87.688398661212872,3.8951522244455292,0.95334609868085574,0.87967832528424028
75,physical_activity__1,23060.5,1016,74.833333332657602,86.652185067219051,,,1.0578089733697194,
75,sleep_duration__0,2036.5,243,66.027631029637249,79.318717590538455,85.793276660667431,4.0129585985299476,0.96828546398873794,0.90628363051775829
75,sleep_duration__1,11650.5,1003,70.977756327213015,81.42463252399159,90.656398338426129,4.137716031299056,0.99399347945345995,0.93445875775318044
75,sleep_duration__2,20473,1412.5,74.333333336611716,84.198952797171344,91.000521408961518,5.0517791262494987,1.0278610718020491,1.140890097592433
75,sleep_duration__3,4571,425.5,64.964342631172329,77.682856105240489,86.393127055328094,3.6251639181955597,0.94831563914247752,0.81870436395924739
75,sleep_frailty__0,2822,458,65.669918045729275,80.231475897139035,88.20503335722502,3.5602869028236519,0.9794279865516814,0.80405258632816301
75,sleep_frailty__1,2548,414,71.889170340486686,81.839319421600365,89.065543262305695,4.7646450035816663,0.99905578135720452,1.0760439376464366
75,church_frequency__0,2212,626,69.666889675901302,78.432693400799764,86.749999997175038,4.5912419884760034,0.95746929890529342,1.0368827277275865
75,church_frequency__1,1784,364,70.779844798667781,82.483337494486918,90.250535418132415,4.2362820665451508,1.006917649998869,0.95671883895643428
75,church_frequency__2,1608,404,74.797271291994662,83.688848895651631,91.217466669915297,5.0967023820059767,1.0216339641536976,1.1510355327675112
75,education_level__0,13813.5,3043.5,67.056982925088278,78.873833112818673,87.750000001290047,3.8116159099645448,0.96285452428098761,0.86081254520975026
75,education_level__1,25714.5,2443,74.499999997752468,84.432551318735463,90.842580605481487,5.1664148609922806,1.0307127322891416,1.1667793479594359
76,all,56211.5,7388.5,71.25226258787653,82.416666665219012,89.850587607444055,4.4314026439750585,1,1
76,diet__0,25787.5,1865.5,71.599318536274438,82.358533309479,89.599040645206841,4.5755447118046559,0.99929464077968411,1.0325274138709948
76,diet__1,11570.5,1055,75.176019776125443,84.737356845624518,92.269066290427972,4.9574168522106881,1.0281580203896412,1.11870151518522
76,number_of_friends__0,545,235.5,60.40534379632286,75.89289481401444,85.831099153397076,2.9848826022350101,0.9208440220264611,0.67357512779689765
76,number_of_friends__1,12283,4670.5,72.499999997359552,82.916666666390569,90.00000000192496,4.7380952368433844,1.0060667340891447,1.069208920404763
76,income__0,7465.5,525,66.22630162817336,78.833333332049264,87.93629554908857,3.6312001569057073,0.95652173913165595,0.81942455891312249
76,income__1,7278.5,661,66.975698998344527,78.292833384274516,89.298659483320307,3.5072782320682165,0.94996360023033044,0.79146006667589031
76,income__2,7218,493.5,72.0873617891924,83.480970969316303,90.444708991762937,4.5475509096230775,1.0129137023755226,1.0262102713247991
76,income__3,7512,346,79.917222864143,86.33333333169405,,,1.0475227502512903,
76,alcohol__0,4899.5,425.5,66.806159156555466,76.9998787292418,83.551773613835508,4.5982116049355612,0.9342755761042788,1.0376424744854311
76,alcohol__1,10565,1301.5,77.916666669829851,86.847925184047398,92.143110735430952,6.1046825744770441,1.0537665341019966,1.3775960040049575
76,physical_activity__0,10829.5,1302.5,67.583333330201427,78.833333330305663,88.758371226545535,3.7229370599575797,0.95652173911049998,0.84012610883357453
76,physical_activity__1,23447,1034.5,75.249999997077509,86.344675651799136,90.534034789931454,5.6493378104693672,1.0476603719310307,1.274841909965057
76,sleep_duration__0,2068.5,268.5,65.731684777545496,77.672719822521515,85.443266104922557,3.940461119405132,0.94243947207950463,0.88921306321884086
76,sleep_duration__1,11938.5,943.5,71.499999999302332,82.787419640668034,91.189228622101737,4.2047060972618926,1.0044985194190763,0.94884316210322639
76,sleep_duration__2,20957,1530,73.749999997467043,84.156247440461101,91.135868177917345,4.8404972686432401,1.0211071479305074,1.0923171865739592
76,sleep_duration__3,4697,431,63.198443227403828,78.030853591384243,86.880264843721932,3.2949683878041127,0.94678487675738965,0.74354976347815216
76,sleep_frailty__0,2762,420,68.955148575616903,81.984360295040204,89.164749914005029,4.0567034906973136,0.99475462442645424,0.91544457062885354
76,sleep_frailty__1,2686,432,73.010857970763894,83.833333330949955,90.745634328830818,4.7270589512011032,1.0171890798676138,1.0667184480805461
76,church_frequency__0,2174,624,69.738041904186844,79.494825083502107,86.829939553262179,4.6510239363504935,0.96454792822930357,1.0495602205486863
76,church_frequency__1,1846,356,76.833333331188086,84.308197628033312,90.690387343616578,6.0841357443231932,1.0229508306917798,1.3729593614327043
76,church_frequency__2,1694,424,73.766174899745124,84.536667285983398,91.734689256333269,4.7047110077293661,1.0257229600097264,1.0616753623428685
76,education_level__0,13508,2912,67.083333332580949,79.232017263718404,88.192885244204589,3.7533727667658616,0.96135915791842408,0.84699429691160033
76,education_level__1,26518.5,2547.5,74.623894161095592,84.93286662637648,91.145179151747911,5.1408148140069718,1.0305302320873813,1.1600874998340382
77,all,56330,7506,71.083333334257645,82.166666664920754,89.333333334208334,4.5022831049393295,1,1
77,diet__0,26164,1885,71.591876925990434,82.499999997907125,89.201558400322867,4.684922899835394,1.0040567951277093,1.0405660396379106
77,diet__1,10934.5,1065,75.457864992051157,84.333333334334739,90.952145243276746,5.4428687210342677,1.0263691683909941,1.2089130323819592
77,number_of_friends__0,554,239,67.687781681179644,77.499999997094974,86.002025885434691,4.2316788578744067,0.94320486813884452,0.93989621692868441
77,number_of_friends__1,12461,4748,72.361180418709537,82.6666666657853,89.750000000747676,4.7540125582288644,1.00608519270842,1.0559115114314712
77,income__0,7601.5,544,64.939768894348234,78.54990666451387,87.565934041838759,3.4716402957584647,0.95598263691094842,0.77108440647586662
77,income__1,7231,689.5,66.537596166276714,78.29680063487551,86.833333335292679,3.8577953578550268,0.95290223898424986,0.85685312716624751
77,income__2,7269,478,73.958372698595483,83.702263928343513,89.881706687590864,5.2565790547501017,1.0186888105085847,1.1675363215128021
77,income__3,7096,318.5,78.66666666467745,86.284513569108739,,,1.0501157838248538,
77,alcohol__0,5082,404.5,66.653835844292914,77.772743805628323,88.330070917616126,3.587926756770722,0.9465242654030126,0.79691273808048801
77,alcohol__1,10533,1422.5,77.34847760377049,86.103339494336524,91.946132156485163,5.8984365730400299,1.0479108255111491,1.3100989954561097
77,physical_activity__0,11179,1282.5,68.032547952066665,79.24999999862429,87.338162090711037,4.1050235143770033,0.96450304260010011,0.91176485767265414
77,physical_activity__1,22872,1041.5,74.889000194836925,85.565933061952236,90.845494964136563,5.3624517351129928,1.0413703821148526,1.1910516531557058
77,sleep_duration__0,1973,227,64.274859431511928,79.348897050608073,86.363570431085805,3.5922828204931845,0.96570665783725085,0.79788026136166135
77,sleep_duration__1,11765.5,985,71.001861730723093,82.503798932390282,89.183051794663754,4.5378657085832197,1.0041030296244629,1.0079032354950876
77,sleep_duration__2,20949.5,1511.5,74.454423426040179,84.087145123033324,90.602070501700894,5.2073930479801946,1.0233729629795543,1.156611640495754
77,sleep_duration__3,4738.5,440.5,65.343178349354844,77.683849558632147,85.951841838714927,3.7694753761562003,0.94544238815760007,0.83723641723480557
77,sleep_frailty__0,2900,434,68.711370424650823,80.540378950283923,89.214068845828052,3.9282818922554017,0.98020745174842128,0.87250885843802073
77,sleep_frailty__1,2744,402,72.74427412362985,84.125215485627066,90.671547674226758,4.6925827983935697,1.0238362939644778,1.0422673761331152
77,church_frequency__0,2300,634,70.17496600615965,79.363024626586309,86.85978208103721,4.7566017072303097,0.9658785958816144,1.0564865861082735
77,church_frequency__1,1784,314,75.23496930534867,84.048490720052712,91.05377227421468,5.3132016932933475,1.0229025239980358,1.1801127493436345
77,church_frequency__2,1768,422,75.200823476160238,84.954446188679483,92.527043166508548,4.9032303472409478,1.0339283512026527,1.0890542049347698
77,education_level__0,14511.5,2993.5,67.881477370350069,79.489837706614423,87.982998466523213,3.9544190375596706,0.96742195993878444,0.87831416758785952
77,education_level__1,25367.5,2510.5,74.499999997691262,84.333333331523818,90.715463730571742,5.200796888745101,1.0263691683567842,1.1551465706453359
78,all,55176,7265,71.250000000635893,82.000000001183395,89.749999998441069,4.4324324330222593,1,1
78,diet__0,25347.5,1830.5,71.666666666969604,82.583333332478944,89.408853677856683,4.6546309810511861,1.0071138211132578,1.0501301602193676
78,diet__1,10989.5,1079.5,73.666666665749673,83.778063953199634,90.740915981358341,4.9066909124146809,1.0216837067315925,1.1069973398486861
78,number_of_friends__0,553.5,231.5,60.641041928422162,76.220411105305942,85.771708231780252,3.0329641954268824,0.92951720858787756,0.68426631229183843
78,number_of_friends__1,12065,4618,72.074616551506438,82.333333332837086,89.772403419289105,4.6521824422418598,1.0040650406298643,1.0495777459758735
78,income__0,7373,606,63.716683230401109,77.463221366255453,87.493400029510752,3.2579444008500023,0.94467343128216508,0.73502404155737322
78,income__1,7007.5,657,68.58333333104882,78.999999999155278,87.416666666428213,4.1946902649861606,0.96341463412213635,0.94636304746240796
78,income__2,6946.5,482,74.382431331500953,83.603919260331367,89.950789770407567,5.3701178315241167,1.0195599909649369,1.2115509740240971
78,income__3,7380.5,307,79.471848172054493,87.860402968694189,,,1.0714683288710514,
78,alcohol__0,4646,440.5,63.583333335240603,76.661922163590987,86.677847091682295,3.3194863062318372,0.93490148978639787,0.74890849581850061
78,alcohol__1,10409.5,1296.5,77.416666666633276,85.999018998719293,92.333333333882749,5.7652973628173791,1.04876852435949,1.3007073316820543
78,physical_activity__0,10598,1284.5,67.218185237201084,79.060975356361524,87.412056859165787,3.9150974531484874,0.96415823603927497,0.88328418138547315
78,physical_activity__1,22722.5,1057.5,74.712491049713563,85.885069276791796,,,1.0473788936042967,
78,sleep_duration__0,1973,243,62.559054563681251,77.648765013395575,87.192746134811529,3.1521367712664263,0.94693615868628023,0.71115280805693815
78,sleep_duration__1,11477,990,71.16101993427128,81.90438578498869,90.717053896959698,4.1881899950294974,0.99883397297325216,0.94489652314311201
78,sleep_duration__2,20663,1454,74.583333334071966,84.083333333351476,91.116549209670865,5.0857216143562658,1.0254065040504636,1.1473884128423275
78,sleep_duration__3,4489,435,65.100391183514503,77.793712601249482,86.358004388386888,3.6595694846596722,0.94870381219666822,0.82563457874627777
78,sleep_frailty__0,3068,482,66.361436280602447,79.739026214470798,88.302491353799155,3.6342384606600051,0.97242714894292726,0.81991965260077193
78,sleep_frailty__1,2696,400,74.083333333487786,83.583333330762827,90.448003913708831,5.107547562355748,1.0193089430433731,1.1523125596464334
78,church_frequency__0,2242,656,68.666567835636869,78.500000000967304,87.205311914897436,4.2343752988524095,0.9573170731687124,0.95531637827250437
78,church_frequency__1,1642,300,72.300865133162276,83.971895965170575,91.776263204939525,4.3116908653517259,1.0240475117555943,0.97275952437063873
78,church_frequency__2,1710,408,74.798130903262148,84.083333335009968,91.328011446927491,5.0867477906386185,1.025406504070689,1.1476199282230712
78,education_level__0,13422.5,2814.5,67.675948315557932,79.416666664999084,88.500000001858808,3.8136990755378992,0.96849593492503627,0.86040771814710415
78,education_level__1,25535.5,2519,74.736371822416729,84.333333330739208,90.927050772769306,5.2087582978663605,1.0284552845063675,1.1751466889963988
79,all,56257.5,7465,71.166666666308515,82.204751887132147,89.583333330627397,4.4636064378793705,1,1
79,diet__0,25991,1971,71.341164691819046,82.166666669114591,88.901245743910422,4.6791735428424275,0.99953670296250208,1.0482943798838751
79,diet__1,11202,1085,75.166666668170308,84.397075755518088,90.437677440093495,5.5266201442728313,1.0266690649634953,1.2381513068384433
79,number_of_friends__0,581.5,255.5,60.708228553555664,77.416666665521873,85.885016224113897,3.0749223323693919,0.94175415518333594,0.68888742212457843
79,number_of_friends__1,12337,4738,71.988208227382572,82.500000000638195,89.777133353715755,4.6377169736080539,1.0035916185710458,1.0390066951806356
79,income__0,7729,660,63.625667234291534,76.920543249815665,85.922425519923863,3.4498532147331042,0.93571893940423601,0.77288472062785762
79,income__1,7267.5,710.5,65.655499160922957,78.092197405412165,86.793364460192066,3.6944221329725471,0.94997181565164801,0.82767649531568965
79,income__2,7285.5,468,75.851879208661231,84.154621066795315,90.111067851616838,5.9017818737091883,1.0237196650424827,1.322200322955239
79,income__3,7304.5,335.5,77.417175643966644,86.33333333059268,,,1.0502231482813684,
79,alcohol__0,5206,452.5,66.666666664252048,77.475858121786587,85.153743833296176,4.1908116363313948,0.94247420426694584,0.93888466527134529
79,alcohol__1,10590,1357.5,77.620661408978592,86.161058020122695,92.249999999344269,5.889607208685776,1.048127462733816,1.319472782973198
79,physical_activity__0,11099,1352,67.211366393126298,78.170211026279915,86.367394271795476,4.0807108614268008,0.95092083160360741,0.91421833851586598
79,physical_activity__1,23015,1088,75.249999998696069,85.583333333402749,90.731883917153468,5.5279663498426617,1.041099588146795,1.2384529027762943
79,sleep_duration__0,2015.5,230.5,66.643677539622075,80.88683839369881,86.506668728517525,4.0722385477832352,0.98396791592725874,0.91232025145073692
79,sleep_duration__1,11563,1010,70.286154266847731,82.054687236717953,89.534752421249252,4.2628915923394013,0.9981745015103235,0.95503303251903016
79,sleep_duration__2,21115.5,1602.5,74.000000001899792,83.916666663929561,90.088668612312119,5.2158863294393454,1.0208250099598608,1.1685363398475108
79,sleep_duration__3,4841,462,65.073578031941267,77.750000000948205,86.229644961065574,3.6750687290516355,0.94580907083935539,0.8233406731077384
79,sleep_frailty__0,2962,510,66.328500968373177,79.576150185405666,87.556297375639573,3.7486769073292172,0.96802372561946814,0.83983141423870433
79,sleep_frailty__1,2760,446,72.766001779879929,82.975374706509115,90.369201955551532,4.7136528516664109,1.0093744315466706,1.0560189204104284
79,church_frequency__0,2308,686,68.857227069242342,78.666666666505463,86.322157432045685,4.5042645480023813,0.95696008880989625,1.009108802643973
79,church_frequency__1,1818,364,74.688668935422101,83.335858623348912,90.79671177882669,5.1735558089523357,1.0137596271535469,1.1590528602719412
79,church_frequency__2,1684,450,72.750000002494019,84.031326520435982,90.879014995939883,4.6351843467952127,1.0222198180928974,1.0384393004409587
79,education_level__0,14452.5,3062.5,67.50305758774428,79.739322230654949,88.257375027130337,3.8420594877927123,0.97000867224972276,0.86075229554020649
79,education_level__1,25694,2544.5,74.500000003078952,84.249999998825828,90.850191803056319,5.1528447512733431,1.0248799256094323,1.1544128773417186
80,all,55642.5,7120,71.416666666340049,82.41666666451448,89.750000000416037,4.4954545451550496,1,1
80,diet__0,25751.5,1803.5,72.031636273978833,82.999999998243766,89.897969998342774,4.645608958096334,1.007077856425616,1.0334013860963431
80,diet__1,11254.5,1037.5,76.279043658380871,84.833333332298125,90.635884851590589,5.9089135409829092,1.02932254804263,1.3144195946439292
80,number_of_friends__0,573,215.5,68.952202507961701,77.818026580020856,86.144640007938364,4.5262939929330255,0.94420254700165362,1.0068601400521806
80,number_of_friends__1,12313,4528.5,72.500000001721773,82.916666668422607,89.916666668938632,4.7607655501896611,1.0060667341224006,1.0590176148751296
80,income__0,7373.5,576.5,65.26395091108499,77.70775384111721,87.058049592108787,3.565541065883933,0.94286455623635712,0.79314361430406954
80,income__1,6861,638,69.040544918514257,79.241300141579032,87.083333331582068,4.3918544255713332,0.96147179142950412,0.97695447289187454
80,income__2,7231,435.5,76.068969270160267,84.166666666316644,90.380353979456146,5.8810987459268462,1.0212335692843018,1.3082322792619863
80,income__3,7498.5,259.5,81.141416788972734,88.282794067787137,90.538371129027652,9.3948305879786993,1.0711764700112336,2.089851091499507
80,alcohol__0,5054.5,412.5,66.422988228770421,77.690055332483638,86.040954438398089,3.9601482897017455,0.94264981194554975,0.88092277430983534
80,alcohol__1,10512.5,1237.5,78.666666665037297,86.83333333329378,92.247819743479653,6.3936642810635957,1.0535894843546365,1.4222509018480303
80,physical_activity__0,10641.5,1175.5,67.854912243066266,79.790190923165753,87.628073664217268,4.0352773754133011,0.96813174024569493,0.89763500773515736
80,physical_activity__1,23248,979,76.857282863656962,85.887454423590754,91.253178967128392,5.9661068547778582,1.0421126927300333,1.3271420709186785
80,sleep_duration__0,1887,233.5,61.954282300896033,78.721999422064059,87.05057916890334,3.1367974261740046,0.95517087268901635,0.69777091385668
80,sleep_duration__1,11749.5,896.5,72.833333334230929,83.560134339005742,90.778524525490184,4.6564081401209156,1.0138742286089519,1.0358036308340239
80,sleep_duration__2,21048,1509,74.97253228599935,84.500000001518757,90.485217255446926,5.4471550326679452,1.0252780586902974,1.2117028384901778
80,sleep_duration__3,4540.5,418,66.079680576399198,78.916666666895367,86.250000000318039,3.9125144727907757,0.95753286150401806,0.87032677863631513
80,sleep_frailty__0,2818,438,68.791578571643328,80.124057731401265,89.119629463740111,3.9415514136946697,0.97218270252975025,0.87678595659312231
80,sleep_frailty__1,2822,434,74.160826407253978,84.322247914823478,90.261908059011603,5.2370548599521385,1.0231213094077909,1.1649667029992206
80,church_frequency__0,2278,606,70.329920626978534,80.416666663868725,87.140676162955998,4.7836438101645911,0.97573306369223889,1.0641068132520961
80,church_frequency__1,1888,346,74.80801039784923,84.38815500675544,91.478706131290281,5.0620655763919107,1.023920991008604,1.1260408765221579
80,church_frequency__2,1740,440,76.583293208134776,85.499999997850892,90.915871360214652,5.9654305799437441,1.0374115267957564,1.3269916356673994
80,education_level__0,13662,2781,67.749999997590976,79.666666665417338,88.50000000039995,3.8393574291389245,0.96663296259855669,0.85405321988557759
80,education_level__1,25838,2452,75.124600911732827,84.416666668908761,90.701332286279523,5.4194082596076996,1.0242669363532437,1.205530654391431
81,all,55396,7227,71.320412373808352,82.333333332280247,89.833333332234048,4.4473442908969085,1,1
81,diet__0,25594,1890.5,71.114788397464139,82.500166323185979,90.21648591044594,4.3189965848384748,1.00202631163046,0.97114059590098667
81,diet__1,10850.5,927,74.833333333984811,84.833333331973961,92.121533648873637,4.907007773325855,1.0303643724663039,1.103356846774785
81,number_of_friends__0,555,219.5,66.786669465985938,79.423822267721505,87.072959856964729,3.9151476557311269,0.9646618089320329,0.88033383512602936
81,number_of_friends__1,12037,4566.5,72.493451108922443,82.676175965182608,90.083333333168468,4.7002120259350653,1.0041640805616203,1.056858142410009
81,income__0,7662,579.5,64.833333332662136,78.324381939795629,87.636956932877723,3.4347340279312077,0.95130828268175027,0.7723112498759378
81,income__1,6969,651,65.662431195946766,78.472272802713306,86.749999999543078,3.7212574637494722,0.95310452798036849,0.83673698736712732
81,income__2,6994.5,444,74.738133253675755,84.013436085139006,,,1.0204061063102865,
81,income__3,7376,290.5,79.83529830044121,86.523269614068482,,,1.0508899143543542,
81,alcohol__0,4943.5,397,66.683004509642601,78.111638322668071,88.55328839998505,3.5715877633010908,0.94872435210931771,0.80308326265893815
81,alcohol__1,10431,1295.5,77.833333332750527,86.499999999603673,92.083333332570987,6.0701754386451592,1.0506072874580168,1.3648989243018488
81,physical_activity__0,10759.5,1269,67.166666665095292,78.786061218423285,86.749999999331067,4.0231180194787743,0.95691572331292707,0.90461132674471234
81,physical_activity__1,22947.5,984.5,75.916666663469613,86.00000000054402,,,1.0445344129754333,
81,sleep_duration__0,2020,267.5,64.173297780741521,78.033190216460156,85.829999806224919,3.6031889862380089,0.94777154110273165,0.81018890163579926
81,sleep_duration__1,11761.5,924,71.416666663742248,82.666666663603294,90.875168206804503,4.2483572787277302,1.0040485829715868,0.95525711544831893
81,sleep_duration__2,20498,1416.5,74.788166296829033,84.08333333237043,91.374993844949785,5.0692836281339932,1.0212550607301121,1.1398451067775679
81,sleep_duration__3,4547,427.5,62.585678455451102,77.464585583281234,86.250000000126505,3.2734758711352607,0.94086541195472118,0.73605182262043611
81,sleep_frailty__0,2662,416,66.474497943147284,80.326383077939269,88.952688050099624,3.5735253904225548,0.97562408597935246,0.80351894449392214
81,sleep_frailty__1,2738,402,72.366141249692447,82.91666666889185,90.749999998311992,4.5102972016208573,1.0070850202828225,1.0141551691540511
81,church_frequency__0,1960,548,70.499999997469061,78.916666663351094,86.267531431627205,5.0050108980527677,0.95850202426348763,1.125393171897513
81,church_frequency__1,1816,348,71.5339746855702,83.525521874054661,93.062175228096436,3.8798190173424185,1.0144800227747732,0.87239007451792416
81,church_frequency__2,1666,394,76.083108461513007,86.546602055091142,92.30955735510976,5.333674830679926,1.051173304326293,1.1992943387803845
81,education_level__0,13980.5,3055,67.166028093192608,79.106162922517683,87.800474185144736,3.833694520802803,0.96080359826149175,0.86201882967546262
81,education_level__1,25483,2370,75.147250585323548,84.499999997928271,91.249999997586244,5.2475510755684462,1.0263157894616486,1.1799291290106433
82,all,54975,7171,71.500000000758433,82.499999997950226,89.839236813574445,4.4985514304661107,1,1
82,diet__0,25540.5,1902.5,71.079859950044892,82.547654119574077,90.000000002877911,4.3629515367785956,1.000577625716667,0.96985698712497215
82,diet__1,10795,1059.5,74.323494077705504,83.902304933932115,89.977869408217217,5.3596712205053221,1.0169976355880816,1.191421572777259
82,number_of_friends__0,572.5,233,68.907619381997208,78.167479347172431,85.833333335016107,4.618267776717941,0.94748459817108555,1.0266121990828114
82,number_of_friends__1,12047,4541.5,72.370041368446138,82.833333334595892,89.999999997397055,4.6984417308031396,1.0040404040806539,1.0444343703582639
82,income__0,7517,606,64.378867284991117,76.920487621409222,87.716690738342209,3.2959580731751643,0.93236954694933782,0.73267097734028985
82,income__1,7098,637.5,66.115039424643655,79.166666666293764,87.241770354284284,3.7472274783044441,0.95959595961528144,0.83298535900392734
82,income__2,6971,477.5,72.046911209789698,83.627956367635491,,,1.0136721984207671,
82,income__3,7315.5,294.5,80.249999999068436,87.676271517209045,90.639406312572234,8.4390068952496744,1.062742685083484,1.8759387384341362
82,alcohol__0,4894.5,442,64.416581822504327,77.444270344158767,86.865126212888924,3.4498571042018442,0.93871842843736886,0.76688177461703322
82,alcohol__1,10389,1334.5,78.155648699011607,86.441047285062282,91.916666668317205,6.2815881410715306,1.0477702701479996,1.3963579694854513
82,physical_activity__0,10650,1247.5,66.666666667069777,78.942500553727925,87.719066079172009,3.7498101289274821,0.95687879461441583,0.83355946617219201
82,physical_activity__1,22787.5,1052,74.901331881032732,85.999999997039239,90.672084112429104,5.4531324020062062,1.0424242424142542,1.2121974120547485
82,sleep_duration__0,2007.5,277.5,61.583333331459706,75.855583641561225,84.970271980689247,3.2435020581054208,0.91946161992055653,0.72101033149005256
82,sleep_duration__1,11635,1004,71.22788913563295,81.528167725716344,89.963959332204894,4.3514017011226391,0.98822021488172085,0.96728953050377264
82,sleep_duration__2,20432,1465.5,74.470575189662213,84.249999997706908,89.983467412615582,5.4309666300039092,1.021212121209699,1.2072700988196077
82,sleep_duration__3,4570,441,64.649761294056489,77.833333335966728,86.847764277393821,3.5063214197417398,0.94343434348970368,0.77943344072837184
82,sleep_frailty__0,2832,492,66.453663817745706,80.16543580391486,87.334029263927789,3.8392735994270106,0.97170225219280759,0.85344663916162233
82,sleep_frailty__1,2680,428,72.41666666690692,83.067237438277701,89.300504574476918,4.9199262568751543,1.0068756053374734,1.0936690027717175
82,church_frequency__0,2370,684,69.109663456812186,79.18832817312736,87.009007149691385,4.4240911584166316,0.95985852333448307,0.98344794469944208
82,church_frequency__1,1762,370,71.466013134391574,82.723793874168862,90.15446650706113,4.4264654877832816,1.0027126530451418,0.98397574334826265
82,church_frequency__2,1552,400,75.825852862239145,84.747437899985428,91.14110450088188,5.5335321873624723,1.0272416715404975,1.2300697842169881
82,education_level__0,13797.5,2856.5,67.083333331507077,79.249999998324043,88.019434078501817,3.7853276002074998,0.96060606060961296,0.8414547791032565
82,education_level__1,25428,2476.5,75.032908818206565,84.847290438319789,91.134880809149124,5.2693726262874403,1.0284520053385198,1.1713487569800802
83,all,55629.5,7331.5,71.24999999873549,82.250000002826496,89.833333330192744,4.4260089692087909,1,1
83,diet__0,25548,1897,71.235084385345445,82.490057766570047,90.461991196352358,4.2903447016941172,1.0029186354253532,0.96934839751602997
83,diet__1,11089.5,1047,75.290508175972903,84.230406231471946,91.416666666710157,5.223215825384159,1.0240778872775367,1.1801186716342962
83,number_of_friends__0,557.5,229.5,58.99027527960142,76.246940686794545,87.333333334550119,2.6901451684915076,0.92701447640333545,0.60780382218077778
83,number_of_friends__1,12351,4656,72.628118251004196,82.770746563697273,89.999999999226617,4.7646390738393549,1.0063312651775427,1.0765091320389029
83,income__0,7541,621.5,64.606751684127602,76.583333330670186,86.836301890545968,3.4451139415568641,0.93110435657189572,0.77837934028695044
83,income__1,7022.5,709.5,67.246130600131437,79.038692074024908,87.083333331149632,3.9843668054285217,0.96095674250831331,0.90021661346537696
83,income__2,7022,462,74.711966238609477,83.999999999286288,90.471615742204662,5.3300677772131744,1.0212765957009076,1.2042605006663591
83,income__3,7659,299,79.249999999405972,88.200501813134352,91.04936456786757,7.4750213285963358,1.0723465265666063,1.6888852644897818
83,alcohol__0,4713,421,64.686793556434253,77.592426595019262,86.069763800147214,3.6287019862375316,0.94337296768818024,0.81985870599946187
83,alcohol__1,10572,1337,77.399663284800766,86.499999999129855,92.010677242580542,5.9201914561906293,1.0516717324760767,1.3375913825246819
83,physical_activity__0,10860,1329,67.16666666516727,78.666666663400335,87.241832836869833,3.9186060025887528,0.95643363721212127,0.8853588028967001
83,physical_activity__1,22936,1067.5,74.539959916857313,85.713699762513116,91.159241579175315,5.1574852333634533,1.042111851180153,1.1652676868129852
83,sleep_duration__0,1938.5,252,65.463254468382161,78.545878077326435,86.067345240583549,3.8121496816204528,0.95496508297419125,0.86130636158695495
83,sleep_duration__1,11618,979.5,70.281708501235315,82.0833333308737,90.416666664699591,4.0766577543636195,0.99797365748392619,0.92106857051678714
83,sleep_duration__2,20760.5,1494,74.749999996712447,84.184371844983232,91.416666664577434,5.0510623103358263,1.0235181986880275,1.1412227913398856
83,sleep_duration__3,4632,439.5,62.152450418666469,76.647051176160559,86.481284416221314,3.150461349025766,0.93187904162342383,0.71180636346269166
83,sleep_frailty__0,2888,498,67.464558965824637,79.960601482804051,88.279032895831378,3.8415864725521867,0.97216536753867755,0.86795722721703439
83,sleep_frailty__1,2634,412,73.761687202626391,83.457965132502679,91.619008697311614,4.6735992941238029,1.014686506135376,1.0559398606368555
83,church_frequency__0,2272,666,68.666666668189052,77.680370078998109,86.991820466349736,4.2390023535188543,0.94444218937785585,0.95774825198256064
83,church_frequency__1,1778,326,76.769881755644946,84.644033505921811,91.578973311533588,5.715680343151381,1.0291067903101889,1.2913847176801216
83,church_frequency__2,1728,428,74.840571284239914,84.750000002171291,91.105549696842957,5.2105817697552004,1.0303951367691049,1.1772641686911589
83,education_level__0,13503,2965,66.750000001314532,79.050589398386052,88.166666668352633,3.691078104140781,0.96110139082880852,0.83395179038704281
83,education_level__1,26071.5,2436,74.882131767616343,84.916666669524133,91.083333332340416,5.2413807908185461,1.0324214792292523,1.1842228127602539
84,all,54711.5,7031,71.583333331113366,82.347918272139609,89.833333331304431,4.5122146997960266,1,1
84,diet__0,25260,1831,71.749999997697756,82.740406379602732,89.49039727626257,4.6639545372287383,1.0047662177222993,1.0336286829258303
84,diet__1,11055.5,1039,75.166666666796971,84.442063588498485,91.020484890384026,5.3262919000084752,1.0254304584778724,1.180416326432616
84,number_of_friends__0,582.5,231,67.616026608847051,76.731568752182923,86.225782089119321,4.1231905939615441,0.93179731026841461,0.91378422089443834
84,number_of_friends__1,11919,4419.5,72.58333333659445,82.916666666362616,89.99999999742009,4.7607655518183947,1.006906651754613,1.0550840038780964
84,income__0,7157,549.5,65.036100857416869,79.323754542704606,88.233481338775889,3.4195134492210313,0.96327577195769676,0.75783482762369647
84,income__1,6690,614,68.698236354629984,78.999999997709807,87.516628649319131,4.1980206789506074,0.95934422697407173,0.93036811372038164
84,income__2,7252.5,468,73.530217836932351,83.6666666697636,90.397380416782468,4.9603284650681934,1.0160143501535261,1.0993112684315363
84,income__3,7477.5,274.5,80.416666664208208,88.123728277877845,90.950282382890549,8.3659524546336232,1.0701391137375278,1.8540679048387931
84,alcohol__0,4665.5,382.5,66.370500095788302,78.670018724574021,86.023899171160323,4.0028708735252128,0.9553370671082293,0.88711888503580327
84,alcohol__1,10321.5,1295,77.718643189992946,86.416666667403447,92.318997596775958,5.9188060960531281,1.0494092441027789,1.3117297136416595
84,physical_activity__0,10423,1195,67.166666663529895,79.25000000292998,88.278169486230965,3.753877716261532,0.96238012649000093,0.83193685717818899
84,physical_activity__1,22879,998.5,75.954580813039954,86.030470122488822,91.367995685380151,5.5815321156944195,1.044719428585666,1.2369828315010656
84,sleep_duration__0,1891,230.5,60.833333335290696,76.547111156155822,85.979620294067317,3.0440721241129061,0.92955733140923436,0.67462927334785561
84,sleep_duration__1,11617,969.5,71.083333333670183,82.599507301943632,90.216124305680992,4.3171697962298197,1.003055195991386,0.95677401973469389
84,sleep_duration__2,20509,1453.5,75.183207170580431,84.381427232539792,90.760224280793423,5.4170465780136778,1.024694114958437,1.2005294380736258
84,sleep_duration__3,4462,428.5,67.302258424381961,79.625389571276628,87.246621100712687,3.992375733608839,0.96693870643012869,0.8847929452003499
84,sleep_frailty__0,2830,408,68.657170123176684,80.016406853852871,89.209370381762781,3.8933255732764867,0.9716870630465525,0.86284138329066729
84,sleep_frailty__1,2648,404,73.722788100736949,84.157149100951784,90.726787685154861,4.9492561254865901,1.02197057153082,1.0968574092253012
84,church_frequency__0,2060,586,68.612654463980462,79.407621730175336,87.630735130331928,4.1753751665734908,0.96429422135180987,0.92534940032047619
84,church_frequency__1,1726,336,72.82782911865965,82.694784436678688,90.734200613375606,4.618176522311142,1.004212203196112,1.0234833290445833
84,church_frequency__2,1746,428,74.636660044882873,84.925609489776207,90.712820570877312,5.2827047448584041,1.0313024454257358,1.1707565123390975
84,education_level__0,13051.5,2827,67.999999997867008,79.833333333035426,88.491154427345734,3.895990028662641,0.96946389184005721,0.86343188165198748
84,education_level__1,25820,2345,74.796072670628533,84.833333333178302,91.16666666593558,5.1820559081422122,1.0301818808925443,1.148450650714042
85,all,56414.5,7384,71.147014122012877,82.083333333518581,89.507264417257929,4.4707088418493166,1,1
85,diet__0,26317.5,1972.5,71.199581456497768,82.166666666799273,89.167869122682305,4.5728712826338498,1.0010152284257523,1.022851508429315
85,diet__1,10979,1062.5,72.833333336654633,83.768364514614063,90.357892319185225,4.780055498008184,1.0205282986528936,1.0691940958586124
85,number_of_friends__0,575,241,66.642794755963152,77.804639126733306,86.73737862338389,3.871920893712939,0.94787377616110924,0.86606420383916394
85,number_of_friends__1,12181,4679,71.750000002342887,82.402778797700904,89.681771284589473,4.5953507604284507,1.003891721391045,1.0278796770240075
85,income__0,7617.5,601,63.500000001557183,77.833333333257784,87.370945539090499,3.2605886185311377,0.94822335025074678,0.72932251548333649
85,income__1,7226,708,66.046704147810544,78.017388179932325,86.725329840711026,3.7728517039078548,0.95046564279906098,0.84390458814741509
85,income__2,7083.5,495.5,71.674989863742923,83.242548436216254,89.93907788100212,4.5577172184865571,1.0141224174947621,1.0194618749990547
85,income__3,7473,303,79.567623970924075,86.645636552030226,,,1.055581359007123,
85,alcohol__0,5053,434,65.365189427125699,76.693425683865442,88.699081542782096,3.286782389484276,0.93433615046122664,0.73518149039754799
85,alcohol__1,10500,1386.5,77.416666663681127,86.050649869429037,91.415877300484823,6.1468215674391873,1.0483327902850945,1.3749098375407833
85,physical_activity__0,11177.5,1278.5,67.256098869545838,79.131891358002747,87.652641320952526,3.8796718388191946,0.96404334649125878,0.86779792110424292
85,physical_activity__1,23113,1108.5,73.742758420658376,85.116485571667923,,,1.0369521084849846,
85,sleep_duration__0,2028,274,62.912789793911422,75.219603836736979,85.183034085818434,3.3775832384592079,0.916380960445489,0.75549165869233048
85,sleep_duration__1,11756.5,1029,71.042137370376579,82.059524645731784,90.008367233637387,4.3266123651009858,0.99970994492036458,0.96776876288621716
85,sleep_duration__2,21091,1487.5,73.973344840170199,83.916666665382934,90.204569805480276,5.1700760013327693,1.0223350253627641,1.1564331707170978
85,sleep_duration__3,4723.5,474.5,63.012711614802669,76.67601203612287,85.802917365205431,3.3644282493925184,0.93412400449888111,0.75254917473015681
85,sleep_frailty__0,2890,470,63.28571183936694,80.171790340732201,88.134793413104092,3.2263482295243175,0.97671216658539617,0.72166368771841849
85,sleep_frailty__1,2744,440,71.900578066915287,81.916666669445661,88.814727364735035,4.8430852316057544,0.99796954317881159,1.0832924717151573
85,church_frequency__0,2252,664,69.079734914608281,78.666666664136883,86.418795906860055,4.5369623360394371,0.95837563448478391,1.0148194607463443
85,church_frequency__1,1734,370,69.946582819982055,82.717339580484378,90.173791124700841,4.0894095880343171,1.0077239339731698,0.91471167832587497
85,church_frequency__2,1670,420,75.796607432665326,84.750000002306479,92.417416275425964,5.0990298248463519,1.0324873096704392,1.1405416915356825
85,education_level__0,14600.5,3156.5,66.679821107133463,78.809014145207058,87.60967072972015,3.7653884555462551,0.96010981699527964,0.84223522236547521
85,education_level__1,25597,2417.5,75.083333330921008,84.666666666793219,90.682609602886089,5.4276022291467205,1.031472081217488,1.2140361676743823
86,all,55934.5,7235.5,71.666666668360079,82.528947530105697,89.916666665275898,4.5221341120028917,1,1
86,diet__0,25990,1935.5,72.0035080174207,82.499999998137554,89.677911990184114,4.6677670220320637,0.99964924389763266,1.0322044650649846
86,diet__1,11300.5,1055.5,76.431490249046362,85.143832100717205,91.805312008421637,5.5382346324390506,1.0316844531387925,1.2246949106925358
86,number_of_friends__0,563.5,239.5,66.558149570478491,78.80853292649536,86.142811183246167,4.0239925756551411,0.95491988308401521,0.88984370564650961
86,number_of_friends__1,12343,4650,72.583333330830115,82.833333330446791,89.99999999801463,4.7559808609368757,1.0036882307293458,1.0517115908423182
86,income__0,7696.5,536.5,67.230589998596784,79.873430308829896,89.578682721997282,3.5740602698142157,0.96782320263678279,0.7903481368072991
86,income__1,7167,647,69.041936723078535,79.500000001823651,88.040406044783666,4.1845476420038485,0.96329836234519872,0.92534797473100083
86,income__2,7077,495.5,72.701444611267448,83.347134840821525,89.834250705210906,4.8647684672206264,1.0099139433520263,1.0757682869927045
86,income__3,7373.5,295.5,79.985276498908888,87.961616916364505,90.741604488530868,8.1776622097459697,1.0658274405386914,1.8083634866202616
86,alcohol__0,4988,419,65.455572337182218,77.666666665264458,87.281133100530553,3.5585187252411905,0.94108393466343998,0.78691136465766875
86,alcohol__1,10502.5,1288.5,78.41666666917456,86.913783048313221,92.416666666688144,6.2081273616963726,1.0531308789150375,1.3728313243117729
86,physical_activity__0,10883,1207,68.433327118820202,80.386874191907381,89.226445024678,3.8660327208196583,0.97404458190361742,0.85491332743941106
86,physical_activity__1,23248,1039.5,75.999999997691532,85.910667111004173,91.043511879192494,5.7108119292708972,1.0409761626932763,1.2628577100606002
86,sleep_duration__0,1944.5,234,64.14505367192919,78.884500330087519,87.059950260140326,3.44249863953873,0.95584037711508774,0.761255317572618
86,sleep_duration__1,11905,986.5,71.612848189785922,82.561954158725086,90.930390639624363,4.2739367273612787,1.0003999400162875,0.94511498807989036
86,sleep_duration__2,21048,1563.5,75.570244384400439,84.500000001667772,91.020251986749386,5.4692529723299801,1.0238831650051403,1.2094406837278873
86,sleep_duration__3,4638,428.5,65.499999997463135,78.74742388844713,86.978382487621687,3.6663572745540498,0.95417942728181393,0.81075819154115902
86,sleep_frailty__0,2780,438,68.703439794976504,80.283120242432389,89.187060279882132,3.9193813565132682,0.97278739939275183,0.86671055290249688
86,sleep_frailty__1,2790,438,74.500000002865875,84.153921359342007,90.749999999869345,5.1787028538375468,1.0196897437549841,1.1451900199270859
86,church_frequency__0,2248,634,70.618821691783552,80.329356635524945,87.002463400076792,4.9030220549112107,0.97334764394301332,1.08422747611517
86,church_frequency__1,1846,378,74.000000001414236,83.463695837026748,90.737241216699459,4.9867056800737171,1.0113263083426585,1.1027328152072569
86,church_frequency__2,1824,460,76.734671261891677,85.688919906399718,92.539510544258988,5.4216887862946299,1.0382892605669216,1.1989225998194286
86,education_level__0,14017,2868.5,68.558807421612428,80.499999997029008,88.833333331811076,3.9704997470019894,0.9754153228194683,0.87801459414113248
86,education_level__1,25785,2461.5,74.833333333301624,84.583333330109582,90.70215386576406,5.3301587951719309,1.0248929116569003,1.1786821582810507
87,all,55973.5,7126.5,71.416666664661321,82.583333334878532,89.999999999843013,4.4439461879819477,1,1
87,diet__0,25907,1769,71.5833333324873,82.83098695006575,89.42540509245687,4.6424534137288447,1.0029988328780939,1.0446691335470562
87,diet__1,10985.5,939,75.416666665383048,84.987881091921793,91.722686035557345,5.2120556932107549,1.0291166226881727,1.1728440158222562
87,number_of_friends__0,624.5,241,65.411417630200134,78.969036108113912,86.953556462776618,3.6657936670937818,0.95623454417723119,0.82489605229861374
87,number_of_friends__1,12179,4525.5,72.623907256713835,83.000000002478842,90.249999996988819,4.7089279073646786,1.0050454086893139,1.059627571571262
87,income__0,7774.5,559,66.806894605848171,79.178036358308958,88.439609415143593,3.660106327675837,0.95876532419972726,0.82361625745471456
87,income__1,7151.5,598,69.891289891097983,79.959172882890201,88.232627772330417,4.359506018626238,0.96822409139932308,0.98099883171761471
87,income__2,6972.5,428,73.725827938497943,83.954811856766781,90.0541097843996,5.1416807138124669,1.0166072071264896,1.1570078701037039
87,income__3,7203.5,267,79.286343069065552,87.035247836359801,,,1.0539081473428613,
87,alcohol__0,5017.5,446,66.515369727676116,77.716158929703923,85.275848459973929,4.1425466822394421,0.94106347844500249,0.93217750778405017
87,alcohol__1,10525.5,1261.5,77.833333333008326,86.833333335353601,92.000000003332815,6.12941176326588,1.0514631685214395,1.3792722737827128
87,physical_activity__0,10890,1219.5,67.477914011775766,79.249999997083179,88.233185302455297,3.8183071127897805,0.95963673052190135,0.859215425046297
87,physical_activity__1,22944,929.5,76.142675754910385,86.536364457890372,91.120423836037929,5.777661901452932,1.047867178077956,1.3001196812593812
87,sleep_duration__0,1974.5,207.5,66.249508845148227,79.688482466003165,87.616804300332674,3.7294604098652071,0.96494630633112577,0.83922267554702379
87,sleep_duration__1,11638.5,892,71.289559979626802,83.604477433696388,91.396137790864387,4.1580659930587371,1.0123650143144147,0.93566974422500093
87,sleep_duration__2,20911,1382,74.750000003017689,84.416666666868494,91.085097832092401,5.1678090667211025,1.0221997981669706,1.1628874086497141
87,sleep_duration__3,4758.5,426.5,63.921222170288893,78.052567104505542,86.591572809426779,3.4429360333649317,0.94513703858379561,0.77474746266637684
87,sleep_frailty__0,2974,396,68.666666667591088,81.536124124710057,90.170073171223066,3.791777089408527,0.98731936375198126,0.85324550051098191
87,sleep_frailty__1,2778,394,74.762903687820184,84.083333332904914,91.702985659582239,4.9635729905596691,1.0181634712169323,1.1169291392373251
87,church_frequency__0,2146,582,69.784090475734686,79.828543037768,87.395278648152754,4.5328311898224021,0.96664229710927563,1.0200013677215156
87,church_frequency__1,1758,318,74.353807681764465,84.500503362870674,91.610442667402566,4.8966964552009431,1.0232149751114785,1.1018802316831373
87,church_frequency__2,1680,362,73.696263563716329,84.751540869804558,92.248333397150077,4.568306481741943,1.0262547834698541,1.0279842033407856
87,education_level__0,14210,2935,68.416666668207966,80.4166666671222,88.450419815987686,4.0140589770636428,0.97376387486116101,0.90326453275224694
87,education_level__1,25892,2453,74.03839132132876,84.257463400664392,91.166666666145105,4.9192029964747057,1.0202720088688744,1.106944771243636
88,all,55673,7268,71.249999999403101,82.15746450091531,89.833333334642489,4.4210294794164264,1,1
88,diet__0,25921.5,1970,71.142132145490024,82.250000000925837,89.27247263020827,4.5365943386586123,1.0011263188387405,1.026139807431784
88,diet__1,11104,1045,75.553565995621298,84.750000001561446,90.828501831354941,5.5483048120765455,1.0315556902394092,1.2549802795725575
88,number_of_friends__0,563.5,237.5,64.348374148225631,75.833333332335982,85.027334116100008,3.6671734676282663,0.92302426557347239,0.82948405675691883
88,number_of_friends__1,11993,4606,71.968847229437273,82.379405801907978,89.916666663392803,4.5899395246897878,1.0027014137101347,1.0382060436510949
88,income__0,7703,566,65.569880220933385,79.330342209712825,87.892811780419436,3.5537600425962723,0.9655889783311048,0.80383088580204776
88,income__1,6953.5,634.5,66.466929614985801,78.499999998336918,86.878412065451087,3.8458745066087783,0.95548226171783035,0.86990474153464181
88,income__2,7117.5,519,70.953145607200355,82.52956888434997,,,1.0045291609921885,
88,income__3,7395.5,280.5,80.438345767680232,86.669069146555302,90.601995787835904,8.5273567049908934,1.0549141173361032,1.9288169745740986
88,alcohol__0,4942,391,65.823980387619812,79.036069724398629,85.426135721650397,4.032009152952023,0.96200716763256611,0.91200684630681228
88,alcohol__1,10619.5,1324,77.686144874015312,86.208626542186067,92.217142831311534,5.9327395678904136,1.0493097257307109,1.3419362154249947
88,physical_activity__0,10833.5,1240.5,67.583333331482876,78.970672324483175,88.099002626328982,3.8492856942435694,0.96121116692450226,0.87067632373075088
88,physical_activity__1,23176,1048.5,75.06323734746131,85.844779561154525,90.292501244595712,5.6368305218814561,1.0448810717643087,1.2750040568889205
88,sleep_duration__0,1993,283,61.563171276829287,76.667600101872182,85.263828898955992,3.2348300762041324,0.93317875092187186,0.73169158705341375
88,sleep_duration__1,11760.5,1017,71.083333334967193,82.250000002572136,89.848441304565512,4.3831349191183344,1.0011263188587787,0.99142856647427424
88,sleep_duration__2,20843.5,1492,74.750000000760622,84.306391687201611,90.084914886609795,5.4976758798314735,1.0261562013791499,1.2435284373080371
88,sleep_duration__3,4763.5,465.5,65.28461948719989,77.728292872543193,86.747904295093846,3.6214537321871441,0.94608923662289057,0.81914263387023922
88,sleep_frailty__0,2846,454,67.367808617377676,80.933531267061824,88.109004549472687,3.9020667627860819,0.9851025924267679,0.88261496127846506
88,sleep_frailty__1,2682,448,72.735605123913473,83.213321078776886,89.085544432605488,5.0895186524966922,1.0128516207781681,1.1512066762261233
88,church_frequency__0,2220,706,68.571407281042084,78.416666663865314,85.833333332039359,4.5427530179539231,0.9544679493242112,1.0275328493293747
88,church_frequency__1,1798,382,72.47725707162931,82.680239640701373,89.536865981335026,4.846549535708415,1.0063630875534169,1.0962490881983797
88,church_frequency__2,1598,420,74.877031040253343,84.818380019716457,91.625149523384607,5.064352757304988,1.0323879946267269,1.1455143605994411
88,education_level__0,13685.5,2829.5,67.574437351300531,79.250000000690278,88.083333335381553,3.8641767973373127,0.96461107316435457,0.87404456706933831
88,education_level__1,25830.5,2504.5,74.583333335996599,84.772727707428871,91.249999998499234,5.0863636637165186,1.0318323261605089,1.1504930440744123
89,all,55925.5,7431,71.458785704076561,82.000000003151172,89.500000001461217,4.5451486053817511,1,1
89,diet__0,25648.5,1928,71.249999997303959,82.422212182536327,90.080579316540025,4.3770407051863396,1.0051489290166942,0.9630137725318022
89,diet__1,10958.5,999.5,75.351467204413979,84.39284208086481,91.732031783860862,5.1520105837349881,1.0291810009466058,1.1335186219510343
89,number_of_friends__0,576,250,59.729277200441885,74.980766876928996,85.736699367917865,2.8830526299026076,0.91439959602497034,0.63431427225259174
89,number_of_friends__1,12363,4817,72.250000002863814,82.246593784263325,89.666666666634185,4.7222924668673958,1.0030072412329594,1.0389742727610478
89,income__0,7534,635,64.996889548459706,76.694133580319317,87.711974153434141,3.3763525390314357,0.93529431191917123,0.74284755729078145
89,income__1,7008.5,632,68.672407500103972,79.933758586381359,87.04469325692871,4.3507791923325838,0.9748019339427999,0.9572358508104617
89,income__2,7119.5,439,74.447674049876724,83.916666667172521,89.906057160938502,5.428553947994927,1.0233739837066791,1.1943622572795896
89,income__3,7561,292,80.099399423377065,87.440049544099693,90.78450247484686,8.1833604339521866,1.0663420675699935,1.8004604787316649
89,alcohol__0,4882,475,65.82528685605422,75.596450138378657,86.05435213355689,3.7370214145510547,0.92190792848138492,0.82220005086878323
89,alcohol__1,10484,1289,77.185307899617683,86.650190730154549,92.144647179473424,5.7923808738556906,1.0567096430100571,1.2744095686986197
89,physical_activity__0,10797.5,1261.5,68.207029009191871,79.039198236202324,87.59228731384043,4.0772837273594043,0.96389266138006013,0.89706279845979853
89,physical_activity__1,22959,1032.5,74.594999520211147,85.583333333582544,90.662887479687555,5.3263586072684674,1.0436991869548009,1.17187776896045
89,sleep_duration__0,2101,278,64.261036115012843,76.921490795111509,85.249999997540399,3.6648541217008557,0.93806696087994512,0.80632217775265491
89,sleep_duration__1,11756.5,957.5,71.314945749256054,82.666666667251889,90.822020313634852,4.2377787809457939,1.0081300812692084,0.93237408693920121
89,sleep_duration__2,20487,1499,74.000000001488999,83.666666669876406,91.116074722959866,4.8881924174426912,1.0203252032519656,1.0754747186164064
89,sleep_duration__3,4657,436,64.719520341474848,76.825275215167736,86.127482788409182,3.5886308846813808,0.93689360014896861,0.78955193685685188
89,sleep_frailty__0,2856,488,67.675169106160695,80.521556982457554,88.662501150822493,3.8366742762302888,0.98197020706540483,0.84412515614724171
89,sleep_frailty__1,2670,410,72.416666669557799,82.833333330107294,90.240847106340752,4.6472449952968331,1.0101626015478549,1.0224627176753238
89,church_frequency__0,2316,684,68.467143810317694,77.166666663548227,86.775764777703969,4.2147721994467879,0.94105691049491214,0.92731229831654438
89,church_frequency__1,1766,340,73.125615938041364,83.36477745799067,93.569070483331203,4.0778224283624249,1.0166436274974031,0.89718132065781486
89,church_frequency__2,1698,448,74.523916231041312,83.916666665371523,91.258361750152616,5.0146069416841952,1.0233739836847158,1.1032877859585437
89,education_level__0,14219.5,3123.5,68.276329727196412,79.166666665725359,88.166666669083483,3.9801571434925385,0.96544715442296425,0.87569351171043641
89,education_level__1,25588.5,2402,75.164371678671927,84.26347912134257,90.666666665791581,5.4355486843305663,1.027603403879322,1.1959012028549569
90,all,55391,7175,71.333333334064889,82.583333332717174,89.666666663919202,4.5045454553666495,1,1
90,diet__0,25644,1829,71.500000001196966,82.682453939122865,89.793261889187917,4.5198310965745119,1.0012002495225805,1.003393381498604
90,diet__1,11150.5,972,75.877342739757196,85.014221159430448,91.544112448010154,5.4264039583505568,1.0294355740875649,1.2046507271639624
90,number_of_friends__0,618,235,68.697033981120839,78.25870578296319,87.253761407221248,4.2172687018558435,0.94763316791378904,0.93622514050367756
90,number_of_friends__1,12109,4582,72.750000002638743,83.166666666614603,89.914046181031608,4.8453998435001768,1.0070635721562273,1.0756689862519733
90,income__0,7199.5,520.5,65.254383458442987,79.353727174695791,88.360614000766077,3.4342999836925201,0.96089276095202247,0.76240766526197346
90,income__1,6927.5,629,67.451176487478008,79.019979536171419,87.44441716469214,3.9523347321191804,0.95685141719589495,0.87741033391292045
90,income__2,7070.5,422,74.166666667953606,83.999999997151122,89.981722825084844,5.311394355009881,1.0171543894786419,1.1791188273351674
90,income__3,7520.5,280.5,79.905581011927296,87.916119721404499,,,1.064574608137967,
90,alcohol__0,4789,409,66.827669097274338,78.197816783043763,86.840884189546841,3.9073090666595336,0.94689586418115679,0.86741472705185441
90,alcohol__1,10524.5,1273.5,78.101199044101818,86.865991545664897,91.877657710049277,6.3053933998567837,1.0518586261914795,1.3997846091983888
90,physical_activity__0,10497.5,1166,66.750000000091873,79.249999997781273,87.836301293245569,3.7583642050828598,0.95963673055546994,0.83434926838293966
90,physical_activity__1,23068.5,949,76.060542389591305,86.395035056607725,91.171044773536849,5.7175488187871144,1.0461558230948818,1.2692842985911732
90,sleep_duration__0,1958,243.5,63.85570872791542,78.517332816469988,86.480598308125494,3.4703962880397383,0.95076487770400575,0.77042097197735215
90,sleep_duration__1,11624.5,906.5,71.341141114846067,83.666666664587694,90.320307487049476,4.4083425490765809,1.0131180625454523,0.97864314896068949
90,sleep_duration__2,20829.5,1423,74.749999997742052,84.583333335490266,91.100194721890716,5.173230946941791,1.024217961688654,1.1484468295859862
90,sleep_duration__3,4534.5,434,63.953014193499001,77.853021273171564,86.221387150767313,3.4961252635101316,0.9427207419626934,0.77613275260545966
90,sleep_frailty__0,2768,394,68.86071211536941,81.583333334829675,90.140406536942493,3.8338583119934997,0.9878910191980429,0.85110880775459752
90,sleep_frailty__1,2790,396,73.658058308121298,84.385716349778534,91.219096459171311,4.8052806231579721,1.0218250213974749,1.0667626003047723
90,church_frequency__0,2058,564,70.472867861147606,79.70687268117058,87.051885405262439,4.8076957798663207,0.96516899311925664,1.067298760219747
90,church_frequency__1,1830,388,71.806972468878712,82.706718640704182,91.187050803276705,4.2676152910025538,1.0014940703288144,0.94740198168456247
90,church_frequency__2,1724,394,76.699337604219849,85.680046427017871,91.595304687257226,5.7518955264465577,1.037498039487271,1.2769091983729088
90,education_level__0,13504,2903,67.341606998507316,80.178549824867702,88.35951106819978,3.8147738023261843,0.97088052260907265,0.84687208512488621
90,education_level__1,26061,2425,74.321075674338374,84.388990511142126,90.689160568360776,5.1557033738235827,1.021864668154653,1.144555743727961
91,all,55509,7506,71.166666667332464,81.870925270698166,89.416666668075408,4.4860780968419318,1,1
91,diet__0,25606,1946.5,71.915947557040994,82.265280539976914,89.769425390276055,4.6078014215715637,1.0048167926278451,1.0271335723770216
91,diet__1,11041,1091.5,73.540335178871672,83.833333330167832,91.416666665422994,4.6896273652811331,1.0239695356194052,1.0453735454544346
91,number_of_friends__0,575,257.5,60.647908525618291,75.781666961452331,85.724996620881441,3.0219484285245559,0.92562367789160438,0.67362813649007125
91,number_of_friends__1,12299,4778.5,72.416666666090975,82.416746833494543,89.749999999207759,4.7548123173763956,1.0066668546983153,1.0599040441858658
91,income__0,7397,595,64.83333333226166,77.813486890499377,87.24449632477598,3.4720860723064795,0.95044103426481052,0.7739691546499663
91,income__1,7023,686.5,67.546309716985391,77.986426938510519,86.749999998184805,4.0610125343908479,0.95255338425278646,0.90524784605280995
91,income__2,7135,521.5,71.320551365020279,82.853136872383431,89.95891686097481,4.4453005758668462,1.0119970746444806,0.99091020706844324
91,income__3,7352.5,311.5,77.929475915729057,86.402534759024235,,,1.0553506568216098,
91,alcohol__0,5060.5,461.5,64.684515217347723,75.715489368406466,86.169606269030112,3.5240944144138298,0.9248153617179804,0.78556243077771859
91,alcohol__1,10296.5,1301,77.607626752111031,85.941847331906743,92.124349634264746,5.9201961785438675,1.0497236601119198,1.3196819250007068
91,physical_activity__0,10934.5,1327,67.035814437337407,78.634797673326659,87.166666669010922,3.9061832439266584,0.96047281025991138,0.87073456137031979
91,physical_activity__1,22711.5,1085.5,74.313804376242359,85.219669857081868,,,1.0409027328726457,
91,sleep_duration__0,1997,241,65.109197255494337,79.050713683213758,85.788429505585626,3.82271027894978,0.96555295328396917,0.85212744772340376
91,sleep_duration__1,11758.5,1045,70.166666664750181,81.916666668489029,89.871590691002709,4.1571673435204763,1.0005587013660786,0.92668189313222182
91,sleep_duration__2,20734,1562,74.071890901779739,83.666666666867783,90.868634953813228,4.981124104033646,1.021933810937548,1.1103516248502701
91,sleep_duration__3,4493.5,430.5,65.881705153071977,77.666666669749048,88.170729876317097,3.4845251254421572,0.94864772094552308,0.77674196708594112
91,sleep_frailty__0,2920,478,67.215327193359784,80.628891389307512,88.436700057377067,3.7994191943171094,0.98482936552525835,0.84693558879231057
91,sleep_frailty__1,2704,420,72.497403088732582,83.450329034058853,90.702628169318601,4.5838669208792133,1.0192913877318297,1.0217982883771288
91,church_frequency__0,2270,694,68.180967865407666,77.166666668997777,86.000000001134481,4.3305756497447527,0.94254054676741195,0.9653366607222803
91,church_frequency__1,1708,336,74.136811395280262,83.984377736951529,90.84933625848862,5.0252357692426353,1.0258144446183481,1.1201846380650962
91,church_frequency__2,1748,452,74.303948095981553,84.302150723429463,91.734409207145816,4.8364842551086431,1.0296958345675549,1.0781096875048579
91,education_level__0,14127.5,3018,67.892538524475484,79.166666665676104,88.03913104453612,3.9295313382075507,0.96696924340257917,0.87593912842797506
91,education_level__1,25330.5,2556,74.172666445571977,83.750000001303093,90.344635576607899,5.1787138178848569,1.022951673312497,1.1543967149235588
92,all,56289.5,7442,71.416666664918822,82.08333333227084,89.500000002131316,4.5391705058799632,1,1
92,diet__0,26350.5,1943,71.418884395132338,81.887597493704419,89.249999997785082,4.5923990017496132,0.99761540095144419,1.0117264808186206
92,diet__1,11080,1055.5,74.534748530026192,84.453834120739288,90.928223167816455,5.1516738206344721,1.0288791974233398,1.134937278509605
92,number_of_friends__0,543,213.5,64.833333330192872,76.250000003166491,85.36781807822193,3.7132658032963364,0.92893401020288502,0.8180494208107485
92,number_of_friends__1,12235,4710.5,72.666666667047764,82.666666663777235,89.833333331154037,4.8155339811324405,1.0071065989626065,1.0608841361862218
92,income__0,8005,614,65.631844261448052,78.826135415145657,87.016737064063776,3.6860664274877228,0.9603184010091288,0.81205727405764028
92,income__1,7352.5,680,68.599862876275665,78.156105033908389,86.749999998463522,4.3060889572214585,0.95215559433405139,0.94865106997928916
92,income__2,7184,504,71.160191401467571,83.148898534503076,,,1.0129815050019821,
92,income__3,7063.5,283,80.147514094098455,88.710397085250833,,,1.0807358020678064,
92,alcohol__0,5086.5,444.5,65.16705180643703,77.572700748072805,85.912861218519808,3.7391985632960121,0.94504813095322127,0.82376252631451463
92,alcohol__1,10462,1324.5,77.91666666931944,86.49999999821506,92.010596440765482,6.1373939987598032,1.0538071065908798,1.3520959370901642
92,physical_activity__0,11486,1326,68.333333336499933,78.833333333100299,86.718434968920491,4.2878921699341843,0.96040609138015098,0.94464223460646013
92,physical_activity__1,22990.5,1066.5,74.128541292343755,85.527553814658447,,,1.0419600464864835,
92,sleep_duration__0,1955.5,245.5,62.666666666786526,76.524058330505255,85.475847690087008,3.3549673814387679,0.93227279185578626,0.73911464156122819
92,sleep_duration__1,11862.5,979.5,71.120514862894751,82.218066543128984,90.307379689912466,4.2851225192015097,1.0016414198277346,0.94403206789668637
92,sleep_duration__2,21088.5,1539.5,74.299160557108721,83.54215508772117,90.44458371247633,5.1743552512556636,1.017772447782366,1.139934101297339
92,sleep_duration__3,4907,488,62.53490912867008,76.646564602887324,85.833333335867621,3.2897746182855161,0.93376525405741451,0.72475237800034142
92,sleep_frailty__0,2774,422,67.790472584920465,79.799552657553136,88.731253691674439,3.8107247409131078,0.9721772912721145,0.83952007001648443
92,sleep_frailty__1,2762,442,72.499999997984105,82.85648929576773,90.220296986588096,4.6757957470494507,1.0094191589462769,1.0300991648127131
92,church_frequency__0,2096,610,70.416666668590992,78.916666664096297,86.000000003046736,5.0641711224649546,0.96142131977808487,1.1156600343399559
92,church_frequency__1,1822,358,71.833333336128149,82.972640492115914,91.160841281117214,4.2929818333681125,1.0108341989018061,0.94576351071347897
92,church_frequency__2,1658,410,74.575989898331002,84.775617154236642,91.96887017514797,4.8741563102250733,1.0327993968162517,1.0737989031060136
92,education_level__0,14361,2955.5,67.998433252577485,79.746198123520713,88.249999998409663,3.9377791913276377,0.97152728679658418,0.8675107459009761
92,education_level__1,25533,2523,74.164528488858011,84.166666665461179,90.361443527593025,5.1964628118488072,1.0253807106584849,1.1448044978961243
93,all,55941.5,7342.5,71.533451879136166,82.381191971118966,89.870567982727067,4.4925925922989878,1,1
93,diet__0,25266.5,1920,71.170701318547657,82.499306332975991,89.976973927299341,4.3867973228562116,1.0014337539798943,0.97645117662702696
93,diet__1,11589.5,1120,75.166666667125838,84.499999996712361,91.243255653058029,5.2560900866877942,1.0257195601920424,1.1699458561405194
93,number_of_friends__0,550,228,60.64783740253808,76.259602805458513,86.173287012868343,2.987590971741235,0.92569190832045078,0.66500376127192951
93,number_of_friends__1,12361,4733,72.416666668814969,82.551028372788878,89.916666669269929,4.7172016211795853,1.0020615919435767,1.0499954145109025
93,income__0,7334,612,64.402775788926391,76.694697029189498,86.232714637983022,3.5132804337884718,0.9309733835373124,0.78201625489272908
93,income__1,7072,641,66.908761336359291,79.571389829550967,87.76230934028014,3.8157242985505433,0.96589267435517256,0.84933681836436636
93,income__2,7018.5,462,75.641377533207091,83.353131230813844,90.155441188043767,5.7429217077353245,1.0117980723080047,1.2783090364302336
93,income__3,7572.5,298,79.967341225305802,87.97956221287177,,,1.0679568977797198,
93,alcohol__0,4742,417,64.914333946040017,77.783462221098873,85.840659440844107,3.717014830932079,0.94418956997330217,0.82736521386417916
93,alcohol__1,10677,1366.5,78.17689769341581,86.416666664719116,92.445775284637449,6.0563044368593886,1.0489853884975942,1.3480644666602641
93,physical_activity__0,10631,1256,67.833333336331449,79.250000001225573,88.316977895596821,3.8689404013007245,0.96199142188922049,0.8611821174109352
93,physical_activity__1,22985.5,1053.5,75.333333334443594,85.86748364860405,90.964742626320316,5.4932656451665798,1.042319024452903,1.2227384371738723
93,sleep_duration__0,1986,258,63.581641687100579,78.798089175547574,86.368282320401406,3.4580827618964842,0.95650581510367627,0.76972988109898577
93,sleep_duration__1,11653.5,1010,70.87096068296978,82.311168357024997,90.543632429072673,4.1840360790511655,0.99915000484432759,0.9313188305174307
93,sleep_duration__2,20967.5,1571,74.313996598049215,84.292228118355737,90.478973068625564,5.2144974211243236,1.0231974811423794,1.1606878019749207
93,sleep_duration__3,4399.5,421.5,65.878614630069521,79.005058138608888,87.34780008299407,3.6799280676876709,0.95901814781104799,0.81911012229233693
93,sleep_frailty__0,2914,472,68.596168319375408,80.598148376079521,88.08613818420335,4.1353654692678026,0.97835618115765377,0.92048530649239624
93,sleep_frailty__1,2734,450,73.809020210556668,84.147884540777071,90.729252560956041,4.9732109345880762,1.0214453387646718,1.1069801751249255
93,church_frequency__0,2372,700,68.601594269045862,79.424914464203738,86.833333332007882,4.3564091275064554,0.96411465486015746,0.96968711006068697
93,church_frequency__1,1816,390,74.064901056711022,83.671380360196693,90.471203686771247,5.0999534902453245,1.0156612007936234,1.1351916260974675
93,church_frequency__2,1688,446,71.832596357825153,84.333333332326177,91.164694593394259,4.3623476512839856,1.0236964447163084,0.97100895789254016
93,education_level__0,13579.5,2901,68.535680265080956,80.049848713709196,88.583333330488998,3.9929785522792263,0.97170053987289862,0.88879159866928981
93,education_level__1,26038.5,2487,75.333333334157331,84.333333332498142,91.153911051346043,5.3306102242316866,1.0236964447183958,1.1865331909617607
94,all,55971,7401.5,71.250000003005454,82.333333331891723,89.809084638326425,4.4362820122711186,1,1
94,diet__0,25794,1860,71.583333333114311,82.833333330119444,89.845796686376829,4.5357152388383355,1.0060728744725078,1.0224136396857044
94,diet__1,11136,1116.5,73.999999998515136,83.525990902960714,90.107921267689463,5.1853985071806949,1.0144857194869215,1.1688613331698614
94,number_of_friends__0,581,231.5,67.81705287949751,79.798245976419651,87.457910201997663,4.0628697956582807,0.96920946531761387,0.91582766479228572
94,number_of_friends__1,12265,4626.5,72.138806053161431,82.749999997636479,89.936826300181338,4.6493935195681164,1.0050607287338307,1.048038313774353
94,income__0,7443.5,610.5,62.589495493474942,77.27116010045583,86.229417220993781,3.268672417409308,0.93851611459686812,0.73680447013239758
94,income__1,7196,724,66.477817783988471,77.916666664394697,86.833333336098349,3.8277913651918545,0.94635627529261912,0.86283769936263532
94,income__2,7353.5,463.5,74.744494678591877,84.676509804397739,90.203506847388752,5.4774851639817186,1.0284596332698022,1.2347017499858095
94,income__3,7344.5,319.5,78.666666666971523,86.868039042119861,,,1.0550773972911847,
94,alcohol__0,4998.5,442,65.320136510307449,77.221321961478125,85.220259317036948,3.8804444933055731,0.93791079307081249,0.87470645071074071
94,alcohol__1,10434,1292.5,77.749999998455834,86.849716959325264,92.400949366447605,5.9279241759627954,1.054854861872623,1.336237001968241
94,physical_activity__0,10915,1325.5,66.743988506865534,78.421576396382846,86.862046916111183,3.8980688295617369,0.95248878215897936,0.87867922255153297
94,physical_activity__1,23129,1080.5,74.379325349070513,85.931122337458973,91.50716381591694,5.0170441824163579,1.0436978421736467,1.1309119141972497
94,sleep_duration__0,1961,224.5,63.613212730387318,79.091827144530612,87.386179372401969,3.3269649655230382,0.96062947950504618,0.7499444256069342
94,sleep_duration__1,11628.5,1011,70.981942529431933,81.95706854797578,89.382706821564213,4.4540034993556565,0.99542998238150771,1.0039946709960095
94,sleep_duration__2,20938.5,1500,74.000000002826184,84.257311048210269,90.500000001940947,5.1065037001654989,1.0233681504010392,1.1510773404487118
94,sleep_duration__3,4645,460.5,62.019830666089995,76.643762241351808,86.049416913744125,3.1895581326887847,0.93089589768454006,0.71897100406741643
94,sleep_frailty__0,2908,462,67.782736777983601,80.624432339786139,88.253688717698253,3.9384798800377614,0.97924411750442708,0.88778843841388
94,sleep_frailty__1,2624,388,72.76593389901106,84.107498068157327,90.500000002344663,4.7427080500363656,1.0215485595501619,1.0690727137989982
94,church_frequency__0,2290,624,68.905688090251189,78.928880794227965,87.758101219867498,4.1866725629004051,0.9586503740357486,0.94373453971585364
94,church_frequency__1,1734,324,74.557455678763233,83.956133550483187,91.285026482663781,5.0190272415948307,1.0197101241127922,1.1313589234660446
94,church_frequency__2,1676,412,75.779114703224565,84.750000001664233,90.54917581543306,5.7379586555408624,1.0293522267588846,1.2934161172957894
94,education_level__0,13985.5,2981.5,66.950255958841154,78.96906334027517,88.214416051629769,3.7137165538485677,0.95913842115373937,0.83712364172884501
94,education_level__1,25704.5,2454.5,74.750000002148667,84.583333331574821,91.430127158996143,5.0709045882094443,1.0273279352193017,1.1430528028161664
95,all,56391,7433.5,71.166666668318726,82.083333333409485,89.833333332816366,4.3973214290864675,1,1
95,diet__0,25986.5,1916,71.249999999650626,82.16166606939889,90.219151773148852,4.3313305228643291,1.000954307443525,0.9849929309725608
95,diet__1,10976,1005.5,74.71409146994074,84.600353424505158,91.923471598861397,4.9159442577674728,1.0306642041554519,1.1179406229552675
95,number_of_friends__0,562.5,237,62.960964953271635,77.416666663731135,85.672795657746207,3.4086493365979029,0.94314720808518959,0.77516492518629487
95,number_of_friends__1,12239,4713.5,72.250000003182578,82.500000002577792,89.986048789614941,4.6515433621093916,1.0050761421624519,1.0578129065893047
95,income__0,8226.5,629.5,64.992426314052693,78.29650444755228,87.87684114120583,3.4213898427785363,0.9538660440302088,0.77806225857119604
95,income__1,7151.5,700.5,67.25000000005916,78.144262597201035,86.749999998266404,4.0073980822761701,0.9520113209802461,0.91132707647180045
95,income__2,7038,498.5,72.210299317562843,83.653642602119703,,,1.0191306712939139,
95,income__3,7018,267,80.005038936087672,88.49325040542243,90.765308068224229,8.2240740746092502,1.0780903602681056,1.8702462867986844
95,alcohol__0,5040.5,456,64.72428016868885,76.755053105236044,86.873793356576641,3.4653155784574383,0.93508694138271886,0.78805146140461901
95,alcohol__1,10557.5,1274.5,77.889055012645258,86.845601752682086,92.215486371487401,6.0619144836150536,1.0580174832804246,1.3785470499195236
95,physical_activity__0,11256.5,1312,66.797454643890433,78.774863764285641,87.728866679476056,3.7634758529601351,0.95969377174675197,0.85585643752723983
95,physical_activity__1,22867,1044,74.25864233488565,85.814291121566413,,,1.0454532928506006,
95,sleep_duration__0,2116,271.5,60.74999999977981,76.887075532441344,86.334719913025211,3.0051951240097936,0.93669533643496461,0.6834149316744661
95,sleep_duration__1,12057,983,71.333333335278269,82.303468566203989,90.944026762762988,4.1968668201632422,1.0026818505518087,0.95441438335680884
95,sleep_duration__2,20460,1460,74.573245815049674,84.126160490953936,91.443353720604946,4.9866996086759743,1.0248872344066098,1.1340311799112552
95,sleep_duration__3,4723.5,438,62.288125376024858,76.543586373388464,87.474051886629667,3.0391411783544653,0.93251069693381672,0.69113464352453291
95,sleep_frailty__0,2820,428,67.010739988410336,80.585701260150557,89.900411401984471,3.5206141584173754,0.98175473616335995,0.8006269760336292
95,sleep_frailty__1,2696,402,72.500000000033069,82.876014120958871,90.647848611270263,4.5667128868179905,1.0096570248229277,1.0385215091648903
95,church_frequency__0,2068,598,68.647311037803107,78.500000003217139,86.408041981254385,4.4198631381306743,0.95634517770328098,1.0051262363708739
95,church_frequency__1,1692,314,73.630697471506537,84.294153789136701,92.129970980153203,4.5566196829155006,1.0269338532677177,1.0362262018817503
95,church_frequency__2,1744,426,74.8355882231061,84.560298889141464,92.266282014511177,4.8512296699766138,1.0301762301205646,1.1032238029923696
95,education_level__0,14406,3063,67.654408616987482,79.58333333085389,88.56983321449637,3.8050068245008322,0.96954314717701595,0.86530104425213983
95,education_level__1,25543,2449,74.929799872409703,84.500000000816087,90.666666667920168,5.3695567929012968,1.0294416243744693,1.2210971791563594
96,all,56585.5,7363,71.460928841928947,82.140936407780117,89.768604485109037,4.4866938877835629,1,1
96,diet__0,26019,1835.5,71.603059136372011,82.429290936039905,89.815614446787563,4.5259596762294816,1.0035104850379144,1.0087516085179853
96,diet__1,11226.5,988.5,74.395693726376479,84.34718985762089,90.538333405981788,5.2251175477939675,1.0268593656990719,1.1645807979057798
96,number_of_friends__0,569.5,215.5,67.510773889453674,77.970413233438506,87.736560477462021,3.8550002935196761,0.94922722631700374,0.85920733393827653
96,number_of_friends__1,12229,4670,72.587929874308898,82.761317393606404,90.083333332295865,4.7304606374095579,1.0075526407776321,1.0543310410121196
96,income__0,7508,600.5,64.649005985736991,77.797197017767232,86.965673396572683,3.4860580025489551,0.94711845786065985,0.77697701018579535
96,income__1,7187.5,662,68.583333333937588,78.833333332223916,87.083333331981237,4.2612612616519154,0.95973258620846558,0.9497552915866494
96,income__2,7174,483.5,72.581881576434299,83.666666666831517,89.891267356355186,4.8336011300808801,1.0185745418274399,1.0773191242758686
96,income__3,7625.5,288.5,79.987118988292536,86.584125460467192,,,1.0540922619950341,
96,alcohol__0,4951,418.5,66.749999999144947,77.173728794616324,86.597955723557803,3.8882457148820189,0.9395282324454568,0.8666171154374922
96,alcohol__1,10577,1317.5,77.169826018503656,86.158731707660806,92.083333331292238,5.7772279786779768,1.0489134343433189,1.2876358680070195
96,physical_activity__0,10919.5,1273,66.763812291450137,78.833333331861738,87.583333331928458,3.786510418687834,0.95973258620405633,0.84394222413920439
96,physical_activity__1,23590.5,1075,74.942484515959265,85.44685233912486,90.512466624508193,5.4879223202324043,1.0402468741643371,1.2231550574856469
96,sleep_duration__0,2006.5,241,65.84272800030206,77.453843435445862,85.216046887291299,3.9979646175886994,0.94293840346467839,0.89107140303786203
96,sleep_duration__1,11860.5,952.5,71.333333334618558,82.500000002279279,89.587969369468468,4.519399885310154,1.004371311190277,1.0072895540334597
96,sleep_duration__2,20955.5,1440,74.520898726692522,84.404511595823891,91.038330529554344,5.1100263408503919,1.0275572118730969,1.1389291243523538
96,sleep_duration__3,4684.5,425,62.856366893708334,77.351289861313035,85.762816920986893,3.37683446231074,0.94168989597720942,0.75263312959799533
96,sleep_frailty__0,2798,426,67.069615049734452,80.610288775081216,89.111212908022637,3.6571889793720085,0.9813655930935562,0.81511889842314789
96,sleep_frailty__1,2706,368,74.083333330466274,84.083333332042258,91.101167647082306,4.9408950497269908,1.0236471241893239,1.1012329285891631
96,church_frequency__0,2060,522,70.166666664316026,80.076040812176402,88.070442434199123,4.4725784014161194,0.97486155276642139,0.99685392257183458
96,church_frequency__1,1702,328,73.438665029675306,83.413069747485409,91.965310761850503,4.5023298309538058,1.0154872027924045,1.0034849587605734
96,church_frequency__2,1712,396,76.418008343877403,85.083333335018253,90.370684670070361,6.0979937716532389,1.0358213219366152,1.3591285530436894
96,education_level__0,14033.5,3045,67.333333330988182,79.333333332133492,88.166666669280431,3.8079999990359972,0.96581968506289517,0.84873184894661002
96,education_level__1,26668.5,2492,74.583333330129761,84.333333331419141,91.075900122150173,5.1134146912912355,1.0266906736095032,1.139684324177791
97,all,56546,7136,71.252366274912177,82.41666666462487,89.999999998736627,4.3961103507100185,1,1
97,diet__0,26314,1890.5,71.669281209974827,82.873040747121749,90.154280630878503,4.4832590394027898,1.0055374003944371,1.0198240448351565
97,diet__1,11130,1030,74.833333333822594,84.500000000005016,91.655231929091912,5.0232142062589924,1.0252780586705572,1.1426497074732644
97,number_of_friends__0,647,259.5,67.085164824836568,78.929255141693218,87.333333331249946,3.8980935543228648,0.9576856033607517,0.88671421855761223
97,number_of_friends__1,11973,4332.5,72.250000000854868,83.006493554849314,90.24999999875277,4.6114718646968376,1.0071566457865204,1.0489891055514646
97,income__0,7790.5,598.5,66.437110625032162,78.180347147316397,88.07277590578687,3.6134940216910798,0.94859875206374,0.82197527664597003
97,income__1,7205.5,634,69.427163256780219,79.714997526493562,88.306678060077232,4.222301174422797,0.96721938356078985,0.96046296329682679
97,income__2,7255.5,441.5,74.094432833908172,84.340754194087765,90.633094564742763,5.0996117803681376,1.0233458547564476,1.1600281552405745
97,income__3,7552.5,314.5,79.558663149589336,87.197451444909589,90.59295744405776,7.9024040068083323,1.0580074998633346,1.79759000033564
97,alcohol__0,4892.5,365.5,67.265580795429813,79.916067072414918,86.004893273402828,4.2646210828893354,0.96965905449215084,0.97008963439704232
97,alcohol__1,10361.5,1265.5,76.583333335299159,86.416666665601596,92.334352699226571,5.4864173974359316,1.048533872611638,1.2480163052662718
97,physical_activity__0,11113,1279,67.664082310102259,79.309996287881916,87.871132950579664,3.9248674979323042,0.96230531393140639,0.89280458969788967
97,physical_activity__1,23320,1017.5,75.916666664970151,86.298453914288558,91.372107884312456,5.5836939683279345,1.0470995419586635,1.2701441781201213
97,sleep_duration__0,1997,250.5,63.416666664711698,76.13680115409268,85.259795822125966,3.4856178620474521,0.92380345184200885,0.79288679855010635
97,sleep_duration__1,11959,995,71.318447425228413,82.00000000113765,91.818715672626169,3.9999476597847199,0.99494438830943321,0.90988336067102726
97,sleep_duration__2,21120,1444,75.726156395542006,84.750000000060325,91.413917138448056,5.4023006462782766,1.0283114257087149,1.2288819468341479
97,sleep_duration__3,4783.5,445,63.72565961379027,78.453281753686127,86.542731134727902,3.4383589358386781,0.95191039541714539,0.7821366302334396
97,sleep_frailty__0,2884,404,67.418682216578162,80.832110422204224,89.377610413537397,3.6810590069417621,0.98077383730078982,0.83734454171452544
97,sleep_frailty__1,2774,400,74.749689392751094,84.740731146621258,92.109881904439632,4.8813243913951823,1.0281989623707255,1.1103734897388999
97,church_frequency__0,2212,602,68.906766700455506,80.593732875975803,88.04869468511265,4.2103247353440159,0.97788149093596488,0.9577386369894022
97,church_frequency__1,1780,330,72.756902927409911,84.831091688538933,92.769359200115744,4.2389145306584171,1.0292953491280956,0.96424206684752289
97,church_frequency__2,1726,382,74.666329024301049,85.524125412197549,93.255501068300532,4.6007495766765159,1.0377042517409463,1.0465500657719946
97,education_level__0,14260.5,3007.5,67.166666665864554,79.72236703813445,88.59941674208072,3.7196517831186782,0.96730880129556518,0.84612338780756835
97,education_level__1,25852.5,2285,74.833333334035245,85.005652504208442,91.166666666395855,5.2044277046492393,1.0314133772252503,1.183871033585103
98,all,56427,7410.5,71.380837627997764,82.16666666606443,89.777898732392515,4.466293077997995,1,1
98,diet__0,26606.5,1950,70.557547319601781,82.250000002906745,89.983088313030464,4.2341163126798094,1.0010141988256747,0.94801577924611735
98,diet__1,10835.5,1061.5,74.061765490268257,83.049447310397383,90.468680564178143,5.0618563536335843,1.0107437806613317,1.1333462146874045
98,number_of_friends__0,577.5,245.5,60.583333335201601,76.605366079944318,85.844180163765643,3.0325731595554339,0.93231682856599341,0.67899107976021522
98,number_of_friends__1,12119,4656,72.53367710552196,82.833333333110957,90.083333333756727,4.7199405079994978,1.0081135902683742,1.0567914880577429
98,income__0,8268.5,695.5,63.048422133257084,77.5623646269879,86.115853485935304,3.3624187904208331,0.94396386970656865,0.7528432934651994
98,income__1,7452,647,67.291427128967484,78.770469145681545,87.712807571231224,3.8572548691497626,0.95866696729726841,0.86363675687820463
98,income__2,7141.5,449,74.436789337686719,83.461148936410041,90.4339113047658,5.2172602739522169,1.0157543481179119,1.1681410473606539
98,income__3,6997,284.5,80.047699892245987,86.844982102503792,,,1.0569369018637766,
98,alcohol__0,5032,473.5,65.459707222790115,76.823618660385762,85.189269715915003,3.8938328555007895,0.93497304658355584,0.87182654328770348
98,alcohol__1,10488,1356.5,77.561070713948908,86.203785661920918,92.142674525519126,5.9118178477404451,1.049133294067579,1.3236520184632405
98,physical_activity__0,11292.5,1321,66.33558959903543,78.825561299279016,87.226613196726433,3.7731785104101494,0.9593374600388247,0.84481211700990022
98,physical_activity__1,23359,1070.5,74.297168540225243,85.771759462690923,91.121104054611038,5.0981983014229515,1.0438753687219422,1.1414831522225599
98,sleep_duration__0,1974.5,246,60.74999999986175,76.054526223178641,85.412646033386679,3.0837942579151747,0.92561289521788337,0.69045944904660805
98,sleep_duration__1,11886,959,71.112926846738148,82.491502585898004,90.461026819071463,4.2635453974217707,1.0039533783347174,0.95460493141952396
98,sleep_duration__2,20927,1519.5,73.7399826829284,83.196682054052246,90.850048375613241,4.8624408315171914,1.0125356842352378,1.088697214132837
98,sleep_duration__3,4919.5,487,62.45845759686997,76.833333335175553,86.207004465549247,3.2352856686363003,0.93509127791974078,0.72437827346666406
98,sleep_frailty__0,2882,410,68.249999999380179,80.383224647305241,90.085807772546616,3.6812572029547947,0.97829482330094608,0.82423099842899461
98,sleep_frailty__1,2598,382,73.476900565006758,83.569095170032341,91.833333330156307,4.5525781745945624,1.0170680953831017,1.0193191747809001
98,church_frequency__0,1998,570,69.583087820964025,79.849799471908895,87.817305708009187,4.3791184226574185,0.97180283333664286,0.98048165361784712
98,church_frequency__1,1644,310,73.386899463072893,82.724725996907225,91.386171977187971,4.5960038624913464,1.0067917971299825,1.0290421569359918
98,church_frequency__2,1744,418,74.546995395395911,84.519158300405607,91.003732026557643,5.1358395163451762,1.02863072982992,1.1499109947901816
98,education_level__0,14423,3073,66.734867514392363,79.249999998385306,87.992061431361776,3.7281496470294133,0.96450304258376673,0.83473018494803908
98,education_level__1,25543.5,2459.5,74.750000000427647,84.333333335359427,91.16666666544603,5.1370558382026452,1.0263691683891791,1.1501833284315766
99,all,55324.5,7362,71.249999996674688,82.266254690154454,89.583333333549405,4.4872502549598208,1,1
99,diet__0,25765,1962,71.333333335569336,82.083333330636634,89.765703195097586,4.4532164857903647,0.99777647152885751,0.99241545105895579
99,diet__1,10760.5,1037.5,74.250000001022286,84.53997588897289,90.98856857198227,5.0506096462539025,1.0276385646506228,1.1255466843355555
99,number_of_friends__0,539.5,229.5,60.964518508624927,75.833333334263529,86.213232065069235,3.0034533507909495,0.92180364378906376,0.66933047638053844
99,number_of_friends__1,12033,4728,72.15940162096858,82.47813104191097,89.747385355018338,4.6894591380725483,1.0025754952933559,1.0450629832577809
99,income__0,7510,575.5,64.343872536757843,77.833333330895599,87.746900462706137,3.3257804749528699,0.94611494863896628,0.74116224547022713
99,income__1,7256.5,649,67.21872837075972,78.607744486999877,87.326243526340662,3.9093713906853331,0.95552842150242656,0.87121759843107704
99,income__2,7262,480.5,73.688210862517167,83.612822359340697,90.007335560812365,5.1236095014382377,1.0163684085808686,1.1418149669221234
99,income__3,7139,291.5,79.955459775461478,86.317908319555031,,,1.0492504933482218,
99,alcohol__0,5089,426,65.046227057625771,75.796932553264753,87.048826260687861,3.4449081153428516,0.92136116854650074,0.76771027235112332
99,alcohol__1,10203.5,1309,78.006157569875541,86.712112993382448,91.924622988267913,6.2300052762137028,1.0540423083556285,1.3883792795660528
99,physical_activity__0,10894,1267,68.249999997149146,78.870884660771921,87.494606995501243,4.0983369869556485,0.95872706199922719,0.91332926716661256
99,physical_activity__1,22885,1046,74.528627033521786,85.999999998125162,,,1.0453861102834132,
99,sleep_duration__0,2086.5,266,63.282803863484361,76.901817063074375,85.986944564816071,3.3871274000061011,0.93479176064007574,0.75483363029781136
99,sleep_duration__1,11525,1002,70.924816342989288,82.076260712185757,90.313243307420919,4.2332604322545571,0.99769049923708952,0.94339744648194623
99,sleep_duration__2,20692.5,1504,74.456716305369525,84.301776713959924,90.184363683707815,5.3601008902366969,1.0247430982663792,1.1945179309560687
99,sleep_duration__3,4597.5,463,62.258795865540165,76.794144923361955,86.044674875983503,3.2285603104953577,0.93348293553167683,0.71949637908578523
99,sleep_frailty__0,2808,478,66.475885360868105,79.681136838133142,87.756291826996929,3.7443428049627925,0.96857620586037574,0.83444037934459259
99,sleep_frailty__1,2616,454,72.499999999665775,82.333333336037214,89.914125169520617,4.7279626471596972,1.0008153847058603,1.0536436299566341
99,church_frequency__0,2114,652,68.249999999092992,78.416666666311613,86.333333332225749,4.3364055299823816,0.95320574592411156,0.96638370574257404
99,church_frequency__1,1772,392,71.565442664782722,82.274813186225188,90.261742551489988,4.4005933625787161,1.0001040341036913,0.98068819712354538
99,church_frequency__2,1614,452,74.681270513736138,84.163002157310046,90.386082090931453,5.3590583843439221,1.0230562029874759,1.1942856047354344
99,education_level__0,14106.5,2894.5,67.083333330186193,79.083333333913231,88.083333334342797,3.7658730151552375,0.96130951423242372,0.83923846480208342
99,education_level__1,25179.5,2536.5,74.249999999429349,84.750000001956622,90.402225394305248,5.2469550127032374,1.0301915447732108,1.1693029616308348
100,all,55710,7241.5,71.750000000195925,82.416666665984408,89.916666667492478,4.536697247511567,1,1
100,diet__0,25436.5,1890.5,71.750000002298279,82.333333330574334,89.433570509193032,4.6559224732625628,0.99898887762898969,1.0262801812081228
100,diet__1,11325,1057,75.439288778798172,84.594768705791992,91.470496333211884,5.2768806353892765,1.0264279317269034,1.1631546800447636
100,number_of_friends__0,591.5,249.5,68.654585414485823,77.473731566638492,85.846376750834906,4.5064374067194279,0.94002505440582207,0.99332998453693666
100,number_of_friends__1,12263,4614,72.500000002671712,82.666666668501875,90.02402308413744,4.7173338156541362,1.0030333670679823,1.0398167561746932
100,income__0,7244.5,532.5,66.657591725550745,79.207318372455376,87.116491463114272,3.87153363027763,0.96105947469902209,0.85338152824749602
100,income__1,6971,645.5,68.610699228614038,78.931725090608381,87.347406932883402,4.2126784671259472,0.95771557239144744,0.92857826680778666
100,income__2,7104,428.5,74.639221697058815,83.9798513441783,,,1.0189668515050374,
100,income__3,7508,312,78.605265715428843,87.843504789154096,,,1.0658463675213097,
100,alcohol__0,4732,385.5,67.022588984540178,79.275175240115331,85.025279387612116,4.4035182222868201,0.96188281384151564,0.97064405712816804
100,alcohol__1,10675.5,1372,77.333333335157093,85.995519583657725,91.983398744829145,5.869975128362432,1.0434238978892167,1.2938873387643806
100,physical_activity__0,10809.5,1259.5,68.280756722467245,78.833333331833586,87.58333333128634,4.0840834324582174,0.95652173912015592,0.9002327485481616
100,physical_activity__1,22831,985,75.707699418356782,85.999999999612697,91.136513756011382,5.5739863166106334,1.043478260873504,1.2286441021974812
100,sleep_duration__0,1937,259.5,64.559033703336496,76.845554182328485,85.24999999930931,3.713966427816632,0.93240308412090545,0.81864982942244768
100,sleep_duration__1,11712.5,950,71.501240472581841,82.86200876745292,89.873830017193583,4.5100887148352173,1.0054035442039093,0.9941348229285204
100,sleep_duration__2,20767.5,1547,74.210477271410113,83.916666667323284,90.454651022762803,5.1659547571839628,1.0182002022408649,1.1387038797921882
100,sleep_duration__3,4641,428.5,67.299467879252759,78.529461323433154,86.250000001313438,4.1439185357763915,0.95283471778462969,0.91342188153493831
100,sleep_frailty__0,2852,450,68.820663488198875,80.710243798106077,89.156020133717092,3.9689613123108956,0.97929517248259912,0.87485699304442643
100,sleep_frailty__1,2720,460,72.499999998781746,82.362508676010194,89.583333336558951,4.8212200188049934,0.9993428757535936,1.0627158383666644
100,church_frequency__0,2224,676,69.166666669552328,77.586162389453548,86.314548947269074,4.524533183335115,0.9413892302134983,0.99731874015108146
100,church_frequency__1,1876,384,72.250000002366733,83.238129205987235,90.228554186252268,4.6298566811671042,1.0099671895653342,1.0205346375508386
100,church_frequency__2,1770,464,74.879958630322662,84.507851213449598,90.828004136997919,5.2989472081753064,1.0253733211019109,1.1680186970999316
100,education_level__0,13860,2924,68.66666666898395,79.970828111003343,88.083333334053819,4.1186692592745073,0.97032349579371513,0.90785631805905653
100,education_level__1,26152.5,2452.5,75.083333331191099,84.333333331116322,91.177458041728713,5.2400074466863771,1.0232558139350589,1.155026919541652
