replicate,group,label,weighted_n,weighted_deaths,high_best_pair,high_best_requested,high_gap_Xc,high_gap_epsilon,high_gap_best_single,high_gap_best_single_vs_requested,high_competitive_Xc,high_competitive_epsilon,high_competitive_either,high_competitive_either_vs_requested,tight_best_pair,tight_best_requested,tight_gap_Xc,tight_gap_epsilon,tight_gap_best_single,tight_gap_best_single_vs_requested,tight_competitive_Xc,tight_competitive_epsilon,tight_competitive_either,tight_competitive_either_vs_requested
1,alcohol__0,>4 drinks/day,4866.0,453.0,Xc+beta,epsilon,0.47782223273861746,-1.4712153484206283,-1.4712153484206283,0.0,True,True,True,True,eta+beta,epsilon,-0.10735778159232723,-1.313330990285067,-1.313330990285067,0.0,True,True,True,True
1,alcohol__1,0-1 drink/day,10809.5,1331.0,eta+beta,eta+beta,28.258505086976584,11.448067101620836,11.448067101620836,11.448067101620836,False,False,False,False,eta+beta,eta+beta,32.69233999708558,15.232297439972172,15.232297439972172,15.232297439972172,False,False,False,False
1,church_frequency__0,never,2166.0,652.0,Xc+beta,Xc+beta,6.247900313704122,10.18663128857952,6.247900313704122,6.247900313704122,False,False,False,False,Xc+beta,Xc+beta,5.375666176561026,9.219183885112216,5.375666176561026,5.375666176561026,False,False,False,False
1,church_frequency__1,sometimes,1792.0,378.0,eta+beta,mex_only,-0.8853157190392267,-0.9981665834520754,-0.9981665834520754,1.7577668376688962,True,True,True,True,eta+beta,mex_only,-1.0605543392393884,-1.1779563668542323,-1.1779563668542323,1.7006115387193859,True,True,True,True
1,church_frequency__2,weekly,1714.0,406.0,Xc+beta,epsilon,-1.6263162990558158,-1.870994320644968,-1.870994320644968,0.0,True,True,True,True,eta+beta,Xc,-1.7870016938131812,-1.528981054425003,-1.7870016938131812,0.0,True,True,True,True
1,diet__0,Poor,26300.0,1932.0,eta+beta,mex_only,-1.601625906307163,-1.6665865304494218,-1.6665865304494218,1.8050465299056668,True,True,True,True,Xc+beta,mex_only,-1.6487024598536664,-1.7519697878597071,-1.7519697878597071,1.5148718659147562,True,True,True,True
1,diet__1,Good,11204.5,1087.5,eta+beta,epsilon,-1.5603622986964183,-1.8926635076040839,-1.8926635076040839,0.0,True,True,True,True,Xc+beta,Xc,-2.035600379193056,-1.8660770553015027,-2.035600379193056,0.0,True,True,True,True
1,education_level__0,no highschool,13926.0,2909.5,Xc+beta,Xc+beta,9.779538265487645,4.433140249788266,4.433140249788266,4.433140249788266,False,False,False,False,eta+beta,eta+beta,9.09893137754625,3.863844454062928,3.863844454062928,3.863844454062928,False,False,False,False
1,education_level__1,some college,26056.0,2497.0,eta+beta,eta+beta,7.336115683476237,2.010884009538131,2.010884009538131,2.010884009538131,False,False,False,False,eta+beta,eta+beta,7.000354848973075,1.7152988581365207,1.7152988581365207,1.7152988581365207,False,True,True,True
1,income__0,Q1 (Lowest),7716.5,592.5,eta+beta,epsilon,0.5939234064544507,-1.4981440005713011,-1.4981440005713011,0.0,True,True,True,True,eta+beta,epsilon,0.2492248036505771,-1.5045941950402266,-1.5045941950402266,0.0,True,True,True,True
1,income__1,Q2,7373.0,656.0,eta+beta,Xc,-1.3384402201263583,-0.6069666486800998,-1.3384402201263583,0.0,True,True,True,True,eta+beta,Xc,-1.9723459615670436,-1.3931269946178872,-1.9723459615670436,0.0,True,True,True,True
1,income__2,Q3,7235.5,508.0,eta+beta,mex_only,0.36022820060770755,0.7367800613556028,0.36022820060770755,0.8951895712734768,True,True,True,True,eta+beta,mex_only,0.8169584216138901,1.1528901337142088,0.8169584216138901,1.2842267989108223,True,True,True,True
1,income__3,Q4 (Highest),7483.0,291.5,eta+beta,Xc,-0.2762747968254189,1.94352822506562,-0.2762747968254189,0.0,True,True,True,True,Xc+eta,Xc,-3.274591633194632,-2.83517832275038,-3.274591633194632,0.0,True,True,True,True
1,number_of_friends__0,0 friends,571.0,239.0,eta+beta,epsilon,-1.2458880281992606,-1.6440688586581018,-1.6440688586581018,0.0,True,True,True,True,eta+beta,epsilon,-1.282585163603244,-1.6649816513124733,-1.6649816513124733,0.0,True,True,True,True
1,number_of_friends__1,1+ friends,12147.0,4541.0,eta+beta,mex_only,1.4489024347858503,0.9920820888219168,0.9920820888219168,1.2757552393522928,True,True,True,True,eta+beta,mex_only,1.4686478066287236,0.9470630475334474,0.9470630475334474,1.1092496445562574,True,True,True,True
1,physical_activity__0,No Activity,11045.0,1254.5,eta+beta,epsilon,0.6249678051735827,-1.1325844134789804,-1.1325844134789804,0.0,True,True,True,True,eta+beta,epsilon,-0.16366595132421935,-1.8184218010501354,-1.8184218010501354,0.0,True,True,True,True
1,physical_activity__1,Some Activity,23467.0,1087.0,Xc+eta,Xc+eta,3.333205129183625,7.897304138228719,3.333205129183625,3.333205129183625,False,False,False,False,epsilon+beta,epsilon+beta,4.679977419753413,8.971158453838143,4.679977419753413,4.679977419753413,False,False,False,False
1,sleep_duration__0,1-<5 hours,2006.0,283.5,eta+beta,eta+beta,4.505687975184628,0.16137365003669402,0.16137365003669402,0.16137365003669402,False,True,True,True,eta+beta,epsilon,4.0473375731580745,-0.020682953705090767,-0.020682953705090767,0.0,False,True,True,True
1,sleep_duration__1,5-<7 hours,11935.5,1002.0,Xc+beta,Xc+beta,2.3557122271140543,2.9635304191651812,2.3557122271140543,2.3557122271140543,False,False,False,False,eta+beta,eta+beta,1.4198855372178514,1.963640993621084,1.4198855372178514,1.4198855372178514,True,True,True,True
1,sleep_duration__2,7-<9 hours,21094.0,1492.0,eta+beta,epsilon,0.008803427039310918,-1.5641853097240528,-1.5641853097240528,0.0,True,True,True,True,Xc+eta,epsilon,0.1802109655473032,-1.6363686621225497,-1.6363686621225497,0.0,True,True,True,True
1,sleep_duration__3,>=9 hours,4771.0,456.5,eta+beta,Xc,-1.970969607439656,-1.4249786917662277,-1.970969607439656,0.0,True,True,True,True,epsilon+eta,Xc,-1.810817844185749,-0.5093941332702343,-1.810817844185749,0.0,True,True,True,True
1,sleep_frailty__0,Q4 (highest),2828.0,440.0,eta+beta,epsilon,1.782601253719804,-0.27112823671086517,-0.27112823671086517,0.0,True,True,True,True,eta+beta,eta+beta,2.395818031259296,0.109568747971025,0.109568747971025,0.109568747971025,False,True,True,True
1,sleep_frailty__1,Q1 (lowest),2716.0,430.0,Xc+beta,epsilon,-0.46143517308064474,-1.0675739099428938,-1.0675739099428938,0.0,True,True,True,True,Xc+beta,epsilon,-1.8513857794646356,-2.1656991895979445,-2.1656991895979445,0.0,True,True,True,True
2,alcohol__0,>4 drinks/day,5060.5,394.5,eta+beta,epsilon,-1.1636029984265406,-1.7448490658498486,-1.7448490658498486,0.0,True,True,True,True,Xc+eta,epsilon,-0.9658237714229472,-1.7681797082668709,-1.7681797082668709,0.0,True,True,True,True
2,alcohol__1,0-1 drink/day,10787.5,1384.5,eta+beta,eta+beta,15.356403389350817,4.423034536433988,4.423034536433988,4.423034536433988,False,False,False,False,eta+beta,eta+beta,19.59881181541823,6.522686968757625,6.522686968757625,6.522686968757625,False,False,False,False
2,church_frequency__0,never,2258.0,610.0,eta+beta,Xc,-0.4655922078254662,0.6117392746627957,-0.4655922078254662,0.0,True,True,True,True,eta+beta,Xc,-0.06673867227891606,0.9605701645105,-0.06673867227891606,0.0,True,True,True,True
2,church_frequency__1,sometimes,1796.0,356.0,Xc+eta,mex_only,-1.992979754048065,-1.9030273007911092,-1.992979754048065,0.009400828686921159,True,True,True,True,eta+beta,mex_only,-1.8379855107018557,-1.6872749554277107,-1.8379855107018557,0.2794054328519451,True,True,True,True
2,church_frequency__2,weekly,1702.0,432.0,eta+beta,eta+beta,3.2974158092183643,1.1108545226070419,1.1108545226070419,1.1108545226070419,False,True,True,True,eta+beta,eta+beta,2.739995440707844,0.714105974782342,0.714105974782342,0.714105974782342,False,True,True,True
2,diet__0,Poor,26434.5,1876.0,eta+beta,mex_only,-1.972930512201856,-1.982112907935516,-1.982112907935516,1.952404322601069,True,True,True,True,eta+beta,mex_only,-1.9486188465634768,-1.9630058008187916,-1.9630058008187916,1.9135708756002714,True,True,True,True
2,diet__1,Good,10998.5,1047.0,eta+beta,eta+beta,7.922708282536405,4.070974303744151,4.070974303744151,4.070974303744151,False,False,False,False,Xc+beta,Xc+beta,7.7116959480499645,4.789337013700788,4.789337013700788,4.789337013700788,False,False,False,False
2,education_level__0,no highschool,13934.0,2747.5,Xc+beta,Xc+beta,4.854786598018109,1.4447515223946539,1.4447515223946539,1.4447515223946539,False,True,True,True,Xc+beta,Xc+beta,5.505612177254079,1.5907218270003796,1.5907218270003796,1.5907218270003796,False,True,True,True
2,education_level__1,some college,26133.0,2555.5,eta+beta,epsilon,2.6726666835529613,-0.8135952666780213,-0.8135952666780213,0.0,False,True,True,True,eta+beta,epsilon,3.736940739239799,-1.0142424502082577,-1.0142424502082577,0.0,False,True,True,True
2,income__0,Q1 (Lowest),7461.5,544.5,eta+beta,eta+beta,9.847259449941703,6.092082252464024,6.092082252464024,6.092082252464024,False,False,False,False,eta+beta,eta+beta,9.625242612039074,6.273577108350764,6.273577108350764,6.273577108350764,False,False,False,False
2,income__1,Q2,7087.5,656.0,eta+beta,Xc,-0.18047595769075997,1.1533083216309024,-0.18047595769075997,0.0,True,True,True,True,eta+beta,Xc,-1.7251950548106834,-0.6490864057104773,-1.7251950548106834,0.0,True,True,True,True
2,income__2,Q3,7253.5,421.0,eta+beta,epsilon,-0.9709089609896182,-1.654341521054448,-1.654341521054448,0.0,True,True,True,True,Xc+eta,epsilon,-0.5621391297700029,-1.4504661483415475,-1.4504661483415475,0.0,True,True,True,True
2,income__3,Q4 (Highest),7647.5,292.5,eta+beta,epsilon,0.20284502693675677,-0.40386927779445614,-0.40386927779445614,0.0,True,True,True,True,eta+beta,epsilon,-1.2900652036828433,-3.987222079304047,-3.987222079304047,0.0,True,True,True,True
2,number_of_friends__0,0 friends,586.5,221.0,eta+beta,epsilon,-0.8605928268648313,-1.5785474832709951,-1.5785474832709951,0.0,True,True,True,True,eta+beta,epsilon,-1.0169633821242314,-1.651555226661685,-1.651555226661685,0.0,True,True,True,True
2,number_of_friends__1,1+ friends,12177.0,4581.5,Xc+beta,Xc+beta,2.800535796675831,1.7267883143795189,1.7267883143795189,1.7267883143795189,False,True,True,True,eta+beta,eta+beta,2.168124087533215,1.0416814281779807,1.0416814281779807,1.0416814281779807,False,True,True,True
2,physical_activity__0,No Activity,10967.0,1211.5,eta+beta,eta+beta,2.2141187731413083,0.03418753004552855,0.03418753004552855,0.03418753004552855,False,True,True,True,epsilon+eta,epsilon,1.9476085880633036,-0.5801266473863507,-0.5801266473863507,0.0,True,True,True,True
2,physical_activity__1,Some Activity,23516.5,1005.5,eta+beta,eta+beta,0.4834758156721364,2.788832417279991,0.4834758156721364,0.4834758156721364,True,False,True,True,eta+beta,Xc,-1.5493220448825014,-0.21840462898398982,-1.5493220448825014,0.0,True,True,True,True
2,sleep_duration__0,1-<5 hours,1890.5,235.0,Xc+beta,epsilon,0.2202216320442858,-1.251134453204486,-1.251134453204486,0.0,True,True,True,True,Xc+beta,epsilon,-0.15549971384871242,-1.5185182864715898,-1.5185182864715898,0.0,True,True,True,True
2,sleep_duration__1,5-<7 hours,11770.0,966.5,Xc+beta,Xc+beta,2.5418290654488374,3.0532209459543083,2.5418290654488374,2.5418290654488374,False,False,False,False,Xc+beta,Xc+beta,1.9894094050214335,2.51256234500579,1.9894094050214335,1.9894094050214335,True,False,True,True
2,sleep_duration__2,7-<9 hours,21315.5,1479.5,eta+beta,eta+beta,5.15881508665916,1.5362830872254563,1.5362830872254563,1.5362830872254563,False,True,True,True,eta+beta,eta+beta,5.762864360063759,1.9253895342681062,1.9253895342681062,1.9253895342681062,False,True,True,True
2,sleep_duration__3,>=9 hours,4732.0,452.5,Xc+beta,epsilon,-1.5048881008970056,-1.7367294958244202,-1.7367294958244202,0.0,True,True,True,True,epsilon+eta,epsilon,-1.9277453170584522,-1.9425816928519453,-1.9425816928519453,0.0,True,True,True,True
2,sleep_frailty__0,Q4 (highest),2840.0,432.0,eta+beta,epsilon,-1.2773064354319104,-1.8309615955572554,-1.8309615955572554,0.0,True,True,True,True,eta+beta,epsilon,-1.1667403130859384,-1.7499943909606372,-1.7499943909606372,0.0,True,True,True,True
2,sleep_frailty__1,Q1 (lowest),2672.0,402.0,eta+beta,epsilon,-0.1195137029799298,-1.0630311566783348,-1.0630311566783348,0.0,True,True,True,True,Xc+beta,epsilon,-0.13446024963286618,-0.7853217394977037,-0.7853217394977037,0.0,True,True,True,True
3,alcohol__0,>4 drinks/day,4968.5,407.0,eta+beta,Xc,-1.0422350149656268,-0.40938363781060616,-1.0422350149656268,0.0,True,True,True,True,eta+beta,Xc,-2.1021055983410406,-1.3892897004316183,-2.1021055983410406,0.0,True,True,True,True
3,alcohol__1,0-1 drink/day,10638.0,1408.5,eta+beta,eta+beta,19.286576384494765,5.787444968111231,5.787444968111231,5.787444968111231,False,False,False,False,eta+beta,eta+beta,20.410051067508903,6.2237478099759755,6.2237478099759755,6.2237478099759755,False,False,False,False
3,church_frequency__0,never,2294.0,704.0,eta+beta,eta+beta,1.7229743668358424,5.199575684189767,1.7229743668358424,1.7229743668358424,True,False,True,True,Xc+beta,Xc+beta,2.438853980980639,5.766054413694292,2.438853980980639,2.438853980980639,False,False,False,False
3,church_frequency__1,sometimes,1738.0,384.0,eta+beta,mex_only,-1.9118912754734083,-1.9590178540092893,-1.9590178540092893,0.3903440959534237,True,True,True,True,eta+beta,mex_only,-1.9395794712227143,-1.9561323787966103,-1.9561323787966103,0.46995753992177924,True,True,True,True
3,church_frequency__2,weekly,1726.0,458.0,eta+beta,epsilon,1.948356362294362,-0.5310774401805247,-0.5310774401805247,0.0,True,True,True,True,eta+beta,epsilon,2.1111841757920047,-0.4075870225074141,-0.4075870225074141,0.0,False,True,True,True
3,diet__0,Poor,26071.5,2018.5,eta+beta,mex_only,-1.9379242568247719,-1.933564925664541,-1.9379242568247719,1.994481473640917,True,True,True,True,eta+beta,mex_only,-1.8385489035063074,-1.8463008891085337,-1.8463008891085337,2.009969100668968,True,True,True,False
3,diet__1,Good,11036.5,1120.5,eta+beta,epsilon,-1.3624099214976013,-1.522297005632936,-1.522297005632936,0.0,True,True,True,True,eta+beta,epsilon,-1.611497900208633,-2.2409904474279756,-2.2409904474279756,0.0,True,True,True,True
3,education_level__0,no highschool,14441.0,3198.0,eta+beta,eta+beta,12.840090079513175,4.965135635113256,4.965135635113256,4.965135635113256,False,False,False,False,eta+beta,eta+beta,12.903005844938889,4.8508926332469855,4.8508926332469855,4.8508926332469855,False,False,False,False
3,education_level__1,some college,25958.0,2542.5,eta+beta,epsilon,4.622193996205169,-0.2935669140133541,-0.2935669140133541,0.0,False,True,True,True,eta+beta,eta+beta,6.504991502053599,0.5267040171638655,0.5267040171638655,0.5267040171638655,False,True,True,True
3,income__0,Q1 (Lowest),7665.0,700.0,eta+beta,eta+beta,6.219282294070581,0.7161815343333728,0.7161815343333728,0.7161815343333728,False,True,True,True,eta+beta,eta+beta,5.558519036548205,0.4950842290336368,0.4950842290336368,0.4950842290336368,False,True,True,True
3,income__1,Q2,7237.0,692.5,eta+beta,epsilon,0.4190839168868479,-1.2304423439290986,-1.2304423439290986,0.0,True,True,True,True,eta+beta,epsilon,0.8142216187516169,-1.2281832758171731,-1.2281832758171731,0.0,True,True,True,True
3,income__2,Q3,7157.0,476.0,eta+beta,epsilon,-1.0254603201628925,-1.5284598166726937,-1.5284598166726937,0.0,True,True,True,True,Xc+eta,epsilon,-0.30275649158829765,-1.0491286100823345,-1.0491286100823345,0.0,True,True,True,True
3,income__3,Q4 (Highest),7460.0,291.5,Xc+eta,Xc,-1.9029422465614516,-0.7207192087230396,-1.9029422465614516,0.0,True,True,True,True,epsilon+eta,Xc,-1.8066030687459715,-0.47421944379811976,-1.8066030687459715,0.0,True,True,True,True
3,number_of_friends__0,0 friends,565.0,261.5,eta+beta,epsilon,-1.7943136502599373,-1.93629769055201,-1.93629769055201,0.0,True,True,True,True,eta+beta,epsilon,-1.727442273726183,-1.959906528443753,-1.959906528443753,0.0,True,True,True,True
3,number_of_friends__1,1+ friends,12607.0,4934.5,eta+beta,epsilon,-0.10659818074054783,-0.7884093510438106,-0.7884093510438106,0.0,True,True,True,True,eta+beta,epsilon,0.00740390890132403,-0.7286889215320116,-0.7286889215320116,0.0,True,True,True,True
3,physical_activity__0,No Activity,11033.0,1356.5,eta+beta,epsilon,1.1575561928766547,-1.1537235228515783,-1.1537235228515783,0.0,True,True,True,True,eta+beta,epsilon,0.9144559667784051,-1.4737221869090718,-1.4737221869090718,0.0,True,True,True,True
3,physical_activity__1,Some Activity,23093.5,1108.5,eta+beta,eta+beta,0.9976595635271224,4.034121828624848,0.9976595635271224,0.9976595635271224,True,False,True,True,eta+beta,Xc,-1.4137889640660433,0.9617934076395613,-1.4137889640660433,0.0,True,True,True,True
3,sleep_duration__0,1-<5 hours,1983.5,273.5,eta+beta,eta+beta,2.5636020028500752,0.8366444495295582,0.8366444495295582,0.8366444495295582,False,True,True,True,eta+beta,eta+beta,2.785081906524283,0.9552735977777047,0.9552735977777047,0.9552735977777047,False,True,True,True
3,sleep_duration__1,5-<7 hours,11722.0,1083.0,eta+beta,mex_only,-1.9966687121304858,-1.9945683332261979,-1.9966687121304858,1.9937732999387663,True,True,True,True,Xc+beta,mex_only,-2.0008819833055895,-1.9967134214602993,-2.0008819833055895,1.9797944652291335,True,True,True,True
3,sleep_duration__2,7-<9 hours,21140.5,1597.5,eta+beta,epsilon,-1.005761861011706,-1.2248381333574798,-1.2248381333574798,0.0,True,True,True,True,eta+beta,epsilon,-1.2161545181006659,-1.8829233714604925,-1.8829233714604925,0.0,True,True,True,True
3,sleep_duration__3,>=9 hours,4606.0,447.0,eta+beta,epsilon,-1.5969011330817011,-1.6120361671751198,-1.6120361671751198,0.0,True,True,True,True,epsilon+eta,epsilon,-1.99140920936361,-2.3428922243028865,-2.3428922243028865,0.0,True,True,True,True
3,sleep_frailty__0,Q4 (highest),2818.0,482.0,eta+beta,epsilon,0.9275297290187154,-0.9519265259359599,-0.9519265259359599,0.0,True,True,True,True,eta+beta,epsilon,0.8521021860424298,-0.9250782375329436,-0.9250782375329436,0.0,True,True,True,True
3,sleep_frailty__1,Q1 (lowest),2732.0,468.0,Xc+beta,epsilon,-1.6930776252374926,-1.8895801005783142,-1.8895801005783142,0.0,True,True,True,True,Xc+beta,epsilon,-1.731878537936609,-1.8077991281788854,-1.8077991281788854,0.0,True,True,True,True
4,alcohol__0,>4 drinks/day,4857.5,395.5,eta+beta,Xc,-0.5403318261205641,0.8125014892211766,-0.5403318261205641,0.0,True,True,True,True,eta+beta,Xc,-0.9163652164838823,0.5144449200506642,-0.9163652164838823,0.0,True,True,True,True
4,alcohol__1,0-1 drink/day,10497.0,1324.5,eta+beta,eta+beta,22.405343128339155,6.585493783577476,6.585493783577476,6.585493783577476,False,False,False,False,eta+beta,eta+beta,22.583232868091727,7.096074821787624,7.096074821787624,7.096074821787624,False,False,False,False
4,church_frequency__0,never,2188.0,590.0,eta+beta,Xc,-0.7890747821911646,0.9935630959116679,-0.7890747821911646,0.0,True,True,True,True,eta+beta,Xc,-1.1787851654944461,0.5793467167286508,-1.1787851654944461,0.0,True,True,True,True
4,church_frequency__1,sometimes,1862.0,378.0,eta+beta,Xc,-1.9502785697973195,-1.7983124388770193,-1.9502785697973195,0.0,True,True,True,True,eta+beta,Xc,-1.845842854941111,-1.6314889648092503,-1.845842854941111,0.0,True,True,True,True
4,church_frequency__2,weekly,1730.0,414.0,eta+beta,eta+beta,11.261816504322269,6.663243240910106,6.663243240910106,6.663243240910106,False,False,False,False,eta+beta,eta+beta,12.295204194182588,7.739254491741576,7.739254491741576,7.739254491741576,False,False,False,False
4,diet__0,Poor,25799.0,1849.0,Xc+beta,Xc+beta,3.4247399409432546,2.937101903353323,2.937101903353323,2.937101903353323,False,False,False,False,Xc+beta,Xc+beta,4.140099793319678,3.6515035390038975,3.6515035390038975,3.6515035390038975,False,False,False,False
4,diet__1,Good,11135.5,1053.0,eta+beta,eta+beta,6.766173512451132,2.682526831731593,2.682526831731593,2.682526831731593,False,False,False,False,eta+beta,eta+beta,9.745432561780035,4.9354615853771975,4.9354615853771975,4.9354615853771975,False,False,False,False
4,education_level__0,no highschool,13793.0,2780.0,eta+beta,eta+beta,10.122249408792413,3.0803493840467127,3.0803493840467127,3.0803493840467127,False,False,False,False,eta+beta,eta+beta,10.309725555613113,3.3759392079882673,3.3759392079882673,3.3759392079882673,False,False,False,False
4,education_level__1,some college,25646.0,2405.5,eta+beta,epsilon,2.1705047412651766,-1.1491368249771767,-1.1491368249771767,0.0,False,True,True,True,epsilon+eta,epsilon,3.3035239390301285,-1.1613534210446232,-1.1613534210446232,0.0,False,True,True,True
4,income__0,Q1 (Lowest),7427.5,549.0,eta+beta,epsilon,1.1853400130985392,-0.9280162193608703,-0.9280162193608703,0.0,True,True,True,True,eta+beta,epsilon,0.6239608149189735,-1.1799919157001568,-1.1799919157001568,0.0,True,True,True,True
4,income__1,Q2,7162.5,620.0,Xc+beta,Xc+beta,1.194308688855017,2.894130191624754,1.194308688855017,1.194308688855017,True,False,True,True,eta+beta,Xc,-0.17182069382306508,1.2846677217594333,-0.17182069382306508,0.0,True,True,True,True
4,income__2,Q3,7362.0,488.5,eta+beta,epsilon,-1.3908195650856214,-1.7520746043574036,-1.7520746043574036,0.0,True,True,True,True,eta+beta,epsilon,-1.101424237820538,-1.5919231263414986,-1.5919231263414986,0.0,True,True,True,True
4,income__3,Q4 (Highest),7300.5,277.0,Xc+beta,epsilon,0.033451808779318526,-0.7728547788747164,-0.7728547788747164,0.0,True,True,True,True,eta+beta,epsilon,-0.6003296926323856,-2.3323746740529714,-2.3323746740529714,0.0,True,True,True,True
4,number_of_friends__0,0 friends,598.5,247.0,eta+beta,Xc,-1.879414522308025,-1.5712455790564945,-1.879414522308025,0.0,True,True,True,True,eta+beta,Xc,-1.9308799584457574,-1.534379400392936,-1.9308799584457574,0.0,True,True,True,True
4,number_of_friends__1,1+ friends,11939.0,4363.5,Xc+beta,mex_only,-0.5792955111828633,-1.0055042219901225,-1.0055042219901225,0.04653139002039097,True,True,True,True,eta+beta,mex_only,-0.5466901014297036,-0.9580505226331297,-0.9580505226331297,0.0847566501761321,True,True,True,True
4,physical_activity__0,No Activity,10733.5,1182.0,eta+beta,epsilon,-0.9033294865166681,-1.564434511528816,-1.564434511528816,0.0,True,True,True,True,eta+beta,epsilon,-0.9032641016474372,-1.8505197555859922,-1.8505197555859922,0.0,True,True,True,True
4,physical_activity__1,Some Activity,23190.5,1035.0,eta+beta,epsilon,-1.1170672974931222,-1.48336614186519,-1.48336614186519,0.0,True,True,True,True,eta+beta,epsilon,-1.1003174320139806,-2.1317729608235823,-2.1317729608235823,0.0,True,True,True,True
4,sleep_duration__0,1-<5 hours,1878.0,225.0,Xc+beta,Xc+beta,2.1630476195609845,0.43503669758456454,0.43503669758456454,0.43503669758456454,False,True,True,True,eta+beta,epsilon,1.3284734716703497,-0.3245817212559814,-0.3245817212559814,0.0,True,True,True,True
4,sleep_duration__1,5-<7 hours,11639.5,930.0,eta+beta,mex_only,-1.7682120260305965,-1.6250294457877317,-1.7682120260305965,0.9867459106262686,True,True,True,True,eta+beta,mex_only,-1.8319254791986168,-1.7202604790109035,-1.8319254791986168,1.0293205667603615,True,True,True,True
4,sleep_duration__2,7-<9 hours,21027.0,1536.5,eta+beta,eta+beta,5.249875569505093,1.2290399073717708,1.2290399073717708,1.2290399073717708,False,True,True,True,eta+beta,eta+beta,7.5431459284773155,2.5837810065040685,2.5837810065040685,2.5837810065040685,False,False,False,False
4,sleep_duration__3,>=9 hours,4682.5,415.5,eta+beta,Xc,-1.6011970229260442,-1.0550981608957954,-1.6011970229260442,0.0,True,True,True,True,epsilon+eta,Xc,-2.4562075456583443,-2.2312492181495145,-2.4562075456583443,0.0,True,True,True,True
4,sleep_frailty__0,Q4 (highest),2794.0,416.0,eta+beta,Xc,-1.5985238676489644,-1.1463031115699778,-1.5985238676489644,0.0,True,True,True,True,eta+beta,Xc,-1.4098751888100196,-0.9961477219203516,-1.4098751888100196,0.0,True,True,True,True
4,sleep_frailty__1,Q1 (lowest),2834.0,428.0,eta+beta,eta+beta,6.8963757363630975,3.3162560110877166,3.3162560110877166,3.3162560110877166,False,False,False,False,Xc+beta,Xc+beta,6.1081435397027235,3.3093774858330107,3.3093774858330107,3.3093774858330107,False,False,False,False
5,alcohol__0,>4 drinks/day,4862.0,400.5,eta+beta,epsilon,-1.2522197409771252,-1.407954280443846,-1.407954280443846,0.0,True,True,True,True,eta+beta,epsilon,-2.0290315070133147,-2.356348256776073,-2.356348256776073,0.0,True,True,True,True
5,alcohol__1,0-1 drink/day,10523.0,1312.5,eta+beta,eta+beta,16.105173431315052,4.210335665417006,4.210335665417006,4.210335665417006,False,False,False,False,eta+beta,eta+beta,15.910779628418823,4.065672800097673,4.065672800097673,4.065672800097673,False,False,False,False
5,church_frequency__0,never,2314.0,642.0,eta+beta,Xc,-1.802958045755986,-1.5435947430423766,-1.802958045755986,0.0,True,True,True,True,eta+beta,Xc,-1.8197428432004017,-1.6427322122217447,-1.8197428432004017,0.0,True,True,True,True
5,church_frequency__1,sometimes,1790.0,318.0,eta+beta,eta+beta,1.5245932019902284,0.025853363029455068,0.025853363029455068,0.025853363029455068,True,True,True,True,eta+beta,eta+beta,1.8179904196354073,0.30063314401013486,0.30063314401013486,0.30063314401013486,True,True,True,True
5,church_frequency__2,weekly,1688.0,416.0,eta+beta,eta+beta,3.060001856054896,1.3240456401836127,1.3240456401836127,1.3240456401836127,False,True,True,True,eta+beta,eta+beta,3.490057553371571,1.7297899298418997,1.7297899298418997,1.7297899298418997,False,True,True,True
5,diet__0,Poor,26148.0,1865.5,eta+beta,eta+beta,7.169582151738723,7.2173861479823245,7.169582151738723,7.169582151738723,False,False,False,False,eta+beta,eta+beta,7.25858145247912,7.396355943972594,7.25858145247912,7.25858145247912,False,False,False,False
5,diet__1,Good,11063.5,1014.5,eta+beta,eta+beta,5.26724758869932,2.0618371835353173,2.0618371835353173,2.0618371835353173,False,False,False,False,eta+beta,eta+beta,8.513722500818403,4.514056457732295,4.514056457732295,4.514056457732295,False,False,False,False
5,education_level__0,no highschool,13788.0,2831.5,epsilon+eta,epsilon+eta,12.605163766256737,5.290936162564321,5.290936162564321,5.290936162564321,False,False,False,False,eta+beta,eta+beta,12.684651515854057,5.266450951148727,5.266450951148727,5.266450951148727,False,False,False,False
5,education_level__1,some college,25972.0,2426.0,eta+beta,epsilon,1.8664824683437473,-1.48641022800075,-1.48641022800075,0.0,True,True,True,True,eta+beta,epsilon,2.098321559067699,-1.6556083480681991,-1.6556083480681991,0.0,False,True,True,True
5,income__0,Q1 (Lowest),7429.0,570.0,eta+beta,eta+beta,12.558249522096048,6.2153977982789,6.2153977982789,6.2153977982789,False,False,False,False,eta+beta,eta+beta,12.728558706783588,6.367220432835893,6.367220432835893,6.367220432835893,False,False,False,False
5,income__1,Q2,7322.0,675.5,eta+beta,epsilon,-1.155829702887786,-1.282111674614498,-1.282111674614498,0.0,True,True,True,True,eta+beta,epsilon,-1.2203708798715525,-1.4796344798287464,-1.4796344798287464,0.0,True,True,True,True
5,income__2,Q3,7370.0,458.0,eta+beta,Xc,-1.7585211272307788,-1.7320562402328505,-1.7585211272307788,0.0,True,True,True,True,eta+beta,epsilon,-1.754250504729498,-1.9643884082879595,-1.9643884082879595,0.0,True,True,True,True
5,income__3,Q4 (Highest),7535.0,301.5,Xc+beta,epsilon,0.7577901995355205,-0.5236432848105324,-0.5236432848105324,0.0,True,True,True,True,eta+beta,epsilon,0.4901349397946433,-1.421816473888157,-1.421816473888157,0.0,True,True,True,True
5,number_of_friends__0,0 friends,609.5,243.5,Xc+beta,mex_only,-1.8189888164099557,-1.5725720018185712,-1.8189888164099557,0.08475074814850814,True,True,True,True,Xc+beta,mex_only,-1.8380930369469297,-1.6019017000267013,-1.8380930369469297,0.06976456322649938,True,True,True,True
5,number_of_friends__1,1+ friends,12163.0,4514.0,eta+beta,mex_only,-1.5832842092204373,-1.464881108768168,-1.5832842092204373,1.740374012515531,True,True,True,True,eta+beta,mex_only,-1.5148936282130308,-1.4118861451934208,-1.5148936282130308,1.8189955477719195,True,True,True,True
5,physical_activity__0,No Activity,11011.5,1273.0,eta+beta,eta+beta,3.329420999487411,0.09488307327046641,0.09488307327046641,0.09488307327046641,False,True,True,True,eta+beta,eta+beta,3.7530302495943033,0.1873958275482437,0.1873958275482437,0.1873958275482437,False,True,True,True
5,physical_activity__1,Some Activity,23374.5,1018.0,Xc+beta,Xc+beta,13.992772030636843,21.136566976252652,13.992772030636843,13.992772030636843,False,False,False,False,Xc+beta,Xc+beta,10.161946422258552,16.925455403212254,10.161946422258552,10.161946422258552,False,False,False,False
5,sleep_duration__0,1-<5 hours,2138.0,233.0,eta+beta,epsilon,-1.739068797208347,-1.9252980670598845,-1.9252980670598845,0.0,True,True,True,True,Xc+eta,epsilon,-1.714645902257871,-1.9724314463937844,-1.9724314463937844,0.0,True,True,True,True
5,sleep_duration__1,5-<7 hours,11843.5,976.0,eta+beta,mex_only,0.5127898096343415,0.5845831004480715,0.5127898096343415,1.9176017914160184,True,True,True,True,eta+beta,mex_only,0.4425068586551788,0.5166834410538286,0.4425068586551788,1.9120670038246317,True,True,True,True
5,sleep_duration__2,7-<9 hours,20912.5,1444.0,eta+beta,Xc,-0.5781852253494435,0.2232403944726684,-0.5781852253494435,0.0,True,True,True,True,eta+beta,Xc,-1.7285837134113535,-1.4789369269401504,-1.7285837134113535,0.0,True,True,True,True
5,sleep_duration__3,>=9 hours,4638.5,438.5,Xc+beta,Xc+beta,4.772263521975219,2.6788215640690396,2.6788215640690396,2.6788215640690396,False,False,False,False,eta+beta,eta+beta,3.3952046422214153,1.2574927605992343,1.2574927605992343,1.2574927605992343,False,True,True,True
5,sleep_frailty__0,Q4 (highest),2926.0,450.0,eta+beta,epsilon,-0.3392559121502927,-1.3491404575979686,-1.3491404575979686,0.0,True,True,True,True,eta+beta,epsilon,-0.5163658327001031,-1.419507156328109,-1.419507156328109,0.0,True,True,True,True
5,sleep_frailty__1,Q1 (lowest),2708.0,434.0,eta+beta,epsilon,0.2562978056976135,-0.308132650799962,-0.308132650799962,0.0,True,True,True,True,eta+beta,eta+beta,0.5747905276675738,0.04596870369186945,0.04596870369186945,0.04596870369186945,True,True,True,True
6,alcohol__0,>4 drinks/day,4788.5,427.0,Xc+beta,Xc+beta,4.7768132969085855,7.976152568751786,4.7768132969085855,4.7768132969085855,False,False,False,False,eta+beta,eta+beta,3.3654678532402613,7.03148374193097,3.3654678532402613,3.3654678532402613,False,False,False,False
6,alcohol__1,0-1 drink/day,10668.0,1388.0,eta+beta,eta+beta,13.02693195181564,2.932859730508426,2.932859730508426,2.932859730508426,False,False,False,False,eta+beta,eta+beta,14.46394243409486,3.4701867695366673,3.4701867695366673,3.4701867695366673,False,False,False,False
6,church_frequency__0,never,2104.0,618.0,eta+beta,Xc,-1.5046094229091977,-0.6797687979387774,-1.5046094229091977,0.0,True,True,True,True,eta+beta,Xc,-1.840074578552958,-1.0829836973607598,-1.840074578552958,0.0,True,True,True,True
6,church_frequency__1,sometimes,1798.0,374.0,eta+beta,mex_only,-1.2670875557760155,-1.431286419162916,-1.431286419162916,1.1217762718752056,True,True,True,True,eta+beta,mex_only,-2.368919007569275,-2.3868422405967067,-2.3868422405967067,1.5299778703520133,True,True,True,True
6,church_frequency__2,weekly,1678.0,414.0,eta+beta,epsilon,0.6115991957308324,-0.3018518656122069,-0.3018518656122069,0.0,True,True,True,True,eta+beta,epsilon,-0.39588203031507874,-1.0894348889737557,-1.0894348889737557,0.0,True,True,True,True
6,diet__0,Poor,26071.0,1874.0,epsilon+beta,mex_only,-1.9414084304989956,-1.9769205229677027,-1.9769205229677027,1.472370092458732,True,True,True,True,Xc+beta,mex_only,-1.8313237809634302,-1.8782954669441096,-1.8782954669441096,1.1290043024418992,True,True,True,True
6,diet__1,Good,10831.0,1025.0,eta+beta,eta+beta,8.7563349589891,4.844261732660016,4.844261732660016,4.844261732660016,False,False,False,False,eta+beta,eta+beta,11.126646420902034,7.392046602202754,7.392046602202754,7.392046602202754,False,False,False,False
6,education_level__0,no highschool,13831.5,2855.5,eta+beta,eta+beta,5.458248766808538,1.705458324184292,1.705458324184292,1.705458324184292,False,True,True,True,eta+beta,eta+beta,6.177262716104451,2.096701581180241,2.096701581180241,2.096701581180241,False,False,False,False
6,education_level__1,some college,26246.5,2557.0,eta+beta,epsilon,2.026132896186027,-0.7721070896295714,-0.7721070896295714,0.0,False,True,True,True,eta+beta,epsilon,2.687358904058783,-0.5485087943889084,-0.5485087943889084,0.0,False,True,True,True
6,income__0,Q1 (Lowest),7748.5,593.5,Xc+beta,Xc+beta,6.56079971852887,4.165231442666482,4.165231442666482,4.165231442666482,False,False,False,False,eta+beta,eta+beta,4.418219855427196,2.2151162465024754,2.2151162465024754,2.2151162465024754,False,False,False,False
6,income__1,Q2,7229.5,670.0,eta+beta,epsilon,-0.5521627060861647,-1.7410810743722323,-1.7410810743722323,0.0,True,True,True,True,eta+beta,epsilon,-0.7235815648764401,-1.7103269893223114,-1.7103269893223114,0.0,True,True,True,True
6,income__2,Q3,7094.5,411.5,eta+beta,epsilon,-1.8908683423742332,-1.9111334245853868,-1.9111334245853868,0.0,True,True,True,True,eta+beta,epsilon,-1.8769090115238214,-2.021541075972891,-2.021541075972891,0.0,True,True,True,True
6,income__3,Q4 (Highest),7237.0,302.5,eta+beta,epsilon,-0.15483453350589116,-1.4243387520832584,-1.4243387520832584,0.0,True,True,True,True,eta+beta,epsilon,1.1979846765730144,-0.9063657861024694,-0.9063657861024694,0.0,True,True,True,True
6,number_of_friends__0,0 friends,586.5,241.0,Xc+beta,Xc,-0.4230470467764462,0.37830635638329113,-0.4230470467764462,0.0,True,True,True,True,Xc+beta,Xc,-0.31571206404055374,0.491773144876106,-0.31571206404055374,0.0,True,True,True,True
6,number_of_friends__1,1+ friends,12245.0,4687.5,eta+beta,mex_only,-0.1915171434811782,-0.6065772037400166,-0.6065772037400166,1.0368976765530533,True,True,True,True,eta+beta,mex_only,-0.07565866572986124,-0.5615299407727434,-0.5615299407727434,0.7907661846475094,True,True,True,True
6,physical_activity__0,No Activity,10973.5,1240.0,eta+beta,epsilon,0.47546413117743214,-1.2533121981232398,-1.2533121981232398,0.0,True,True,True,True,eta+beta,epsilon,0.6435527898647706,-1.4804376637694077,-1.4804376637694077,0.0,True,True,True,True
6,physical_activity__1,Some Activity,23035.5,1042.5,eta+beta,epsilon,-0.9915310988035344,-1.4815744006627938,-1.4815744006627938,0.0,True,True,True,True,eta+beta,epsilon,-1.1439008885736257,-1.3608687342984922,-1.3608687342984922,0.0,True,True,True,True
6,sleep_duration__0,1-<5 hours,2001.0,249.5,eta+beta,epsilon,-0.7535168553554286,-1.505307579444434,-1.505307579444434,0.0,True,True,True,True,Xc+beta,epsilon,-0.2395470040796681,-1.4114092225186141,-1.4114092225186141,0.0,True,True,True,True
6,sleep_duration__1,5-<7 hours,11645.5,943.5,eta+beta,Xc,-1.2083386761642032,-0.8906453327326744,-1.2083386761642032,0.0,True,True,True,True,Xc+beta,mex_only,-0.4445114347145136,-0.11530383727222215,-0.4445114347145136,0.5866006676915276,True,True,True,True
6,sleep_duration__2,7-<9 hours,20855.0,1516.0,eta+beta,eta+beta,2.693485643056192,0.6759267161396565,0.6759267161396565,0.6759267161396565,False,True,True,True,eta+beta,eta+beta,2.640542420298516,0.6301899717764172,0.6301899717764172,0.6301899717764172,False,True,True,True
6,sleep_duration__3,>=9 hours,4723.5,428.0,eta+beta,Xc,-1.1693070231244747,0.14218304618452748,-1.1693070231244747,0.0,True,True,True,True,Xc+eta,Xc,-1.6623111116668952,0.12155680944306368,-1.6623111116668952,0.0,True,True,True,True
6,sleep_frailty__0,Q4 (highest),2858.0,412.0,Xc+beta,epsilon,0.55541511152569,-0.5468595503230063,-0.5468595503230063,0.0,True,True,True,True,eta+beta,epsilon,-0.4943380411709768,-1.2286992169338191,-1.2286992169338191,0.0,True,True,True,True
6,sleep_frailty__1,Q1 (lowest),2618.0,444.0,Xc+beta,mex_only,0.6587607998744716,0.1143339583531997,0.1143339583531997,0.15990201041086038,True,True,True,True,Xc+beta,mex_only,0.6793409503893599,0.15948612535248685,0.15948612535248685,0.17550381289720463,True,True,True,True
7,alcohol__0,>4 drinks/day,4825.5,428.5,Xc+eta,Xc,-0.8802515611769195,1.5007517305111833,-0.8802515611769195,0.0,True,True,True,True,eta+beta,Xc,-0.684027013388004,1.4368290113861804,-0.684027013388004,0.0,True,True,True,True
7,alcohol__1,0-1 drink/day,10351.0,1289.5,eta+beta,epsilon,4.9659484704934584,-1.0631637228434556,-1.0631637228434556,0.0,False,True,True,True,eta+beta,epsilon,6.447924273570607,-0.6174724730681191,-0.6174724730681191,0.0,False,True,True,True
7,church_frequency__0,never,2158.0,582.0,eta+beta,epsilon,-0.5155342916050358,-1.2977813279039765,-1.2977813279039765,0.0,True,True,True,True,eta+beta,epsilon,-0.3971581971618434,-1.4256668716370768,-1.4256668716370768,0.0,True,True,True,True
7,church_frequency__1,sometimes,1766.0,324.0,Xc+beta,epsilon,-0.6618882718466921,-1.2680371586520778,-1.2680371586520778,0.0,True,True,True,True,Xc+beta,epsilon,-2.0951804287465166,-2.2983281180231643,-2.2983281180231643,0.0,True,True,True,True
7,church_frequency__2,weekly,1592.0,364.0,eta+beta,eta+beta,2.358838609899067,0.873265077042106,0.873265077042106,0.873265077042106,False,True,True,True,eta+beta,eta+beta,1.6910931808392888,0.19556005304730206,0.19556005304730206,0.19556005304730206,True,True,True,True
7,diet__0,Poor,25532.0,1867.0,eta+beta,mex_only,-0.18207406765577616,-0.02359887951388373,-0.18207406765577616,1.6854022805746354,True,True,True,True,eta+beta,mex_only,-0.8949932845098374,-0.6950834723284061,-0.8949932845098374,1.4524356503898161,True,True,True,True
7,diet__1,Good,10947.5,976.0,eta+beta,eta+beta,12.888712491085244,7.064736826312583,7.064736826312583,7.064736826312583,False,False,False,False,Xc+eta,Xc+eta,13.064312240783693,7.449508995881843,7.449508995881843,7.449508995881843,False,False,False,False
7,education_level__0,no highschool,13555.0,2806.0,eta+beta,eta+beta,11.507116261709598,5.0277684582652,5.0277684582652,5.0277684582652,False,False,False,False,eta+beta,eta+beta,10.734983648686466,4.9259716818305606,4.9259716818305606,4.9259716818305606,False,False,False,False
7,education_level__1,some college,25682.0,2406.5,eta+beta,eta+beta,10.297781699518964,2.342146913662873,2.342146913662873,2.342146913662873,False,False,False,False,eta+beta,eta+beta,11.245743383682566,2.811072808213794,2.811072808213794,2.811072808213794,False,False,False,False
7,income__0,Q1 (Lowest),7011.5,530.0,eta+beta,eta+beta,6.887294298821871,3.3995863211530377,3.3995863211530377,3.3995863211530377,False,False,False,False,eta+beta,eta+beta,9.109969840208578,4.789723918633172,4.789723918633172,4.789723918633172,False,False,False,False
7,income__1,Q2,6795.5,628.0,eta+beta,Xc,-0.669415695601856,0.525059096030418,-0.669415695601856,0.0,True,True,True,True,eta+beta,Xc,-1.0809794193746711,0.10636739687106456,-1.0809794193746711,0.0,True,True,True,True
7,income__2,Q3,7342.0,492.5,Xc+beta,Xc+beta,1.6110442755270924,0.3460104881114603,0.3460104881114603,0.3460104881114603,True,True,True,True,Xc+beta,epsilon,1.1258162522553903,-0.10065374542136851,-0.10065374542136851,0.0,True,True,True,True
7,income__3,Q4 (Highest),7775.5,316.0,eta+beta,epsilon,0.3557772810577262,-0.3547674646356427,-0.3547674646356427,0.0,True,True,True,True,eta+beta,epsilon,-0.9899877289012693,-2.8642154998906335,-2.8642154998906335,0.0,True,True,True,True
7,number_of_friends__0,0 friends,620.5,257.0,Xc+beta,Xc,-1.5066730771029597,-0.8205697753696768,-1.5066730771029597,0.0,True,True,True,True,eta+beta,Xc,-1.65051380353907,-0.8999720109616192,-1.65051380353907,0.0,True,True,True,True
7,number_of_friends__1,1+ friends,11795.0,4397.5,eta+beta,mex_only,-0.30507000999932643,-0.8053830258504604,-0.8053830258504604,0.4662183229011134,True,True,True,True,eta+beta,epsilon,0.506316646526102,-0.24757532741205068,-0.24757532741205068,0.0,True,True,True,True
7,physical_activity__0,No Activity,10778.5,1261.0,eta+beta,epsilon,-0.2032301460913004,-1.6187038482403295,-1.6187038482403295,0.0,True,True,True,True,eta+beta,epsilon,-0.6182861126853822,-1.868114643748413,-1.868114643748413,0.0,True,True,True,True
7,physical_activity__1,Some Activity,22968.5,1011.0,Xc+eta,Xc,-1.476940182825274,0.7091286512204533,-1.476940182825274,0.0,True,True,True,True,eta+beta,eta+beta,0.18257584409366245,3.066883586905533,0.18257584409366245,0.18257584409366245,True,False,True,True
7,sleep_duration__0,1-<5 hours,1862.0,210.0,Xc+beta,Xc+beta,1.7053181839071385,0.36035410059048445,0.36035410059048445,0.36035410059048445,True,True,True,True,epsilon+eta,epsilon+eta,1.134271833469711,0.001432384666713915,0.001432384666713915,0.001432384666713915,True,True,True,True
7,sleep_duration__1,5-<7 hours,11620.5,942.0,Xc+beta,Xc+beta,1.6703848977958842,1.973344383042786,1.6703848977958842,1.6703848977958842,True,True,True,True,eta+beta,mex_only,-1.0717557623920584,-0.6055643446725298,-1.0717557623920584,0.43772639268354396,True,True,True,True
7,sleep_duration__2,7-<9 hours,20689.0,1417.5,Xc+beta,Xc+beta,6.669111874931332,2.148550215826617,2.148550215826617,2.148550215826617,False,False,False,False,epsilon+beta,epsilon+beta,7.4040694236100535,2.3945836463026353,2.3945836463026353,2.3945836463026353,False,False,False,False
7,sleep_duration__3,>=9 hours,4540.5,464.5,Xc+beta,epsilon,0.945901204052916,-0.4518959588631333,-0.4518959588631333,0.0,True,True,True,True,Xc+beta,epsilon,-0.7495371055078976,-1.8947825632039894,-1.8947825632039894,0.0,True,True,True,True
7,sleep_frailty__0,Q4 (highest),2772.0,426.0,eta+beta,epsilon,0.541644353214906,-0.610067991746746,-0.610067991746746,0.0,True,True,True,True,eta+beta,epsilon,0.6852615211892044,-0.49199146878163447,-0.49199146878163447,0.0,True,True,True,True
7,sleep_frailty__1,Q1 (lowest),2664.0,368.0,Xc+beta,epsilon,-1.0689484365534554,-1.668853167942416,-1.668853167942416,0.0,True,True,True,True,Xc+beta,epsilon,-1.5859194054310137,-1.962983704710041,-1.962983704710041,0.0,True,True,True,True
8,alcohol__0,>4 drinks/day,5008.0,450.0,eta+beta,eta+beta,4.037993250870386,0.5760317106551156,0.5760317106551156,0.5760317106551156,False,True,True,True,eta+beta,eta+beta,4.136642403343103,0.6633737911133721,0.6633737911133721,0.6633737911133721,False,True,True,True
8,alcohol__1,0-1 drink/day,10448.0,1239.5,eta+beta,epsilon,8.072507046372266,-0.169949121078389,-0.169949121078389,0.0,False,True,True,True,eta+beta,epsilon,8.471476605825956,-0.2671793363588222,-0.2671793363588222,0.0,False,True,True,True
8,church_frequency__0,never,2006.0,568.0,Xc+beta,Xc+beta,8.690783714141617,15.740065539502211,8.690783714141617,8.690783714141617,False,False,False,False,Xc+beta,Xc+beta,7.40929258495089,14.611218085874498,7.40929258495089,7.40929258495089,False,False,False,False
8,church_frequency__1,sometimes,1758.0,328.0,epsilon+beta,Xc,-1.8980251335910907,-1.6814133237458009,-1.8980251335910907,0.0,True,True,True,True,Xc+beta,Xc+beta,0.06021863179739739,0.7771448396347296,0.06021863179739739,0.06021863179739739,True,True,True,True
8,church_frequency__2,weekly,1720.0,384.0,eta+beta,Xc,-1.746757295667976,-1.1057418482996582,-1.746757295667976,0.0,True,True,True,True,eta+beta,Xc,-1.3831396592490819,-0.40690454969353596,-1.3831396592490819,0.0,True,True,True,True
8,diet__0,Poor,25863.0,1803.0,eta+beta,mex_only,-0.11471345263635158,-0.15259066111320863,-0.15259066111320863,1.9616339392523514,True,True,True,True,eta+beta,mex_only,-0.32011022941514966,-0.40956705396820325,-0.40956705396820325,1.902016707983421,True,True,True,True
8,diet__1,Good,11115.5,973.5,eta+beta,epsilon,-1.27697576924038,-1.360083231344106,-1.360083231344106,0.0,True,True,True,True,eta+beta,Xc,-1.7817870339185902,-1.685908076218766,-1.7817870339185902,0.0,True,True,True,True
8,education_level__0,no highschool,13889.5,2901.0,eta+beta,epsilon,2.034100584751286,-0.23185253066185396,-0.23185253066185396,0.0,False,True,True,True,Xc+beta,Xc+beta,3.0923484953855223,0.45216690387314884,0.45216690387314884,0.45216690387314884,False,True,True,True
8,education_level__1,some college,25755.0,2328.0,eta+beta,epsilon,-0.48697146777340095,-1.5348375058929378,-1.5348375058929378,0.0,True,True,True,True,Xc+eta,epsilon,-0.6167193481087452,-2.0886423604788433,-2.0886423604788433,0.0,True,True,True,True
8,income__0,Q1 (Lowest),7415.0,569.0,eta+beta,epsilon,3.1504798814785318,-0.2352059813665619,-0.2352059813665619,0.0,False,True,True,True,eta+beta,epsilon,2.865264228572414,-0.3052845529455226,-0.3052845529455226,0.0,False,True,True,True
8,income__1,Q2,7262.5,675.0,eta+beta,epsilon,-0.5068588943149734,-1.4294934599738554,-1.4294934599738554,0.0,True,True,True,True,eta+beta,epsilon,-0.2889561488200343,-1.599472719505684,-1.599472719505684,0.0,True,True,True,True
8,income__2,Q3,7181.0,448.5,Xc+eta,Xc,-1.5409760643296977,-0.7942800630926286,-1.5409760643296977,0.0,True,True,True,True,Xc+eta,Xc,-1.2413697838428561,-0.42671984024673293,-1.2413697838428561,0.0,True,True,True,True
8,income__3,Q4 (Highest),7413.0,274.0,eta+beta,Xc,-0.566285275820519,1.434225808415249,-0.566285275820519,0.0,True,True,True,True,Xc+eta,Xc,-2.673816357932992,-1.9580121356138989,-2.673816357932992,0.0,True,True,True,True
8,number_of_friends__0,0 friends,573.5,223.5,Xc+beta,Xc+beta,2.1602837097898373,3.105477558873872,2.1602837097898373,2.1602837097898373,False,False,False,False,Xc+beta,Xc+beta,2.239957028888057,3.187025563330735,2.239957028888057,2.239957028888057,False,False,False,False
8,number_of_friends__1,1+ friends,11993.0,4420.0,eta+beta,mex_only,-1.8134114125205087,-1.8058816276970902,-1.8134114125205087,1.992452787970251,True,True,True,True,eta+beta,mex_only,-1.8398760098498315,-1.844425063158269,-1.844425063158269,2.0005648545193253,True,True,True,False
8,physical_activity__0,No Activity,10864.5,1273.5,eta+beta,eta+beta,7.295701549530349,2.7616129454363545,2.7616129454363545,2.7616129454363545,False,False,False,False,eta+beta,eta+beta,6.6611137842264725,1.8402108599839266,1.8402108599839266,1.8402108599839266,False,True,True,True
8,physical_activity__1,Some Activity,23171.5,978.5,Xc+beta,Xc+beta,8.199586858096154,14.542328958556027,8.199586858096154,8.199586858096154,False,False,False,False,Xc+eta,Xc+eta,4.692200443003458,9.966776698469403,4.692200443003458,4.692200443003458,False,False,False,False
8,sleep_duration__0,1-<5 hours,2052.0,250.0,eta+beta,epsilon,1.0856096647094091,-0.7758126655226079,-0.7758126655226079,0.0,True,True,True,True,eta+beta,epsilon,0.9773551541284178,-0.8881844207876384,-0.8881844207876384,0.0,True,True,True,True
8,sleep_duration__1,5-<7 hours,11851.0,924.5,Xc+beta,Xc+beta,6.22476578253918,7.897941480139707,6.22476578253918,6.22476578253918,False,False,False,False,eta+beta,eta+beta,4.9478869153463165,6.504162074827036,4.9478869153463165,4.9478869153463165,False,False,False,False
8,sleep_duration__2,7-<9 hours,20739.0,1419.0,eta+beta,epsilon,-0.41671391635463806,-1.2763349915312574,-1.2763349915312574,0.0,True,True,True,True,Xc+eta,epsilon,-0.751243986434929,-2.175031240361932,-2.175031240361932,0.0,True,True,True,True
8,sleep_duration__3,>=9 hours,4719.5,422.5,Xc+beta,epsilon,0.8676607114025501,-0.3668775475662187,-0.3668775475662187,0.0,True,True,True,True,epsilon+eta,epsilon,-1.569672488226388,-2.197577527352678,-2.197577527352678,0.0,True,True,True,True
8,sleep_frailty__0,Q4 (highest),2826.0,390.0,eta+beta,eta+beta,9.0012944820146,6.075800519417044,6.075800519417044,6.075800519417044,False,False,False,False,eta+beta,eta+beta,8.978442729785911,6.225558856668158,6.225558856668158,6.225558856668158,False,False,False,False
8,sleep_frailty__1,Q1 (lowest),2732.0,430.0,Xc+beta,mex_only,-1.7416017002178705,-1.757704148521043,-1.757704148521043,1.7016654128055961,True,True,True,True,eta+beta,mex_only,-2.2633520364829565,-2.20853587883812,-2.2633520364829565,1.9854279345136092,True,True,True,True
9,alcohol__0,>4 drinks/day,4968.5,475.0,eta+beta,Xc,-1.8801989981620864,-0.37008407582197833,-1.8801989981620864,0.0,True,True,True,True,eta+beta,Xc,-1.419466627771726,-0.22369033424456575,-1.419466627771726,0.0,True,True,True,True
9,alcohol__1,0-1 drink/day,10488.5,1297.0,eta+beta,eta+beta,14.701432143729107,2.761771101408158,2.761771101408158,2.761771101408158,False,False,False,False,Xc+eta,Xc+eta,16.06164672624982,3.6673921412566415,3.6673921412566415,3.6673921412566415,False,False,False,False
9,church_frequency__0,never,1972.0,582.0,eta+beta,eta+beta,10.8919301918786,18.254951971895025,10.8919301918786,10.8919301918786,False,False,False,False,eta+beta,eta+beta,10.796130314333823,18.24736445525741,10.796130314333823,10.796130314333823,False,False,False,False
9,church_frequency__1,sometimes,1768.0,338.0,eta+beta,eta+beta,4.921596019712979,6.048899845488904,4.921596019712979,4.921596019712979,False,False,False,False,eta+beta,eta+beta,5.306681972993374,6.355295071801265,5.306681972993374,5.306681972993374,False,False,False,False
9,church_frequency__2,weekly,1646.0,368.0,epsilon+eta,epsilon,-1.6644888394444024,-1.9234600537679398,-1.9234600537679398,0.0,True,True,True,True,Xc+beta,Xc,-1.9350272964393298,-1.7049405080861106,-1.9350272964393298,0.0,True,True,True,True
9,diet__0,Poor,26315.5,1833.0,eta+beta,eta+beta,1.765038330846437,2.168472456327436,1.765038330846437,1.765038330846437,True,False,True,True,eta+beta,eta+beta,1.9345544062744011,2.268247568496008,1.9345544062744011,1.9345544062744011,True,False,True,True
9,diet__1,Good,10993.0,972.0,eta+beta,Xc,-1.4907997375576088,-0.9468619255785597,-1.4907997375576088,0.0,True,True,True,True,eta+beta,Xc,-1.6516178692781978,-1.0061683838175668,-1.6516178692781978,0.0,True,True,True,True
9,education_level__0,no highschool,13999.0,3017.5,Xc+beta,epsilon,2.965132986937533,-0.4485824397597753,-0.4485824397597753,0.0,False,True,True,True,eta+beta,epsilon,1.9907331578651792,-0.9777741492034693,-0.9777741492034693,0.0,True,True,True,True
9,education_level__1,some college,25934.0,2443.0,eta+beta,epsilon,1.950063930289616,-0.9581450282639707,-0.9581450282639707,0.0,True,True,True,True,eta+beta,epsilon,1.4170781231950969,-1.4107330703518528,-1.4107330703518528,0.0,True,True,True,True
9,income__0,Q1 (Lowest),7909.5,577.5,eta+beta,eta+beta,13.792397998305205,9.027517880229425,9.027517880229425,9.027517880229425,False,False,False,False,eta+beta,eta+beta,13.81561642458837,8.74256958163187,8.74256958163187,8.74256958163187,False,False,False,False
9,income__1,Q2,7466.0,673.5,eta+beta,Xc,-1.2359535022642376,-0.02752162903016142,-1.2359535022642376,0.0,True,True,True,True,eta+beta,Xc,-1.5577676520179011,-0.6727720413418865,-1.5577676520179011,0.0,True,True,True,True
9,income__2,Q3,7293.0,433.5,Xc+eta,Xc,-1.9761208337231437,-1.4131878023108584,-1.9761208337231437,0.0,True,True,True,True,Xc+eta,Xc,-1.8879082687790287,-1.180247046133445,-1.8879082687790287,0.0,True,True,True,True
9,income__3,Q4 (Highest),7010.5,292.0,eta+beta,epsilon,0.5707847258290712,-1.2143327579706238,-1.2143327579706238,0.0,True,True,True,True,Xc+eta,epsilon,3.260925418027,-0.005904468428980181,-0.005904468428980181,0.0,False,True,True,True
9,number_of_friends__0,0 friends,558.5,213.0,eta+beta,eta+beta,2.51510633828525,3.500376912203137,2.51510633828525,2.51510633828525,False,False,False,False,Xc+beta,Xc+beta,2.088771745260601,3.0878216933035674,2.088771745260601,2.088771745260601,False,False,False,False
9,number_of_friends__1,1+ friends,12075.0,4605.5,Xc+beta,mex_only,1.4345159002405126,1.2248549935320625,1.2248549935320625,1.738524780899752,True,True,True,True,eta+beta,mex_only,0.6559302973255399,0.5300678780913586,0.5300678780913586,1.8709733972355025,True,True,True,True
9,physical_activity__0,No Activity,10798.0,1186.5,eta+beta,epsilon,2.292917985585518,-0.19984763978573028,-0.19984763978573028,0.0,False,True,True,True,eta+beta,epsilon,2.143580878017019,-0.6100158988592739,-0.6100158988592739,0.0,False,True,True,True
9,physical_activity__1,Some Activity,23558.5,1038.0,epsilon+beta,epsilon+beta,4.754765072111695,9.255357490064853,4.754765072111695,4.754765072111695,False,False,False,False,Xc+beta,Xc+beta,4.989271437098068,9.29279516659517,4.989271437098068,4.989271437098068,False,False,False,False
9,sleep_duration__0,1-<5 hours,2065.0,240.5,eta+beta,eta+beta,2.4790875659227822,0.2159212496803775,0.2159212496803775,0.2159212496803775,False,True,True,True,Xc+eta,Xc+eta,2.634857619943432,0.24555682965865344,0.24555682965865344,0.24555682965865344,False,True,True,True
9,sleep_duration__1,5-<7 hours,11965.0,955.5,eta+beta,eta+beta,5.977815357518921,7.189672798704123,5.977815357518921,5.977815357518921,False,False,False,False,eta+beta,eta+beta,5.466276982899217,6.509531315403365,5.466276982899217,5.466276982899217,False,False,False,False
9,sleep_duration__2,7-<9 hours,20930.5,1440.0,eta+beta,epsilon,-1.408313622669084,-1.4377942376922874,-1.4377942376922874,0.0,True,True,True,True,Xc+eta,epsilon,-1.8125216133594222,-2.122278654940601,-2.122278654940601,0.0,True,True,True,True
9,sleep_duration__3,>=9 hours,4764.0,408.5,Xc+beta,Xc+beta,3.0898581765600284,2.129128026510898,2.129128026510898,2.129128026510898,False,False,False,False,Xc+beta,Xc+beta,3.1794161458042254,1.9633911251903555,1.9633911251903555,1.9633911251903555,False,True,True,True
9,sleep_frailty__0,Q4 (highest),2786.0,380.0,Xc+beta,Xc+beta,5.01634356974364,3.5284503092902924,3.5284503092902924,3.5284503092902924,False,False,False,False,eta+beta,eta+beta,3.8938873236011204,2.7407602488510747,2.7407602488510747,2.7407602488510747,False,False,False,False
9,sleep_frailty__1,Q1 (lowest),2804.0,398.0,Xc+beta,epsilon,-0.26196168834894706,-1.1825989678177393,-1.1825989678177393,0.0,True,True,True,True,Xc+beta,epsilon,0.3574453274818552,-0.6478167013729035,-0.6478167013729035,0.0,True,True,True,True
10,alcohol__0,>4 drinks/day,4744.5,371.0,eta+beta,epsilon,-0.8232524654586086,-1.314050284619043,-1.314050284619043,0.0,True,True,True,True,eta+beta,epsilon,-1.0364281301576739,-1.5701583175782616,-1.5701583175782616,0.0,True,True,True,True
10,alcohol__1,0-1 drink/day,10168.5,1297.0,eta+beta,eta+beta,21.641982703120448,8.419670428560494,8.419670428560494,8.419670428560494,False,False,False,False,eta+beta,eta+beta,23.457522152248202,9.54201072727119,9.54201072727119,9.54201072727119,False,False,False,False
10,church_frequency__0,never,2342.0,672.0,Xc+eta,Xc,-0.05075538563869486,2.92174590985087,-0.05075538563869486,0.0,True,False,True,True,Xc+eta,Xc,-0.6072122344348827,2.3605001426822128,-0.6072122344348827,0.0,True,False,True,True
10,church_frequency__1,sometimes,1810.0,404.0,Xc+beta,mex_only,-1.7867893434622601,-1.8352533051474893,-1.8352533051474893,1.7394216912052798,True,True,True,True,eta+beta,mex_only,-1.8236603904333606,-1.8835306615937952,-1.8835306615937952,1.6822190045668322,True,True,True,True
10,church_frequency__2,weekly,1650.0,420.0,eta+beta,epsilon,0.5336030522530564,-0.9125320009779898,-0.9125320009779898,0.0,True,True,True,True,eta+beta,epsilon,0.9965977126794314,-0.6253775605414376,-0.6253775605414376,0.0,True,True,True,True
10,diet__0,Poor,25708.5,1979.5,Xc+eta,mex_only,-1.9803886593035713,-1.9422875488417048,-1.9803886593035713,1.4115134273306467,True,True,True,True,Xc+beta,mex_only,-2.107438366230781,-2.123080334993574,-2.123080334993574,1.070458523950947,True,True,True,True
10,diet__1,Good,10918.0,1040.5,eta+beta,epsilon,0.6070208441087743,-1.2421566739794798,-1.2421566739794798,0.0,True,True,True,True,eta+beta,epsilon,0.2563929531315807,-1.5012920740264235,-1.5012920740264235,0.0,True,True,True,True
10,education_level__0,no highschool,14002.0,2969.5,eta+beta,eta+beta,8.840633633612015,3.308282915917516,3.308282915917516,3.308282915917516,False,False,False,False,eta+beta,eta+beta,9.141264778681943,3.1179717407285352,3.1179717407285352,3.1179717407285352,False,False,False,False
10,education_level__1,some college,25519.0,2429.0,eta+beta,eta+beta,5.449786287597817,0.29991234674525913,0.29991234674525913,0.29991234674525913,False,True,True,True,eta+beta,eta+beta,5.70917521717638,0.33706713649007725,0.33706713649007725,0.33706713649007725,False,True,True,True
10,income__0,Q1 (Lowest),7581.5,645.5,eta+beta,eta+beta,7.9350304690306075,2.8197128263418563,2.8197128263418563,2.8197128263418563,False,False,False,False,eta+beta,eta+beta,7.48762848066599,2.5219086136730766,2.5219086136730766,2.5219086136730766,False,False,False,False
10,income__1,Q2,6951.5,621.5,eta+beta,Xc,-1.2857572375960444,-0.649815805641083,-1.2857572375960444,0.0,True,True,True,True,eta+beta,Xc,-1.7542572165175443,-1.2379347562600742,-1.7542572165175443,0.0,True,True,True,True
10,income__2,Q3,6986.5,437.0,Xc+beta,epsilon,-0.48672711397830426,-1.0211323465855457,-1.0211323465855457,0.0,True,True,True,True,Xc+beta,epsilon,-0.6738769454050271,-1.17852608051453,-1.17852608051453,0.0,True,True,True,True
10,income__3,Q4 (Highest),7195.5,263.0,Xc+beta,epsilon,-0.3627544534201661,-1.2931405469912534,-1.2931405469912534,0.0,True,True,True,True,eta+beta,epsilon,0.18105072818525514,-2.056497665595998,-2.056497665595998,0.0,True,True,True,True
10,number_of_friends__0,0 friends,586.5,267.0,eta+beta,Xc,-1.5947098722972441,-1.2132568898800855,-1.5947098722972441,0.0,True,True,True,True,eta+beta,Xc,-1.9327940575922185,-1.575242035480187,-1.9327940575922185,0.0,True,True,True,True
10,number_of_friends__1,1+ friends,12325.0,4661.5,eta+beta,mex_only,-1.0855146321264328,-1.3964368346132687,-1.3964368346132687,0.8595731142995646,True,True,True,True,eta+beta,mex_only,-0.9190390443909564,-1.2967117985972436,-1.2967117985972436,0.5614519930531969,True,True,True,True
10,physical_activity__0,No Activity,10557.5,1250.5,eta+beta,epsilon,-1.1876574058169354,-1.2212629148671112,-1.2212629148671112,0.0,True,True,True,True,eta+beta,epsilon,-1.6678371108791907,-1.791729284934263,-1.791729284934263,0.0,True,True,True,True
10,physical_activity__1,Some Activity,22965.0,1014.5,epsilon+beta,epsilon+beta,7.240498964521976,13.055711969807817,7.240498964521976,7.240498964521976,False,False,False,False,Xc+beta,Xc+beta,6.876035127139403,12.346040039801665,6.876035127139403,6.876035127139403,False,False,False,False
10,sleep_duration__0,1-<5 hours,1981.5,269.0,Xc+beta,epsilon,1.1545010766394626,-0.9950175414037403,-0.9950175414037403,0.0,True,True,True,True,Xc+eta,epsilon,0.7860027651363453,-1.249626522820563,-1.249626522820563,0.0,True,True,True,True
10,sleep_duration__1,5-<7 hours,11779.5,1032.5,Xc+beta,mex_only,-1.9995656181872619,-1.999478258405361,-1.9995656181872619,1.9976775531340536,True,True,True,True,Xc+beta,mex_only,-1.9962579488583287,-1.996269244909854,-1.996269244909854,1.9992151020978781,True,True,True,True
10,sleep_duration__2,7-<9 hours,20708.0,1549.5,eta+beta,epsilon,-1.0167423998846061,-1.5301116478804033,-1.5301116478804033,0.0,True,True,True,True,eta+beta,epsilon,-1.1712404067875468,-1.8448647897585033,-1.8448647897585033,0.0,True,True,True,True
10,sleep_duration__3,>=9 hours,4474.5,412.0,Xc+beta,epsilon,-0.3213045642155521,-1.4773598235155987,-1.4773598235155987,0.0,True,True,True,True,eta+beta,epsilon,-1.312072738236111,-2.000172133135493,-2.000172133135493,0.0,True,True,True,True
10,sleep_frailty__0,Q4 (highest),2818.0,460.0,eta+beta,epsilon,-1.7853442193209048,-1.9783663662492472,-1.9783663662492472,0.0,True,True,True,True,eta+beta,epsilon,-1.6707846801346022,-1.899505138270797,-1.899505138270797,0.0,True,True,True,True
10,sleep_frailty__1,Q1 (lowest),2788.0,462.0,eta+beta,epsilon,-1.3034771126467604,-1.66787087013563,-1.66787087013563,0.0,True,True,True,True,Xc+beta,epsilon,-1.2530479651622954,-1.6177007015394338,-1.6177007015394338,0.0,True,True,True,True
11,alcohol__0,>4 drinks/day,4777.5,444.0,eta+beta,eta+beta,0.3724231170172061,3.335797034947973,0.3724231170172061,0.3724231170172061,True,False,True,True,eta+beta,eta+beta,0.3607472401590712,3.2784565583870062,0.3607472401590712,0.3607472401590712,True,False,True,True
11,alcohol__1,0-1 drink/day,10360.5,1322.0,eta+beta,eta+beta,11.029596811567899,0.9177547529325238,0.9177547529325238,0.9177547529325238,False,True,True,True,eta+beta,eta+beta,13.002557333937148,1.6963785269654181,1.6963785269654181,1.6963785269654181,False,True,True,True
11,church_frequency__0,never,2244.0,604.0,eta+beta,epsilon,-1.7459085391628832,-1.8674664378622765,-1.8674664378622765,0.0,True,True,True,True,eta+beta,epsilon,-1.6743240145206073,-1.928088162986569,-1.928088162986569,0.0,True,True,True,True
11,church_frequency__1,sometimes,1798.0,314.0,eta+beta,Xc,-0.8254169764436483,0.6340196308756276,-0.8254169764436483,0.0,True,True,True,True,Xc+beta,Xc,-1.3054815776959003,-0.10407142156100235,-1.3054815776959003,0.0,True,True,True,True
11,church_frequency__2,weekly,1630.0,390.0,eta+beta,Xc,-1.820740550111168,-1.6077060206280294,-1.820740550111168,0.0,True,True,True,True,eta+beta,Xc,-1.8806846108241189,-1.6232776035312781,-1.8806846108241189,0.0,True,True,True,True
11,diet__0,Poor,25834.5,1893.0,eta+beta,eta+beta,2.3882233711519802,2.532574222088442,2.3882233711519802,2.3882233711519802,False,False,False,False,eta+beta,mex_only,1.4841905390130705,1.669382293290255,1.4841905390130705,1.7292171770022833,True,True,True,True
11,diet__1,Good,10598.5,981.0,eta+beta,epsilon,-0.13143902963929577,-1.5461726263292803,-1.5461726263292803,0.0,True,True,True,True,eta+beta,epsilon,0.011694804410581128,-1.6700774385499244,-1.6700774385499244,0.0,True,True,True,True
11,education_level__0,no highschool,13849.0,2875.5,eta+beta,eta+beta,13.431995292437932,4.244765606457804,4.244765606457804,4.244765606457804,False,False,False,False,eta+beta,eta+beta,13.337977476399828,4.0018130853786715,4.0018130853786715,4.0018130853786715,False,False,False,False
11,education_level__1,some college,25478.5,2534.0,eta+beta,epsilon,6.160695720907825,-0.023470186461054254,-0.023470186461054254,0.0,False,True,True,True,eta+beta,eta+beta,7.275568849421688,0.31693584774257033,0.31693584774257033,0.31693584774257033,False,True,True,True
11,income__0,Q1 (Lowest),7489.5,580.0,eta+beta,epsilon,1.825840550302928,-0.5743304083516705,-0.5743304083516705,0.0,True,True,True,True,eta+beta,epsilon,1.5563354385485582,-0.6044634990603299,-0.6044634990603299,0.0,True,True,True,True
11,income__1,Q2,7254.5,692.0,eta+beta,epsilon,0.08642168845290144,-1.3001546440245875,-1.3001546440245875,0.0,True,True,True,True,eta+beta,epsilon,0.07269408348020079,-1.2988791250154463,-1.2988791250154463,0.0,True,True,True,True
11,income__2,Q3,7135.0,451.5,eta+beta,epsilon,-1.1772131015723062,-1.7106068532693826,-1.7106068532693826,0.0,True,True,True,True,eta+beta,epsilon,-0.653275295034291,-1.5816010555054163,-1.5816010555054163,0.0,True,True,True,True
11,income__3,Q4 (Highest),7183.5,309.0,epsilon+eta,epsilon+eta,5.554220259160957,2.1894206955189475,2.1894206955189475,2.1894206955189475,False,False,False,False,Xc+beta,epsilon,3.7346941967657585,-0.19912459574288732,-0.19912459574288732,0.0,False,True,True,True
11,number_of_friends__0,0 friends,537.0,217.5,eta+beta,epsilon,-1.5598274961885181,-1.7799778362634697,-1.7799778362634697,0.0,True,True,True,True,eta+beta,epsilon,-1.6236597811616775,-1.812985193386794,-1.812985193386794,0.0,True,True,True,True
11,number_of_friends__1,1+ friends,12227.0,4648.5,eta+beta,mex_only,-0.21706038506090408,-0.628639542585006,-0.628639542585006,0.9998939070792403,True,True,True,True,eta+beta,mex_only,-0.2999123424233403,-0.7172560626204358,-0.7172560626204358,0.914092793733289,True,True,True,True
11,physical_activity__0,No Activity,10874.0,1307.5,eta+beta,epsilon,-1.155266007366663,-1.2570489277568413,-1.2570489277568413,0.0,True,True,True,True,eta+beta,epsilon,-1.2548203707392531,-1.3768556580816949,-1.3768556580816949,0.0,True,True,True,True
11,physical_activity__1,Some Activity,22706.5,993.5,eta+beta,eta+beta,3.056580737360491,7.937418818995866,3.056580737360491,3.056580737360491,False,False,False,False,eta+beta,eta+beta,2.9497872676765837,8.162497824039747,2.9497872676765837,2.9497872676765837,False,False,False,False
11,sleep_duration__0,1-<5 hours,2042.5,243.5,eta+beta,epsilon,-1.7554125203237163,-1.9918143667496224,-1.9918143667496224,0.0,True,True,True,True,Xc+beta,epsilon,-1.7284520091639024,-1.9355235131351947,-1.9355235131351947,0.0,True,True,True,True
11,sleep_duration__1,5-<7 hours,11733.0,987.0,Xc+beta,Xc+beta,6.157899399566304,7.336130695939573,6.157899399566304,6.157899399566304,False,False,False,False,eta+beta,eta+beta,4.9904095879664965,6.104805290280638,4.9904095879664965,4.9904095879664965,False,False,False,False
11,sleep_duration__2,7-<9 hours,20559.0,1418.0,eta+beta,epsilon,0.3143261490658915,-1.5700918477541563,-1.5700918477541563,0.0,True,True,True,True,eta+beta,epsilon,0.8505977326294669,-1.4414269719127333,-1.4414269719127333,0.0,True,True,True,True
11,sleep_duration__3,>=9 hours,4478.0,431.0,eta+beta,eta+beta,2.833523645270816,0.7241885518446907,0.7241885518446907,0.7241885518446907,False,True,True,True,Xc+beta,Xc+beta,3.6518544110531366,1.2007129071394047,1.2007129071394047,1.2007129071394047,False,True,True,True
11,sleep_frailty__0,Q4 (highest),2764.0,410.0,eta+beta,eta+beta,11.508201003815884,9.376290267360673,9.376290267360673,9.376290267360673,False,False,False,False,eta+beta,eta+beta,11.482023609216867,9.35435641804952,9.35435641804952,9.35435641804952,False,False,False,False
11,sleep_frailty__1,Q1 (lowest),2746.0,438.0,Xc+beta,epsilon,-1.07464723055773,-1.5410519155320799,-1.5410519155320799,0.0,True,True,True,True,Xc+beta,epsilon,-0.5140922117511764,-1.1011898242804818,-1.1011898242804818,0.0,True,True,True,True
12,alcohol__0,>4 drinks/day,5055.0,384.5,eta+beta,Xc,-1.1368501348788413,-0.7929029104093388,-1.1368501348788413,0.0,True,True,True,True,eta+beta,Xc,-2.4844229128534607,-2.296314044332121,-2.4844229128534607,0.0,True,True,True,True
12,alcohol__1,0-1 drink/day,10473.0,1357.5,eta+beta,eta+beta,14.818825377162284,3.186695555652477,3.186695555652477,3.186695555652477,False,False,False,False,eta+beta,eta+beta,16.376766226472682,3.827216216823217,3.827216216823217,3.827216216823217,False,False,False,False
12,church_frequency__0,never,2198.0,604.0,Xc+eta,Xc,-1.8523532975523267,-0.6380648833855957,-1.8523532975523267,0.0,True,True,True,True,eta+beta,Xc,-1.8373206016085533,-0.6531654024201998,-1.8373206016085533,0.0,True,True,True,True
12,church_frequency__1,sometimes,1756.0,338.0,Xc+eta,Xc,-1.891632467027648,-1.6717945206974036,-1.891632467027648,0.0,True,True,True,True,eta+beta,Xc,-1.6474638246122595,-1.3524177511753805,-1.6474638246122595,0.0,True,True,True,True
12,church_frequency__2,weekly,1672.0,414.0,eta+beta,eta+beta,2.8777609767257673,0.6618393911799103,0.6618393911799103,0.6618393911799103,False,True,True,True,Xc+eta,Xc+eta,2.9274965285635517,0.777105591045256,0.777105591045256,0.777105591045256,False,True,True,True
12,diet__0,Poor,26287.0,1913.5,epsilon+beta,mex_only,-1.417200442727335,-1.4806301072640053,-1.4806301072640053,1.8320042755913164,True,True,True,True,Xc+beta,mex_only,-1.11931929889397,-1.1968588671261386,-1.1968588671261386,1.7695120042917551,True,True,True,True
12,diet__1,Good,11012.5,992.5,eta+beta,epsilon,1.3908984303925536,-0.933892727307466,-0.933892727307466,0.0,True,True,True,True,Xc+beta,epsilon,1.2555077801116568,-0.45101450573201873,-0.45101450573201873,0.0,True,True,True,True
12,education_level__0,no highschool,14457.5,2957.0,eta+beta,eta+beta,15.518294516896276,9.765196990305412,9.765196990305412,9.765196990305412,False,False,False,False,eta+beta,eta+beta,17.286246099978598,10.758470227952785,10.758470227952785,10.758470227952785,False,False,False,False
12,education_level__1,some college,25464.5,2424.0,eta+beta,eta+beta,6.712844017303723,1.0564911070396192,1.0564911070396192,1.0564911070396192,False,True,True,True,eta+beta,eta+beta,8.814075675763888,2.0011922409539693,2.0011922409539693,2.0011922409539693,False,False,False,False
12,income__0,Q1 (Lowest),7690.0,566.5,eta+beta,eta+beta,3.6569576541978677,0.8403707333618513,0.8403707333618513,0.8403707333618513,False,True,True,True,eta+beta,eta+beta,3.1484127009771328,0.49776202757220744,0.49776202757220744,0.49776202757220744,False,True,True,True
12,income__1,Q2,7045.5,604.0,Xc+beta,Xc+beta,4.156338339760623,6.1802582837162845,4.156338339760623,4.156338339760623,False,False,False,False,Xc+beta,Xc+beta,3.6924849399310915,5.665225994396678,3.6924849399310915,3.6924849399310915,False,False,False,False
12,income__2,Q3,7336.0,471.5,eta+beta,epsilon,-1.6776287546563253,-1.8723074230792918,-1.8723074230792918,0.0,True,True,True,True,eta+beta,epsilon,-1.5885150478634387,-1.8823011212416532,-1.8823011212416532,0.0,True,True,True,True
12,income__3,Q4 (Highest),7309.5,294.5,Xc+beta,Xc+beta,3.678427036264111,0.9840324880815388,0.9840324880815388,0.9840324880815388,False,True,True,True,eta+beta,eta+beta,6.982150225568148,2.0341938864007716,2.0341938864007716,2.0341938864007716,False,False,False,False
12,number_of_friends__0,0 friends,639.5,261.5,Xc+beta,Xc,-1.3187635636359119,-0.7048953911280478,-1.3187635636359119,0.0,True,True,True,True,Xc+beta,Xc,-1.6043962203993942,-1.032583807127594,-1.6043962203993942,0.0,True,True,True,True
12,number_of_friends__1,1+ friends,12121.0,4562.0,eta+beta,mex_only,-0.5799494122838951,-1.0818812675424851,-1.0818812675424851,0.15937453060905682,True,True,True,True,eta+beta,epsilon,-0.23735399456927553,-0.8761422173120081,-0.8761422173120081,0.0,True,True,True,True
12,physical_activity__0,No Activity,11339.5,1233.0,eta+beta,epsilon,-0.9364392239094741,-1.3021490394366992,-1.3021490394366992,0.0,True,True,True,True,eta+beta,epsilon,-1.4013688436334633,-2.009633797028073,-2.009633797028073,0.0,True,True,True,True
12,physical_activity__1,Some Activity,23044.5,959.0,eta+beta,Xc,-0.6188543300286256,1.0424795172639278,-0.6188543300286256,0.0,True,True,True,True,eta+beta,Xc,-2.27301519600951,-1.4724677258145675,-2.27301519600951,0.0,True,True,True,True
12,sleep_duration__0,1-<5 hours,2032.5,245.0,Xc+beta,epsilon,0.7258607713988567,-0.5254782068609529,-0.5254782068609529,0.0,True,True,True,True,Xc+beta,epsilon,0.5062913863434915,-0.7245422062915168,-0.7245422062915168,0.0,True,True,True,True
12,sleep_duration__1,5-<7 hours,11886.5,980.5,eta+beta,mex_only,-1.3686177514355222,-1.2480222204012534,-1.3686177514355222,1.6216829039058211,True,True,True,True,eta+beta,mex_only,-1.4594832750772184,-1.3357560348540574,-1.4594832750772184,1.5725511399723473,True,True,True,True
12,sleep_duration__2,7-<9 hours,20959.5,1426.0,Xc+beta,epsilon,2.653085365978768,-0.34806499218211684,-0.34806499218211684,0.0,False,True,True,True,Xc+beta,Xc+beta,3.3084549835602957,0.15500197451365239,0.15500197451365239,0.15500197451365239,False,True,True,True
12,sleep_duration__3,>=9 hours,4712.5,441.0,eta+beta,Xc,-1.8776117891529793,-1.5715805104700848,-1.8776117891529793,0.0,True,True,True,True,Xc+eta,Xc,-2.1794079972914915,-1.9846928144816047,-2.1794079972914915,0.0,True,True,True,True
12,sleep_frailty__0,Q4 (highest),2728.0,394.0,eta+beta,epsilon,-0.8686018775438242,-1.3384719908308398,-1.3384719908308398,0.0,True,True,True,True,eta+beta,epsilon,-1.1291195079616045,-1.502256147297885,-1.502256147297885,0.0,True,True,True,True
12,sleep_frailty__1,Q1 (lowest),2742.0,386.0,Xc+beta,epsilon,-1.2880702645265956,-1.7007834550640837,-1.7007834550640837,0.0,True,True,True,True,Xc+beta,epsilon,-1.4623839517607848,-1.5988329229844567,-1.5988329229844567,0.0,True,True,True,True
13,alcohol__0,>4 drinks/day,5043.0,431.5,eta+beta,Xc,-1.1936996902477404,-1.0557579323321988,-1.1936996902477404,0.0,True,True,True,True,eta+beta,Xc,-1.7679217671493461,-1.4359631400375292,-1.7679217671493461,0.0,True,True,True,True
13,alcohol__1,0-1 drink/day,10472.0,1279.5,eta+beta,epsilon,3.6960246367325453,-1.3165373674382863,-1.3165373674382863,0.0,False,True,True,True,eta+beta,epsilon,4.43756921376189,-1.0702806873177906,-1.0702806873177906,0.0,False,True,True,True
13,church_frequency__0,never,2242.0,634.0,Xc+beta,Xc,-0.7683904763889586,1.3982429435600352,-0.7683904763889586,0.0,True,True,True,True,eta+beta,Xc,-0.9547301574712037,1.1715596394742533,-0.9547301574712037,0.0,True,True,True,True
13,church_frequency__1,sometimes,1682.0,332.0,eta+beta,mex_only,-0.7326360452821064,-0.4007178652609582,-0.7326360452821064,0.9732858360625869,True,True,True,True,Xc+beta,mex_only,0.10897032195725842,0.4505721859272853,0.10897032195725842,1.4118241499327269,True,True,True,True
13,church_frequency__2,weekly,1758.0,440.0,Xc+beta,epsilon,0.005803294679026294,-1.3175952145802512,-1.3175952145802512,0.0,True,True,True,True,Xc+beta,epsilon,-0.14647836246831503,-1.364198576198305,-1.364198576198305,0.0,True,True,True,True
13,diet__0,Poor,26184.5,1829.5,eta+beta,epsilon,-1.7979982922515774,-1.9185144829134515,-1.9185144829134515,0.0,True,True,True,True,Xc+eta,epsilon,-1.8156970016243577,-2.0127593697798147,-2.0127593697798147,0.0,True,True,True,True
13,diet__1,Good,11334.0,1060.0,eta+beta,Xc,-1.5285766004635661,-0.7790400900885288,-1.5285766004635661,0.0,True,True,True,True,Xc+eta,Xc,-2.169673936017716,-1.6255424114715424,-2.169673936017716,0.0,True,True,True,True
13,education_level__0,no highschool,13926.0,3065.0,eta+beta,eta+beta,18.67054766034562,8.980800940320478,8.980800940320478,8.980800940320478,False,False,False,False,eta+beta,eta+beta,19.11247006243866,9.028368120027153,9.028368120027153,9.028368120027153,False,False,False,False
13,education_level__1,some college,26057.0,2382.5,eta+beta,epsilon,5.295483850048186,-0.03915496024637832,-0.03915496024637832,0.0,False,True,True,True,eta+beta,epsilon,6.457538618968101,-0.034280542298802175,-0.034280542298802175,0.0,False,True,True,True
13,income__0,Q1 (Lowest),7336.0,566.5,eta+beta,eta+beta,7.841905428994323,3.143865697379624,3.143865697379624,3.143865697379624,False,False,False,False,eta+beta,eta+beta,6.975284009697134,2.645118119271501,2.645118119271501,2.645118119271501,False,False,False,False
13,income__1,Q2,7287.0,645.0,eta+beta,Xc,-1.496198921047835,-1.413581186097872,-1.496198921047835,0.0,True,True,True,True,eta+beta,epsilon,-1.694949356477082,-1.8344791361414536,-1.8344791361414536,0.0,True,True,True,True
13,income__2,Q3,7410.5,456.5,Xc+beta,Xc+beta,2.3224840608327213,0.6710503801496088,0.6710503801496088,0.6710503801496088,False,True,True,True,eta+beta,eta+beta,3.738104109831511,1.748310436223619,1.748310436223619,1.748310436223619,False,True,True,True
13,income__3,Q4 (Highest),7582.5,288.5,eta+beta,eta+beta,2.6756101006944846,6.914107449187668,2.6756101006944846,2.6756101006944846,False,False,False,False,Xc+eta,Xc,-0.6687853898815774,2.5537704455609855,-0.6687853898815774,0.0,True,False,True,True
13,number_of_friends__0,0 friends,594.0,262.0,Xc+beta,Xc,-0.5115834765476848,0.560299541001541,-0.5115834765476848,0.0,True,True,True,True,Xc+beta,Xc,-0.842821206105782,0.22489390956229727,-0.842821206105782,0.0,True,True,True,True
13,number_of_friends__1,1+ friends,12275.0,4627.0,eta+beta,mex_only,-1.8000950746645685,-1.841768307305756,-1.841768307305756,1.90556683876639,True,True,True,True,eta+beta,mex_only,-1.7949868715004413,-1.8466140226300922,-1.8466140226300922,1.8645799001242267,True,True,True,True
13,physical_activity__0,No Activity,11132.0,1225.5,eta+beta,eta+beta,2.421220248150348,0.9164553656992211,0.9164553656992211,0.9164553656992211,False,True,True,True,Xc+beta,Xc+beta,4.840242531356125,2.488082669220603,2.488082669220603,2.488082669220603,False,False,False,False
13,physical_activity__1,Some Activity,23338.5,1012.5,eta+beta,eta+beta,3.7673603169823764,8.416108788585916,3.7673603169823764,3.7673603169823764,False,False,False,False,eta+beta,eta+beta,0.3931306906961254,4.268541761190136,0.3931306906961254,0.3931306906961254,True,False,True,True
13,sleep_duration__0,1-<5 hours,1987.5,269.0,Xc+beta,Xc+beta,3.4643472035122613,0.2045599232069435,0.2045599232069435,0.2045599232069435,False,True,True,True,eta+beta,eta+beta,3.1801581714134954,0.06960738991483595,0.06960738991483595,0.06960738991483595,False,True,True,True
13,sleep_duration__1,5-<7 hours,11947.0,967.0,eta+beta,eta+beta,3.493846118946749,4.683531882679745,3.493846118946749,3.493846118946749,False,False,False,False,eta+beta,eta+beta,3.597612065548674,4.771177598662689,3.597612065548674,3.597612065548674,False,False,False,False
13,sleep_duration__2,7-<9 hours,21252.5,1451.0,eta+beta,epsilon,3.882667916281207,-0.02371074394432071,-0.02371074394432071,0.0,False,True,True,True,Xc+eta,Xc+eta,5.849341957804427,1.050148085654655,1.050148085654655,1.050148085654655,False,True,True,True
13,sleep_duration__3,>=9 hours,4546.5,409.0,Xc+beta,epsilon,-1.5573652790099004,-1.7678114459845347,-1.7678114459845347,0.0,True,True,True,True,Xc+eta,epsilon,-1.649564602150349,-1.8859375301799446,-1.8859375301799446,0.0,True,True,True,True
13,sleep_frailty__0,Q4 (highest),2856.0,448.0,eta+beta,epsilon,-0.5497054664019743,-1.5347863181978028,-1.5347863181978028,0.0,True,True,True,True,eta+beta,epsilon,-0.3120418199168853,-1.413131274065563,-1.413131274065563,0.0,True,True,True,True
13,sleep_frailty__1,Q1 (lowest),2656.0,400.0,Xc+beta,epsilon,-1.8349711954533632,-1.9258754713796407,-1.9258754713796407,0.0,True,True,True,True,Xc+beta,Xc,-1.8452516364327494,-1.8004214761645017,-1.8452516364327494,0.0,True,True,True,True
14,alcohol__0,>4 drinks/day,4754.0,414.0,Xc+beta,epsilon,-1.459761466730015,-1.9236710188115467,-1.9236710188115467,0.0,True,True,True,True,eta+beta,epsilon,-1.8521329840641556,-1.8912797232842422,-1.8912797232842422,0.0,True,True,True,True
14,alcohol__1,0-1 drink/day,10282.5,1276.0,eta+beta,eta+beta,11.808667903085734,1.2792348768580268,1.2792348768580268,1.2792348768580268,False,True,True,True,eta+beta,eta+beta,12.2556977421591,1.3745239538875467,1.3745239538875467,1.3745239538875467,False,True,True,True
14,church_frequency__0,never,2268.0,664.0,eta+beta,eta+beta,3.908193596327692,7.87454432802042,3.908193596327692,3.908193596327692,False,False,False,False,eta+beta,eta+beta,3.3896076255932712,7.228999218408717,3.3896076255932712,3.3896076255932712,False,False,False,False
14,church_frequency__1,sometimes,1764.0,350.0,Xc+beta,Xc,-1.9508664954546475,-1.9262398680357364,-1.9508664954546475,0.0,True,True,True,True,eta+beta,Xc,-2.0032399612819063,-1.9633671538999806,-2.0032399612819063,0.0,True,True,True,True
14,church_frequency__2,weekly,1644.0,412.0,eta+beta,epsilon,-1.3042361719485598,-1.884964017951006,-1.884964017951006,0.0,True,True,True,True,eta+beta,epsilon,-1.6593017805271302,-1.8732605756667908,-1.8732605756667908,0.0,True,True,True,True
14,diet__0,Poor,25878.0,1895.0,eta+beta,mex_only,-1.9163162402364833,-1.9328544517229602,-1.9328544517229602,1.9234555140246812,True,True,True,True,Xc+beta,mex_only,-1.9876492939984018,-1.988780663243233,-1.988780663243233,1.972501318963623,True,True,True,True
14,diet__1,Good,10861.5,1030.5,eta+beta,epsilon,-1.4524241161161626,-1.8754379699239507,-1.8754379699239507,0.0,True,True,True,True,Xc+beta,epsilon,-1.5883262889110483,-1.8140976311133272,-1.8140976311133272,0.0,True,True,True,True
14,education_level__0,no highschool,14030.0,2926.0,eta+beta,eta+beta,8.98301105462815,3.2481519175635185,3.2481519175635185,3.2481519175635185,False,False,False,False,eta+beta,eta+beta,10.167277463933715,3.5655108890496194,3.5655108890496194,3.5655108890496194,False,False,False,False
14,education_level__1,some college,25456.0,2399.5,eta+beta,eta+beta,5.652832680847496,0.36663711743676686,0.36663711743676686,0.36663711743676686,False,True,True,True,eta+beta,eta+beta,6.845785919020273,0.7833047628191707,0.7833047628191707,0.7833047628191707,False,True,True,True
14,income__0,Q1 (Lowest),7693.5,595.5,eta+beta,eta+beta,4.517148935901787,1.6316604000194275,1.6316604000194275,1.6316604000194275,False,True,True,True,eta+beta,eta+beta,3.9713600431150553,1.188882028930493,1.188882028930493,1.188882028930493,False,True,True,True
14,income__1,Q2,7043.0,620.0,eta+beta,Xc,-0.2683057849853867,1.3207671764184852,-0.2683057849853867,0.0,True,True,True,True,eta+beta,Xc,-0.34654538690847403,1.2525367433026986,-0.34654538690847403,0.0,True,True,True,True
14,income__2,Q3,7147.5,437.0,Xc+eta,Xc,-1.990893843707454,-1.7198802513858027,-1.990893843707454,0.0,True,True,True,True,Xc+eta,Xc,-2.018302809022316,-1.8152974766808256,-2.018302809022316,0.0,True,True,True,True
14,income__3,Q4 (Highest),7212.0,310.5,eta+beta,epsilon,-0.0776185156532847,-0.7049460772163911,-0.7049460772163911,0.0,True,True,True,True,eta+beta,epsilon,-1.1455872093247308,-3.0386151521051943,-3.0386151521051943,0.0,True,True,True,True
14,number_of_friends__0,0 friends,563.5,229.5,eta+beta,epsilon,-1.7831263152434076,-1.9399942955560618,-1.9399942955560618,0.0,True,True,True,True,eta+beta,epsilon,-1.8536519339418192,-1.9526880174589678,-1.9526880174589678,0.0,True,True,True,True
14,number_of_friends__1,1+ friends,12089.0,4582.0,eta+beta,mex_only,-0.14350087835919112,-0.682331144620548,-0.682331144620548,0.39287122545647435,True,True,True,True,eta+beta,epsilon,0.4629974246272468,-0.264651236415375,-0.264651236415375,0.0,True,True,True,True
14,physical_activity__0,No Activity,10841.0,1248.5,eta+beta,epsilon,1.3517090310670028,-0.49366493537309,-0.49366493537309,0.0,True,True,True,True,eta+beta,epsilon,1.7364440283308795,-0.7144496997443639,-0.7144496997443639,0.0,True,True,True,True
14,physical_activity__1,Some Activity,22877.0,1018.0,Xc+beta,Xc+beta,0.17119484632894455,2.9784754130287183,0.17119484632894455,0.17119484632894455,True,False,True,True,eta+beta,eta+beta,0.6869154194882867,3.398918429527839,0.6869154194882867,0.6869154194882867,True,False,True,True
14,sleep_duration__0,1-<5 hours,2051.0,279.5,Xc+eta,Xc,-1.2724658692186495,1.0535531475534299,-1.2724658692186495,0.0,True,True,True,True,Xc+eta,Xc,-1.3207493080171844,1.0730498457874091,-1.3207493080171844,0.0,True,True,True,True
14,sleep_duration__1,5-<7 hours,11837.5,1003.0,eta+beta,eta+beta,2.078004526816585,2.526654328141376,2.078004526816585,2.078004526816585,False,False,False,False,eta+beta,eta+beta,2.226722032897669,2.6948616735262476,2.226722032897669,2.226722032897669,False,False,False,False
14,sleep_duration__2,7-<9 hours,20584.0,1453.0,eta+beta,epsilon,-1.0616575926596852,-1.6394342108342244,-1.6394342108342244,0.0,True,True,True,True,eta+beta,epsilon,-1.2313243973567296,-2.0255393827283115,-2.0255393827283115,0.0,True,True,True,True
14,sleep_duration__3,>=9 hours,4665.0,439.5,Xc+beta,epsilon,-0.8060222923936635,-1.5151944968538373,-1.5151944968538373,0.0,True,True,True,True,eta+beta,epsilon,-1.4274155990533473,-2.116960288125483,-2.116960288125483,0.0,True,True,True,True
14,sleep_frailty__0,Q4 (highest),2840.0,454.0,eta+beta,eta+beta,3.6557717731902812,1.2389207936184903,1.2389207936184903,1.2389207936184903,False,True,True,True,eta+beta,eta+beta,4.338916286986205,1.716100691203792,1.716100691203792,1.716100691203792,False,True,True,True
14,sleep_frailty__1,Q1 (lowest),2750.0,424.0,Xc+eta,Xc,-1.9973318295146782,-1.8584119215533974,-1.9973318295146782,0.0,True,True,True,True,Xc+eta,Xc,-1.9873449792289648,-1.7487631765552578,-1.9873449792289648,0.0,True,True,True,True
15,alcohol__0,>4 drinks/day,5167.0,436.5,eta+beta,Xc,-1.7941023998355377,-1.3966983205909855,-1.7941023998355377,0.0,True,True,True,True,eta+beta,Xc,-1.9423680783347663,-1.4902764134985773,-1.9423680783347663,0.0,True,True,True,True
15,alcohol__1,0-1 drink/day,10191.0,1265.0,eta+beta,epsilon,1.6040483594188117,-0.4010049315475044,-0.4010049315475044,0.0,True,True,True,True,eta+beta,epsilon,1.9121861017374613,-1.963222711421622,-1.963222711421622,0.0,True,True,True,True
15,church_frequency__0,never,2068.0,606.0,eta+beta,Xc,-1.159521976213,1.0366416645883874,-1.159521976213,0.0,True,True,True,True,Xc+eta,Xc,-1.471526031695248,0.8314534138480667,-1.471526031695248,0.0,True,True,True,True
15,church_frequency__1,sometimes,1716.0,332.0,eta+beta,eta+beta,1.855402828359729,0.9567851180509024,0.9567851180509024,0.9567851180509024,True,True,True,True,epsilon+eta,epsilon,0.6149926513380706,-0.09786762401336091,-0.09786762401336091,0.0,True,True,True,True
15,church_frequency__2,weekly,1734.0,450.0,eta+beta,eta+beta,4.36321702210671,1.9597070258682834,1.9597070258682834,1.9597070258682834,False,True,True,True,eta+beta,eta+beta,3.8831174281658605,1.6397002205508215,1.6397002205508215,1.6397002205508215,False,True,True,True
15,diet__0,Poor,25845.5,1922.5,Xc+beta,Xc+beta,2.1607166172652796,2.5947668517692364,2.1607166172652796,2.1607166172652796,False,False,False,False,Xc+beta,Xc+beta,1.165253132388898,1.5927559090778232,1.165253132388898,1.165253132388898,True,True,True,True
15,diet__1,Good,11085.5,1025.5,eta+beta,epsilon,0.8653402424897649,-0.9909661067449633,-0.9909661067449633,0.0,True,True,True,True,eta+beta,epsilon,0.9036269429689128,-1.0768110007102223,-1.0768110007102223,0.0,True,True,True,True
15,education_level__0,no highschool,14085.5,2988.5,eta+beta,eta+beta,6.339683976424567,1.8191148819387308,1.8191148819387308,1.8191148819387308,False,True,True,True,eta+beta,eta+beta,7.6049740786220354,2.3348462912144896,2.3348462912144896,2.3348462912144896,False,False,False,False
15,education_level__1,some college,25169.0,2317.0,eta+beta,epsilon,2.3937070584652247,-0.9971485854184721,-0.9971485854184721,0.0,False,True,True,True,eta+beta,epsilon,2.619101209274959,-1.632930830506666,-1.632930830506666,0.0,False,True,True,True
15,income__0,Q1 (Lowest),7656.5,587.0,eta+beta,eta+beta,14.518096204467838,7.8496763824805385,7.8496763824805385,7.8496763824805385,False,False,False,False,eta+beta,eta+beta,14.983731048288064,8.325422738334055,8.325422738334055,8.325422738334055,False,False,False,False
15,income__1,Q2,7222.5,646.5,eta+beta,epsilon,1.702608751689695,-0.1825491050567507,-0.1825491050567507,0.0,True,True,True,True,eta+beta,eta+beta,1.9546139336434862,0.0033773199229472084,0.0033773199229472084,0.0033773199229472084,True,True,True,True
15,income__2,Q3,7124.0,444.0,eta+beta,Xc,-1.0669571681155503,-0.13342944627402176,-1.0669571681155503,0.0,True,True,True,True,eta+beta,Xc,-0.658198404437826,0.2900348326920721,-0.658198404437826,0.0,True,True,True,True
15,income__3,Q4 (Highest),7348.0,290.5,eta+beta,Xc,-0.8053840864131416,0.5416042746815037,-0.8053840864131416,0.0,True,True,True,True,Xc+eta,epsilon,-3.3507737313457255,-3.7296511460954207,-3.7296511460954207,0.0,True,True,True,True
15,number_of_friends__0,0 friends,596.0,254.0,eta+beta,eta+beta,0.3815360883913854,1.718236359830371,0.3815360883913854,0.3815360883913854,True,True,True,True,eta+beta,Xc,-0.04292699894085672,1.367577064308307,-0.04292699894085672,0.0,True,True,True,True
15,number_of_friends__1,1+ friends,11815.0,4563.0,eta+beta,mex_only,-1.3485221108276164,-1.484750105002604,-1.484750105002604,1.6998056077645742,True,True,True,True,eta+beta,mex_only,-1.3189932458772091,-1.4819893759049592,-1.4819893759049592,1.6101234265370294,True,True,True,True
15,physical_activity__0,No Activity,11162.5,1305.5,eta+beta,eta+beta,5.290043948907623,1.8047178647393594,1.8047178647393594,1.8047178647393594,False,True,True,True,eta+beta,eta+beta,6.4698249616394605,2.0690907447315112,2.0690907447315112,2.0690907447315112,False,False,False,False
15,physical_activity__1,Some Activity,22996.0,998.0,eta+beta,eta+beta,17.0351848336868,26.05019970192734,17.0351848336868,17.0351848336868,False,False,False,False,Xc+beta,Xc+beta,17.56503624936704,26.379933408270517,17.56503624936704,17.56503624936704,False,False,False,False
15,sleep_duration__0,1-<5 hours,1959.5,261.5,Xc+beta,Xc+beta,8.993646104626805,4.482119814489124,4.482119814489124,4.482119814489124,False,False,False,False,eta+beta,eta+beta,7.686835818142299,3.377709996059366,3.377709996059366,3.377709996059366,False,False,False,False
15,sleep_duration__1,5-<7 hours,11576.5,968.0,Xc+beta,Xc+beta,0.8188572972449037,1.6090132732097118,0.8188572972449037,0.8188572972449037,True,True,True,True,eta+beta,Xc,-1.0305837379837612,-0.3827774783003406,-1.0305837379837612,0.0,True,True,True,True
15,sleep_duration__2,7-<9 hours,20925.0,1499.0,eta+beta,epsilon,-0.7591824887531402,-0.9921199449727283,-0.9921199449727283,0.0,True,True,True,True,eta+beta,epsilon,-1.1971488193721598,-1.7969015953458438,-1.7969015953458438,0.0,True,True,True,True
15,sleep_duration__3,>=9 hours,4813.5,459.5,Xc+beta,epsilon,0.17567920083274657,-0.9103989353343422,-0.9103989353343422,0.0,True,True,True,True,epsilon+eta,epsilon,-1.3872693339098987,-2.0492033040054594,-2.0492033040054594,0.0,True,True,True,True
15,sleep_frailty__0,Q4 (highest),2844.0,436.0,eta+beta,epsilon,-1.7035763457747635,-1.8709306126529555,-1.8709306126529555,0.0,True,True,True,True,eta+beta,epsilon,-1.627862146244297,-1.812385691257532,-1.812385691257532,0.0,True,True,True,True
15,sleep_frailty__1,Q1 (lowest),2636.0,428.0,Xc+beta,epsilon,0.3870186951521646,-0.09288017610788302,-0.09288017610788302,0.0,True,True,True,True,Xc+beta,mex_only,-0.890945310281495,-1.0550366903048598,-1.0550366903048598,1.0959796428164736,True,True,True,True
16,alcohol__0,>4 drinks/day,4944.0,374.5,Xc+beta,epsilon,-1.7738093453963302,-1.8381558055739333,-1.8381558055739333,0.0,True,True,True,True,eta+beta,epsilon,-1.6271846515783182,-1.8388803437310344,-1.8388803437310344,0.0,True,True,True,True
16,alcohol__1,0-1 drink/day,10301.0,1265.0,eta+beta,eta+beta,17.18825721677422,4.443255690152,4.443255690152,4.443255690152,False,False,False,False,eta+beta,eta+beta,18.947295702519114,5.108376306332502,5.108376306332502,5.108376306332502,False,False,False,False
16,church_frequency__0,never,2228.0,644.0,Xc+eta,Xc,-1.4919408413334168,-0.18778071968790755,-1.4919408413334168,0.0,True,True,True,True,Xc+eta,Xc,-2.0289666267635766,-0.9850845803912307,-2.0289666267635766,0.0,True,True,True,True
16,church_frequency__1,sometimes,1794.0,382.0,Xc+beta,Xc+beta,0.7942972100349834,1.7404438459370795,0.7942972100349834,0.7942972100349834,True,True,True,True,epsilon+eta,epsilon+eta,0.7556128943497242,1.865192551423661,0.7556128943497242,0.7556128943497242,True,True,True,True
16,church_frequency__2,weekly,1676.0,430.0,Xc+beta,epsilon,0.2612717528181747,-1.122449292050078,-1.122449292050078,0.0,True,True,True,True,eta+beta,epsilon,0.3631684080737614,-1.1874332435900214,-1.1874332435900214,0.0,True,True,True,True
16,diet__0,Poor,26207.5,1962.5,eta+beta,eta+beta,1.8573777729761787,1.3168065452264273,1.3168065452264273,1.3168065452264273,True,True,True,True,eta+beta,eta+beta,1.5652019227127312,0.9477382221084554,0.9477382221084554,0.9477382221084554,True,True,True,True
16,diet__1,Good,10804.5,1005.5,eta+beta,eta+beta,5.078920244479377,0.9022816348096967,0.9022816348096967,0.9022816348096967,False,True,True,True,eta+beta,eta+beta,2.847186597302425,0.043622309844067786,0.043622309844067786,0.043622309844067786,False,True,True,True
16,education_level__0,no highschool,14244.0,2951.0,Xc+beta,Xc+beta,4.9020349730490125,1.2565675874866429,1.2565675874866429,1.2565675874866429,False,True,True,True,epsilon+eta,epsilon+eta,4.350321195401193,0.7244995970177115,0.7244995970177115,0.7244995970177115,False,True,True,True
16,education_level__1,some college,25279.5,2412.0,eta+beta,eta+beta,5.840500082787912,1.1817203467653599,1.1817203467653599,1.1817203467653599,False,True,True,True,eta+beta,eta+beta,5.68556585166516,1.3081836203382409,1.3081836203382409,1.3081836203382409,False,True,True,True
16,income__0,Q1 (Lowest),7694.5,617.5,eta+beta,eta+beta,13.100519106261345,7.160616740943624,7.160616740943624,7.160616740943624,False,False,False,False,eta+beta,eta+beta,13.383020411069083,7.708965575504408,7.708965575504408,7.708965575504408,False,False,False,False
16,income__1,Q2,7197.0,661.0,eta+beta,epsilon,2.178482569816879,-0.48298689090825064,-0.48298689090825064,0.0,False,True,True,True,eta+beta,epsilon,2.188039846326319,-0.5011780325676227,-0.5011780325676227,0.0,False,True,True,True
16,income__2,Q3,7100.0,451.5,eta+beta,epsilon,-1.1931444156070938,-1.638005814391363,-1.638005814391363,0.0,True,True,True,True,eta+beta,epsilon,-1.4397366339517248,-1.7537534747871177,-1.7537534747871177,0.0,True,True,True,True
16,income__3,Q4 (Highest),7106.5,265.5,eta+beta,Xc,-0.5237252874203477,0.5480422543882923,-0.5237252874203477,0.0,True,True,True,True,Xc+eta,epsilon,-3.0290354515386753,-4.640565713268188,-4.640565713268188,0.0,True,True,True,True
16,number_of_friends__0,0 friends,582.0,222.0,Xc+beta,mex_only,-1.4347794730060741,-1.1422324115580977,-1.4347794730060741,0.8377697081552924,True,True,True,True,Xc+beta,mex_only,-1.4198885418784357,-1.1483385313620147,-1.4198885418784357,0.816610249128189,True,True,True,True
16,number_of_friends__1,1+ friends,12237.0,4617.0,eta+beta,mex_only,0.5270277327435906,0.03304904334800085,0.03304904334800085,1.0043600887001958,True,True,True,True,eta+beta,mex_only,1.0888769838493317,0.4328396064302069,0.4328396064302069,0.5882553727351478,True,True,True,True
16,physical_activity__0,No Activity,10894.5,1228.5,eta+beta,eta+beta,8.464926746346464,3.3754169654330326,3.3754169654330326,3.3754169654330326,False,False,False,False,eta+beta,eta+beta,6.583514443153035,1.988815743547093,1.988815743547093,1.988815743547093,False,True,True,True
16,physical_activity__1,Some Activity,23041.0,1043.0,eta+beta,eta+beta,1.0592823339247843,4.567873437617891,1.0592823339247843,1.0592823339247843,True,False,True,True,eta+beta,eta+beta,1.0677825193815806,4.12425655428342,1.0677825193815806,1.0677825193815806,True,False,True,True
16,sleep_duration__0,1-<5 hours,2039.0,272.5,Xc+beta,Xc+beta,4.368432519572707,2.895362863379887,2.895362863379887,2.895362863379887,False,False,False,False,epsilon+eta,epsilon+eta,3.658433984997828,1.8752731223771661,1.8752731223771661,1.8752731223771661,False,True,True,True
16,sleep_duration__1,5-<7 hours,11745.5,1016.5,eta+beta,eta+beta,1.2243697053345386,1.9470734637452551,1.2243697053345386,1.2243697053345386,True,True,True,True,eta+beta,eta+beta,2.875283751725874,3.6349953729913977,2.875283751725874,2.875283751725874,False,False,False,False
16,sleep_duration__2,7-<9 hours,20875.0,1475.0,eta+beta,epsilon,-1.0019315836507303,-1.4760008903722337,-1.4760008903722337,0.0,True,True,True,True,eta+beta,epsilon,-0.969721506586211,-1.8196739984687156,-1.8196739984687156,0.0,True,True,True,True
16,sleep_duration__3,>=9 hours,4697.5,442.0,Xc+beta,Xc+beta,6.041712029421433,3.3685850226793264,3.3685850226793264,3.3685850226793264,False,False,False,False,eta+beta,epsilon,1.3889629914265242,-0.039737537085784425,-0.039737537085784425,0.0,True,True,True,True
16,sleep_frailty__0,Q4 (highest),2858.0,444.0,eta+beta,eta+beta,5.941074246917196,3.2392782175293178,3.2392782175293178,3.2392782175293178,False,False,False,False,eta+beta,eta+beta,8.735201504624456,5.405334201721416,5.405334201721416,5.405334201721416,False,False,False,False
16,sleep_frailty__1,Q1 (lowest),2764.0,454.0,Xc+beta,epsilon,-0.48610632701320355,-0.9681091034262863,-0.9681091034262863,0.0,True,True,True,True,Xc+beta,Xc,-2.696974472805323,-2.6373888168914164,-2.696974472805323,0.0,True,True,True,True
17,alcohol__0,>4 drinks/day,5049.0,430.0,eta+beta,Xc,-1.119357513795876,0.5597631608106894,-1.119357513795876,0.0,True,True,True,True,eta+beta,Xc,-1.0472202164310147,0.6334922771320635,-1.0472202164310147,0.0,True,True,True,True
17,alcohol__1,0-1 drink/day,10009.0,1297.5,eta+beta,epsilon,6.358555346627327,-0.9530466761643765,-0.9530466761643765,0.0,False,True,True,True,Xc+eta,epsilon,7.224528857890618,-1.110083037707227,-1.110083037707227,0.0,False,True,True,True
17,church_frequency__0,never,2090.0,618.0,Xc+eta,Xc,-1.3740737276730215,0.9641968614578218,-1.3740737276730215,0.0,True,True,True,True,eta+beta,Xc,-1.4027210204658331,0.8468007959609167,-1.4027210204658331,0.0,True,True,True,True
17,church_frequency__1,sometimes,1682.0,348.0,Xc+beta,epsilon,-1.9755532392878195,-1.9866725622796366,-1.9866725622796366,0.0,True,True,True,True,eta+beta,mex_only,-2.0295763964436446,-1.960173307765217,-2.0295763964436446,0.28388405702344244,True,True,True,True
17,church_frequency__2,weekly,1716.0,446.0,epsilon+beta,epsilon,0.2696263313309828,-1.1068542870721103,-1.1068542870721103,0.0,True,True,True,True,eta+beta,epsilon,-0.2641259580059341,-1.4084789157514024,-1.4084789157514024,0.0,True,True,True,True
17,diet__0,Poor,26283.0,1937.5,Xc+beta,mex_only,-0.9935798935512139,-0.9432342095569766,-0.9935798935512139,1.9147969711521,True,True,True,True,eta+beta,mex_only,-1.2783418549370253,-1.2182381694001378,-1.2783418549370253,1.882691041653743,True,True,True,True
17,diet__1,Good,10633.5,1055.0,eta+beta,epsilon,-1.657371523016991,-1.9060506193582114,-1.9060506193582114,0.0,True,True,True,True,Xc+beta,epsilon,-1.5224923872374347,-1.8711186402615567,-1.8711186402615567,0.0,True,True,True,True
17,education_level__0,no highschool,14558.0,3038.0,eta+beta,eta+beta,8.655558775735699,3.297684245320852,3.297684245320852,3.297684245320852,False,False,False,False,eta+beta,eta+beta,8.53720601596433,3.1591553056932753,3.1591553056932753,3.1591553056932753,False,False,False,False
17,education_level__1,some college,24946.5,2399.5,eta+beta,eta+beta,9.30399483988731,2.144390577017475,2.144390577017475,2.144390577017475,False,False,False,False,eta+beta,eta+beta,10.168975779371976,2.450127979303943,2.450127979303943,2.450127979303943,False,False,False,False
17,income__0,Q1 (Lowest),7966.0,657.5,eta+beta,eta+beta,8.37179192898111,3.2525953371332434,3.2525953371332434,3.2525953371332434,False,False,False,False,eta+beta,eta+beta,7.891764531010267,2.908687774057398,2.908687774057398,2.908687774057398,False,False,False,False
17,income__1,Q2,7280.5,665.5,eta+beta,Xc,-1.636536262231857,-1.121380286817839,-1.636536262231857,0.0,True,True,True,True,eta+beta,Xc,-1.6538463529650471,-1.369957933340629,-1.6538463529650471,0.0,True,True,True,True
17,income__2,Q3,6993.5,434.5,Xc+beta,Xc,-0.9620831467773314,-0.3343676884933302,-0.9620831467773314,0.0,True,True,True,True,Xc+eta,Xc,-1.550459566788959,-0.9506415861969799,-1.550459566788959,0.0,True,True,True,True
17,income__3,Q4 (Highest),6959.5,270.0,eta+beta,Xc,-0.9273196617850772,1.6078236578373435,-0.9273196617850772,0.0,True,True,True,True,Xc+eta,Xc,-2.096779865245935,-0.6347240436966786,-2.096779865245935,0.0,True,True,True,True
17,number_of_friends__0,0 friends,580.0,244.0,eta+beta,eta+beta,2.916961262247014,4.6591176861134045,2.916961262247014,2.916961262247014,False,False,False,False,eta+beta,eta+beta,2.58516354377457,4.3621870519680215,2.58516354377457,2.58516354377457,False,False,False,False
17,number_of_friends__1,1+ friends,12033.0,4635.0,eta+beta,mex_only,-1.2462462099574623,-1.5496891797010903,-1.5496891797010903,0.3017691969216685,True,True,True,True,eta+beta,mex_only,-1.0552565619436791,-1.4396437904360937,-1.4396437904360937,0.11218956555239856,True,True,True,True
17,physical_activity__0,No Activity,11434.0,1315.5,eta+beta,epsilon,-0.052540215887347586,-1.595618937692052,-1.595618937692052,0.0,True,True,True,True,eta+beta,epsilon,0.07824524543684674,-1.6885588811583148,-1.6885588811583148,0.0,True,True,True,True
17,physical_activity__1,Some Activity,22708.0,1019.0,eta+beta,eta+beta,15.909293195174541,22.563549408501785,15.909293195174541,15.909293195174541,False,False,False,False,eta+beta,eta+beta,14.624091688921908,20.942729983060417,14.624091688921908,14.624091688921908,False,False,False,False
17,sleep_duration__0,1-<5 hours,2020.0,281.5,eta+beta,epsilon,2.908909974816197,-0.4155459158150734,-0.4155459158150734,0.0,False,True,True,True,eta+beta,epsilon,2.493034023900236,-0.6207630537569457,-0.6207630537569457,0.0,False,True,True,True
17,sleep_duration__1,5-<7 hours,11794.5,965.0,eta+beta,eta+beta,1.7409056567175867,2.201527043353053,1.7409056567175867,1.7409056567175867,True,False,True,True,eta+beta,eta+beta,0.7656480807636399,1.2514748051016795,0.7656480807636399,0.7656480807636399,True,True,True,True
17,sleep_duration__2,7-<9 hours,20668.5,1531.5,eta+beta,epsilon,-1.4578570573175966,-1.6712194711399206,-1.6712194711399206,0.0,True,True,True,True,eta+beta,epsilon,-1.5782664057314832,-2.053836776251046,-2.053836776251046,0.0,True,True,True,True
17,sleep_duration__3,>=9 hours,4845.0,451.5,Xc+beta,epsilon,-0.5970409304809436,-1.4123245632890757,-1.4123245632890757,0.0,True,True,True,True,Xc+eta,epsilon,-1.2583054955498483,-2.0184514917045817,-2.0184514917045817,0.0,True,True,True,True
17,sleep_frailty__0,Q4 (highest),2770.0,418.0,eta+beta,epsilon,-1.3745404850710656,-1.7117491652338686,-1.7117491652338686,0.0,True,True,True,True,eta+beta,epsilon,-1.621778014522988,-1.840697969001667,-1.840697969001667,0.0,True,True,True,True
17,sleep_frailty__1,Q1 (lowest),2596.0,398.0,Xc+eta,Xc,-1.6090762985863876,-1.0552924153403183,-1.6090762985863876,0.0,True,True,True,True,eta+beta,Xc,-1.2571941904720916,-0.6046887804691323,-1.2571941904720916,0.0,True,True,True,True
18,alcohol__0,>4 drinks/day,5114.5,431.5,Xc+beta,epsilon,-1.8014667419975012,-1.8382020653198197,-1.8382020653198197,0.0,True,True,True,True,eta+beta,Xc,-1.4308294297707107,-1.2073689939070391,-1.4308294297707107,0.0,True,True,True,True
18,alcohol__1,0-1 drink/day,10635.0,1371.0,eta+beta,eta+beta,16.576290553988656,4.280995634757346,4.280995634757346,4.280995634757346,False,False,False,False,eta+beta,eta+beta,17.478955929085714,4.917232081139446,4.917232081139446,4.917232081139446,False,False,False,False
18,church_frequency__0,never,2096.0,602.0,eta+beta,eta+beta,4.669969859865887,7.748646245499003,4.669969859865887,4.669969859865887,False,False,False,False,Xc+beta,Xc+beta,1.121687892211412,4.251538016455015,1.121687892211412,1.121687892211412,True,False,True,True
18,church_frequency__1,sometimes,1760.0,340.0,Xc+beta,mex_only,-0.8847628743269524,-0.6979594812487449,-0.8847628743269524,1.3854030453612722,True,True,True,True,eta+beta,mex_only,-1.5812249722544038,-1.4014853840476462,-1.5812249722544038,1.1753127946903987,True,True,True,True
18,church_frequency__2,weekly,1676.0,408.0,Xc+eta,epsilon,-1.2477228898005706,-1.9266177297768081,-1.9266177297768081,0.0,True,True,True,True,eta+beta,epsilon,-1.872155269889845,-1.972748451980351,-1.972748451980351,0.0,True,True,True,True
18,diet__0,Poor,25981.5,1846.0,epsilon+beta,mex_only,-1.767856894122815,-1.7785969172800833,-1.7785969172800833,1.9856754831489525,True,True,True,True,Xc+beta,mex_only,-1.2743073629644641,-1.3278161690104753,-1.3278161690104753,1.9057491755884257,True,True,True,True
18,diet__1,Good,10976.5,1003.0,eta+beta,eta+beta,5.836942112600809,1.88439807596842,1.88439807596842,1.88439807596842,False,True,True,True,Xc+beta,epsilon,0.042561132284390624,-0.9320151510946744,-0.9320151510946744,0.0,True,True,True,True
18,education_level__0,no highschool,14133.5,2983.5,eta+beta,eta+beta,9.29684626834569,2.221096301022044,2.221096301022044,2.221096301022044,False,False,False,False,eta+beta,eta+beta,7.885014099385444,1.6899353842127312,1.6899353842127312,1.6899353842127312,False,True,True,True
18,education_level__1,some college,25980.0,2438.0,eta+beta,eta+beta,11.176220949440903,2.7454320206088596,2.7454320206088596,2.7454320206088596,False,False,False,False,eta+beta,eta+beta,14.618822961605474,4.391691131360858,4.391691131360858,4.391691131360858,False,False,False,False
18,income__0,Q1 (Lowest),7286.5,534.5,eta+beta,epsilon,1.9220183493571312,-0.5227549465898846,-0.5227549465898846,0.0,True,True,True,True,eta+beta,epsilon,2.395861886388957,-0.2712807247407909,-0.2712807247407909,0.0,False,True,True,True
18,income__1,Q2,6998.0,562.5,Xc+beta,Xc+beta,0.4333385613253995,1.5542075834346178,0.4333385613253995,0.4333385613253995,True,True,True,True,eta+beta,Xc,-1.9020550526802253,-1.1322296461376027,-1.9020550526802253,0.0,True,True,True,True
18,income__2,Q3,7135.5,435.5,eta+beta,Xc,-1.6780586495733587,-1.3501277859149923,-1.6780586495733587,0.0,True,True,True,True,Xc+eta,Xc,-2.4347743569132945,-2.3272642918818747,-2.4347743569132945,0.0,True,True,True,True
18,income__3,Q4 (Highest),7739.0,312.0,eta+beta,epsilon,3.2004143502645093,-0.20423492819327294,-0.20423492819327294,0.0,False,True,True,True,Xc+eta,epsilon,2.8414703696435026,-0.8285031766804423,-0.8285031766804423,0.0,False,True,True,True
18,number_of_friends__0,0 friends,608.5,247.0,eta+beta,Xc,-1.8331682479847586,-1.6752010204797898,-1.8331682479847586,0.0,True,True,True,True,Xc+beta,Xc,-1.8991954706816614,-1.2715426555444083,-1.8991954706816614,0.0,True,True,True,True
18,number_of_friends__1,1+ friends,12309.0,4675.5,eta+beta,mex_only,-0.7676859532657545,-1.016017053698306,-1.016017053698306,1.48720051930286,True,True,True,True,eta+beta,mex_only,-0.7128004438563948,-1.0001685598035692,-1.0001685598035692,1.3818839162122458,True,True,True,True
18,physical_activity__0,No Activity,10714.5,1177.0,eta+beta,epsilon,0.2760894101302256,-1.2816240585889318,-1.2816240585889318,0.0,True,True,True,True,eta+beta,epsilon,-0.7163937631612498,-1.7367828652841126,-1.7367828652841126,0.0,True,True,True,True
18,physical_activity__1,Some Activity,23242.0,947.0,Xc+eta,Xc+eta,1.9704908918574802,6.847591003983325,1.9704908918574802,1.9704908918574802,True,False,True,True,Xc+beta,Xc+beta,3.536956111598556,7.736949982887381,3.536956111598556,3.536956111598556,False,False,False,False
18,sleep_duration__0,1-<5 hours,1917.5,260.0,eta+beta,epsilon,-1.0936999715058846,-1.719231068269437,-1.719231068269437,0.0,True,True,True,True,eta+beta,epsilon,-1.1341078713976458,-1.3645916637733535,-1.3645916637733535,0.0,True,True,True,True
18,sleep_duration__1,5-<7 hours,11649.0,928.5,Xc+beta,Xc+beta,1.865646175463553,2.1921334538656083,1.865646175463553,1.865646175463553,True,False,True,True,eta+beta,mex_only,-0.9519267831346951,-0.42191068272404664,-0.9519267831346951,0.5723626599574345,True,True,True,True
18,sleep_duration__2,7-<9 hours,21006.0,1406.5,eta+beta,epsilon,3.422067458726815,-0.15324563482136,-0.15324563482136,0.0,False,True,True,True,eta+beta,epsilon,2.7337306438021187,-0.5119390842864959,-0.5119390842864959,0.0,False,True,True,True
18,sleep_duration__3,>=9 hours,4647.0,445.5,Xc+beta,epsilon,-1.4483717796638302,-1.5727470246456505,-1.5727470246456505,0.0,True,True,True,True,eta+beta,Xc,-1.8796703242478543,-1.7297651176172621,-1.8796703242478543,0.0,True,True,True,True
18,sleep_frailty__0,Q4 (highest),2818.0,414.0,eta+beta,eta+beta,6.817641074045696,3.7346655295887103,3.7346655295887103,3.7346655295887103,False,False,False,False,eta+beta,eta+beta,8.358652594674368,5.163347524785877,5.163347524785877,5.163347524785877,False,False,False,False
18,sleep_frailty__1,Q1 (lowest),2718.0,434.0,Xc+beta,Xc+beta,1.9887644077743971,1.403357133920963,1.403357133920963,1.403357133920963,True,True,True,True,Xc+beta,mex_only,0.05031110853224163,-0.46137400726684064,-0.46137400726684064,0.21479953413063413,True,True,True,True
19,alcohol__0,>4 drinks/day,4880.5,416.5,eta+beta,epsilon,-0.9214626186194437,-1.7200208561025647,-1.7200208561025647,0.0,True,True,True,True,eta+beta,epsilon,-1.273667103409025,-1.6766115065474878,-1.6766115065474878,0.0,True,True,True,True
19,alcohol__1,0-1 drink/day,10675.5,1323.0,eta+beta,eta+beta,16.187704979865885,4.1607162257405435,4.1607162257405435,4.1607162257405435,False,False,False,False,eta+beta,eta+beta,17.106291181109555,4.569290873800128,4.569290873800128,4.569290873800128,False,False,False,False
19,church_frequency__0,never,2272.0,670.0,Xc+eta,Xc+eta,0.5178249791970302,4.686483978777687,0.5178249791970302,0.5178249791970302,True,False,True,True,Xc+eta,Xc+eta,0.2186039319885822,4.430695949856272,0.2186039319885822,0.2186039319885822,True,False,True,True
19,church_frequency__1,sometimes,1752.0,336.0,Xc+beta,epsilon,-1.5298300610520528,-1.767882507127979,-1.767882507127979,0.0,True,True,True,True,eta+beta,epsilon,-1.774645036030961,-1.951588410669956,-1.951588410669956,0.0,True,True,True,True
19,church_frequency__2,weekly,1606.0,394.0,Xc+beta,epsilon,0.6139129821522147,-0.643806376701832,-0.643806376701832,0.0,True,True,True,True,Xc+beta,epsilon,0.07664164691595943,-1.1781997173261516,-1.1781997173261516,0.0,True,True,True,True
19,diet__0,Poor,25401.5,1843.5,Xc+beta,mex_only,-1.705161795103777,-1.755129499702889,-1.755129499702889,1.7204415061496547,True,True,True,True,eta+beta,mex_only,-1.9987792226056627,-2.00744492301601,-2.00744492301601,1.920957140311657,True,True,True,True
19,diet__1,Good,11477.5,1028.0,eta+beta,epsilon,2.2156099191361136,-0.574756705427717,-0.574756705427717,0.0,False,True,True,True,Xc+beta,epsilon,2.1771878743929847,-0.4704709841644217,-0.4704709841644217,0.0,False,True,True,True
19,education_level__0,no highschool,13396.0,2858.0,Xc+beta,Xc+beta,6.099511535623606,1.614572607075388,1.614572607075388,1.614572607075388,False,True,True,True,epsilon+beta,epsilon+beta,5.401306902596843,1.0158899605085026,1.0158899605085026,1.0158899605085026,False,True,True,True
19,education_level__1,some college,26246.0,2452.5,eta+beta,epsilon,2.3859332461033773,-1.3588239489108673,-1.3588239489108673,0.0,False,True,True,True,Xc+eta,epsilon,3.3866879484012316,-1.2405999494149,-1.2405999494149,0.0,False,True,True,True
19,income__0,Q1 (Lowest),7239.0,554.0,eta+beta,eta+beta,9.48689701443709,6.420829396392946,6.420829396392946,6.420829396392946,False,False,False,False,eta+beta,eta+beta,9.695021985553467,6.3337826056977065,6.3337826056977065,6.3337826056977065,False,False,False,False
19,income__1,Q2,6888.5,668.5,eta+beta,Xc,-0.46592644621159707,1.2372209310442486,-0.46592644621159707,0.0,True,True,True,True,eta+beta,Xc,-0.7653747455888151,0.8384128891893852,-0.7653747455888151,0.0,True,True,True,True
19,income__2,Q3,7226.5,529.5,eta+beta,epsilon,-1.8205778105029822,-1.9406945028258633,-1.9406945028258633,0.0,True,True,True,True,Xc+eta,epsilon,-1.9161112306983341,-1.9766856660016856,-1.9766856660016856,0.0,True,True,True,True
19,income__3,Q4 (Highest),7749.5,285.5,eta+beta,Xc,-1.408764106532999,0.020575335474859457,-1.408764106532999,0.0,True,True,True,True,epsilon+eta,Xc,-2.1593604912955016,-1.3566957228204046,-2.1593604912955016,0.0,True,True,True,True
19,number_of_friends__0,0 friends,590.5,233.0,epsilon+beta,mex_only,-0.22579455330765086,-0.09121161202870098,-0.22579455330765086,1.830608395564468,True,True,True,True,Xc+beta,mex_only,-0.2702648882464018,-0.11754012762889943,-0.2702648882464018,1.7862482915386408,True,True,True,True
19,number_of_friends__1,1+ friends,12077.0,4597.5,eta+beta,mex_only,0.8026005400097347,0.5513777544547338,0.5513777544547338,1.6883287055170513,True,True,True,True,Xc+beta,Xc+beta,2.238375828106655,1.7478107711285702,1.7478107711285702,1.7478107711285702,False,True,True,True
19,physical_activity__0,No Activity,10570.0,1245.5,eta+beta,epsilon,1.4553693038778874,-0.8629449495274457,-0.8629449495274457,0.0,True,True,True,True,eta+beta,epsilon,0.7110463317767426,-1.3051507407653844,-1.3051507407653844,0.0,True,True,True,True
19,physical_activity__1,Some Activity,23132.5,1069.0,eta+beta,eta+beta,0.5418257550954877,3.1636869985723024,0.5418257550954877,0.5418257550954877,True,False,True,True,eta+beta,Xc,-1.259829274375079,0.45252707402141823,-1.259829274375079,0.0,True,True,True,True
19,sleep_duration__0,1-<5 hours,1908.0,230.0,eta+beta,epsilon,-1.4274436685241199,-1.9442499284577934,-1.9442499284577934,0.0,True,True,True,True,eta+beta,epsilon,-1.4895342070440165,-1.8929785128420917,-1.8929785128420917,0.0,True,True,True,True
19,sleep_duration__1,5-<7 hours,11524.0,992.5,eta+beta,Xc,-1.3887764074406732,-0.9766806806746899,-1.3887764074406732,0.0,True,True,True,True,eta+beta,Xc,-1.3329673492371512,-0.9067733573519945,-1.3329673492371512,0.0,True,True,True,True
19,sleep_duration__2,7-<9 hours,21071.0,1478.0,eta+beta,eta+beta,4.335349010900245,0.6781737854871608,0.6781737854871608,0.6781737854871608,False,True,True,True,Xc+beta,Xc+beta,7.008357521195649,2.3982935625263053,2.3982935625263053,2.3982935625263053,False,False,False,False
19,sleep_duration__3,>=9 hours,4600.5,430.5,Xc+beta,epsilon,-0.5348168281748258,-1.3330787351351319,-1.3330787351351319,0.0,True,True,True,True,epsilon+beta,epsilon,-0.7896941784788396,-1.7642656894595348,-1.7642656894595348,0.0,True,True,True,True
19,sleep_frailty__0,Q4 (highest),2948.0,480.0,eta+beta,epsilon,-0.42498183228235575,-1.5658593365369597,-1.5658593365369597,0.0,True,True,True,True,eta+beta,epsilon,0.1421502091034199,-1.2702679575095317,-1.2702679575095317,0.0,True,True,True,True
19,sleep_frailty__1,Q1 (lowest),2756.0,400.0,Xc+beta,Xc+beta,2.9284860852108068,1.4331454990297061,1.4331454990297061,1.4331454990297061,False,True,True,True,Xc+beta,Xc+beta,1.6402950385772783,0.6096138821794739,0.6096138821794739,0.6096138821794739,True,True,True,True
20,alcohol__0,>4 drinks/day,5092.0,440.0,eta+beta,Xc,-1.1951868595051565,-0.7709596077083916,-1.1951868595051565,0.0,True,True,True,True,eta+beta,Xc,-1.5528602391004824,-0.657093223121592,-1.5528602391004824,0.0,True,True,True,True
20,alcohol__1,0-1 drink/day,10485.5,1278.0,eta+beta,eta+beta,10.359682540178255,1.0839917762041296,1.0839917762041296,1.0839917762041296,False,True,True,True,eta+beta,eta+beta,12.701000581490007,1.448934097386882,1.448934097386882,1.448934097386882,False,True,True,True
20,church_frequency__0,never,2004.0,576.0,eta+beta,Xc,-1.562045554420365,0.658108759445895,-1.562045554420365,0.0,True,True,True,True,Xc+eta,Xc,-1.6708289907928702,0.7860957246293765,-1.6708289907928702,0.0,True,True,True,True
20,church_frequency__1,sometimes,1734.0,330.0,Xc+beta,epsilon,-1.8931000004613452,-1.968770613756078,-1.968770613756078,0.0,True,True,True,True,eta+beta,Xc,-2.062146408901299,-2.039764979103893,-2.062146408901299,0.0,True,True,True,True
20,church_frequency__2,weekly,1692.0,430.0,eta+beta,eta+beta,3.856326579184497,1.5834440247613202,1.5834440247613202,1.5834440247613202,False,True,True,True,eta+beta,eta+beta,3.3918604220143607,1.594821752462849,1.594821752462849,1.594821752462849,False,True,True,True
20,diet__0,Poor,25916.5,1903.0,epsilon+eta,epsilon+eta,1.829217485850677,1.244520010335691,1.244520010335691,1.244520010335691,True,True,True,True,Xc+beta,Xc+beta,2.9149548850837164,1.9554067643075541,1.9554067643075541,1.9554067643075541,False,True,True,True
20,diet__1,Good,11114.0,1011.0,eta+beta,eta+beta,4.4940845891833305,0.888503733673133,0.888503733673133,0.888503733673133,False,True,True,True,eta+beta,eta+beta,2.76818239462591,0.26504934214062814,0.26504934214062814,0.26504934214062814,False,True,True,True
20,education_level__0,no highschool,14104.5,2869.5,eta+beta,eta+beta,8.868605589344952,4.477261105312209,4.477261105312209,4.477261105312209,False,False,False,False,eta+beta,eta+beta,9.87816788739292,4.710734255641,4.710734255641,4.710734255641,False,False,False,False
20,education_level__1,some college,25534.5,2449.5,eta+beta,epsilon,2.6047960565229005,-0.19219435465856805,-0.19219435465856805,0.0,False,True,True,True,eta+beta,epsilon,4.083251023956109,-0.26337192597202375,-0.26337192597202375,0.0,False,True,True,True
20,income__0,Q1 (Lowest),7736.5,591.5,eta+beta,eta+beta,4.742573250819987,0.5018733800125119,0.5018733800125119,0.5018733800125119,False,True,True,True,eta+beta,eta+beta,4.289599256755537,0.2464917986835644,0.2464917986835644,0.2464917986835644,False,True,True,True
20,income__1,Q2,7100.5,621.0,eta+beta,epsilon,2.1743901471518257,-0.11776465062393981,-0.11776465062393981,0.0,False,True,True,True,eta+beta,eta+beta,3.3700530346295636,0.10747867099325958,0.10747867099325958,0.10747867099325958,False,True,True,True
20,income__2,Q3,7376.0,517.0,eta+beta,epsilon,-0.5945434789018691,-1.1524435286683001,-1.1524435286683001,0.0,True,True,True,True,eta+beta,epsilon,-0.7464535006129154,-1.1746779121076543,-1.1746779121076543,0.0,True,True,True,True
20,income__3,Q4 (Highest),7235.0,274.5,Xc+beta,Xc+beta,4.396555937471021,3.6278342939590402,3.6278342939590402,3.6278342939590402,False,False,False,False,Xc+beta,epsilon,-1.9025123005030764,-5.646292210950378,-5.646292210950378,0.0,True,True,True,True
20,number_of_friends__0,0 friends,579.5,229.5,eta+beta,eta+beta,4.913293503595469,5.628661182605356,4.913293503595469,4.913293503595469,False,False,False,False,epsilon+eta,epsilon+eta,5.253316295850254,6.050298220698323,5.253316295850254,5.253316295850254,False,False,False,False
20,number_of_friends__1,1+ friends,11891.0,4528.0,Xc+beta,mex_only,-0.9960930585075403,-1.0268935067870189,-1.0268935067870189,1.9690848579339217,True,True,True,True,eta+beta,mex_only,-1.309349722636398,-1.349505584788858,-1.349505584788858,1.9606559459280106,True,True,True,True
20,physical_activity__0,No Activity,10892.5,1277.0,eta+beta,epsilon,0.9624085516443301,-1.2796436035077932,-1.2796436035077932,0.0,True,True,True,True,Xc+beta,epsilon,-0.05648477065733459,-1.8032415879170003,-1.8032415879170003,0.0,True,True,True,True
20,physical_activity__1,Some Activity,23321.0,1012.5,Xc+beta,Xc+beta,11.221281317104513,18.218222040281034,11.221281317104513,11.221281317104513,False,False,False,False,Xc+beta,Xc+beta,6.243096357973627,11.649927455608122,6.243096357973627,6.243096357973627,False,False,False,False
20,sleep_duration__0,1-<5 hours,1987.0,230.5,Xc+beta,Xc+beta,7.265634684833913,3.8055594777943043,3.8055594777943043,3.8055594777943043,False,False,False,False,eta+beta,eta+beta,5.52302317737076,2.3884103361060625,2.3884103361060625,2.3884103361060625,False,False,False,False
20,sleep_duration__1,5-<7 hours,11910.0,984.5,Xc+beta,mex_only,0.7669702728671837,0.7444373831058329,0.7444373831058329,1.9754281328041543,True,True,True,True,epsilon+beta,mex_only,0.8728710319228412,0.8090070180696785,0.8090070180696785,1.943225264627472,True,True,True,True
20,sleep_duration__2,7-<9 hours,20814.0,1488.0,eta+beta,epsilon,-0.6657561966185312,-1.2636434915420978,-1.2636434915420978,0.0,True,True,True,True,eta+beta,epsilon,-1.1279805113736074,-1.8491319196346012,-1.8491319196346012,0.0,True,True,True,True
20,sleep_duration__3,>=9 hours,4582.0,434.5,Xc+beta,Xc+beta,2.812257496404982,1.3715367342260834,1.3715367342260834,1.3715367342260834,False,True,True,True,Xc+eta,Xc+eta,2.2043206344606006,0.2626926267116687,0.2626926267116687,0.2626926267116687,False,True,True,True
20,sleep_frailty__0,Q4 (highest),2786.0,404.0,eta+beta,epsilon,-1.1470033482842155,-1.6871467272699192,-1.6871467272699192,0.0,True,True,True,True,eta+beta,epsilon,-1.1711111783633896,-1.6862994668117608,-1.6862994668117608,0.0,True,True,True,True
20,sleep_frailty__1,Q1 (lowest),2718.0,424.0,eta+beta,eta+beta,1.1132159815501836,0.26466211522165395,0.26466211522165395,0.26466211522165395,True,True,True,True,Xc+beta,mex_only,-1.0662519285260714,-1.1321562067664672,-1.1321562067664672,0.9006647618903116,True,True,True,True
21,alcohol__0,>4 drinks/day,4869.0,439.5,eta+beta,Xc,-1.7605722220851021,-1.219198449299256,-1.7605722220851021,0.0,True,True,True,True,eta+beta,Xc,-1.2944200025694954,-1.1765833682093216,-1.2944200025694954,0.0,True,True,True,True
21,alcohol__1,0-1 drink/day,10820.5,1369.0,eta+beta,eta+beta,15.849879395573225,3.8414573820336955,3.8414573820336955,3.8414573820336955,False,False,False,False,eta+beta,eta+beta,15.087106220502392,3.634167170497676,3.634167170497676,3.634167170497676,False,False,False,False
21,church_frequency__0,never,2230.0,624.0,eta+beta,eta+beta,2.158381291013029,5.462368953346413,2.158381291013029,2.158381291013029,False,False,False,False,Xc+beta,Xc+beta,1.180941655915376,4.478626099562462,1.180941655915376,1.180941655915376,True,False,True,True
21,church_frequency__1,sometimes,1816.0,404.0,Xc+beta,Xc+beta,2.66763663153597,3.7141109761632833,2.66763663153597,2.66763663153597,False,False,False,False,eta+beta,eta+beta,1.355953890094952,2.4630855632567545,1.355953890094952,1.355953890094952,True,False,True,True
21,church_frequency__2,weekly,1694.0,428.0,eta+beta,epsilon,-1.0903615961278774,-1.7373957352670004,-1.7373957352670004,0.0,True,True,True,True,eta+beta,epsilon,-1.2143587795521853,-1.7750061974547862,-1.7750061974547862,0.0,True,True,True,True
21,diet__0,Poor,26182.5,1910.5,Xc+beta,mex_only,0.7202018279422191,0.8687213625416916,0.7202018279422191,1.761405666358769,True,True,True,True,eta+beta,mex_only,-1.4698838083349983,-1.1756984766943788,-1.4698838083349983,1.2789975813793717,True,True,True,True
21,diet__1,Good,11041.0,1026.0,eta+beta,epsilon,1.6964901530955103,-0.7001634030893911,-0.7001634030893911,0.0,True,True,True,True,Xc+eta,epsilon,1.292958835747413,-0.9049839814451843,-0.9049839814451843,0.0,True,True,True,True
21,education_level__0,no highschool,14078.5,2982.5,eta+beta,eta+beta,8.6999785742737,3.7209369032716495,3.7209369032716495,3.7209369032716495,False,False,False,False,eta+beta,eta+beta,9.869892970320507,4.133497936210915,4.133497936210915,4.133497936210915,False,False,False,False
21,education_level__1,some college,25676.0,2519.5,eta+beta,epsilon,2.139123810804449,-1.1002734767425864,-1.1002734767425864,0.0,False,True,True,True,eta+beta,epsilon,0.8311057633509336,-1.730570570605778,-1.730570570605778,0.0,True,True,True,True
21,income__0,Q1 (Lowest),7794.0,584.5,eta+beta,eta+beta,4.934655924381332,1.1768034218202956,1.1768034218202956,1.1768034218202956,False,True,True,True,eta+beta,eta+beta,5.657945422139164,1.7493516093481958,1.7493516093481958,1.7493516093481958,False,True,True,True
21,income__1,Q2,7351.5,672.5,eta+beta,epsilon,-0.7269756024716116,-1.5557778249376497,-1.5557778249376497,0.0,True,True,True,True,eta+beta,epsilon,-0.5811957316036569,-1.6927715060737683,-1.6927715060737683,0.0,True,True,True,True
21,income__2,Q3,7037.5,388.0,Xc+beta,epsilon,-1.4564104375276656,-1.89824394891275,-1.89824394891275,0.0,True,True,True,True,epsilon+beta,epsilon,-0.6343658075384155,-1.8396777430452858,-1.8396777430452858,0.0,True,True,True,True
21,income__3,Q4 (Highest),7323.0,291.0,eta+beta,epsilon,0.8730034748323305,-1.217526276057015,-1.217526276057015,0.0,True,True,True,True,Xc+eta,epsilon,2.0308194353251565,-0.7681633898114342,-0.7681633898114342,0.0,False,True,True,True
21,number_of_friends__0,0 friends,557.5,219.5,eta+beta,Xc,-1.9445158438370527,-1.7987954971499676,-1.9445158438370527,0.0,True,True,True,True,epsilon+eta,Xc,-2.0217500366588865,-1.9017683350771222,-2.0217500366588865,0.0,True,True,True,True
21,number_of_friends__1,1+ friends,12365.0,4764.0,Xc+beta,mex_only,-0.1949633631738834,-0.5410232974172686,-0.5410232974172686,1.296190499146178,True,True,True,True,Xc+beta,mex_only,0.9358132805355126,0.3932114139533951,0.3932114139533951,0.8198254733651993,True,True,True,True
21,physical_activity__0,No Activity,10838.5,1190.0,eta+beta,epsilon,1.5583731257265754,-0.7191426065928681,-0.7191426065928681,0.0,True,True,True,True,eta+beta,epsilon,1.1842297689254337,-0.9552325656022731,-0.9552325656022731,0.0,True,True,True,True
21,physical_activity__1,Some Activity,23380.0,1029.0,eta+beta,eta+beta,0.25850790731055895,3.089543087542552,0.25850790731055895,0.25850790731055895,True,False,True,True,eta+beta,Xc,-0.04381963348532736,2.263659136602655,-0.04381963348532736,0.0,True,False,True,True
21,sleep_duration__0,1-<5 hours,2004.5,242.0,eta+beta,eta+beta,4.0739813740747195,1.4881841889455245,1.4881841889455245,1.4881841889455245,False,True,True,True,eta+beta,eta+beta,4.22767944154748,1.352459236845334,1.352459236845334,1.352459236845334,False,True,True,True
21,sleep_duration__1,5-<7 hours,11831.0,952.0,Xc+beta,Xc+beta,6.4018172394153225,8.056029569745078,6.4018172394153225,6.4018172394153225,False,False,False,False,eta+beta,eta+beta,2.775259281412218,4.28439076365612,2.775259281412218,2.775259281412218,False,False,False,False
21,sleep_duration__2,7-<9 hours,20964.0,1511.0,eta+beta,epsilon,0.8877879051015043,-1.0713906831697386,-1.0713906831697386,0.0,True,True,True,True,eta+beta,epsilon,1.2358964690774883,-1.0057385146737943,-1.0057385146737943,0.0,True,True,True,True
21,sleep_duration__3,>=9 hours,4743.5,456.0,Xc+beta,Xc,-1.950007923146586,-0.9415403195425824,-1.950007923146586,0.0,True,True,True,True,epsilon+eta,Xc,-2.0597220373333585,-0.9827003263299048,-2.0597220373333585,0.0,True,True,True,True
21,sleep_frailty__0,Q4 (highest),2760.0,430.0,eta+beta,eta+beta,3.001951907176135,1.3138777897856926,1.3138777897856926,1.3138777897856926,False,True,True,True,eta+beta,eta+beta,3.9406555276896142,2.101562677441052,2.101562677441052,2.101562677441052,False,False,False,False
21,sleep_frailty__1,Q1 (lowest),2824.0,440.0,Xc+beta,Xc,-1.9977477816541978,-1.7898772326839207,-1.9977477816541978,0.0,True,True,True,True,Xc+beta,Xc,-1.997888618766865,-1.7446550546901562,-1.997888618766865,0.0,True,True,True,True
22,alcohol__0,>4 drinks/day,4830.0,388.0,eta+beta,Xc,-0.7797899968368256,-0.18631842607283033,-0.7797899968368256,0.0,True,True,True,True,eta+beta,Xc,-2.3674153039141856,-1.9345067116510108,-2.3674153039141856,0.0,True,True,True,True
22,alcohol__1,0-1 drink/day,10303.0,1283.0,eta+beta,eta+beta,11.219870864937548,1.4566399724335497,1.4566399724335497,1.4566399724335497,False,True,True,True,eta+beta,eta+beta,12.110115763596696,1.5695391638419096,1.5695391638419096,1.5695391638419096,False,True,True,True
22,church_frequency__0,never,2150.0,610.0,eta+beta,Xc,-1.2195989195606671,0.5938138447536403,-1.2195989195606671,0.0,True,True,True,True,eta+beta,Xc,-1.3165488653330613,0.516735005125156,-1.3165488653330613,0.0,True,True,True,True
22,church_frequency__1,sometimes,1706.0,378.0,epsilon+beta,Xc,-0.9569915393140036,-0.4794233387528948,-0.9569915393140036,0.0,True,True,True,True,Xc+beta,Xc+beta,0.5698676719480318,1.192344623210829,0.5698676719480318,0.5698676719480318,True,True,True,True
22,church_frequency__2,weekly,1592.0,396.0,Xc+beta,epsilon,-1.6009055872978024,-1.9211991257971022,-1.9211991257971022,0.0,True,True,True,True,Xc+beta,epsilon,-1.803512114728619,-1.9686412812834533,-1.9686412812834533,0.0,True,True,True,True
22,diet__0,Poor,25641.5,1894.0,eta+beta,mex_only,-1.9452818981699238,-1.9178034403521451,-1.9452818981699238,1.5682812330087472,True,True,True,True,eta+beta,mex_only,-1.9600664575955307,-1.926650023629918,-1.9600664575955307,1.5000240099980147,True,True,True,True
22,diet__1,Good,10787.0,958.5,eta+beta,epsilon,0.4994463813109178,-1.329586721751184,-1.329586721751184,0.0,True,True,True,True,epsilon+eta,epsilon,0.8454350240644999,-1.3200149460535613,-1.3200149460535613,0.0,True,True,True,True
22,education_level__0,no highschool,13505.0,2901.0,eta+beta,eta+beta,15.521209532977082,9.240355160509353,9.240355160509353,9.240355160509353,False,False,False,False,eta+beta,eta+beta,16.083978686318005,9.537711509561632,9.537711509561632,9.537711509561632,False,False,False,False
22,education_level__1,some college,25569.5,2416.0,eta+beta,epsilon,1.4239814667998871,-1.2354454689520935,-1.2354454689520935,0.0,True,True,True,True,eta+beta,epsilon,1.4817221772864286,-1.3325206772860838,-1.3325206772860838,0.0,True,True,True,True
22,income__0,Q1 (Lowest),7189.0,571.0,eta+beta,eta+beta,8.138606397624244,4.087252334209552,4.087252334209552,4.087252334209552,False,False,False,False,eta+beta,eta+beta,7.908373739673152,3.925144113431088,3.925144113431088,3.925144113431088,False,False,False,False
22,income__1,Q2,7006.5,673.0,eta+beta,Xc,-1.3573014483545194,-0.7846184271693346,-1.3573014483545194,0.0,True,True,True,True,eta+beta,Xc,-1.652701425059604,-1.1635462294461831,-1.652701425059604,0.0,True,True,True,True
22,income__2,Q3,7222.5,425.5,eta+beta,epsilon,0.5652737664995584,-0.7364479444613607,-0.7364479444613607,0.0,True,True,True,True,eta+beta,epsilon,0.28513764165199973,-0.9364472358538478,-0.9364472358538478,0.0,True,True,True,True
22,income__3,Q4 (Highest),7474.5,293.0,epsilon+beta,epsilon+beta,8.275247840202155,5.181229481232094,5.181229481232094,5.181229481232094,False,False,False,False,Xc+beta,Xc+beta,4.339910319922183,0.24239290352170428,0.24239290352170428,0.24239290352170428,False,True,True,True
22,number_of_friends__0,0 friends,549.5,227.5,Xc+beta,Xc,-0.15106357000240678,0.709575664215663,-0.15106357000240678,0.0,True,True,True,True,Xc+beta,Xc,-0.19924156224601575,0.684889789700037,-0.19924156224601575,0.0,True,True,True,True
22,number_of_friends__1,1+ friends,11765.0,4552.0,Xc+beta,mex_only,-1.2203030030432274,-1.0735560495086247,-1.2203030030432274,1.5895703120550024,True,True,True,True,Xc+beta,mex_only,-0.9868110668467125,-0.8270166337824776,-0.9868110668467125,1.6025396175245987,True,True,True,True
22,physical_activity__0,No Activity,10678.5,1271.5,eta+beta,epsilon,0.16669301414731308,-1.458368398123639,-1.458368398123639,0.0,True,True,True,True,eta+beta,epsilon,-0.023253508803463774,-1.6615021038160194,-1.6615021038160194,0.0,True,True,True,True
22,physical_activity__1,Some Activity,22755.0,1002.0,eta+beta,Xc,-0.756527766769068,-0.5936325939019298,-0.756527766769068,0.0,True,True,True,True,eta+beta,epsilon,-1.3549998234593659,-1.6971716124426166,-1.6971716124426166,0.0,True,True,True,True
22,sleep_duration__0,1-<5 hours,2006.0,261.0,Xc+beta,epsilon,0.4919618473650189,-0.8454477825139293,-0.8454477825139293,0.0,True,True,True,True,Xc+beta,epsilon,0.28701503431557285,-1.0403442369101867,-1.0403442369101867,0.0,True,True,True,True
22,sleep_duration__1,5-<7 hours,11828.5,942.5,eta+beta,Xc,-0.12484573322763026,0.653681959674941,-0.12484573322763026,0.0,True,True,True,True,Xc+beta,Xc+beta,0.2656663186389778,1.032322180490155,0.2656663186389778,0.2656663186389778,True,True,True,True
22,sleep_duration__2,7-<9 hours,20389.5,1445.0,eta+beta,epsilon,0.9951678282377543,-0.9915646702684171,-0.9915646702684171,0.0,True,True,True,True,eta+beta,epsilon,0.9486583042853454,-1.0626541737528896,-1.0626541737528896,0.0,True,True,True,True
22,sleep_duration__3,>=9 hours,4524.0,433.0,eta+beta,epsilon,-1.5058103715782636,-1.6384125875888458,-1.6384125875888458,0.0,True,True,True,True,Xc+beta,epsilon,-1.5920288026172784,-1.8030777079866311,-1.8030777079866311,0.0,True,True,True,True
22,sleep_frailty__0,Q4 (highest),2776.0,434.0,Xc+beta,epsilon,-0.1200385669658317,-1.2923196417800682,-1.2923196417800682,0.0,True,True,True,True,eta+beta,epsilon,-0.2772086448621849,-1.3679739870030971,-1.3679739870030971,0.0,True,True,True,True
22,sleep_frailty__1,Q1 (lowest),2644.0,432.0,Xc+beta,epsilon,-1.6033291142866801,-1.7866456531105541,-1.7866456531105541,0.0,True,True,True,True,Xc+beta,epsilon,-1.4420147107921366,-1.6384143201157713,-1.6384143201157713,0.0,True,True,True,True
23,alcohol__0,>4 drinks/day,5037.5,463.5,eta+beta,Xc,-1.4059549626772423,-1.0500732040145522,-1.4059549626772423,0.0,True,True,True,True,eta+beta,Xc,-1.1113308552821763,-0.6817768046093988,-1.1113308552821763,0.0,True,True,True,True
23,alcohol__1,0-1 drink/day,10674.5,1423.0,eta+beta,eta+beta,34.814575082717056,16.573610211211417,16.573610211211417,16.573610211211417,False,False,False,False,eta+beta,eta+beta,37.33567089863209,18.778531452133393,18.778531452133393,18.778531452133393,False,False,False,False
23,church_frequency__0,never,2190.0,602.0,eta+beta,eta+beta,0.34977274549419235,2.9299163764653713,0.34977274549419235,0.34977274549419235,True,False,True,True,eta+beta,eta+beta,0.016481108141306322,2.543828621981447,0.016481108141306322,0.016481108141306322,True,False,True,True
23,church_frequency__1,sometimes,1808.0,370.0,eta+beta,eta+beta,4.261647018918211,5.67006478744679,4.261647018918211,4.261647018918211,False,False,False,False,eta+beta,eta+beta,4.297409137838713,5.72735154873817,4.297409137838713,4.297409137838713,False,False,False,False
23,church_frequency__2,weekly,1686.0,416.0,eta+beta,epsilon,2.5234969645998717,-0.18111008735786527,-0.18111008735786527,0.0,False,True,True,True,Xc+beta,epsilon,1.8312707083332498,-0.44392448674625484,-0.44392448674625484,0.0,True,True,True,True
23,diet__0,Poor,26306.0,1872.0,epsilon+eta,Xc,-1.9962520089939062,-1.9592524794170458,-1.9962520089939062,0.0,True,True,True,True,Xc+beta,epsilon,-2.0110707992389507,-2.106936767770094,-2.106936767770094,0.0,True,True,True,True
23,diet__1,Good,11093.0,1090.0,eta+beta,epsilon,-1.6350265296914586,-1.8312706120286748,-1.8312706120286748,0.0,True,True,True,True,Xc+beta,epsilon,-1.6224550881906907,-1.9232136854679993,-1.9232136854679993,0.0,True,True,True,True
23,education_level__0,no highschool,14264.0,3036.0,eta+beta,eta+beta,11.043011942667363,4.998027045596245,4.998027045596245,4.998027045596245,False,False,False,False,eta+beta,eta+beta,12.068846593116177,5.517788714420021,5.517788714420021,5.517788714420021,False,False,False,False
23,education_level__1,some college,25694.0,2509.5,eta+beta,eta+beta,9.621161019575084,2.071149325794977,2.071149325794977,2.071149325794977,False,False,False,False,epsilon+beta,epsilon+beta,11.856569364579627,3.2442011855746387,3.2442011855746387,3.2442011855746387,False,False,False,False
23,income__0,Q1 (Lowest),7603.5,570.0,eta+beta,epsilon,0.9536644715572038,-1.0474512356822743,-1.0474512356822743,0.0,True,True,True,True,eta+beta,epsilon,0.7238706528914918,-1.0589881102350773,-1.0589881102350773,0.0,True,True,True,True
23,income__1,Q2,7356.0,670.5,eta+beta,epsilon,-1.1587283583157841,-1.541193372608177,-1.541193372608177,0.0,True,True,True,True,eta+beta,epsilon,-1.064081508898198,-1.588098680756957,-1.588098680756957,0.0,True,True,True,True
23,income__2,Q3,7358.0,456.5,eta+beta,Xc,-1.8746314365243961,-1.8016680850078046,-1.8746314365243961,0.0,True,True,True,True,Xc+eta,Xc,-1.997516852606168,-1.9132192535926151,-1.997516852606168,0.0,True,True,True,True
23,income__3,Q4 (Highest),7240.5,331.5,eta+beta,epsilon,-1.0475550748424212,-1.7735381224701996,-1.7735381224701996,0.0,True,True,True,True,Xc+beta,epsilon,-0.7513724527930208,-1.9038912818014069,-1.9038912818014069,0.0,True,True,True,True
23,number_of_friends__0,0 friends,580.5,225.0,eta+beta,mex_only,-0.08809489889040378,-0.6202501641901108,-0.6202501641901108,0.5110324237243731,True,True,True,True,eta+beta,mex_only,-0.04616403178897599,-0.6433826495629091,-0.6433826495629091,0.34129587323968735,True,True,True,True
23,number_of_friends__1,1+ friends,12331.0,4731.5,eta+beta,mex_only,-0.7768168079128372,-0.7208951009597513,-0.7768168079128372,1.9400933611323126,True,True,True,True,eta+beta,mex_only,-0.9587111219807412,-0.8831046345585492,-0.9587111219807412,1.9109304377998342,True,True,True,True
23,physical_activity__0,No Activity,11199.0,1253.5,eta+beta,eta+beta,2.4501295790851145,0.013073438460196485,0.013073438460196485,0.013073438460196485,False,True,True,True,eta+beta,epsilon,2.9505090455822938,-0.18504513517291343,-0.18504513517291343,0.0,False,True,True,True
23,physical_activity__1,Some Activity,23200.0,1037.0,Xc+eta,Xc,-0.4274371534920647,2.5921873645893356,-0.4274371534920647,0.0,True,False,True,True,eta+beta,eta+beta,0.477511382803641,3.551427284884994,0.477511382803641,0.477511382803641,True,False,True,True
23,sleep_duration__0,1-<5 hours,1959.0,255.0,eta+beta,epsilon,0.712217848310047,-1.1587248463715696,-1.1587248463715696,0.0,True,True,True,True,eta+beta,epsilon,0.6368612975202268,-1.2698340436627404,-1.2698340436627404,0.0,True,True,True,True
23,sleep_duration__1,5-<7 hours,11780.5,967.0,eta+beta,eta+beta,1.4215931881026336,2.114928926093853,1.4215931881026336,1.4215931881026336,True,False,True,True,eta+beta,Xc,-0.6659293125121621,-0.07423412915159133,-0.6659293125121621,0.0,True,True,True,True
23,sleep_duration__2,7-<9 hours,21243.0,1551.5,eta+beta,epsilon,-1.414109276367526,-1.4410998559833388,-1.4410998559833388,0.0,True,True,True,True,Xc+eta,epsilon,-1.6890053593051562,-2.2609031032243365,-2.2609031032243365,0.0,True,True,True,True
23,sleep_duration__3,>=9 hours,4759.5,435.5,eta+beta,Xc,-1.4526777424675856,-0.8832802624679061,-1.4526777424675856,0.0,True,True,True,True,epsilon+eta,Xc,-2.456017197151141,-1.729516657480417,-2.456017197151141,0.0,True,True,True,True
23,sleep_frailty__0,Q4 (highest),2754.0,418.0,eta+beta,epsilon,-0.1458555380636426,-1.2408296564267403,-1.2408296564267403,0.0,True,True,True,True,eta+beta,epsilon,0.20989975282282103,-0.9989549706670005,-0.9989549706670005,0.0,True,True,True,True
23,sleep_frailty__1,Q1 (lowest),2838.0,434.0,Xc+beta,epsilon,-0.5654945030400995,-1.1306685059635129,-1.1306685059635129,0.0,True,True,True,True,Xc+beta,Xc,-2.310097699580183,-2.227694781250648,-2.310097699580183,0.0,True,True,True,True
24,alcohol__0,>4 drinks/day,4848.5,420.5,eta+beta,Xc,-1.666722586056494,-0.8998453953672652,-1.666722586056494,0.0,True,True,True,True,eta+beta,Xc,-1.4082264867047343,-0.9710964572714147,-1.4082264867047343,0.0,True,True,True,True
24,alcohol__1,0-1 drink/day,10496.5,1290.5,eta+beta,epsilon,5.286341002676636,-0.8148750408599881,-0.8148750408599881,0.0,False,True,True,True,eta+beta,epsilon,6.733087426660859,-1.2055200922750373,-1.2055200922750373,0.0,False,True,True,True
24,church_frequency__0,never,2106.0,582.0,eta+beta,Xc,-1.2954846313195958,0.8275844248491921,-1.2954846313195958,0.0,True,True,True,True,Xc+eta,Xc,-1.4012560048231535,0.87954838632686,-1.4012560048231535,0.0,True,True,True,True
24,church_frequency__1,sometimes,1740.0,318.0,eta+beta,eta+beta,0.051259262083021895,0.815348168563105,0.051259262083021895,0.051259262083021895,True,True,True,True,eta+beta,eta+beta,0.5008097614122562,1.3758030134326873,0.5008097614122562,0.5008097614122562,True,True,True,True
24,church_frequency__2,weekly,1588.0,378.0,Xc+eta,Xc,-1.9821087587652073,-1.5628517065151755,-1.9821087587652073,0.0,True,True,True,True,eta+beta,Xc,-1.6568046186284846,-0.8326277839605609,-1.6568046186284846,0.0,True,True,True,True
24,diet__0,Poor,25568.5,1823.5,Xc+eta,mex_only,-1.9994374478519603,-1.9783117522929388,-1.9994374478519603,1.806576063263492,True,True,True,True,Xc+beta,mex_only,-1.9983579953332082,-1.9914006242797768,-1.9983579953332082,1.7789683999981207,True,True,True,True
24,diet__1,Good,10767.0,912.5,eta+beta,epsilon,2.2794015945091815,-0.8162905848821538,-0.8162905848821538,0.0,False,True,True,True,Xc+beta,epsilon,1.2417534841770248,-0.5006485202611657,-0.5006485202611657,0.0,True,True,True,True
24,education_level__0,no highschool,13848.5,2847.0,Xc+beta,Xc+beta,7.340591779357055,2.8565323144612194,2.8565323144612194,2.8565323144612194,False,False,False,False,eta+beta,eta+beta,5.76149988843099,1.573745153935306,1.573745153935306,1.573745153935306,False,True,True,True
24,education_level__1,some college,25479.0,2415.5,eta+beta,eta+beta,10.760064598085592,2.87604498967994,2.87604498967994,2.87604498967994,False,False,False,False,Xc+beta,Xc+beta,13.25553292512268,4.790831185542629,4.790831185542629,4.790831185542629,False,False,False,False
24,income__0,Q1 (Lowest),7332.5,534.5,eta+beta,eta+beta,7.786557309389536,3.4556977705360623,3.4556977705360623,3.4556977705360623,False,False,False,False,eta+beta,eta+beta,7.892516338325549,3.695811922378198,3.695811922378198,3.695811922378198,False,False,False,False
24,income__1,Q2,6742.0,550.0,eta+beta,Xc,-1.403392735354828,-0.8640236364226439,-1.403392735354828,0.0,True,True,True,True,eta+beta,Xc,-1.0760270474920617,-0.5285068706689344,-1.0760270474920617,0.0,True,True,True,True
24,income__2,Q3,7092.0,485.0,eta+beta,eta+beta,3.233216210483988,2.2939349372772995,2.2939349372772995,2.2939349372772995,False,False,False,False,Xc+beta,Xc+beta,1.892095239804803,1.4238018085698059,1.4238018085698059,1.4238018085698059,True,True,True,True
24,income__3,Q4 (Highest),7283.0,261.5,eta+beta,eta+beta,0.05970676229162564,2.0914873010237898,0.05970676229162564,0.05970676229162564,True,False,True,True,Xc+eta,Xc,-3.123413768690625,-3.0752525489056097,-3.123413768690625,0.0,True,True,True,True
24,number_of_friends__0,0 friends,585.0,217.5,Xc+beta,Xc,-1.1878030866698737,-0.731264996958771,-1.1878030866698737,0.0,True,True,True,True,eta+beta,Xc,-1.225336415380525,-0.7111055123275491,-1.225336415380525,0.0,True,True,True,True
24,number_of_friends__1,1+ friends,11975.0,4482.5,Xc+beta,mex_only,1.4029027060751105,1.1728700821113307,1.1728700821113307,1.7213266237376956,True,True,True,True,eta+beta,mex_only,-0.1138582508356194,-0.2737887413240969,-0.2737887413240969,1.8104030276808771,True,True,True,True
24,physical_activity__0,No Activity,10711.5,1184.5,eta+beta,epsilon,1.8934542265033087,-0.5225484923394106,-0.5225484923394106,0.0,True,True,True,True,eta+beta,epsilon,1.1587790175744885,-0.9734408260919736,-0.9734408260919736,0.0,True,True,True,True
24,physical_activity__1,Some Activity,22599.0,925.5,Xc+eta,Xc,-1.5974717469034658,0.39768283995181264,-1.5974717469034658,0.0,True,True,True,True,Xc+eta,Xc,-1.22826439412529,1.1215606131645472,-1.22826439412529,0.0,True,True,True,True
24,sleep_duration__0,1-<5 hours,1908.0,232.5,Xc+beta,Xc+beta,5.056489599682209,1.8289257238875507,1.8289257238875507,1.8289257238875507,False,True,True,True,eta+beta,eta+beta,3.7468772865950086,1.1441276443065362,1.1441276443065362,1.1441276443065362,False,True,True,True
24,sleep_duration__1,5-<7 hours,11823.5,905.5,Xc+beta,Xc+beta,5.97996925303778,7.809862856509426,5.97996925303778,5.97996925303778,False,False,False,False,eta+beta,eta+beta,3.712782710266765,5.37529130474104,3.712782710266765,3.712782710266765,False,False,False,False
24,sleep_duration__2,7-<9 hours,20315.5,1337.0,Xc+beta,Xc+beta,8.427027048459422,3.2504572638681566,3.2504572638681566,3.2504572638681566,False,False,False,False,Xc+beta,Xc+beta,9.522108380826467,4.450373876165031,4.450373876165031,4.450373876165031,False,False,False,False
24,sleep_duration__3,>=9 hours,4595.5,451.0,Xc+beta,epsilon,-0.3495745984214409,-1.597016225688094,-1.597016225688094,0.0,True,True,True,True,epsilon+eta,epsilon,-1.5062657577032041,-2.0868236812707437,-2.0868236812707437,0.0,True,True,True,True
24,sleep_frailty__0,Q4 (highest),2880.0,390.0,eta+beta,eta+beta,6.037650168247183,4.079005009856246,4.079005009856246,4.079005009856246,False,False,False,False,eta+beta,eta+beta,6.363717414953953,4.468909309369337,4.468909309369337,4.468909309369337,False,False,False,False
24,sleep_frailty__1,Q1 (lowest),2720.0,382.0,Xc+beta,Xc,-1.976990993585332,-1.8347740342851466,-1.976990993585332,0.0,True,True,True,True,Xc+eta,Xc,-2.1132343268523073,-1.5774858651561772,-2.1132343268523073,0.0,True,True,True,True
25,alcohol__0,>4 drinks/day,4925.5,445.0,eta+beta,epsilon,-1.5291394290752578,-1.803251657898727,-1.803251657898727,0.0,True,True,True,True,eta+beta,epsilon,-1.7216184064855042,-1.7550917292028316,-1.7550917292028316,0.0,True,True,True,True
25,alcohol__1,0-1 drink/day,10523.0,1323.0,eta+beta,eta+beta,10.39132479258842,0.8474740775382088,0.8474740775382088,0.8474740775382088,False,True,True,True,epsilon+eta,epsilon+eta,12.596824564314375,1.6416262417733378,1.6416262417733378,1.6416262417733378,False,True,True,True
25,church_frequency__0,never,2114.0,606.0,eta+beta,eta+beta,2.7889861174899124,6.383849869132973,2.7889861174899124,2.7889861174899124,False,False,False,False,eta+beta,eta+beta,1.932415857225351,5.604500292997727,1.932415857225351,1.932415857225351,True,False,True,True
25,church_frequency__1,sometimes,1732.0,314.0,eta+beta,Xc,-1.0701757647216255,-0.412687528090828,-1.0701757647216255,0.0,True,True,True,True,eta+beta,Xc,-0.025342925929635385,0.6911956811068194,-0.025342925929635385,0.0,True,True,True,True
25,church_frequency__2,weekly,1746.0,400.0,Xc+beta,Xc,-1.8527076653635959,-1.6930012366965457,-1.8527076653635959,0.0,True,True,True,True,eta+beta,Xc,-1.9241102777905326,-1.3711215912144326,-1.9241102777905326,0.0,True,True,True,True
25,diet__0,Poor,25977.0,1844.0,eta+beta,Xc,-0.7958357631396211,-0.15772740683314623,-0.7958357631396211,0.0,True,True,True,True,eta+beta,eta+beta,0.4158391317250789,1.1883272229970316,0.4158391317250789,0.4158391317250789,True,True,True,True
25,diet__1,Good,11079.0,1014.0,eta+beta,Xc,-1.7381094772990764,-1.003249297684306,-1.7381094772990764,0.0,True,True,True,True,Xc+beta,Xc,-1.9615338492003502,-1.1868537673872197,-1.9615338492003502,0.0,True,True,True,True
25,education_level__0,no highschool,13599.0,2905.5,eta+beta,eta+beta,9.722297589112713,4.332344398000714,4.332344398000714,4.332344398000714,False,False,False,False,eta+beta,eta+beta,10.439787093047926,4.761046880928916,4.761046880928916,4.761046880928916,False,False,False,False
25,education_level__1,some college,26113.0,2490.5,eta+beta,eta+beta,11.22094871446825,3.5966589728159306,3.5966589728159306,3.5966589728159306,False,False,False,False,eta+beta,eta+beta,12.245015860840795,4.151772156037623,4.151772156037623,4.151772156037623,False,False,False,False
25,income__0,Q1 (Lowest),7614.5,600.0,eta+beta,eta+beta,10.058746600998347,6.127016997032115,6.127016997032115,6.127016997032115,False,False,False,False,eta+beta,eta+beta,9.861095345543617,5.504489421564358,5.504489421564358,5.504489421564358,False,False,False,False
25,income__1,Q2,7073.0,602.5,eta+beta,Xc,-1.6357675043109339,-1.583122608787562,-1.6357675043109339,0.0,True,True,True,True,eta+beta,Xc,-1.9094576227535072,-1.7301880503882785,-1.9094576227535072,0.0,True,True,True,True
25,income__2,Q3,7007.5,425.0,eta+beta,eta+beta,1.926208423987191,3.5694727235149912,1.926208423987191,1.926208423987191,True,False,True,True,eta+beta,eta+beta,2.5769953664730565,4.292707532560598,2.5769953664730565,2.5769953664730565,False,False,False,False
25,income__3,Q4 (Highest),7647.5,281.5,eta+beta,epsilon,-0.7819297144192205,-1.7768913981240075,-1.7768913981240075,0.0,True,True,True,True,epsilon+eta,epsilon,0.6948549187422941,-1.676058068191196,-1.676058068191196,0.0,True,True,True,True
25,number_of_friends__0,0 friends,595.0,231.5,eta+beta,epsilon,-1.8638461850571275,-1.9092381331752222,-1.9092381331752222,0.0,True,True,True,True,eta+beta,epsilon,-1.917130768422794,-1.9190598430614045,-1.9190598430614045,0.0,True,True,True,True
25,number_of_friends__1,1+ friends,12075.0,4602.5,eta+beta,mex_only,0.9528701410163194,0.5189566087719868,0.5189566087719868,1.1108731869171606,True,True,True,True,eta+beta,mex_only,0.015810933167813346,-0.2682971405010903,-0.2682971405010903,1.4737380419537658,True,True,True,True
25,physical_activity__0,No Activity,10895.5,1213.0,eta+beta,epsilon,1.998210554358593,-0.32161737018941494,-0.32161737018941494,0.0,True,True,True,True,eta+beta,epsilon,2.560013162694304,-0.3041254057388869,-0.3041254057388869,0.0,False,True,True,True
25,physical_activity__1,Some Activity,23120.5,1011.5,eta+beta,eta+beta,1.5067804795398843,5.604910897678565,1.5067804795398843,1.5067804795398843,True,False,True,True,Xc+beta,Xc+beta,0.9199453172259382,4.587448059619419,0.9199453172259382,0.9199453172259382,True,False,True,True
25,sleep_duration__0,1-<5 hours,1935.5,241.5,eta+beta,epsilon,1.8279756536071545,-0.45097945941324724,-0.45097945941324724,0.0,True,True,True,True,eta+beta,epsilon,1.5119108004296322,-0.691696918784146,-0.691696918784146,0.0,True,True,True,True
25,sleep_duration__1,5-<7 hours,11618.5,929.0,eta+beta,eta+beta,7.652740702676965,9.287099365408721,7.652740702676965,7.652740702676965,False,False,False,False,eta+beta,eta+beta,7.75460263765126,9.285365648642255,7.75460263765126,7.75460263765126,False,False,False,False
25,sleep_duration__2,7-<9 hours,21161.0,1495.0,eta+beta,epsilon,-1.1422386136382556,-1.329702597566211,-1.329702597566211,0.0,True,True,True,True,Xc+eta,epsilon,-1.620313749570414,-2.0563222975997633,-2.0563222975997633,0.0,True,True,True,True
25,sleep_duration__3,>=9 hours,4670.5,409.5,eta+beta,Xc,-1.7022771783067583,-1.6643653892178918,-1.7022771783067583,0.0,True,True,True,True,eta+beta,epsilon,-2.5035133075775775,-2.6806821843892976,-2.6806821843892976,0.0,True,True,True,True
25,sleep_frailty__0,Q4 (highest),2856.0,404.0,eta+beta,eta+beta,2.391083697263184,1.0228416613854279,1.0228416613854279,1.0228416613854279,False,True,True,True,eta+beta,eta+beta,2.3424239600540204,1.0402591926044806,1.0402591926044806,1.0402591926044806,False,True,True,True
25,sleep_frailty__1,Q1 (lowest),2728.0,384.0,Xc+beta,epsilon,-1.6037443908958267,-1.853203042968289,-1.853203042968289,0.0,True,True,True,True,Xc+beta,Xc,-2.031878116444659,-1.6583787492977535,-2.031878116444659,0.0,True,True,True,True
26,alcohol__0,>4 drinks/day,5099.5,457.5,eta+beta,Xc,-1.804611318237221,-1.490269601566979,-1.804611318237221,0.0,True,True,True,True,eta+beta,Xc,-1.8221470786356804,-1.3557108587037874,-1.8221470786356804,0.0,True,True,True,True
26,alcohol__1,0-1 drink/day,10508.0,1312.0,eta+beta,eta+beta,12.730240415266962,1.595758827361351,1.595758827361351,1.595758827361351,False,True,True,True,epsilon+eta,epsilon+eta,12.952238990223123,1.772508373558594,1.772508373558594,1.772508373558594,False,True,True,True
26,church_frequency__0,never,2240.0,678.0,eta+beta,eta+beta,8.34091896064001,15.326288683164421,8.34091896064001,8.34091896064001,False,False,False,False,eta+beta,eta+beta,8.069773888726559,15.069297344327424,8.069773888726559,8.069773888726559,False,False,False,False
26,church_frequency__1,sometimes,1802.0,360.0,eta+beta,mex_only,-0.6604309740946519,-0.46549536468819497,-0.6604309740946519,1.5065061305158451,True,True,True,True,eta+beta,mex_only,-0.40670872664122726,-0.2503446240525591,-0.40670872664122726,1.6955846683786149,True,True,True,True
26,church_frequency__2,weekly,1708.0,454.0,Xc+beta,epsilon,0.33692377574107013,-0.7302394031976291,-0.7302394031976291,0.0,True,True,True,True,Xc+beta,epsilon,-0.11222491949138202,-1.1445251207805995,-1.1445251207805995,0.0,True,True,True,True
26,diet__0,Poor,26146.5,1974.5,Xc+beta,mex_only,-1.9451980289559287,-1.9787691352430556,-1.9787691352430556,1.1698963545895822,True,True,True,True,eta+beta,mex_only,-2.045589311146614,-2.031027759247081,-2.045589311146614,1.4119525808637263,True,True,True,True
26,diet__1,Good,11125.5,1121.5,eta+beta,eta+beta,3.331626342062009,0.750698156602084,0.750698156602084,0.750698156602084,False,True,True,True,Xc+beta,Xc+beta,2.5560462123139587,0.6177490969221253,0.6177490969221253,0.6177490969221253,False,True,True,True
26,education_level__0,no highschool,14248.0,2987.0,eta+beta,eta+beta,4.907004279993998,1.7609981461937423,1.7609981461937423,1.7609981461937423,False,True,True,True,eta+beta,eta+beta,5.676652790556545,2.151509065348364,2.151509065348364,2.151509065348364,False,False,False,False
26,education_level__1,some college,25744.5,2487.0,eta+beta,eta+beta,6.779774094324239,1.1533710381918354,1.1533710381918354,1.1533710381918354,False,True,True,True,eta+beta,eta+beta,8.219364452987065,1.832994220971159,1.832994220971159,1.832994220971159,False,True,True,True
26,income__0,Q1 (Lowest),7215.5,603.0,eta+beta,eta+beta,4.222779916290165,0.5792119704728975,0.5792119704728975,0.5792119704728975,False,True,True,True,eta+beta,eta+beta,5.5124719372252,1.3108817728780195,1.3108817728780195,1.3108817728780195,False,True,True,True
26,income__1,Q2,7272.0,694.0,eta+beta,Xc,-1.2682113331402434,-0.6543350225474569,-1.2682113331402434,0.0,True,True,True,True,eta+beta,Xc,-1.566321831715868,-0.8004724259390059,-1.566321831715868,0.0,True,True,True,True
26,income__2,Q3,7310.0,499.5,eta+beta,epsilon,-1.7412644036885467,-1.9107988361665775,-1.9107988361665775,0.0,True,True,True,True,Xc+beta,epsilon,-1.8965828043346846,-1.9729702630784232,-1.9729702630784232,0.0,True,True,True,True
26,income__3,Q4 (Highest),7534.5,299.0,eta+beta,epsilon,0.5474125634873417,-1.5001619834256417,-1.5001619834256417,0.0,True,True,True,True,Xc+beta,epsilon,2.6110081816405,-0.16842998947231536,-0.16842998947231536,0.0,False,True,True,True
26,number_of_friends__0,0 friends,618.5,217.0,Xc+beta,Xc+beta,1.6623967340121908,2.2417420512038007,1.6623967340121908,1.6623967340121908,True,False,True,True,Xc+beta,Xc+beta,1.7136701622137025,2.2982905037097225,1.7136701622137025,1.7136701622137025,True,False,True,True
26,number_of_friends__1,1+ friends,12249.0,4741.5,eta+beta,mex_only,-1.3822673433533055,-1.5323625098099,-1.5323625098099,1.6258585184259573,True,True,True,True,eta+beta,mex_only,-1.2373508290475002,-1.4405416106819757,-1.4405416106819757,1.4648427486099536,True,True,True,True
26,physical_activity__0,No Activity,11167.0,1328.0,eta+beta,eta+beta,0.19336748732348497,2.954094510547293,0.19336748732348497,0.19336748732348497,True,False,True,True,eta+beta,Xc,-1.0686427349264704,1.6264880241069477,-1.0686427349264704,0.0,True,True,True,True
26,physical_activity__1,Some Activity,23006.5,1082.5,Xc+eta,Xc+eta,5.371323773124459,10.122951476379967,5.371323773124459,5.371323773124459,False,False,False,False,epsilon+beta,epsilon+beta,6.47374288449646,11.123848724168056,6.47374288449646,6.47374288449646,False,False,False,False
26,sleep_duration__0,1-<5 hours,2014.5,236.5,Xc+beta,Xc+beta,2.9451500114814735,0.5239720200620468,0.5239720200620468,0.5239720200620468,False,True,True,True,eta+beta,eta+beta,2.277440172234037,0.0743737493048684,0.0743737493048684,0.0743737493048684,False,True,True,True
26,sleep_duration__1,5-<7 hours,11793.5,1048.0,Xc+beta,Xc+beta,3.169965754283112,3.4288786416800576,3.169965754283112,3.169965754283112,False,False,False,False,eta+beta,eta+beta,1.531390207912409,1.833507238443417,1.531390207912409,1.531390207912409,True,True,True,True
26,sleep_duration__2,7-<9 hours,21130.5,1562.0,eta+beta,eta+beta,7.280582958699597,3.4837433461652836,3.4837433461652836,3.4837433461652836,False,False,False,False,Xc+beta,Xc+beta,9.794837796696811,5.535479641259371,5.535479641259371,5.535479641259371,False,False,False,False
26,sleep_duration__3,>=9 hours,4654.5,484.5,Xc+beta,epsilon,0.15053616756722477,-1.2604771936912584,-1.2604771936912584,0.0,True,True,True,True,epsilon+eta,epsilon,-0.9140635454032235,-1.9914734982303344,-1.9914734982303344,0.0,True,True,True,True
26,sleep_frailty__0,Q4 (highest),2878.0,440.0,eta+beta,eta+beta,2.928458169998521,0.6176225401186457,0.6176225401186457,0.6176225401186457,False,True,True,True,eta+beta,eta+beta,3.5421771754990914,1.0550051991285727,1.0550051991285727,1.0550051991285727,False,True,True,True
26,sleep_frailty__1,Q1 (lowest),2712.0,438.0,Xc+beta,Xc+beta,3.375640616592591,2.4676308439375134,2.4676308439375134,2.4676308439375134,False,False,False,False,Xc+beta,Xc+beta,2.4847505558659577,1.7939883519106843,1.7939883519106843,1.7939883519106843,False,True,True,True
27,alcohol__0,>4 drinks/day,4923.5,388.0,Xc+beta,epsilon,-0.6076758354656704,-1.4589940335099527,-1.4589940335099527,0.0,True,True,True,True,eta+beta,epsilon,-1.098577722619666,-1.6959807556995656,-1.6959807556995656,0.0,True,True,True,True
27,alcohol__1,0-1 drink/day,10455.5,1361.5,Xc+eta,epsilon,6.648813808194973,-0.4564634583912266,-0.4564634583912266,0.0,False,True,True,True,Xc+beta,Xc+beta,7.325712555064456,0.35809623728346196,0.35809623728346196,0.35809623728346196,False,True,True,True
27,church_frequency__0,never,2340.0,690.0,eta+beta,Xc,-0.22899363513897697,1.4094541348003986,-0.22899363513897697,0.0,True,True,True,True,Xc+beta,Xc,-0.9876188335811094,0.43028039432829246,-0.9876188335811094,0.0,True,True,True,True
27,church_frequency__1,sometimes,1864.0,414.0,eta+beta,mex_only,-1.8912646650896932,-1.8313412729580705,-1.8912646650896932,1.6374174905777181,True,True,True,True,Xc+eta,mex_only,-2.0256743489185283,-1.9881900999985191,-2.0256743489185283,1.528130319133652,True,True,True,True
27,church_frequency__2,weekly,1762.0,464.0,Xc+beta,Xc+beta,8.007634696075002,4.205281405519145,4.205281405519145,4.205281405519145,False,False,False,False,Xc+beta,Xc+beta,6.321862509076709,2.620175848157942,2.620175848157942,2.620175848157942,False,False,False,False
27,diet__0,Poor,26047.0,1987.0,Xc+beta,mex_only,-1.9930770222927094,-1.9902212692068133,-1.9930770222927094,1.9015646875777747,True,True,True,True,Xc+beta,mex_only,-1.9576173214773007,-1.9683776851379662,-1.9683776851379662,1.815541302665224,True,True,True,True
27,diet__1,Good,11401.0,1120.0,eta+beta,eta+beta,4.9048298550987965,0.9797125208933721,0.9797125208933721,0.9797125208933721,False,True,True,True,Xc+beta,Xc+beta,4.552450203314947,1.0861373777242989,1.0861373777242989,1.0861373777242989,False,True,True,True
27,education_level__0,no highschool,13747.5,2893.0,eta+beta,eta+beta,10.223370993047865,5.241844904230675,5.241844904230675,5.241844904230675,False,False,False,False,eta+beta,eta+beta,10.854145331963082,5.419347812734486,5.419347812734486,5.419347812734486,False,False,False,False
27,education_level__1,some college,26088.0,2484.5,eta+beta,epsilon,4.675865647470346,-0.2999308337275579,-0.2999308337275579,0.0,False,True,True,True,eta+beta,eta+beta,6.149982788600028,0.3491578733410279,0.3491578733410279,0.3491578733410279,False,True,True,True
27,income__0,Q1 (Lowest),7541.5,569.0,eta+beta,epsilon,-1.5274269108404042,-1.7396282147365127,-1.7396282147365127,0.0,True,True,True,True,eta+beta,epsilon,-1.4914438580162823,-1.7784675994062127,-1.7784675994062127,0.0,True,True,True,True
27,income__1,Q2,7224.5,634.0,eta+beta,epsilon,-1.0987930431947461,-1.6516045228017902,-1.6516045228017902,0.0,True,True,True,True,eta+beta,epsilon,-0.9872223765160015,-1.7975524448984288,-1.7975524448984288,0.0,True,True,True,True
27,income__2,Q3,7140.5,491.5,Xc+eta,Xc,-1.9311128221834224,-1.686682631054282,-1.9311128221834224,0.0,True,True,True,True,eta+beta,Xc,-1.6518089284745656,-1.2780194340994058,-1.6518089284745656,0.0,True,True,True,True
27,income__3,Q4 (Highest),7439.0,321.0,eta+beta,epsilon,3.8222682014829843,-0.041235488894926675,-0.041235488894926675,0.0,False,True,True,True,Xc+beta,Xc+beta,5.240202770266933,1.6559896601252149,1.6559896601252149,1.6559896601252149,False,True,True,True
27,number_of_friends__0,0 friends,598.5,223.0,eta+beta,eta+beta,3.582600018462017,4.2936633610740955,3.582600018462017,3.582600018462017,False,False,False,False,eta+beta,eta+beta,3.514570336687939,4.21190887305147,3.514570336687939,3.514570336687939,False,False,False,False
27,number_of_friends__1,1+ friends,12101.0,4587.5,eta+beta,mex_only,-1.2043831166884047,-1.380429799137346,-1.380429799137346,1.6024682135684998,True,True,True,True,eta+beta,mex_only,-0.6495601934366277,-0.9667550350350211,-0.9667550350350211,1.24438665490743,True,True,True,True
27,physical_activity__0,No Activity,10790.0,1282.5,eta+beta,epsilon,-0.6390606496515829,-1.1234742489559721,-1.1234742489559721,0.0,True,True,True,True,eta+beta,epsilon,-1.4097169174128794,-1.6757835458629415,-1.6757835458629415,0.0,True,True,True,True
27,physical_activity__1,Some Activity,23380.0,1043.0,Xc+eta,Xc,-1.6266119773936225,0.3665959172685689,-1.6266119773936225,0.0,True,True,True,True,eta+beta,Xc,-0.8108867667287996,1.1811298070861085,-0.8108867667287996,0.0,True,True,True,True
27,sleep_duration__0,1-<5 hours,1959.5,274.5,eta+beta,epsilon,-1.538600251119533,-1.8491938866109194,-1.8491938866109194,0.0,True,True,True,True,Xc+eta,epsilon,-1.789508960890089,-1.794697432248995,-1.794697432248995,0.0,True,True,True,True
27,sleep_duration__1,5-<7 hours,11785.5,1013.0,eta+beta,mex_only,-1.672069871730855,-1.512303368499488,-1.672069871730855,0.935802676840467,True,True,True,True,eta+beta,mex_only,-2.07528957951763,-1.957825548155597,-2.07528957951763,0.7852848249240196,True,True,True,True
27,sleep_duration__2,7-<9 hours,21281.5,1592.0,eta+beta,epsilon,1.763311272889041,-0.8160455379347695,-0.8160455379347695,0.0,True,True,True,True,Xc+beta,epsilon,2.6364578770590015,-0.360403306209264,-0.360403306209264,0.0,False,True,True,True
27,sleep_duration__3,>=9 hours,4602.5,446.5,Xc+beta,Xc+beta,1.8380025871219914,0.5939823604339836,0.5939823604339836,0.5939823604339836,True,True,True,True,eta+beta,epsilon,-2.03340607639484,-2.456617950229429,-2.456617950229429,0.0,True,True,True,True
27,sleep_frailty__0,Q4 (highest),2794.0,476.0,Xc+eta,epsilon,0.3546245624756921,-0.9001141861272117,-0.9001141861272117,0.0,True,True,True,True,eta+beta,epsilon,0.9036334401862405,-0.4921450758347419,-0.4921450758347419,0.0,True,True,True,True
27,sleep_frailty__1,Q1 (lowest),2838.0,462.0,Xc+beta,epsilon,-0.02818604902495281,-0.6199375856062943,-0.6199375856062943,0.0,True,True,True,True,Xc+beta,epsilon,-1.0653614418752113,-1.51320998220217,-1.51320998220217,0.0,True,True,True,True
28,alcohol__0,>4 drinks/day,4842.5,386.5,eta+beta,Xc,-1.8396788640479826,-1.7788833622744278,-1.8396788640479826,0.0,True,True,True,True,Xc+beta,Xc,-1.9965200043438927,-1.7616628837567987,-1.9965200043438927,0.0,True,True,True,True
28,alcohol__1,0-1 drink/day,10488.0,1345.0,eta+beta,epsilon,9.30083180539259,-0.24327726312731102,-0.24327726312731102,0.0,False,True,True,True,eta+beta,epsilon,8.873063259790797,-0.31313434729599976,-0.31313434729599976,0.0,False,True,True,True
28,church_frequency__0,never,1964.0,554.0,eta+beta,Xc,-1.9701253405437456,-1.4807229197831475,-1.9701253405437456,0.0,True,True,True,True,Xc+beta,Xc,-1.980171358492953,-1.5306222560775495,-1.980171358492953,0.0,True,True,True,True
28,church_frequency__1,sometimes,1730.0,358.0,eta+beta,mex_only,-1.8190995174786622,-1.6901784742058226,-1.8190995174786622,0.647109163920959,True,True,True,True,Xc+beta,mex_only,-1.5639183537123245,-1.3874149627627048,-1.5639183537123245,0.969144732672703,True,True,True,True
28,church_frequency__2,weekly,1668.0,408.0,eta+beta,eta+beta,9.932184813234471,6.199790902890072,6.199790902890072,6.199790902890072,False,False,False,False,eta+beta,eta+beta,10.052232931534036,6.44636579367625,6.44636579367625,6.44636579367625,False,False,False,False
28,diet__0,Poor,25697.0,1851.5,epsilon+beta,Xc,-1.6287069944410177,-1.4153773281650501,-1.6287069944410177,0.0,True,True,True,True,Xc+beta,mex_only,-1.3761029556771973,-1.160303303549881,-1.3761029556771973,0.17485662784747547,True,True,True,True
28,diet__1,Good,10932.0,1003.0,eta+beta,epsilon,-0.6025092914387642,-1.5055124124373833,-1.5055124124373833,0.0,True,True,True,True,eta+beta,epsilon,-0.4278975399593037,-1.8585487578566244,-1.8585487578566244,0.0,True,True,True,True
28,education_level__0,no highschool,13611.0,2855.5,eta+beta,eta+beta,8.273683728144533,2.231740761140827,2.231740761140827,2.231740761140827,False,False,False,False,eta+beta,eta+beta,7.676388206637057,1.7690675919038767,1.7690675919038767,1.7690675919038767,False,True,True,True
28,education_level__1,some college,25741.5,2528.5,eta+beta,epsilon,3.7564696074805397,-0.3502398051896307,-0.3502398051896307,0.0,False,True,True,True,eta+beta,epsilon,3.560462770630693,-0.5046637041814392,-0.5046637041814392,0.0,False,True,True,True
28,income__0,Q1 (Lowest),7525.5,562.5,eta+beta,eta+beta,4.060777962443353,1.381817895929089,1.381817895929089,1.381817895929089,False,True,True,True,eta+beta,eta+beta,3.7090482765461275,0.9428392616755445,0.9428392616755445,0.9428392616755445,False,True,True,True
28,income__1,Q2,7300.0,623.5,eta+beta,Xc,-1.6766451600906294,-1.214389799167293,-1.6766451600906294,0.0,True,True,True,True,eta+beta,Xc,-1.5933870254275462,-1.1741840253143891,-1.5933870254275462,0.0,True,True,True,True
28,income__2,Q3,7192.5,460.0,eta+beta,Xc,-1.7457449675112002,-1.4884200880023855,-1.7457449675112002,0.0,True,True,True,True,Xc+eta,Xc,-2.124769220638882,-2.0361123490092723,-2.124769220638882,0.0,True,True,True,True
28,income__3,Q4 (Highest),7225.0,305.0,eta+beta,epsilon,0.5929338468722563,-1.2487868045386676,-1.2487868045386676,0.0,True,True,True,True,eta+beta,epsilon,2.1913101065938463,-0.54615389105129,-0.54615389105129,0.0,False,True,True,True
28,number_of_friends__0,0 friends,537.0,227.5,Xc+beta,epsilon,-1.0098188216843482,-1.5936101133927423,-1.5936101133927423,0.0,True,True,True,True,eta+beta,epsilon,-1.187985489208586,-1.6967374519065288,-1.6967374519065288,0.0,True,True,True,True
28,number_of_friends__1,1+ friends,12009.0,4668.5,eta+beta,mex_only,-0.8572303199180169,-0.8113351573847467,-0.8572303199180169,1.9521937330064247,True,True,True,True,eta+beta,mex_only,-1.1934285329916747,-1.114630934636807,-1.1934285329916747,1.9090120761029539,True,True,True,True
28,physical_activity__0,No Activity,10462.5,1201.5,eta+beta,epsilon,-0.21272591663364437,-1.5375652762959362,-1.5375652762959362,0.0,True,True,True,True,eta+beta,epsilon,-0.1516903498559259,-1.5884782414959773,-1.5884782414959773,0.0,True,True,True,True
28,physical_activity__1,Some Activity,23403.5,1047.0,eta+beta,eta+beta,0.4361381352209719,2.472776120985145,0.4361381352209719,0.4361381352209719,True,False,True,True,eta+beta,Xc,-1.7731068398479692,-0.46061464334889024,-1.7731068398479692,0.0,True,True,True,True
28,sleep_duration__0,1-<5 hours,1927.0,232.5,eta+beta,epsilon,0.6100999340260387,-0.9060427343761148,-0.9060427343761148,0.0,True,True,True,True,Xc+beta,epsilon,0.8311921697800244,-0.7442218935589153,-0.7442218935589153,0.0,True,True,True,True
28,sleep_duration__1,5-<7 hours,11527.0,945.0,eta+beta,eta+beta,1.1197844105336117,2.1163266672501777,1.1197844105336117,1.1197844105336117,True,False,True,True,Xc+beta,Xc+beta,3.735425775974363,4.806692141384701,3.735425775974363,3.735425775974363,False,False,False,False
28,sleep_duration__2,7-<9 hours,20774.5,1464.0,eta+beta,eta+beta,4.976576905535694,1.0792695114923845,1.0792695114923845,1.0792695114923845,False,True,True,True,eta+beta,eta+beta,6.312301433541506,1.8755727544685215,1.8755727544685215,1.8755727544685215,False,True,True,True
28,sleep_duration__3,>=9 hours,4575.5,425.0,eta+beta,epsilon,-0.7176697575628168,-1.623387397924489,-1.623387397924489,0.0,True,True,True,True,Xc+beta,epsilon,-0.7183714764737488,-1.677108044439592,-1.677108044439592,0.0,True,True,True,True
28,sleep_frailty__0,Q4 (highest),2714.0,438.0,eta+beta,epsilon,-1.2894637767594759,-1.8339016423346948,-1.8339016423346948,0.0,True,True,True,True,eta+beta,epsilon,-1.5698354294227101,-1.9429656694687765,-1.9429656694687765,0.0,True,True,True,True
28,sleep_frailty__1,Q1 (lowest),2672.0,382.0,Xc+beta,epsilon,-0.3166901122958734,-1.083460430710602,-1.083460430710602,0.0,True,True,True,True,Xc+beta,epsilon,-0.26697245520927027,-1.052363572910508,-1.052363572910508,0.0,True,True,True,True
29,alcohol__0,>4 drinks/day,4846.0,442.5,Xc+beta,epsilon,1.149127051371579,-0.3328730357825407,-0.3328730357825407,0.0,True,True,True,True,eta+beta,epsilon,0.22279146998425858,-1.1876878479388324,-1.1876878479388324,0.0,True,True,True,True
29,alcohol__1,0-1 drink/day,10793.5,1376.5,Xc+beta,Xc+beta,11.743739057299535,3.0706623295263853,3.0706623295263853,3.0706623295263853,False,False,False,False,eta+beta,eta+beta,13.896700677925764,3.7599080881209375,3.7599080881209375,3.7599080881209375,False,False,False,False
29,church_frequency__0,never,2540.0,714.0,eta+beta,eta+beta,5.7516386036149925,8.371300334065381,5.7516386036149925,5.7516386036149925,False,False,False,False,Xc+eta,Xc+eta,6.871933241254737,9.39698446840157,6.871933241254737,6.871933241254737,False,False,False,False
29,church_frequency__1,sometimes,1842.0,340.0,Xc+eta,Xc,-1.9996247526519255,-1.868697915535904,-1.9996247526519255,0.0,True,True,True,True,eta+beta,Xc,-1.9606278879232377,-1.6731871932856848,-1.9606278879232377,0.0,True,True,True,True
29,church_frequency__2,weekly,1736.0,440.0,Xc+beta,Xc,-0.641919375784255,0.6410358610410185,-0.641919375784255,0.0,True,True,True,True,Xc+beta,Xc,-0.5170299633709874,0.8044912167179064,-0.5170299633709874,0.0,True,True,True,True
29,diet__0,Poor,26392.0,1879.5,Xc+beta,mex_only,-1.5074675772266346,-1.2945965282488032,-1.5074675772266346,0.07692352478989051,True,True,True,True,Xc+beta,mex_only,-1.4505051204760093,-1.225595706011518,-1.4505051204760093,0.17343461154814577,True,True,True,True
29,diet__1,Good,11292.0,1124.0,eta+beta,epsilon,0.451310039486998,-0.8750359211717296,-0.8750359211717296,0.0,True,True,True,True,Xc+eta,epsilon,1.0937342134020582,-0.39920388351492875,-0.39920388351492875,0.0,True,True,True,True
29,education_level__0,no highschool,13869.0,2933.5,eta+beta,eta+beta,18.636669257561152,10.964566180904512,10.964566180904512,10.964566180904512,False,False,False,False,Xc+beta,Xc+beta,25.34714569107382,16.059109133737365,16.059109133737365,16.059109133737365,False,False,False,False
29,education_level__1,some college,26311.0,2467.5,eta+beta,epsilon,-0.024559778281400213,-1.74178684546132,-1.74178684546132,0.0,True,True,True,True,Xc+beta,epsilon,0.4408781271413318,-1.7839023439919401,-1.7839023439919401,0.0,True,True,True,True
29,income__0,Q1 (Lowest),7545.5,601.5,eta+beta,eta+beta,19.028129194759458,11.947418563871906,11.947418563871906,11.947418563871906,False,False,False,False,eta+beta,eta+beta,19.007995432124517,11.657530459166082,11.657530459166082,11.657530459166082,False,False,False,False
29,income__1,Q2,7145.0,655.5,eta+beta,Xc,-1.5351972917060266,-1.270909605927045,-1.5351972917060266,0.0,True,True,True,True,eta+beta,epsilon,-2.2685232516196265,-2.5022614173158217,-2.5022614173158217,0.0,True,True,True,True
29,income__2,Q3,7250.5,462.0,eta+beta,epsilon,-0.1782490824616616,-0.9668955059414657,-0.9668955059414657,0.0,True,True,True,True,eta+beta,epsilon,0.05412151534437726,-0.7978546615759115,-0.7978546615759115,0.0,True,True,True,True
29,income__3,Q4 (Highest),7606.0,290.0,Xc+beta,epsilon,1.1041770693518629,-0.37183389240544784,-0.37183389240544784,0.0,True,True,True,True,eta+beta,epsilon,1.7352091679213117,-1.1648580401752042,-1.1648580401752042,0.0,True,True,True,True
29,number_of_friends__0,0 friends,593.0,251.0,epsilon+beta,Xc,-0.9496862630071519,-0.17381057013130885,-0.9496862630071519,0.0,True,True,True,True,Xc+beta,Xc,-1.6149877313969228,-0.8993035462185617,-1.6149877313969228,0.0,True,True,True,True
29,number_of_friends__1,1+ friends,12557.0,4679.0,eta+beta,mex_only,-1.7022706760908477,-1.8779895338375354,-1.8779895338375354,0.43416398513363674,True,True,True,True,eta+beta,epsilon,-1.5830181490673567,-1.84562168391858,-1.84562168391858,0.0,True,True,True,True
29,physical_activity__0,No Activity,10905.5,1238.5,eta+beta,epsilon,-0.6065802790672024,-1.5607789071218576,-1.5607789071218576,0.0,True,True,True,True,Xc+beta,epsilon,1.4085901430080412,-0.5012606937580131,-0.5012606937580131,0.0,True,True,True,True
29,physical_activity__1,Some Activity,23559.5,1057.0,eta+beta,Xc,-0.41570070108900836,1.828546806345912,-0.41570070108900836,0.0,True,True,True,True,eta+beta,Xc,-2.2436355560093943,-0.867608202241172,-2.2436355560093943,0.0,True,True,True,True
29,sleep_duration__0,1-<5 hours,2025.0,255.5,Xc+beta,Xc+beta,4.534925115489841,2.500172868179561,2.500172868179561,2.500172868179561,False,False,False,False,epsilon+beta,epsilon+beta,3.096999526095715,0.9132773397618621,0.9132773397618621,0.9132773397618621,False,True,True,True
29,sleep_duration__1,5-<7 hours,11872.0,969.0,Xc+beta,Xc+beta,5.847767761897558,6.767944718494618,5.847767761897558,5.847767761897558,False,False,False,False,eta+beta,eta+beta,3.4266917591394304,4.364694104469891,3.4266917591394304,3.4266917591394304,False,False,False,False
29,sleep_duration__2,7-<9 hours,21460.5,1551.0,eta+beta,epsilon,0.9299761489055527,-0.752162119741115,-0.752162119741115,0.0,True,True,True,True,eta+beta,eta+beta,2.4495489787950646,0.05574646841705544,0.05574646841705544,0.05574646841705544,False,True,True,True
29,sleep_duration__3,>=9 hours,4581.5,434.0,eta+beta,Xc,-1.7251158819567536,-1.2200312194149774,-1.7251158819567536,0.0,True,True,True,True,Xc+eta,Xc,-2.4149003185348192,-1.9049397392159335,-2.4149003185348192,0.0,True,True,True,True
29,sleep_frailty__0,Q4 (highest),2956.0,482.0,eta+beta,epsilon,2.0706443595418023,-0.2953047063028862,-0.2953047063028862,0.0,False,True,True,True,eta+beta,eta+beta,2.8842026761340094,0.14249776304586703,0.14249776304586703,0.14249776304586703,False,True,True,True
29,sleep_frailty__1,Q1 (lowest),2704.0,412.0,epsilon+eta,Xc,-1.9631065334629056,-1.6142674285874818,-1.9631065334629056,0.0,True,True,True,True,Xc+eta,Xc,-2.0254494715645706,-1.6301395747409515,-2.0254494715645706,0.0,True,True,True,True
30,alcohol__0,>4 drinks/day,4864.0,418.5,eta+beta,Xc,-0.7396697510048398,0.8426281743995787,-0.7396697510048398,0.0,True,True,True,True,eta+beta,Xc,-0.9492527476313626,1.009077648282073,-0.9492527476313626,0.0,True,True,True,True
30,alcohol__1,0-1 drink/day,10622.5,1328.5,eta+beta,eta+beta,20.550161602022854,6.790235720149212,6.790235720149212,6.790235720149212,False,False,False,False,epsilon+eta,epsilon+eta,20.88494719321534,7.217115533447213,7.217115533447213,7.217115533447213,False,False,False,False
30,church_frequency__0,never,2168.0,580.0,Xc+beta,Xc+beta,0.031371776748528646,1.6147812370118118,0.031371776748528646,0.031371776748528646,True,True,True,True,Xc+beta,Xc,-1.0030968041965025,0.532166619354939,-1.0030968041965025,0.0,True,True,True,True
30,church_frequency__1,sometimes,1884.0,326.0,Xc+eta,Xc,-1.9886817121814602,-1.7788585881826293,-1.9886817121814602,0.0,True,True,True,True,eta+beta,Xc,-1.8612900852126586,-1.4773651650871216,-1.8612900852126586,0.0,True,True,True,True
30,church_frequency__2,weekly,1662.0,370.0,eta+beta,epsilon,-0.5162750306199086,-1.4695217437233623,-1.4695217437233623,0.0,True,True,True,True,eta+beta,epsilon,-0.746408329920996,-1.5853417061339314,-1.5853417061339314,0.0,True,True,True,True
30,diet__0,Poor,25884.0,1736.0,Xc+beta,Xc,-1.9976399212901015,-1.969838661578251,-1.9976399212901015,0.0,True,True,True,True,eta+beta,epsilon,-1.9622927998461819,-1.9663885830777872,-1.9663885830777872,0.0,True,True,True,True
30,diet__1,Good,11134.0,966.5,eta+beta,epsilon,2.3229415123460058,-0.29242486597468087,-0.29242486597468087,0.0,False,True,True,True,eta+beta,epsilon,2.059902416964178,-0.6919206722686795,-0.6919206722686795,0.0,False,True,True,True
30,education_level__0,no highschool,13464.5,2815.0,eta+beta,eta+beta,7.9286196468019625,2.610599997748068,2.610599997748068,2.610599997748068,False,False,False,False,eta+beta,eta+beta,8.99575167837611,3.038611918389506,3.038611918389506,3.038611918389506,False,False,False,False
30,education_level__1,some college,26422.5,2482.5,eta+beta,eta+beta,7.025175068640237,1.0547636563351261,1.0547636563351261,1.0547636563351261,False,True,True,True,eta+beta,eta+beta,7.403584942625457,1.3467530202760827,1.3467530202760827,1.3467530202760827,False,True,True,True
30,income__0,Q1 (Lowest),7346.5,517.0,eta+beta,eta+beta,3.4678450719975444,0.5446109180784333,0.5446109180784333,0.5446109180784333,False,True,True,True,eta+beta,epsilon,1.8809032085509898,-0.33395206617478834,-0.33395206617478834,0.0,True,True,True,True
30,income__1,Q2,7029.0,579.0,eta+beta,Xc,-1.7422617391657695,-1.510343153257054,-1.7422617391657695,0.0,True,True,True,True,eta+beta,Xc,-1.8288796513143097,-1.6887858493373642,-1.8288796513143097,0.0,True,True,True,True
30,income__2,Q3,7168.0,446.0,eta+beta,epsilon,-1.766114248125632,-1.8159447088037268,-1.8159447088037268,0.0,True,True,True,True,eta+beta,epsilon,-1.844679909455408,-2.2396742690898463,-2.2396742690898463,0.0,True,True,True,True
30,income__3,Q4 (Highest),7680.5,282.0,epsilon+beta,epsilon+beta,4.784690804690399,2.0164708943189,2.0164708943189,2.0164708943189,False,False,False,False,eta+beta,epsilon,2.760349568116908,-1.7280347064074704,-1.7280347064074704,0.0,False,True,True,True
30,number_of_friends__0,0 friends,584.0,217.0,eta+beta,Xc,-1.834028955689746,-1.746891508915951,-1.834028955689746,0.0,True,True,True,True,eta+beta,epsilon,-1.9949169349015392,-1.996100233613106,-1.996100233613106,0.0,True,True,True,True
30,number_of_friends__1,1+ friends,12325.0,4554.0,eta+beta,eta+beta,1.7444121290536714,0.9957076923092245,0.9957076923092245,0.9957076923092245,True,True,True,True,eta+beta,eta+beta,1.1601142591098323,0.5446991762364632,0.5446991762364632,0.5446991762364632,True,True,True,True
30,physical_activity__0,No Activity,10695.0,1130.5,eta+beta,epsilon,0.054050635517342016,-1.0529965339956107,-1.0529965339956107,0.0,True,True,True,True,Xc+beta,epsilon,1.4978822055127239,-0.5604529544507386,-0.5604529544507386,0.0,True,True,True,True
30,physical_activity__1,Some Activity,23460.0,982.5,eta+beta,Xc,-1.141151599083969,0.22320409172971267,-1.141151599083969,0.0,True,True,True,True,eta+beta,Xc,-1.3103457955421618,-0.23496825406436983,-1.3103457955421618,0.0,True,True,True,True
30,sleep_duration__0,1-<5 hours,1941.0,232.0,Xc+beta,epsilon,-1.1805565948493495,-1.87034276016675,-1.87034276016675,0.0,True,True,True,True,Xc+eta,epsilon,-1.656531921860278,-2.0192211227099506,-2.0192211227099506,0.0,True,True,True,True
30,sleep_duration__1,5-<7 hours,11707.5,843.5,Xc+beta,Xc+beta,4.242373485772987,5.982532387231913,4.242373485772987,4.242373485772987,False,False,False,False,eta+beta,eta+beta,2.5824854892525764,4.22151613942151,2.5824854892525764,2.5824854892525764,False,False,False,False
30,sleep_duration__2,7-<9 hours,21121.0,1382.5,eta+beta,eta+beta,6.189387764046842,1.3494426009092422,1.3494426009092422,1.3494426009092422,False,True,True,True,eta+beta,eta+beta,6.691985528843361,1.6096840666559729,1.6096840666559729,1.6096840666559729,False,True,True,True
30,sleep_duration__3,>=9 hours,4538.0,427.0,Xc+beta,epsilon,-1.0897627852541518,-1.8627479258843778,-1.8627479258843778,0.0,True,True,True,True,Xc+eta,epsilon,-1.8089403669428066,-1.91722269049842,-1.91722269049842,0.0,True,True,True,True
30,sleep_frailty__0,Q4 (highest),2696.0,382.0,eta+beta,eta+beta,1.9372570616515077,0.41030285745864603,0.41030285745864603,0.41030285745864603,True,True,True,True,eta+beta,eta+beta,1.563770904165267,0.1881767948025299,0.1881767948025299,0.1881767948025299,True,True,True,True
30,sleep_frailty__1,Q1 (lowest),2722.0,396.0,eta+beta,eta+beta,2.5208906174116237,0.26697108301459593,0.26697108301459593,0.26697108301459593,False,True,True,True,Xc+beta,Xc+beta,2.8600554168633607,0.6310011086520717,0.6310011086520717,0.6310011086520717,False,True,True,True
31,alcohol__0,>4 drinks/day,4993.0,486.0,Xc+beta,epsilon,-1.191636774276958,-1.90433455062157,-1.90433455062157,0.0,True,True,True,True,eta+beta,epsilon,-1.4080878705135547,-1.7647158066984048,-1.7647158066984048,0.0,True,True,True,True
31,alcohol__1,0-1 drink/day,10571.0,1234.5,Xc+eta,epsilon,8.276573953489788,-0.8249998962710379,-0.8249998962710379,0.0,False,True,True,True,eta+beta,epsilon,9.59811324923794,-0.5940910090448597,-0.5940910090448597,0.0,False,True,True,True
31,church_frequency__0,never,2412.0,646.0,Xc+eta,Xc,-1.7381851480886326,-1.1273125928837544,-1.7381851480886326,0.0,True,True,True,True,eta+beta,Xc,-1.3060613880561505,-0.744466293395817,-1.3060613880561505,0.0,True,True,True,True
31,church_frequency__1,sometimes,1758.0,358.0,Xc+beta,epsilon,-1.5580935586212945,-1.851165063584176,-1.851165063584176,0.0,True,True,True,True,eta+beta,epsilon,-1.9096248638084035,-2.050389562600685,-2.050389562600685,0.0,True,True,True,True
31,church_frequency__2,weekly,1686.0,428.0,eta+beta,epsilon,0.16089002624812565,-1.2734497064457173,-1.2734497064457173,0.0,True,True,True,True,eta+beta,epsilon,0.1675940114732839,-1.262648065279791,-1.262648065279791,0.0,True,True,True,True
31,diet__0,Poor,25862.5,1935.0,eta+beta,mex_only,-1.6248195292537275,-1.617271113955212,-1.6248195292537275,1.9923279120994266,True,True,True,True,epsilon+beta,mex_only,-1.0668356293354009,-1.1273325643633143,-1.1273325643633143,2.0112211629239027,True,True,True,False
31,diet__1,Good,11323.5,1066.0,eta+beta,epsilon,0.20984261063858867,-1.4924805061345978,-1.4924805061345978,0.0,True,True,True,True,Xc+beta,epsilon,1.0348353848548868,-0.9113552907710982,-0.9113552907710982,0.0,True,True,True,True
31,education_level__0,no highschool,14350.5,3189.0,eta+beta,eta+beta,14.727635261882824,7.654064281985484,7.654064281985484,7.654064281985484,False,False,False,False,Xc+eta,Xc+eta,19.079328039384563,9.990833397503593,9.990833397503593,9.990833397503593,False,False,False,False
31,education_level__1,some college,25948.5,2306.0,eta+beta,eta+beta,5.832297690307314,0.2572068757035595,0.2572068757035595,0.2572068757035595,False,True,True,True,eta+beta,eta+beta,9.141546480041143,0.7484051603314583,0.7484051603314583,0.7484051603314583,False,True,True,True
31,income__0,Q1 (Lowest),7432.0,593.0,eta+beta,epsilon,1.1420615906845342,-0.9396570540957327,-0.9396570540957327,0.0,True,True,True,True,eta+beta,epsilon,0.8564206901746729,-1.164372688505864,-1.164372688505864,0.0,True,True,True,True
31,income__1,Q2,6989.0,592.0,eta+beta,epsilon,-0.7629113648199564,-1.4037413139494674,-1.4037413139494674,0.0,True,True,True,True,eta+beta,epsilon,-0.3162036783014628,-1.3000157368987857,-1.3000157368987857,0.0,True,True,True,True
31,income__2,Q3,7022.5,469.0,eta+beta,Xc,-1.8761664717267195,-1.8532333882503735,-1.8761664717267195,0.0,True,True,True,True,eta+beta,epsilon,-1.958605619664013,-2.0514758268909645,-2.0514758268909645,0.0,True,True,True,True
31,income__3,Q4 (Highest),7626.5,276.0,Xc+beta,Xc+beta,2.3680563771963534,1.0306343035013015,1.0306343035013015,1.0306343035013015,False,True,True,True,Xc+beta,epsilon,-0.8740093678552512,-4.690994567510188,-4.690994567510188,0.0,True,True,True,True
31,number_of_friends__0,0 friends,582.0,229.0,Xc+beta,Xc+beta,9.38451156688734,11.784046272341811,9.38451156688734,9.38451156688734,False,False,False,False,Xc+beta,Xc+beta,9.089119470540936,11.510086009100405,9.089119470540936,9.089119470540936,False,False,False,False
31,number_of_friends__1,1+ friends,12371.0,4680.0,eta+beta,mex_only,-0.6418419791589258,-1.1324483390562818,-1.1324483390562818,0.11860821436130209,True,True,True,True,eta+beta,epsilon,0.28623238982254406,-0.5216405939136166,-0.5216405939136166,0.0,True,True,True,True
31,physical_activity__0,No Activity,10848.0,1248.0,eta+beta,epsilon,2.9470712856455066,-0.1789301758071815,-0.1789301758071815,0.0,False,True,True,True,eta+beta,epsilon,2.2441826462782046,-0.7541417936063226,-0.7541417936063226,0.0,False,True,True,True
31,physical_activity__1,Some Activity,23216.5,1019.5,eta+beta,eta+beta,1.94559310690056,6.09213756380268,1.94559310690056,1.94559310690056,True,False,True,True,eta+beta,Xc,-1.944843702869548,0.5087943564867601,-1.944843702869548,0.0,True,True,True,True
31,sleep_duration__0,1-<5 hours,2001.0,282.0,Xc+beta,epsilon,-0.9267524626857266,-1.903688545638488,-1.903688545638488,0.0,True,True,True,True,eta+beta,epsilon,-1.2406460866263842,-1.969092226925568,-1.969092226925568,0.0,True,True,True,True
31,sleep_duration__1,5-<7 hours,11844.5,1006.0,eta+beta,Xc,-1.1750831223398563,-0.8096484624074947,-1.1750831223398563,0.0,True,True,True,True,eta+beta,Xc,-1.477570938426652,-1.1186316609637288,-1.477570938426652,0.0,True,True,True,True
31,sleep_duration__2,7-<9 hours,21031.5,1473.0,eta+beta,epsilon,2.0490710826397844,-0.794771536195185,-0.794771536195185,0.0,False,True,True,True,Xc+eta,epsilon,3.398170122220108,-0.5292253108182194,-0.5292253108182194,0.0,False,True,True,True
31,sleep_duration__3,>=9 hours,4555.5,438.5,Xc+beta,Xc+beta,4.738928585383746,2.87836796780266,2.87836796780266,2.87836796780266,False,False,False,False,eta+beta,epsilon,1.214904386559283,-0.4620578060034859,-0.4620578060034859,0.0,True,True,True,True
31,sleep_frailty__0,Q4 (highest),2842.0,458.0,epsilon+eta,epsilon,0.9886020146032024,-0.4976557226746081,-0.4976557226746081,0.0,True,True,True,True,Xc+beta,Xc+beta,2.0138514873715394,0.14022476695208752,0.14022476695208752,0.14022476695208752,False,True,True,True
31,sleep_frailty__1,Q1 (lowest),2798.0,452.0,Xc+beta,epsilon,-1.5630635929569507,-1.8360699816812485,-1.8360699816812485,0.0,True,True,True,True,Xc+beta,epsilon,-1.6105171301760492,-1.8232288936928853,-1.8232288936928853,0.0,True,True,True,True
32,alcohol__0,>4 drinks/day,4937.0,401.5,eta+beta,Xc,-1.2613963891726598,-0.9635398402670035,-1.2613963891726598,0.0,True,True,True,True,eta+beta,Xc,-1.9782332127051632,-1.7268744646626146,-1.9782332127051632,0.0,True,True,True,True
32,alcohol__1,0-1 drink/day,10497.0,1350.5,eta+beta,eta+beta,7.8880062377847935,0.19309399200210464,0.19309399200210464,0.19309399200210464,False,True,True,True,eta+beta,eta+beta,8.330138200903093,0.3812362558328459,0.3812362558328459,0.3812362558328459,False,True,True,True
32,church_frequency__0,never,2200.0,660.0,eta+beta,eta+beta,9.158445591153395,14.700034391936242,9.158445591153395,9.158445591153395,False,False,False,False,eta+beta,eta+beta,9.376408750998053,14.87750181624051,9.376408750998053,9.376408750998053,False,False,False,False
32,church_frequency__1,sometimes,1766.0,368.0,eta+beta,Xc,-1.5678119671274544,-1.2049976733142103,-1.5678119671274544,0.0,True,True,True,True,eta+beta,Xc,-1.3815359159975742,-0.9680392324107743,-1.3815359159975742,0.0,True,True,True,True
32,church_frequency__2,weekly,1678.0,434.0,eta+beta,epsilon,1.2403382333786794,-0.2607039302715748,-0.2607039302715748,0.0,True,True,True,True,eta+beta,epsilon,0.6120631656299338,-0.5957071004168029,-0.5957071004168029,0.0,True,True,True,True
32,diet__0,Poor,26372.5,1938.5,eta+beta,mex_only,1.024465247799526,1.3712694372625265,1.024465247799526,1.1685312660083582,True,True,True,True,eta+beta,eta+beta,1.3572785481446772,1.7502632991345308,1.3572785481446772,1.3572785481446772,True,True,True,True
32,diet__1,Good,11264.0,1126.0,eta+beta,eta+beta,2.8218688685901725,0.16226722124338266,0.16226722124338266,0.16226722124338266,False,True,True,True,eta+beta,eta+beta,2.369537183258217,0.08333784508431563,0.08333784508431563,0.08333784508431563,False,True,True,True
32,education_level__0,no highschool,13920.0,2915.5,eta+beta,eta+beta,5.269659604909975,1.8778934758738615,1.8778934758738615,1.8778934758738615,False,True,True,True,Xc+eta,Xc+eta,6.657495002986252,2.632572812915896,2.632572812915896,2.632572812915896,False,False,False,False
32,education_level__1,some college,26101.0,2567.0,eta+beta,epsilon,0.2697829430871934,-1.2250732091961254,-1.2250732091961254,0.0,True,True,True,True,eta+beta,epsilon,0.0527664387045661,-1.9522167681061546,-1.9522167681061546,0.0,True,True,True,True
32,income__0,Q1 (Lowest),8035.0,607.5,eta+beta,epsilon,1.7083852434816436,-0.6364826073195218,-0.6364826073195218,0.0,True,True,True,True,eta+beta,epsilon,1.0680217919798451,-0.984015373861439,-0.984015373861439,0.0,True,True,True,True
32,income__1,Q2,7547.0,708.0,eta+beta,epsilon,0.33145139654152445,-1.2990093115768104,-1.2990093115768104,0.0,True,True,True,True,eta+beta,epsilon,0.577805730221371,-1.2327221405057571,-1.2327221405057571,0.0,True,True,True,True
32,income__2,Q3,7261.5,490.5,Xc+eta,Xc,-1.681142002073102,-1.050476632959544,-1.681142002073102,0.0,True,True,True,True,Xc+eta,Xc,-1.8221833178013185,-1.2163310667456244,-1.8221833178013185,0.0,True,True,True,True
32,income__3,Q4 (Highest),7192.5,284.5,eta+beta,Xc,-1.0042209430857838,0.09248466754979745,-1.0042209430857838,0.0,True,True,True,True,Xc+eta,epsilon,-2.916628490693256,-3.0670517447329075,-3.0670517447329075,0.0,True,True,True,True
32,number_of_friends__0,0 friends,555.5,213.5,epsilon+eta,mex_only,-1.0737372756213972,-1.0477767755103287,-1.0737372756213972,1.97403001257112,True,True,True,True,eta+beta,mex_only,-1.3065109999211018,-1.2735620044479674,-1.3065109999211018,1.9668508506790658,True,True,True,True
32,number_of_friends__1,1+ friends,12115.0,4674.0,Xc+beta,mex_only,0.2485449851010344,0.18016031626757467,0.18016031626757467,1.9315715778429876,True,True,True,True,Xc+beta,mex_only,0.6659255489503266,0.5122906661272282,0.5122906661272282,1.8480893221349106,True,True,True,True
32,physical_activity__0,No Activity,11137.0,1348.5,eta+beta,epsilon,0.9666928254628147,-0.7389479946414212,-0.7389479946414212,0.0,True,True,True,True,eta+beta,epsilon,1.4827574186456332,-0.8999083173257532,-0.8999083173257532,0.0,True,True,True,True
32,physical_activity__1,Some Activity,23457.5,1064.5,Xc+beta,Xc+beta,11.239496542941197,17.950369123062046,11.239496542941197,11.239496542941197,False,False,False,False,Xc+beta,Xc+beta,8.23711848806488,14.355096118431902,8.23711848806488,8.23711848806488,False,False,False,False
32,sleep_duration__0,1-<5 hours,2081.5,274.0,eta+beta,epsilon,-1.3096650146858337,-1.5602571601630189,-1.5602571601630189,0.0,True,True,True,True,eta+beta,epsilon,-1.4728439766690826,-1.6693393954005842,-1.6693393954005842,0.0,True,True,True,True
32,sleep_duration__1,5-<7 hours,12131.0,1037.0,eta+beta,eta+beta,1.223218707678825,1.963951977671968,1.223218707678825,1.223218707678825,True,True,True,True,eta+beta,eta+beta,1.5356399731081183,2.2804644893840305,1.5356399731081183,1.5356399731081183,True,False,True,True
32,sleep_duration__2,7-<9 hours,20895.5,1527.0,eta+beta,epsilon,-0.8337941528625379,-1.074190388484567,-1.074190388484567,0.0,True,True,True,True,eta+beta,epsilon,-1.4184993871513143,-2.027693639516656,-2.027693639516656,0.0,True,True,True,True
32,sleep_duration__3,>=9 hours,4863.5,481.0,Xc+beta,epsilon,-0.7954828181736957,-1.4928109032698558,-1.4928109032698558,0.0,True,True,True,True,Xc+eta,epsilon,-0.910600715927103,-1.7566872008628707,-1.7566872008628707,0.0,True,True,True,True
32,sleep_frailty__0,Q4 (highest),2880.0,450.0,eta+beta,eta+beta,1.9610052450034345,0.4003006743341757,0.4003006743341757,0.4003006743341757,True,True,True,True,eta+beta,eta+beta,1.9861902914772145,0.4551795667002807,0.4551795667002807,0.4551795667002807,True,True,True,True
32,sleep_frailty__1,Q1 (lowest),2820.0,432.0,Xc+beta,epsilon,-1.5609887895061547,-1.8832878477337545,-1.8832878477337545,0.0,True,True,True,True,Xc+beta,epsilon,-1.6928114552438274,-1.8358058813910247,-1.8358058813910247,0.0,True,True,True,True
33,alcohol__0,>4 drinks/day,5012.0,433.5,eta+beta,Xc,-1.4320065943829832,-0.8123217518095771,-1.4320065943829832,0.0,True,True,True,True,Xc+eta,Xc,-1.8838350257619823,-1.2700316086948078,-1.8838350257619823,0.0,True,True,True,True
33,alcohol__1,0-1 drink/day,10246.0,1300.5,eta+beta,epsilon,1.4753963617640693,-1.3756779720042687,-1.3756779720042687,0.0,True,True,True,True,eta+beta,epsilon,1.6524953456519142,-1.7123315836761321,-1.7123315836761321,0.0,True,True,True,True
33,church_frequency__0,never,2394.0,752.0,eta+beta,eta+beta,2.3128305607970105,5.623546936192724,2.3128305607970105,2.3128305607970105,False,False,False,False,Xc+beta,Xc+beta,2.814297383347366,5.963518974022918,2.814297383347366,2.814297383347366,False,False,False,False
33,church_frequency__1,sometimes,1808.0,390.0,eta+beta,Xc,-1.92496584665696,-1.8580547570236376,-1.92496584665696,0.0,True,True,True,True,eta+beta,Xc,-1.9850548698977946,-1.8542491125558627,-1.9850548698977946,0.0,True,True,True,True
33,church_frequency__2,weekly,1738.0,478.0,Xc+eta,Xc,-1.9915794160165206,-1.6012387343916998,-1.9915794160165206,0.0,True,True,True,True,eta+beta,Xc,-1.958239704898915,-1.4561101530430278,-1.958239704898915,0.0,True,True,True,True
33,diet__0,Poor,26371.0,2043.0,eta+beta,mex_only,-1.9075520554360992,-1.895818724322453,-1.9075520554360992,1.967342397889297,True,True,True,True,Xc+beta,mex_only,-1.9407034194809967,-1.9293121196133143,-1.9407034194809967,1.9510683310545573,True,True,True,True
33,diet__1,Good,10858.0,1118.0,eta+beta,epsilon,-0.3522710378838383,-1.4072254215880093,-1.4072254215880093,0.0,True,True,True,True,eta+beta,epsilon,-0.02172370537300594,-1.5174997266731225,-1.5174997266731225,0.0,True,True,True,True
33,education_level__0,no highschool,14419.5,3116.5,eta+beta,epsilon,2.132828350946511,-1.1802479982725345,-1.1802479982725345,0.0,False,True,True,True,eta+beta,epsilon,2.1149809907547024,-1.173141135554033,-1.173141135554033,0.0,False,True,True,True
33,education_level__1,some college,25567.0,2418.5,eta+beta,epsilon,1.3289402583541232,-1.226691148156533,-1.226691148156533,0.0,True,True,True,True,eta+beta,epsilon,1.3101180507110257,-1.558506683264568,-1.558506683264568,0.0,True,True,True,True
33,income__0,Q1 (Lowest),7963.5,618.5,eta+beta,epsilon,-1.046123896100653,-1.7972932941283943,-1.7972932941283943,0.0,True,True,True,True,Xc+beta,epsilon,-1.2987587910702132,-1.9590086481603066,-1.9590086481603066,0.0,True,True,True,True
33,income__1,Q2,7475.5,704.0,eta+beta,epsilon,-1.1370488666661913,-1.7106322849922435,-1.7106322849922435,0.0,True,True,True,True,eta+beta,epsilon,-0.6450206619556411,-1.4593400445073712,-1.4593400445073712,0.0,True,True,True,True
33,income__2,Q3,7177.0,498.0,Xc+beta,epsilon,-0.8050865111636085,-1.3472612968234898,-1.3472612968234898,0.0,True,True,True,True,epsilon+beta,epsilon,-0.6325273485017533,-1.2813688321393784,-1.2813688321393784,0.0,True,True,True,True
33,income__3,Q4 (Highest),6921.0,303.5,eta+beta,epsilon,-1.0685389435866455,-1.4236219889794484,-1.4236219889794484,0.0,True,True,True,True,eta+beta,epsilon,-1.005429763787106,-2.088390206542499,-2.088390206542499,0.0,True,True,True,True
33,number_of_friends__0,0 friends,599.5,275.5,Xc+beta,Xc+beta,0.09521381244621807,1.878185355660662,0.09521381244621807,0.09521381244621807,True,True,True,True,Xc+beta,Xc+beta,0.011448117313648254,1.786440267789203,0.011448117313648254,0.011448117313648254,True,True,True,True
33,number_of_friends__1,1+ friends,12385.0,4722.0,eta+beta,mex_only,-1.4751796183991246,-1.7407175558546442,-1.7407175558546442,0.28591741159470985,True,True,True,True,eta+beta,mex_only,-1.3792154495604336,-1.6922720955481054,-1.6922720955481054,0.046098627150058746,True,True,True,True
33,physical_activity__0,No Activity,10981.0,1291.5,eta+beta,Xc,-1.4243963003118552,-0.7939595559328154,-1.4243963003118552,0.0,True,True,True,True,eta+beta,Xc,-2.019584703935834,-1.5525293519986008,-2.019584703935834,0.0,True,True,True,True
33,physical_activity__1,Some Activity,23130.0,1109.0,Xc+beta,Xc+beta,4.9804197103767365,8.879273872194972,4.9804197103767365,4.9804197103767365,False,False,False,False,eta+beta,eta+beta,1.4802571240688849,4.811906025299322,1.4802571240688849,1.4802571240688849,True,False,True,True
33,sleep_duration__0,1-<5 hours,2006.5,276.0,eta+beta,epsilon,1.3117003463403307,-0.7909611541831509,-0.7909611541831509,0.0,True,True,True,True,eta+beta,epsilon,1.3567972106211528,-0.8016001884220714,-0.8016001884220714,0.0,True,True,True,True
33,sleep_duration__1,5-<7 hours,11881.5,1070.5,eta+beta,mex_only,1.2893337175955821,1.4572488970570703,1.2893337175955821,1.7631041546355846,True,True,True,True,eta+beta,mex_only,0.6824835075913143,0.9047029213525093,0.6824835075913143,1.6203249552836496,True,True,True,True
33,sleep_duration__2,7-<9 hours,20980.0,1567.5,eta+beta,eta+beta,3.5350670821026142,0.194770057209098,0.194770057209098,0.194770057209098,False,True,True,True,eta+beta,eta+beta,3.9567908662211266,0.41186965727683855,0.41186965727683855,0.41186965727683855,False,True,True,True
33,sleep_duration__3,>=9 hours,4736.5,465.0,Xc+beta,epsilon,-1.8568976655697043,-1.9294134675183159,-1.9294134675183159,0.0,True,True,True,True,Xc+beta,Xc,-1.8604388784424373,-1.7643992687148966,-1.8604388784424373,0.0,True,True,True,True
33,sleep_frailty__0,Q4 (highest),2982.0,488.0,Xc+beta,Xc+beta,4.418024476235587,2.16415816994504,2.16415816994504,2.16415816994504,False,False,False,False,eta+beta,eta+beta,3.712571654660678,1.648759669890751,1.648759669890751,1.648759669890751,False,True,True,True
33,sleep_frailty__1,Q1 (lowest),2650.0,470.0,Xc+beta,epsilon,-1.4753075446542425,-1.608807709836583,-1.608807709836583,0.0,True,True,True,True,Xc+beta,epsilon,-1.5868679832610724,-1.6168070393664493,-1.6168070393664493,0.0,True,True,True,True
34,alcohol__0,>4 drinks/day,4855.5,394.5,eta+beta,Xc,-1.5568620076651314,-0.8880615793377729,-1.5568620076651314,0.0,True,True,True,True,Xc+eta,Xc,-1.3061609443761881,-0.1427014539517586,-1.3061609443761881,0.0,True,True,True,True
34,alcohol__1,0-1 drink/day,10566.5,1426.5,eta+beta,eta+beta,11.965764914077226,2.5752215827669716,2.5752215827669716,2.5752215827669716,False,False,False,False,eta+beta,eta+beta,11.993773231923115,2.6703697373977775,2.6703697373977775,2.6703697373977775,False,False,False,False
34,church_frequency__0,never,1940.0,552.0,eta+beta,Xc,-1.7328954116028399,-1.3738116189142602,-1.7328954116028399,0.0,True,True,True,True,Xc+eta,Xc,-1.9715374016514033,-1.493302299948482,-1.9715374016514033,0.0,True,True,True,True
34,church_frequency__1,sometimes,1804.0,356.0,Xc+eta,Xc,-1.9974428992504727,-1.8709270567692329,-1.9974428992504727,0.0,True,True,True,True,eta+beta,Xc,-1.3578499610866857,-0.9922866619222077,-1.3578499610866857,0.0,True,True,True,True
34,church_frequency__2,weekly,1626.0,382.0,eta+beta,eta+beta,1.954503621843287,0.2939310527435737,0.2939310527435737,0.2939310527435737,True,True,True,True,eta+beta,epsilon,0.11948541080892028,-1.0087346791560776,-1.0087346791560776,0.0,True,True,True,True
34,diet__0,Poor,25812.0,1891.0,eta+beta,mex_only,-0.31858761979674455,-0.6243821616808418,-0.6243821616808418,0.9496657998024602,True,True,True,True,eta+beta,mex_only,-0.6355047615179501,-1.0224061871958838,-1.0224061871958838,0.533729135790054,True,True,True,True
34,diet__1,Good,10784.0,975.5,eta+beta,epsilon,-1.3972973136569635,-1.6970071000614553,-1.6970071000614553,0.0,True,True,True,True,eta+beta,Xc,-2.1091396618485305,-1.7603440690709249,-2.1091396618485305,0.0,True,True,True,True
34,education_level__0,no highschool,13861.0,2839.0,epsilon+eta,epsilon+eta,3.400784178997128,0.2987546752447088,0.2987546752447088,0.2987546752447088,False,True,True,True,epsilon+beta,epsilon+beta,4.200223279491183,0.7860702581383521,0.7860702581383521,0.7860702581383521,False,True,True,True
34,education_level__1,some college,25667.0,2552.0,eta+beta,epsilon,2.609666849661153,-0.4958285241300473,-0.4958285241300473,0.0,False,True,True,True,eta+beta,epsilon,2.988471932894754,-0.5766491446229338,-0.5766491446229338,0.0,False,True,True,True
34,income__0,Q1 (Lowest),7659.0,574.5,eta+beta,epsilon,1.9155291726947326,-1.004961191856637,-1.004961191856637,0.0,True,True,True,True,eta+beta,epsilon,2.0251429622539945,-0.7973662597551083,-0.7973662597551083,0.0,False,True,True,True
34,income__1,Q2,7187.5,634.0,eta+beta,Xc,-1.168988164876282,-1.0282896070893912,-1.168988164876282,0.0,True,True,True,True,eta+beta,epsilon,-1.5497137692800607,-1.7899870734991055,-1.7899870734991055,0.0,True,True,True,True
34,income__2,Q3,6911.5,451.5,Xc+beta,Xc,-1.8889273777576818,-1.8706392130552558,-1.8889273777576818,0.0,True,True,True,True,Xc+eta,Xc,-2.2396857368285055,-1.9960656406901762,-2.2396857368285055,0.0,True,True,True,True
34,income__3,Q4 (Highest),7172.5,311.5,eta+beta,epsilon,-0.12409111298029529,-0.8641667552597028,-0.8641667552597028,0.0,True,True,True,True,Xc+eta,epsilon,-1.1461164548104534,-2.6765859916295085,-2.6765859916295085,0.0,True,True,True,True
34,number_of_friends__0,0 friends,563.0,225.5,eta+beta,mex_only,-1.1118735328036564,-1.464450338845836,-1.464450338845836,0.8371985363214662,True,True,True,True,eta+beta,mex_only,-1.1533937177691769,-1.4743013097436233,-1.4743013097436233,0.9213432818773981,True,True,True,True
34,number_of_friends__1,1+ friends,12109.0,4640.5,eta+beta,eta+beta,2.507620599157235,1.842896301903238,1.842896301903238,1.842896301903238,False,True,True,True,eta+beta,mex_only,1.056152242628741,0.5271540281828493,0.5271540281828493,0.6181655279870029,True,True,True,True
34,physical_activity__0,No Activity,10731.5,1272.5,eta+beta,epsilon,-0.2357936592761689,-1.5593330531519314,-1.5593330531519314,0.0,True,True,True,True,eta+beta,epsilon,-0.9902840088016092,-1.8928107320134586,-1.8928107320134586,0.0,True,True,True,True
34,physical_activity__1,Some Activity,23210.5,1037.0,Xc+eta,Xc,-0.3381379029015079,2.3758879247798177,-0.3381379029015079,0.0,True,False,True,True,eta+beta,eta+beta,1.396764368935692,4.501208484465678,1.396764368935692,1.396764368935692,True,False,True,True
34,sleep_duration__0,1-<5 hours,2045.0,273.5,epsilon+eta,Xc,-0.9938007849596033,1.3128101700986008,-0.9938007849596033,0.0,True,True,True,True,Xc+eta,Xc,-1.251397175740749,1.146640961844696,-1.251397175740749,0.0,True,True,True,True
34,sleep_duration__1,5-<7 hours,11872.0,930.0,eta+beta,eta+beta,6.3486445637608995,7.448336128260053,6.3486445637608995,6.3486445637608995,False,False,False,False,eta+beta,eta+beta,6.282096549692142,7.150611984101488,6.282096549692142,6.282096549692142,False,False,False,False
34,sleep_duration__2,7-<9 hours,20415.0,1424.5,eta+beta,Xc,-1.3463271056498343,-0.9092445612732263,-1.3463271056498343,0.0,True,True,True,True,eta+beta,epsilon,-1.862014197591634,-1.932169194395101,-1.932169194395101,0.0,True,True,True,True
34,sleep_duration__3,>=9 hours,4602.5,440.0,Xc+beta,epsilon,1.6948739990357353,-0.4167914930449115,-0.4167914930449115,0.0,True,True,True,True,eta+beta,epsilon,-0.3800789252436516,-1.7328418363704259,-1.7328418363704259,0.0,True,True,True,True
34,sleep_frailty__0,Q4 (highest),2640.0,404.0,Xc+beta,Xc+beta,4.113317163100419,1.9013408839205113,1.9013408839205113,1.9013408839205113,False,True,True,True,eta+beta,eta+beta,2.8513879040197025,1.1839443218145789,1.1839443218145789,1.1839443218145789,False,True,True,True
34,sleep_frailty__1,Q1 (lowest),2688.0,388.0,epsilon+eta,Xc,-1.784836949883811,-1.2238484913896173,-1.784836949883811,0.0,True,True,True,True,Xc+eta,Xc,-1.780779453921241,-1.1210390094461218,-1.780779453921241,0.0,True,True,True,True
35,alcohol__0,>4 drinks/day,5034.5,372.5,eta+beta,Xc,-1.2815556776040467,-0.7222870721252548,-1.2815556776040467,0.0,True,True,True,True,eta+beta,Xc,-1.3062115477900988,-0.7335453847585995,-1.3062115477900988,0.0,True,True,True,True
35,alcohol__1,0-1 drink/day,10561.0,1383.0,eta+beta,eta+beta,17.445960318456855,6.551794381934087,6.551794381934087,6.551794381934087,False,False,False,False,eta+beta,eta+beta,14.701693737973983,4.78467942016141,4.78467942016141,4.78467942016141,False,False,False,False
35,church_frequency__0,never,2182.0,640.0,eta+beta,eta+beta,9.171182132029571,14.305647656779911,9.171182132029571,9.171182132029571,False,False,False,False,eta+beta,eta+beta,8.956358132850255,14.079954592175454,8.956358132850255,8.956358132850255,False,False,False,False
35,church_frequency__1,sometimes,1788.0,330.0,epsilon+beta,epsilon,-0.24046425169353824,-1.0816958840750885,-1.0816958840750885,0.0,True,True,True,True,Xc+beta,epsilon,-0.8308073467464965,-1.397323998207412,-1.397323998207412,0.0,True,True,True,True
35,church_frequency__2,weekly,1770.0,430.0,eta+beta,Xc,-1.7935522182315253,-1.0297276812520977,-1.7935522182315253,0.0,True,True,True,True,eta+beta,Xc,-1.4775144905420348,-0.3800382279778205,-1.4775144905420348,0.0,True,True,True,True
35,diet__0,Poor,25748.5,1873.0,eta+beta,mex_only,0.6086180445163336,0.4512444907304598,0.4512444907304598,1.725856833938451,True,True,True,True,Xc+beta,mex_only,0.6153822363557993,0.49262361995351966,0.49262361995351966,1.7975945817670436,True,True,True,True
35,diet__1,Good,11020.5,1069.0,eta+beta,epsilon,-1.1135989450867783,-1.2599711651873804,-1.2599711651873804,0.0,True,True,True,True,eta+beta,epsilon,-1.6094001780274994,-1.998069483144718,-1.998069483144718,0.0,True,True,True,True
35,education_level__0,no highschool,13817.5,2906.5,eta+beta,eta+beta,18.86749585837606,8.929218954406679,8.929218954406679,8.929218954406679,False,False,False,False,eta+beta,eta+beta,19.248354331604787,8.777141558031872,8.777141558031872,8.777141558031872,False,False,False,False
35,education_level__1,some college,25887.0,2437.0,eta+beta,eta+beta,13.05010952464363,4.476604157047404,4.476604157047404,4.476604157047404,False,False,False,False,eta+beta,eta+beta,15.86609859561213,6.0671995404409245,6.0671995404409245,6.0671995404409245,False,False,False,False
35,income__0,Q1 (Lowest),7280.0,505.0,eta+beta,epsilon,0.7596270443591493,-0.9129336762471212,-0.9129336762471212,0.0,True,True,True,True,eta+beta,epsilon,1.1175848118909926,-0.6807906079448003,-0.6807906079448003,0.0,True,True,True,True
35,income__1,Q2,6980.0,632.0,eta+beta,epsilon,-1.3205213433184326,-1.3324685358247734,-1.3324685358247734,0.0,True,True,True,True,eta+beta,epsilon,-1.4296445994241367,-1.5921783032781605,-1.5921783032781605,0.0,True,True,True,True
35,income__2,Q3,7188.0,498.5,eta+beta,epsilon,-0.8240222621516295,-1.3993589537049047,-1.3993589537049047,0.0,True,True,True,True,eta+beta,epsilon,-0.4259227279389961,-1.0871813274361557,-1.0871813274361557,0.0,True,True,True,True
35,income__3,Q4 (Highest),7253.5,320.0,eta+beta,epsilon,0.36822660795633055,-0.9952174697082228,-0.9952174697082228,0.0,True,True,True,True,Xc+beta,epsilon,2.2362518610070765,-0.8057170713350388,-0.8057170713350388,0.0,False,True,True,True
35,number_of_friends__0,0 friends,608.5,261.0,eta+beta,eta+beta,11.436300485518586,14.521080818678229,11.436300485518586,11.436300485518586,False,False,False,False,epsilon+eta,epsilon+eta,11.18549905773898,14.33845063433273,11.18549905773898,11.18549905773898,False,False,False,False
35,number_of_friends__1,1+ friends,12149.0,4529.5,eta+beta,mex_only,-1.895700809021946,-1.9153496102517238,-1.9153496102517238,1.0617080377123784,True,True,True,True,eta+beta,mex_only,-1.8590239072218537,-1.8873546446993714,-1.8873546446993714,0.9229895158205181,True,True,True,True
35,physical_activity__0,No Activity,10703.5,1217.5,eta+beta,epsilon,-0.2927612803869124,-1.4817159585873014,-1.4817159585873014,0.0,True,True,True,True,eta+beta,epsilon,-0.2848756538151065,-1.759885896828564,-1.759885896828564,0.0,True,True,True,True
35,physical_activity__1,Some Activity,22859.0,1041.0,eta+beta,Xc,-0.006051117054084898,1.7309085567740112,-0.006051117054084898,0.0,True,True,True,True,eta+beta,Xc,-1.3093803118081269,-0.056271596240549115,-1.3093803118081269,0.0,True,True,True,True
35,sleep_duration__0,1-<5 hours,1992.5,225.5,eta+beta,epsilon,-0.5930171595227876,-1.5816271546714233,-1.5816271546714233,0.0,True,True,True,True,Xc+beta,epsilon,-0.6997896375260098,-1.62487570843723,-1.62487570843723,0.0,True,True,True,True
35,sleep_duration__1,5-<7 hours,11788.5,949.0,eta+beta,eta+beta,2.390744786567666,2.873152223573925,2.390744786567666,2.390744786567666,False,False,False,False,eta+beta,eta+beta,2.565488596837895,2.9606728432827367,2.565488596837895,2.565488596837895,False,False,False,False
35,sleep_duration__2,7-<9 hours,20792.5,1538.5,eta+beta,eta+beta,3.002416532710413,0.07551470401267579,0.07551470401267579,0.07551470401267579,False,True,True,True,epsilon+eta,epsilon+eta,5.284009749171673,1.318658302536278,1.318658302536278,1.318658302536278,False,True,True,True
35,sleep_duration__3,>=9 hours,4533.5,427.5,eta+beta,Xc,-1.9673431394194267,-1.9617428554388425,-1.9673431394194267,0.0,True,True,True,True,Xc+eta,epsilon,-1.93843361260042,-2.1173916707093667,-2.1173916707093667,0.0,True,True,True,True
35,sleep_frailty__0,Q4 (highest),2958.0,428.0,Xc+beta,epsilon,0.016249812619662407,-0.9169926757936082,-0.9169926757936082,0.0,True,True,True,True,eta+beta,epsilon,-0.41922050725315785,-1.2184550502224738,-1.2184550502224738,0.0,True,True,True,True
35,sleep_frailty__1,Q1 (lowest),2702.0,404.0,Xc+beta,epsilon,-1.7046257795718702,-1.9595889756787983,-1.9595889756787983,0.0,True,True,True,True,Xc+beta,epsilon,-1.373242858415324,-1.6582754077426216,-1.6582754077426216,0.0,True,True,True,True
36,alcohol__0,>4 drinks/day,4925.5,428.5,eta+beta,Xc,-1.001241650742486,0.1433771539332156,-1.001241650742486,0.0,True,True,True,True,eta+beta,Xc,-0.8899090791455819,-0.3267890689203341,-0.8899090791455819,0.0,True,True,True,True
36,alcohol__1,0-1 drink/day,10371.5,1237.0,eta+beta,eta+beta,16.157101115288242,4.16510679932253,4.16510679932253,4.16510679932253,False,False,False,False,eta+beta,eta+beta,16.446837421182863,4.396382512717537,4.396382512717537,4.396382512717537,False,False,False,False
36,church_frequency__0,never,2142.0,616.0,eta+beta,Xc,-0.2068815878365058,2.579371052775059,-0.2068815878365058,0.0,True,False,True,True,Xc+eta,Xc,-0.28005423735885415,2.8443646504501885,-0.28005423735885415,0.0,True,False,True,True
36,church_frequency__1,sometimes,1832.0,330.0,eta+beta,Xc,-1.2703189953904257,-0.06917148158709097,-1.2703189953904257,0.0,True,True,True,True,Xc+beta,Xc,-0.46507515545727074,1.0648921960591906,-0.46507515545727074,0.0,True,True,True,True
36,church_frequency__2,weekly,1572.0,362.0,eta+beta,epsilon,-1.1404233778480375,-1.7476455507671744,-1.7476455507671744,0.0,True,True,True,True,eta+beta,epsilon,-1.1795728670826975,-1.7550683105014286,-1.7550683105014286,0.0,True,True,True,True
36,diet__0,Poor,25950.5,1864.0,eta+beta,eta+beta,1.1066457639353757,1.5242208501513232,1.1066457639353757,1.1066457639353757,True,True,True,True,eta+beta,Xc,-0.9390413681030623,-0.4110568310061353,-0.9390413681030623,0.0,True,True,True,True
36,diet__1,Good,11148.0,963.5,eta+beta,eta+beta,4.247590380309703,0.5707845378765342,0.5707845378765342,0.5707845378765342,False,True,True,True,Xc+eta,epsilon,0.4293601586450677,-1.5872193674440496,-1.5872193674440496,0.0,True,True,True,True
36,education_level__0,no highschool,13671.0,2904.0,Xc+beta,Xc+beta,6.947584010926221,0.8748278489911172,0.8748278489911172,0.8748278489911172,False,True,True,True,eta+beta,eta+beta,5.882841944549,0.9124342884060752,0.9124342884060752,0.9124342884060752,False,True,True,True
36,education_level__1,some college,25898.5,2428.5,eta+beta,eta+beta,13.209302774306707,4.446042892453988,4.446042892453988,4.446042892453988,False,False,False,False,eta+beta,eta+beta,13.130167327875824,3.835830464515311,3.835830464515311,3.835830464515311,False,False,False,False
36,income__0,Q1 (Lowest),7631.5,560.0,eta+beta,eta+beta,2.9254232251169014,0.16960779827240913,0.16960779827240913,0.16960779827240913,False,True,True,True,eta+beta,eta+beta,4.1963507263626525,1.0159266595364898,1.0159266595364898,1.0159266595364898,False,True,True,True
36,income__1,Q2,7206.5,661.5,eta+beta,Xc,-1.3127643659472596,-1.0220488595514325,-1.3127643659472596,0.0,True,True,True,True,eta+beta,epsilon,-1.604880232841424,-1.806420779196742,-1.806420779196742,0.0,True,True,True,True
36,income__2,Q3,7170.5,495.0,Xc+eta,Xc,-1.9203746598741418,-1.622238735114479,-1.9203746598741418,0.0,True,True,True,True,Xc+beta,Xc,-1.8472667251517123,-1.458820235242456,-1.8472667251517123,0.0,True,True,True,True
36,income__3,Q4 (Highest),7500.0,293.5,eta+beta,epsilon,0.4376359296938972,-1.0806721332178313,-1.0806721332178313,0.0,True,True,True,True,Xc+eta,epsilon,0.7087137752951094,-2.33687298845598,-2.33687298845598,0.0,True,True,True,True
36,number_of_friends__0,0 friends,555.0,213.5,eta+beta,mex_only,-1.5418563570005972,-1.6847902272447755,-1.6847902272447755,1.5721908353511935,True,True,True,True,eta+beta,mex_only,-1.4539693825008726,-1.6358562825034824,-1.6358562825034824,1.4380550121779834,True,True,True,True
36,number_of_friends__1,1+ friends,12081.0,4584.5,eta+beta,mex_only,-0.39381744217826054,-0.6223638981900876,-0.6223638981900876,1.637391450080031,True,True,True,True,eta+beta,mex_only,-0.44156508664309513,-0.6692651092380402,-0.6692651092380402,1.6341002699919045,True,True,True,True
36,physical_activity__0,No Activity,11038.5,1283.0,eta+beta,epsilon,2.097817860667419,-0.5538864738045959,-0.5538864738045959,0.0,False,True,True,True,eta+beta,epsilon,0.7330330179502198,-1.1927419044550334,-1.1927419044550334,0.0,True,True,True,True
36,physical_activity__1,Some Activity,23332.0,1032.0,Xc+eta,Xc,-1.7275897263534716,0.09921390541785513,-1.7275897263534716,0.0,True,True,True,True,eta+beta,Xc,-0.22035391349163547,1.4604131303422037,-0.22035391349163547,0.0,True,True,True,True
36,sleep_duration__0,1-<5 hours,1992.0,271.0,eta+beta,Xc,-1.8321747715044694,-1.0503228126972317,-1.8321747715044694,0.0,True,True,True,True,eta+beta,Xc,-1.7403308508219197,-0.7941489280483438,-1.7403308508219197,0.0,True,True,True,True
36,sleep_duration__1,5-<7 hours,11814.0,941.5,Xc+beta,Xc+beta,6.2224548310532555,8.220563226004742,6.2224548310532555,6.2224548310532555,False,False,False,False,eta+beta,Xc,-1.275880605668135,0.3121154375912738,-1.275880605668135,0.0,True,True,True,True
36,sleep_duration__2,7-<9 hours,21012.5,1406.5,eta+beta,epsilon,1.1808026544640597,-1.4651304896124202,-1.4651304896124202,0.0,True,True,True,True,Xc+beta,epsilon,1.082706969942592,-1.3944696273520094,-1.3944696273520094,0.0,True,True,True,True
36,sleep_duration__3,>=9 hours,4660.5,450.5,Xc+beta,Xc+beta,3.687635351996505,0.1850431766570182,0.1850431766570182,0.1850431766570182,False,True,True,True,eta+beta,epsilon,2.493042289058394,-0.1979473496112405,-0.1979473496112405,0.0,False,True,True,True
36,sleep_frailty__0,Q4 (highest),2754.0,420.0,eta+beta,eta+beta,3.202706328997465,1.2636879873539328,1.2636879873539328,1.2636879873539328,False,True,True,True,eta+beta,eta+beta,4.537003857748459,2.198332697513706,2.198332697513706,2.198332697513706,False,False,False,False
36,sleep_frailty__1,Q1 (lowest),2738.0,424.0,Xc+beta,epsilon,0.2352276795263606,-0.6138333007752408,-0.6138333007752408,0.0,True,True,True,True,Xc+beta,epsilon,-0.13010250836987325,-0.8877237381707346,-0.8877237381707346,0.0,True,True,True,True
37,alcohol__0,>4 drinks/day,5052.0,423.0,eta+beta,epsilon,-1.3478532486369659,-1.7886056416282372,-1.7886056416282372,0.0,True,True,True,True,epsilon+beta,epsilon,-1.716332675886406,-1.9709384405359742,-1.9709384405359742,0.0,True,True,True,True
37,alcohol__1,0-1 drink/day,10542.5,1325.0,eta+beta,epsilon,4.9943656708856,-1.3084338269291038,-1.3084338269291038,0.0,False,True,True,True,eta+beta,epsilon,4.112206679532392,-1.3393092544811225,-1.3393092544811225,0.0,False,True,True,True
37,church_frequency__0,never,2148.0,612.0,eta+beta,Xc,-1.7721532137247777,-1.7148677814557232,-1.7721532137247777,0.0,True,True,True,True,eta+beta,epsilon,-1.8146126835417817,-1.9804385434717915,-1.9804385434717915,0.0,True,True,True,True
37,church_frequency__1,sometimes,1736.0,308.0,eta+beta,epsilon,-0.790000065845561,-1.3686208439216898,-1.3686208439216898,0.0,True,True,True,True,eta+beta,epsilon,-1.5854081310762922,-1.85562530281004,-1.85562530281004,0.0,True,True,True,True
37,church_frequency__2,weekly,1762.0,432.0,eta+beta,eta+beta,3.664496088562828,1.5085273923941713,1.5085273923941713,1.5085273923941713,False,True,True,True,Xc+beta,Xc+beta,3.262440041179616,1.3212520847037013,1.3212520847037013,1.3212520847037013,False,True,True,True
37,diet__0,Poor,26077.5,1868.5,eta+beta,mex_only,-1.842918882593949,-1.8582560192007804,-1.8582560192007804,1.9628501621664327,True,True,True,True,eta+beta,mex_only,-1.7309030291035015,-1.7584387886417971,-1.7584387886417971,1.9270672681668657,True,True,True,True
37,diet__1,Good,11056.0,999.5,eta+beta,eta+beta,3.0473643294772046,0.03278502883767942,0.03278502883767942,0.03278502883767942,False,True,True,True,Xc+eta,Xc+eta,5.789709885575576,1.81010458358287,1.81010458358287,1.81010458358287,False,True,True,True
37,education_level__0,no highschool,14302.5,2908.5,eta+beta,epsilon,2.9400202903416357,-0.6825672565537388,-0.6825672565537388,0.0,False,True,True,True,eta+beta,epsilon,3.358255654133245,-0.6805890950490721,-0.6805890950490721,0.0,False,True,True,True
37,education_level__1,some college,25621.5,2423.5,eta+beta,epsilon,1.1375162799267855,-1.729115263595304,-1.729115263595304,0.0,True,True,True,True,Xc+eta,epsilon,2.5191017308570736,-1.7452992771286517,-1.7452992771286517,0.0,False,True,True,True
37,income__0,Q1 (Lowest),7794.5,575.5,eta+beta,eta+beta,3.402856535970386,0.44102671101245505,0.44102671101245505,0.44102671101245505,False,True,True,True,eta+beta,eta+beta,3.695697703618862,0.649151065607839,0.649151065607839,0.649151065607839,False,True,True,True
37,income__1,Q2,7444.0,657.0,eta+beta,Xc,-1.69378780725674,-1.305749317882146,-1.69378780725674,0.0,True,True,True,True,eta+beta,Xc,-2.072075484049492,-1.9868213256449963,-2.072075484049492,0.0,True,True,True,True
37,income__2,Q3,7273.5,499.5,eta+beta,eta+beta,1.7748527651710901,0.45927481297530903,0.45927481297530903,0.45927481297530903,True,True,True,True,Xc+beta,Xc+beta,2.0298991871704857,0.8038607005710219,0.8038607005710219,0.8038607005710219,False,True,True,True
37,income__3,Q4 (Highest),7012.0,283.5,Xc+beta,Xc+beta,8.03333535953152,4.349386210847115,4.349386210847115,4.349386210847115,False,False,False,False,Xc+beta,Xc+beta,6.168973793810892,1.4437955131857052,1.4437955131857052,1.4437955131857052,False,True,True,True
37,number_of_friends__0,0 friends,571.5,231.5,eta+beta,epsilon,0.0034956367717313697,-1.4075548973423793,-1.4075548973423793,0.0,True,True,True,True,eta+beta,epsilon,-0.12340174918153934,-1.4435105393442882,-1.4435105393442882,0.0,True,True,True,True
37,number_of_friends__1,1+ friends,12077.0,4542.0,eta+beta,mex_only,-1.9208002345985733,-1.794308755575912,-1.9208002345985733,1.3557098657765891,True,True,True,True,Xc+beta,mex_only,-2.0210210813820595,-1.9187714113431866,-2.0210210813820595,1.3237225301272701,True,True,True,True
37,physical_activity__0,No Activity,11239.0,1261.0,eta+beta,epsilon,-1.1217795187021693,-1.4669861112870421,-1.4669861112870421,0.0,True,True,True,True,eta+beta,epsilon,-1.2292995272728149,-1.850276005194246,-1.850276005194246,0.0,True,True,True,True
37,physical_activity__1,Some Activity,23070.5,1048.0,eta+beta,Xc,-0.17029344339425734,1.714176280569518,-0.17029344339425734,0.0,True,True,True,True,eta+beta,Xc,-2.4896409907560155,-1.6866601884121337,-2.4896409907560155,0.0,True,True,True,True
37,sleep_duration__0,1-<5 hours,2069.5,219.0,eta+beta,epsilon,-1.6615955709580703,-1.670279723718295,-1.670279723718295,0.0,True,True,True,True,Xc+eta,Xc,-1.9641291171017201,-1.9333899526291134,-1.9641291171017201,0.0,True,True,True,True
37,sleep_duration__1,5-<7 hours,11601.5,930.5,eta+beta,Xc,-0.8127012992317759,-0.2497613081959571,-0.8127012992317759,0.0,True,True,True,True,Xc+beta,Xc,-0.7410025802892051,-0.1825998849781172,-0.7410025802892051,0.0,True,True,True,True
37,sleep_duration__2,7-<9 hours,20916.5,1453.5,eta+beta,eta+beta,3.4351808567353146,0.08803715725480288,0.08803715725480288,0.08803715725480288,False,True,True,True,eta+beta,eta+beta,4.1759438788885745,0.5918774971232779,0.5918774971232779,0.5918774971232779,False,True,True,True
37,sleep_duration__3,>=9 hours,4876.5,470.0,eta+beta,epsilon,-1.777700044557605,-1.9238166226277826,-1.9238166226277826,0.0,True,True,True,True,Xc+beta,epsilon,-1.4255600417736787,-1.8172688268764432,-1.8172688268764432,0.0,True,True,True,True
37,sleep_frailty__0,Q4 (highest),2924.0,446.0,Xc+beta,epsilon,1.134007454949824,-0.536836883583419,-0.536836883583419,0.0,True,True,True,True,eta+beta,epsilon,0.623025586221047,-0.8350616962025015,-0.8350616962025015,0.0,True,True,True,True
37,sleep_frailty__1,Q1 (lowest),2728.0,406.0,epsilon+beta,epsilon+beta,1.6443882995035892,0.36138227789524535,0.36138227789524535,0.36138227789524535,True,True,True,True,Xc+beta,Xc+beta,2.153466743822264,1.1411709840840558,1.1411709840840558,1.1411709840840558,False,True,True,True
38,alcohol__0,>4 drinks/day,5065.5,394.5,eta+beta,epsilon,1.003374481992978,-0.6324598136570785,-0.6324598136570785,0.0,True,True,True,True,eta+beta,epsilon,1.1681551795281848,-0.7387032803790134,-0.7387032803790134,0.0,True,True,True,True
38,alcohol__1,0-1 drink/day,10374.0,1355.5,eta+beta,eta+beta,18.6736584094906,5.689102968863153,5.689102968863153,5.689102968863153,False,False,False,False,eta+beta,eta+beta,21.31486794643206,7.112438396712605,7.112438396712605,7.112438396712605,False,False,False,False
38,church_frequency__0,never,1964.0,556.0,eta+beta,eta+beta,5.167718862902802,9.821394851533114,5.167718862902802,5.167718862902802,False,False,False,False,eta+beta,eta+beta,2.9544054885354853,7.8448577807603215,2.9544054885354853,2.9544054885354853,False,False,False,False
38,church_frequency__1,sometimes,1742.0,350.0,Xc+beta,Xc+beta,2.219934935241781,2.681666033276997,2.219934935241781,2.219934935241781,False,False,False,False,eta+beta,eta+beta,2.2573254995882053,2.6026428846516865,2.2573254995882053,2.2573254995882053,False,False,False,False
38,church_frequency__2,weekly,1620.0,388.0,eta+beta,epsilon,-1.077232862335677,-1.7533500443487355,-1.7533500443487355,0.0,True,True,True,True,eta+beta,epsilon,-1.7656543129510283,-1.9212917353147532,-1.9212917353147532,0.0,True,True,True,True
38,diet__0,Poor,25934.0,1901.5,Xc+beta,mex_only,-1.6918535332697502,-1.6069143600507232,-1.6918535332697502,0.9591487236175453,True,True,True,True,eta+beta,mex_only,-2.008078896160441,-1.9339081989164697,-2.008078896160441,0.5514228784159059,True,True,True,True
38,diet__1,Good,10759.5,962.5,eta+beta,epsilon,-0.610608675659023,-1.2270871870496194,-1.2270871870496194,0.0,True,True,True,True,eta+beta,epsilon,-1.276858371174967,-1.7319312904892286,-1.7319312904892286,0.0,True,True,True,True
38,education_level__0,no highschool,14057.0,2929.0,eta+beta,eta+beta,3.8036110706416366,0.6105421953980112,0.6105421953980112,0.6105421953980112,False,True,True,True,eta+beta,eta+beta,3.9115939361545315,0.6292902628265438,0.6292902628265438,0.6292902628265438,False,True,True,True
38,education_level__1,some college,25581.0,2481.5,eta+beta,eta+beta,8.399750876778853,2.5941454545281886,2.5941454545281886,2.5941454545281886,False,False,False,False,eta+beta,eta+beta,9.813922381359589,3.685904733483767,3.685904733483767,3.685904733483767,False,False,False,False
38,income__0,Q1 (Lowest),7629.5,533.0,eta+beta,eta+beta,10.193414759009102,7.9244675755498974,7.9244675755498974,7.9244675755498974,False,False,False,False,eta+beta,eta+beta,9.02763742517709,6.798230579504889,6.798230579504889,6.798230579504889,False,False,False,False
38,income__1,Q2,6959.0,598.0,eta+beta,Xc,-1.3327159622658655,-0.7721675367301941,-1.3327159622658655,0.0,True,True,True,True,eta+beta,Xc,-1.4183149597565716,-1.1059016626322773,-1.4183149597565716,0.0,True,True,True,True
38,income__2,Q3,7032.5,488.0,eta+beta,epsilon,-1.9135008541479692,-1.949151931178676,-1.949151931178676,0.0,True,True,True,True,Xc+beta,Xc,-1.9926632682609124,-1.9386837972406283,-1.9926632682609124,0.0,True,True,True,True
38,income__3,Q4 (Highest),7409.5,274.0,eta+beta,eta+beta,1.2176347956269638,4.04663962912673,1.2176347956269638,1.2176347956269638,True,False,True,True,Xc+eta,epsilon,-4.003243065782954,-4.443821732236756,-4.443821732236756,0.0,True,True,True,True
38,number_of_friends__0,0 friends,554.5,213.0,eta+beta,epsilon,-1.2885740104827619,-1.7457733411474692,-1.7457733411474692,0.0,True,True,True,True,eta+beta,epsilon,-1.446396302203766,-1.7925947273267866,-1.7925947273267866,0.0,True,True,True,True
38,number_of_friends__1,1+ friends,11859.0,4639.5,eta+beta,eta+beta,1.1395301242009737,0.30047784037014935,0.30047784037014935,0.30047784037014935,True,True,True,True,eta+beta,epsilon,0.5229487692922703,-0.24784459423972294,-0.24784459423972294,0.0,True,True,True,True
38,physical_activity__0,No Activity,10631.0,1254.0,eta+beta,Xc,-1.1486100752663333,-0.7777453720063932,-1.1486100752663333,0.0,True,True,True,True,eta+beta,Xc,-1.9044587940734345,-0.8286409751326573,-1.9044587940734345,0.0,True,True,True,True
38,physical_activity__1,Some Activity,23199.0,973.5,Xc+eta,Xc+eta,6.692499893499189,13.11146674389056,6.692499893499189,6.692499893499189,False,False,False,False,eta+beta,eta+beta,5.69991565258897,11.491112156572854,5.69991565258897,5.69991565258897,False,False,False,False
38,sleep_duration__0,1-<5 hours,1921.5,248.5,eta+beta,epsilon,2.049046241715587,-0.5427617027216911,-0.5427617027216911,0.0,False,True,True,True,eta+beta,epsilon,2.014491833160264,-0.5148289858602766,-0.5148289858602766,0.0,False,True,True,True
38,sleep_duration__1,5-<7 hours,11898.0,974.0,eta+beta,eta+beta,8.751486988425313,9.677823312917099,8.751486988425313,8.751486988425313,False,False,False,False,eta+beta,eta+beta,9.721714334908029,10.56545031852147,9.721714334908029,9.721714334908029,False,False,False,False
38,sleep_duration__2,7-<9 hours,20554.5,1411.0,eta+beta,eta+beta,2.9821772352279368,0.04487404366227565,0.04487404366227565,0.04487404366227565,False,True,True,True,eta+beta,eta+beta,4.1150188572628394,0.6023782518586813,0.6023782518586813,0.6023782518586813,False,True,True,True
38,sleep_duration__3,>=9 hours,4674.0,460.0,Xc+beta,epsilon,-0.9676242984896817,-1.4650698892255605,-1.4650698892255605,0.0,True,True,True,True,eta+beta,epsilon,-2.0394884198426553,-2.0597315861341485,-2.0597315861341485,0.0,True,True,True,True
38,sleep_frailty__0,Q4 (highest),2776.0,396.0,eta+beta,eta+beta,20.841418315676947,16.606218885525777,16.606218885525777,16.606218885525777,False,False,False,False,eta+beta,eta+beta,21.21067255802518,17.167198363810257,17.167198363810257,17.167198363810257,False,False,False,False
38,sleep_frailty__1,Q1 (lowest),2704.0,416.0,Xc+beta,epsilon,-0.5235475236031562,-0.9644934333173296,-0.9644934333173296,0.0,True,True,True,True,Xc+beta,mex_only,-0.6744926210876656,-1.018844379672828,-1.018844379672828,0.11219002877487583,True,True,True,True
39,alcohol__0,>4 drinks/day,4930.5,424.0,eta+beta,Xc,-1.3473531691397511,-0.0828354630184549,-1.3473531691397511,0.0,True,True,True,True,eta+beta,Xc,-1.2203491369873518,0.3517778087016268,-1.2203491369873518,0.0,True,True,True,True
39,alcohol__1,0-1 drink/day,10295.0,1290.5,eta+beta,eta+beta,14.629086561275471,1.8103779952434707,1.8103779952434707,1.8103779952434707,False,True,True,True,eta+beta,eta+beta,16.173799534741192,2.5094160713906604,2.5094160713906604,2.5094160713906604,False,False,False,False
39,church_frequency__0,never,2298.0,696.0,eta+beta,eta+beta,2.014543015538038,5.056459816787537,2.014543015538038,2.014543015538038,False,False,False,False,Xc+beta,Xc+beta,1.7968947159224626,4.682161612035998,1.7968947159224626,1.7968947159224626,True,False,True,True
39,church_frequency__1,sometimes,1812.0,418.0,eta+beta,mex_only,-0.9088285235702642,-0.7637446678500055,-0.9088285235702642,1.7778706168151075,True,True,True,True,eta+beta,mex_only,-0.6390580583715746,-0.5187481527250384,-0.6390580583715746,1.8652147516095283,True,True,True,True
39,church_frequency__2,weekly,1636.0,410.0,epsilon+beta,epsilon+beta,5.283226266322345,1.8884638368526794,1.8884638368526794,1.8884638368526794,False,True,True,True,eta+beta,eta+beta,3.78074468793875,0.690281067615615,0.690281067615615,0.690281067615615,False,True,True,True
39,diet__0,Poor,25561.5,1972.5,eta+beta,mex_only,-1.9877607319285744,-1.9859420540487918,-1.9877607319285744,1.997798915279418,True,True,True,True,epsilon+eta,mex_only,-1.996927606247482,-1.9954791640011535,-1.996927606247482,1.9973018616219633,True,True,True,True
39,diet__1,Good,11144.0,1113.5,eta+beta,eta+beta,3.7798722823445132,0.721158703772744,0.721158703772744,0.721158703772744,False,True,True,True,Xc+eta,Xc+eta,4.826658828173095,1.7506937583148101,1.7506937583148101,1.7506937583148101,False,True,True,True
39,education_level__0,no highschool,13920.5,2955.5,eta+beta,eta+beta,8.393214430278022,1.808143892671069,1.808143892671069,1.808143892671069,False,True,True,True,eta+beta,eta+beta,8.608964404280414,1.8947353539260803,1.8947353539260803,1.8947353539260803,False,True,True,True
39,education_level__1,some college,25636.0,2492.5,eta+beta,eta+beta,5.686843661078456,0.4195317815756425,0.4195317815756425,0.4195317815756425,False,True,True,True,eta+beta,eta+beta,6.675491717283876,0.6568859063117998,0.6568859063117998,0.6568859063117998,False,True,True,True
39,income__0,Q1 (Lowest),7602.5,587.5,Xc+beta,epsilon,1.1816740716667482,-0.8402625753260509,-0.8402625753260509,0.0,True,True,True,True,eta+beta,epsilon,0.464112334312631,-1.215870052947139,-1.215870052947139,0.0,True,True,True,True
39,income__1,Q2,7202.0,705.0,eta+beta,Xc,-1.493959313380401,-1.3648820580519896,-1.493959313380401,0.0,True,True,True,True,eta+beta,Xc,-1.5563321297086077,-1.34890458082009,-1.5563321297086077,0.0,True,True,True,True
39,income__2,Q3,7089.5,533.5,Xc+eta,Xc,-1.9956563078312684,-1.9178102798550754,-1.9956563078312684,0.0,True,True,True,True,Xc+eta,Xc,-1.9599358997120362,-1.7926559628358518,-1.9599358997120362,0.0,True,True,True,True
39,income__3,Q4 (Highest),7364.0,335.5,eta+beta,epsilon,3.6830455167469154,-0.0034977405798599648,-0.0034977405798599648,0.0,False,True,True,True,Xc+eta,Xc+eta,4.907210333838066,1.0899076657506157,1.0899076657506157,1.0899076657506157,False,True,True,True
39,number_of_friends__0,0 friends,568.5,205.0,eta+beta,mex_only,-1.4190061917995536,-1.6880536183016375,-1.6880536183016375,0.5703081774167913,True,True,True,True,eta+beta,mex_only,-1.4379615069913143,-1.6943431466140737,-1.6943431466140737,0.6250542384004802,True,True,True,True
39,number_of_friends__1,1+ friends,12051.0,4647.5,eta+beta,mex_only,0.14836209772329312,-0.006237319226784166,-0.006237319226784166,1.7752149826992536,True,True,True,True,eta+beta,mex_only,0.2133928129405831,0.09477497135958401,0.09477497135958401,1.840809678840742,True,True,True,True
39,physical_activity__0,No Activity,10689.0,1287.0,eta+beta,epsilon,-0.3467543946026126,-1.542654440194383,-1.542654440194383,0.0,True,True,True,True,eta+beta,epsilon,-0.9088170464528957,-1.8424402707278205,-1.8424402707278205,0.0,True,True,True,True
39,physical_activity__1,Some Activity,23056.5,1138.0,eta+beta,Xc,-1.7993509054067545,-1.1674598011504713,-1.7993509054067545,0.0,True,True,True,True,eta+beta,Xc,-1.5702023850171827,-1.0393699309133808,-1.5702023850171827,0.0,True,True,True,True
39,sleep_duration__0,1-<5 hours,1859.5,241.0,eta+beta,epsilon,-1.4970565017965782,-1.8722694820812649,-1.8722694820812649,0.0,True,True,True,True,eta+beta,epsilon,-1.4130641669316901,-1.9422871253682388,-1.9422871253682388,0.0,True,True,True,True
39,sleep_duration__1,5-<7 hours,11425.5,1036.5,eta+beta,mex_only,-1.5352410221876198,-1.4726443451181694,-1.5352410221876198,1.8613785075194755,True,True,True,True,eta+beta,mex_only,-1.701730935341402,-1.6361744493879087,-1.701730935341402,1.82928781690498,True,True,True,True
39,sleep_duration__2,7-<9 hours,21016.5,1559.5,eta+beta,epsilon,1.2626983878908504,-1.1612071583349461,-1.1612071583349461,0.0,True,True,True,True,eta+beta,epsilon,1.6791695441133925,-1.1071049608908652,-1.1071049608908652,0.0,True,True,True,True
39,sleep_duration__3,>=9 hours,4660.5,478.0,Xc+beta,epsilon,1.1047766712472367,-0.8962129816727611,-0.8962129816727611,0.0,True,True,True,True,eta+beta,epsilon,-0.6517808438366046,-1.7773226824529047,-1.7773226824529047,0.0,True,True,True,True
39,sleep_frailty__0,Q4 (highest),2758.0,474.0,eta+beta,epsilon,-0.08153663868415606,-1.3998896904486173,-1.3998896904486173,0.0,True,True,True,True,eta+beta,epsilon,0.3948222591498052,-1.1757153967100749,-1.1757153967100749,0.0,True,True,True,True
39,sleep_frailty__1,Q1 (lowest),2798.0,446.0,Xc+beta,epsilon,0.5799581028963985,-0.5543039183462497,-0.5543039183462497,0.0,True,True,True,True,Xc+beta,epsilon,-0.24301164669577702,-1.2334244414473687,-1.2334244414473687,0.0,True,True,True,True
40,alcohol__0,>4 drinks/day,4932.0,434.0,eta+beta,Xc,-1.9092011976026697,-1.6495468068014816,-1.9092011976026697,0.0,True,True,True,True,eta+beta,Xc,-1.858823779693921,-1.4945198221030296,-1.858823779693921,0.0,True,True,True,True
40,alcohol__1,0-1 drink/day,10498.0,1274.5,eta+beta,eta+beta,7.548068637308461,0.26583525616479164,0.26583525616479164,0.26583525616479164,False,True,True,True,eta+beta,eta+beta,8.494672240418367,0.12098824837266875,0.12098824837266875,0.12098824837266875,False,True,True,True
40,church_frequency__0,never,2222.0,608.0,eta+beta,Xc,-1.5788476953739519,-0.33415412512204057,-1.5788476953739519,0.0,True,True,True,True,eta+beta,Xc,-1.5551197069726186,-0.24632307917090657,-1.5551197069726186,0.0,True,True,True,True
40,church_frequency__1,sometimes,1830.0,350.0,Xc+beta,Xc,-1.9980652637796084,-1.9419739707332155,-1.9980652637796084,0.0,True,True,True,True,eta+beta,Xc,-1.983883449476707,-1.7442644577581632,-1.983883449476707,0.0,True,True,True,True
40,church_frequency__2,weekly,1604.0,400.0,Xc+beta,Xc,-1.9948029551856052,-1.8007006076754806,-1.9948029551856052,0.0,True,True,True,True,eta+beta,Xc,-1.9761679404327879,-1.7352892075987256,-1.9761679404327879,0.0,True,True,True,True
40,diet__0,Poor,26110.5,1869.5,eta+beta,mex_only,-0.986980368859804,-1.1458148913807236,-1.1458148913807236,1.4732155910787696,True,True,True,True,Xc+beta,mex_only,-0.858511127102247,-1.108072212235129,-1.108072212235129,1.091030782314192,True,True,True,True
40,diet__1,Good,10826.5,972.5,eta+beta,Xc,-1.582704150061545,-1.4105664173366677,-1.582704150061545,0.0,True,True,True,True,Xc+eta,Xc,-1.8113345234760345,-1.6560101117047452,-1.8113345234760345,0.0,True,True,True,True
40,education_level__0,no highschool,14098.5,2910.0,Xc+beta,Xc+beta,10.265376043189463,4.666892604640452,4.666892604640452,4.666892604640452,False,False,False,False,Xc+beta,Xc+beta,12.102109533956536,5.941175924821437,5.941175924821437,5.941175924821437,False,False,False,False
40,education_level__1,some college,25734.5,2399.0,eta+beta,epsilon,2.1085982375298045,-1.0016000951072783,-1.0016000951072783,0.0,False,True,True,True,eta+beta,epsilon,2.467965588068182,-0.9428501257680182,-0.9428501257680182,0.0,False,True,True,True
40,income__0,Q1 (Lowest),7611.0,561.0,eta+beta,eta+beta,4.531640544440961,0.7530667162855025,0.7530667162855025,0.7530667162855025,False,True,True,True,eta+beta,eta+beta,4.528178099601064,0.8200260670855641,0.8200260670855641,0.8200260670855641,False,True,True,True
40,income__1,Q2,7097.5,632.0,eta+beta,epsilon,-1.3400761145085198,-1.7972790357480335,-1.7972790357480335,0.0,True,True,True,True,eta+beta,epsilon,-1.3322239785156853,-1.8513732266619627,-1.8513732266619627,0.0,True,True,True,True
40,income__2,Q3,7018.0,478.5,eta+beta,epsilon,-1.920356227825323,-1.96780028565081,-1.96780028565081,0.0,True,True,True,True,eta+beta,Xc,-1.9730981911825438,-1.9617116035042272,-1.9730981911825438,0.0,True,True,True,True
40,income__3,Q4 (Highest),7373.5,295.0,eta+beta,Xc,-1.084847497588271,-0.6834830774296279,-1.084847497588271,0.0,True,True,True,True,Xc+eta,epsilon,-2.139102792565609,-3.872993648292322,-3.872993648292322,0.0,True,True,True,True
40,number_of_friends__0,0 friends,540.0,200.0,eta+beta,Xc,-1.8380479805184677,-1.755709459645459,-1.8380479805184677,0.0,True,True,True,True,eta+beta,Xc,-1.8636223309458728,-1.7212226531564738,-1.8636223309458728,0.0,True,True,True,True
40,number_of_friends__1,1+ friends,12211.0,4643.0,eta+beta,mex_only,-0.22136069188127294,-0.41905193479760783,-0.41905193479760783,1.7165356890764087,True,True,True,True,eta+beta,mex_only,-0.7556233420764329,-0.9179232570022577,-0.9179232570022577,1.7603575490938965,True,True,True,True
40,physical_activity__0,No Activity,10927.5,1265.0,eta+beta,epsilon,-0.6564477200499823,-1.455841477978538,-1.455841477978538,0.0,True,True,True,True,Xc+eta,epsilon,-1.077436210027372,-1.9431494300024497,-1.9431494300024497,0.0,True,True,True,True
40,physical_activity__1,Some Activity,23030.0,986.0,eta+beta,eta+beta,9.23566403375844,15.407321522890925,9.23566403375844,9.23566403375844,False,False,False,False,Xc+beta,Xc+beta,8.45359899203686,14.2071022267628,8.45359899203686,8.45359899203686,False,False,False,False
40,sleep_duration__0,1-<5 hours,2068.5,257.5,Xc+beta,epsilon,1.3764277353348007,-0.42158480745092675,-0.42158480745092675,0.0,True,True,True,True,epsilon+beta,epsilon,0.1917467948042031,-1.3357117755790568,-1.3357117755790568,0.0,True,True,True,True
40,sleep_duration__1,5-<7 hours,11841.0,917.0,eta+beta,eta+beta,5.702451298509914,6.963079513880075,5.702451298509914,5.702451298509914,False,False,False,False,eta+beta,eta+beta,4.655879474192261,5.822173778540673,4.655879474192261,4.655879474192261,False,False,False,False
40,sleep_duration__2,7-<9 hours,20802.0,1472.5,eta+beta,epsilon,-1.403177431493532,-1.7772636891641014,-1.7772636891641014,0.0,True,True,True,True,Xc+eta,epsilon,-1.3110629321836313,-2.071119316173281,-2.071119316173281,0.0,True,True,True,True
40,sleep_duration__3,>=9 hours,4610.0,418.0,Xc+beta,epsilon,-0.17838955224488018,-0.8842430949862319,-0.8842430949862319,0.0,True,True,True,True,eta+beta,epsilon,-1.419153935086797,-2.1215884968883074,-2.1215884968883074,0.0,True,True,True,True
40,sleep_frailty__0,Q4 (highest),2756.0,410.0,Xc+beta,epsilon,-0.39091518115401414,-1.2541298840742456,-1.2541298840742456,0.0,True,True,True,True,eta+beta,epsilon,-0.6204988922295342,-1.43984055974488,-1.43984055974488,0.0,True,True,True,True
40,sleep_frailty__1,Q1 (lowest),2614.0,400.0,Xc+beta,Xc,-1.9744474368262672,-1.9064506879667533,-1.9744474368262672,0.0,True,True,True,True,Xc+beta,Xc,-1.9214447772028507,-1.833269611141077,-1.9214447772028507,0.0,True,True,True,True
41,alcohol__0,>4 drinks/day,5159.5,463.5,eta+beta,epsilon,0.20158537688894285,-1.440745111038268,-1.440745111038268,0.0,True,True,True,True,eta+beta,epsilon,-0.2563384834011231,-1.6717124889164552,-1.6717124889164552,0.0,True,True,True,True
41,alcohol__1,0-1 drink/day,10689.0,1366.0,eta+beta,eta+beta,14.503898130336893,3.9276739194756374,3.9276739194756374,3.9276739194756374,False,False,False,False,eta+beta,eta+beta,18.965983145792052,6.008811496658382,6.008811496658382,6.008811496658382,False,False,False,False
41,church_frequency__0,never,2340.0,656.0,eta+beta,eta+beta,2.512546653420941,4.341372257043076,2.512546653420941,2.512546653420941,False,False,False,False,Xc+beta,Xc+beta,3.041742917385818,4.80788686519918,3.041742917385818,3.041742917385818,False,False,False,False
41,church_frequency__1,sometimes,1760.0,372.0,eta+beta,mex_only,-0.9134887979944324,-0.6801421846730591,-0.9134887979944324,1.371532368897988,True,True,True,True,Xc+beta,mex_only,-0.40323087499973553,-0.26334683679533555,-0.40323087499973553,1.681288887250048,True,True,True,True
41,church_frequency__2,weekly,1738.0,434.0,Xc+beta,epsilon,0.9230875766252211,-0.7107480492090872,-0.7107480492090872,0.0,True,True,True,True,Xc+beta,epsilon,0.20662019869814685,-1.1467425543337413,-1.1467425543337413,0.0,True,True,True,True
41,diet__0,Poor,26493.0,1934.5,eta+beta,mex_only,1.770417090276169,1.8866098500220687,1.770417090276169,1.8591351692775788,True,True,True,True,Xc+beta,mex_only,1.105866484271246,1.258483522298775,1.105866484271246,1.785036714092712,True,True,True,True
41,diet__1,Good,11052.0,1094.0,eta+beta,epsilon,0.32809274303326674,-1.2955853155963268,-1.2955853155963268,0.0,True,True,True,True,Xc+eta,epsilon,0.6511952206965361,-1.1211986068610713,-1.1211986068610713,0.0,True,True,True,True
41,education_level__0,no highschool,14470.5,3066.5,Xc+beta,Xc+beta,4.651451845180418,1.2181927145647933,1.2181927145647933,1.2181927145647933,False,True,True,True,Xc+beta,Xc+beta,6.931096498261468,2.8715920687827747,2.8715920687827747,2.8715920687827747,False,False,False,False
41,education_level__1,some college,25959.0,2537.0,eta+beta,epsilon,2.5742641679316876,-0.8086224578837573,-0.8086224578837573,0.0,False,True,True,True,eta+beta,epsilon,3.5216094331626664,-0.4732548855354253,-0.4732548855354253,0.0,False,True,True,True
41,income__0,Q1 (Lowest),8058.5,603.0,eta+beta,epsilon,-0.1834865322098267,-1.2401836152239412,-1.2401836152239412,0.0,True,True,True,True,eta+beta,epsilon,0.09985870213677117,-1.2130947224832198,-1.2130947224832198,0.0,True,True,True,True
41,income__1,Q2,7097.5,627.0,eta+beta,Xc,-1.8343742572242263,-1.4972002790855186,-1.8343742572242263,0.0,True,True,True,True,eta+beta,Xc,-1.8600895161407607,-1.66261303828378,-1.8600895161407607,0.0,True,True,True,True
41,income__2,Q3,7126.5,533.5,eta+beta,mex_only,-1.3011972439171586,-1.4839048464627922,-1.4839048464627922,0.5493501022510827,True,True,True,True,eta+beta,mex_only,-1.5712628102319286,-1.6911390788118297,-1.6911390788118297,0.9195907145285673,True,True,True,True
41,income__3,Q4 (Highest),7141.5,287.0,eta+beta,Xc,-0.966051377164149,0.46201548043427465,-0.966051377164149,0.0,True,True,True,True,eta+beta,Xc,-2.182370774242372,-1.3834930576708757,-2.182370774242372,0.0,True,True,True,True
41,number_of_friends__0,0 friends,620.5,237.0,eta+beta,mex_only,-1.5900403160967471,-1.7988494117469145,-1.7988494117469145,0.45275993347013355,True,True,True,True,eta+beta,mex_only,-1.5940540061528736,-1.8151475634015242,-1.8151475634015242,0.33872828788571496,True,True,True,True
41,number_of_friends__1,1+ friends,12479.0,4807.5,eta+beta,mex_only,0.8872801252582576,0.2188864091222058,0.2188864091222058,0.35246871843992267,True,True,True,True,eta+beta,mex_only,0.13264650459313998,-0.416505167610012,-0.416505167610012,0.5469796261168085,True,True,True,True
41,physical_activity__0,No Activity,11186.5,1270.5,eta+beta,epsilon,-1.04783184200096,-1.8374155381225137,-1.8374155381225137,0.0,True,True,True,True,Xc+beta,epsilon,-0.7729309188853222,-1.8769064049720328,-1.8769064049720328,0.0,True,True,True,True
41,physical_activity__1,Some Activity,23208.5,1077.0,eta+beta,Xc,-1.524952153882623,-0.6510866652588447,-1.524952153882623,0.0,True,True,True,True,eta+beta,Xc,-1.887531165368273,-1.5138731073784584,-1.887531165368273,0.0,True,True,True,True
41,sleep_duration__0,1-<5 hours,1876.5,209.5,eta+beta,epsilon,0.14360751686626827,-1.2438969621921387,-1.2438969621921387,0.0,True,True,True,True,Xc+beta,epsilon,0.439884632560279,-1.1573108956513352,-1.1573108956513352,0.0,True,True,True,True
41,sleep_duration__1,5-<7 hours,11758.0,1009.5,eta+beta,mex_only,-1.2340630323815276,-0.9897560201570741,-1.2340630323815276,0.8970690538408235,True,True,True,True,Xc+beta,mex_only,-1.1593753634952009,-0.931629462455021,-1.1593753634952009,0.9394848559477396,True,True,True,True
41,sleep_duration__2,7-<9 hours,21420.5,1579.0,eta+beta,eta+beta,3.681822181937605,0.7542172442772426,0.7542172442772426,0.7542172442772426,False,True,True,True,eta+beta,eta+beta,4.715158409197102,1.4031065425933775,1.4031065425933775,1.4031065425933775,False,True,True,True
41,sleep_duration__3,>=9 hours,4855.5,459.5,eta+beta,epsilon,-1.5343956812903343,-1.7930236094007341,-1.7930236094007341,0.0,True,True,True,True,epsilon+eta,epsilon,-1.64071319575487,-2.064743623011509,-2.064743623011509,0.0,True,True,True,True
41,sleep_frailty__0,Q4 (highest),3062.0,498.0,Xc+beta,epsilon,1.7019725997879505,-0.7154674787834665,-0.7154674787834665,0.0,True,True,True,True,Xc+beta,epsilon,1.9511676365136736,-0.586748187768535,-0.586748187768535,0.0,True,True,True,True
41,sleep_frailty__1,Q1 (lowest),2778.0,436.0,Xc+beta,Xc+beta,3.231439896041593,1.6286386196725289,1.6286386196725289,1.6286386196725289,False,True,True,True,Xc+beta,Xc+beta,3.0001052365710166,1.95851814787693,1.95851814787693,1.95851814787693,False,True,True,True
42,alcohol__0,>4 drinks/day,4709.5,455.0,eta+beta,eta+beta,2.834381556404878,6.730775898639877,2.834381556404878,2.834381556404878,False,False,False,False,eta+beta,eta+beta,2.4667028562389532,6.244886152740037,2.4667028562389532,2.4667028562389532,False,False,False,False
42,alcohol__1,0-1 drink/day,10856.0,1344.5,eta+beta,eta+beta,13.929318831742421,2.4634577643228113,2.4634577643228113,2.4634577643228113,False,False,False,False,eta+beta,eta+beta,15.990260585689612,3.4378861117584165,3.4378861117584165,3.4378861117584165,False,False,False,False
42,church_frequency__0,never,2078.0,562.0,eta+beta,Xc,-1.5649716381494727,-1.1860343093612755,-1.5649716381494727,0.0,True,True,True,True,eta+beta,Xc,-2.3280415491699387,-2.1115267419845622,-2.3280415491699387,0.0,True,True,True,True
42,church_frequency__1,sometimes,1854.0,370.0,Xc+beta,Xc+beta,1.8062690854958419,2.3735625182371223,1.8062690854958419,1.8062690854958419,True,False,True,True,eta+beta,mex_only,0.17402927717330385,0.6925846978074333,0.17402927717330385,0.8899185714376472,True,True,True,True
42,church_frequency__2,weekly,1632.0,394.0,epsilon+beta,epsilon,-0.2487288831175647,-0.8717278363988044,-0.8717278363988044,0.0,True,True,True,True,eta+beta,epsilon,-1.9155866681298903,-2.659785288383773,-2.659785288383773,0.0,True,True,True,True
42,diet__0,Poor,25889.0,1867.0,Xc+beta,Xc+beta,2.009373716169648,1.9259551772156556,1.9259551772156556,1.9259551772156556,False,True,True,True,eta+beta,mex_only,0.5941199475018948,0.7185156499690493,0.5941199475018948,2.052372519046912,True,True,True,False
42,diet__1,Good,10894.5,993.5,eta+beta,eta+beta,4.72196788124711,0.7262241967455338,0.7262241967455338,0.7262241967455338,False,True,True,True,Xc+eta,Xc+eta,3.988042445258543,0.43179123760455695,0.43179123760455695,0.43179123760455695,False,True,True,True
42,education_level__0,no highschool,13687.5,3049.0,eta+beta,eta+beta,12.64616870878308,3.944508412238065,3.944508412238065,3.944508412238065,False,False,False,False,eta+beta,eta+beta,14.666654576503788,5.37569650954174,5.37569650954174,5.37569650954174,False,False,False,False
42,education_level__1,some college,26458.0,2416.0,eta+beta,eta+beta,12.623483815947111,3.365754290272889,3.365754290272889,3.365754290272889,False,False,False,False,eta+beta,eta+beta,14.681242906553962,4.433299378390075,4.433299378390075,4.433299378390075,False,False,False,False
42,income__0,Q1 (Lowest),7243.0,540.5,eta+beta,epsilon,-0.1788003603951438,-1.3178347398888945,-1.3178347398888945,0.0,True,True,True,True,eta+beta,epsilon,0.2239162263858816,-1.4010668310429537,-1.4010668310429537,0.0,True,True,True,True
42,income__1,Q2,7019.5,649.0,eta+beta,epsilon,0.3800748275089063,-0.9898995374533115,-0.9898995374533115,0.0,True,True,True,True,eta+beta,epsilon,1.3748716777245136,-0.5394431125632764,-0.5394431125632764,0.0,True,True,True,True
42,income__2,Q3,7283.0,445.5,eta+beta,Xc,-1.577738935859088,-1.168025473119087,-1.577738935859088,0.0,True,True,True,True,Xc+eta,Xc,-2.3425959331098056,-2.225294787735038,-2.3425959331098056,0.0,True,True,True,True
42,income__3,Q4 (Highest),7752.0,302.5,eta+beta,epsilon,1.130656231347075,-0.19016370076951716,-0.19016370076951716,0.0,True,True,True,True,Xc+eta,epsilon,0.34404084259404044,-3.2921061090187322,-3.2921061090187322,0.0,True,True,True,True
42,number_of_friends__0,0 friends,633.0,247.5,eta+beta,Xc,-1.1773256167768977,0.3568692702165208,-1.1773256167768977,0.0,True,True,True,True,eta+beta,Xc,-1.2112698670212012,0.24735947443969053,-1.2112698670212012,0.0,True,True,True,True
42,number_of_friends__1,1+ friends,12209.0,4654.5,eta+beta,mex_only,0.11123387742554769,-0.3345453486981569,-0.3345453486981569,1.0087983491830528,True,True,True,True,eta+beta,mex_only,0.19621261927386513,-0.3057982983154943,-0.3057982983154943,0.8689092933054781,True,True,True,True
42,physical_activity__0,No Activity,10602.0,1201.0,eta+beta,eta+beta,3.401549306057859,0.17252107096282998,0.17252107096282998,0.17252107096282998,False,True,True,True,eta+beta,epsilon,1.4057857453044562,-1.0105722102234722,-1.0105722102234722,0.0,True,True,True,True
42,physical_activity__1,Some Activity,23275.0,1001.0,Xc+beta,Xc+beta,11.449178294124067,18.104751167506038,11.449178294124067,11.449178294124067,False,False,False,False,eta+beta,Xc,-0.2296062349996646,4.008150890180332,-0.2296062349996646,0.0,True,False,True,True
42,sleep_duration__0,1-<5 hours,2040.5,253.0,Xc+beta,epsilon,-1.729269435016704,-1.8572964791942468,-1.8572964791942468,0.0,True,True,True,True,eta+beta,Xc,-1.9578189920380282,-1.7931587006592054,-1.9578189920380282,0.0,True,True,True,True
42,sleep_duration__1,5-<7 hours,12051.0,954.0,eta+beta,eta+beta,11.668187489258344,13.003892913753589,11.668187489258344,11.668187489258344,False,False,False,False,eta+beta,eta+beta,8.512659375455769,10.040719446367802,8.512659375455769,8.512659375455769,False,False,False,False
42,sleep_duration__2,7-<9 hours,20512.5,1444.0,eta+beta,epsilon,-0.5655807235161774,-1.707821670863268,-1.707821670863268,0.0,True,True,True,True,Xc+eta,epsilon,0.6501326825273281,-1.5487933693329978,-1.5487933693329978,0.0,True,True,True,True
42,sleep_duration__3,>=9 hours,4488.5,427.0,Xc+eta,Xc,-1.876950261141701,-1.2021112409738635,-1.876950261141701,0.0,True,True,True,True,Xc+eta,Xc,-1.8495776197501073,-0.8540614181620185,-1.8495776197501073,0.0,True,True,True,True
42,sleep_frailty__0,Q4 (highest),2742.0,388.0,eta+beta,eta+beta,6.794827136858203,5.41090068434778,5.41090068434778,5.41090068434778,False,False,False,False,eta+beta,eta+beta,8.501243566937319,6.8709879623411325,6.8709879623411325,6.8709879623411325,False,False,False,False
42,sleep_frailty__1,Q1 (lowest),2706.0,422.0,Xc+beta,epsilon,-0.8081596554889074,-1.2692351028422308,-1.2692351028422308,0.0,True,True,True,True,Xc+beta,epsilon,-0.2289258657992832,-0.8640666120063543,-0.8640666120063543,0.0,True,True,True,True
43,alcohol__0,>4 drinks/day,4874.0,438.0,eta+beta,epsilon,-0.776125568041607,-1.6962435938303315,-1.6962435938303315,0.0,True,True,True,True,eta+beta,epsilon,-1.0858227204089417,-1.7021838726777787,-1.7021838726777787,0.0,True,True,True,True
43,alcohol__1,0-1 drink/day,10411.5,1326.0,eta+beta,eta+beta,9.415272791691677,1.3149700620342628,1.3149700620342628,1.3149700620342628,False,True,True,True,eta+beta,eta+beta,11.46471885509527,1.9293688146426575,1.9293688146426575,1.9293688146426575,False,True,True,True
43,church_frequency__0,never,2306.0,660.0,eta+beta,epsilon,0.19968272286496358,-0.928158170979259,-0.928158170979259,0.0,True,True,True,True,eta+beta,epsilon,1.0133823622636555,-0.5999693570911404,-0.5999693570911404,0.0,True,True,True,True
43,church_frequency__1,sometimes,1752.0,360.0,Xc+eta,Xc,-1.996281845874364,-1.5438138375429844,-1.996281845874364,0.0,True,True,True,True,eta+beta,Xc,-1.8013907056852076,-0.9459401738477027,-1.8013907056852076,0.0,True,True,True,True
43,church_frequency__2,weekly,1688.0,456.0,epsilon+eta,epsilon+eta,4.478367927020827,3.1972213101921625,3.1972213101921625,3.1972213101921625,False,False,False,False,eta+beta,eta+beta,3.880438380439955,2.522309673939162,2.522309673939162,2.522309673939162,False,False,False,False
43,diet__0,Poor,25951.5,1945.5,eta+beta,mex_only,-1.1347919988365902,-1.1878608859879023,-1.1878608859879023,1.9246024758613203,True,True,True,True,eta+beta,mex_only,-0.8854851062496891,-1.0116638083818543,-1.0116638083818543,1.7607862983932137,True,True,True,True
43,diet__1,Good,10955.5,1087.5,eta+beta,eta+beta,2.7762439815669495,0.8469429514461808,0.8469429514461808,0.8469429514461808,False,True,True,True,Xc+beta,Xc+beta,1.4878683936130983,0.3822286237791559,0.3822286237791559,0.3822286237791559,True,True,True,True
43,education_level__0,no highschool,14321.5,3111.5,eta+beta,eta+beta,7.887043950966472,3.8544204512691067,3.8544204512691067,3.8544204512691067,False,False,False,False,eta+beta,eta+beta,8.50857962009104,3.9398858948879933,3.9398858948879933,3.9398858948879933,False,False,False,False
43,education_level__1,some college,25553.0,2415.5,eta+beta,eta+beta,5.334733241477807,0.3561119377736759,0.3561119377736759,0.3561119377736759,False,True,True,True,eta+beta,eta+beta,6.781148526330071,0.4820542212037253,0.4820542212037253,0.4820542212037253,False,True,True,True
43,income__0,Q1 (Lowest),7569.5,668.0,eta+beta,epsilon,1.213993734460928,-1.4192291015806404,-1.4192291015806404,0.0,True,True,True,True,eta+beta,epsilon,1.3564827658738068,-1.447863106609475,-1.447863106609475,0.0,True,True,True,True
43,income__1,Q2,7070.5,699.5,eta+beta,epsilon,-0.6614191964408747,-1.4881884048963911,-1.4881884048963911,0.0,True,True,True,True,Xc+eta,epsilon,-0.865871703738776,-1.9138950622036646,-1.9138950622036646,0.0,True,True,True,True
43,income__2,Q3,7148.5,466.5,Xc+beta,epsilon,-0.07190604957577307,-0.9130845983536346,-0.9130845983536346,0.0,True,True,True,True,Xc+beta,epsilon,-0.6296096737160042,-1.2245236460930755,-1.2245236460930755,0.0,True,True,True,True
43,income__3,Q4 (Highest),7415.0,276.5,eta+beta,Xc,-1.2707306965444332,-0.0397043446250791,-1.2707306965444332,0.0,True,True,True,True,Xc+eta,epsilon,-2.711250390733767,-3.0332937056869014,-3.0332937056869014,0.0,True,True,True,True
43,number_of_friends__0,0 friends,638.0,271.0,eta+beta,mex_only,-1.491626172744418,-1.7626859876613707,-1.7626859876613707,0.32012399036921124,True,True,True,True,eta+beta,mex_only,-1.4692189471511483,-1.7523935403382893,-1.7523935403382893,0.3042953147441949,True,True,True,True
43,number_of_friends__1,1+ friends,12255.0,4754.0,eta+beta,eta+beta,0.8650588255623006,0.01504483223106945,0.01504483223106945,0.01504483223106945,True,True,True,True,eta+beta,eta+beta,1.5848089303690358,0.5070973506808514,0.5070973506808514,0.5070973506808514,True,True,True,True
43,physical_activity__0,No Activity,11132.0,1377.0,eta+beta,Xc,-1.2216549396707705,-0.6538504065320012,-1.2216549396707705,0.0,True,True,True,True,eta+beta,Xc,-2.7825114235474757,-2.722686212058761,-2.7825114235474757,0.0,True,True,True,True
43,physical_activity__1,Some Activity,23014.5,1076.5,Xc+eta,Xc+eta,4.865260663396839,9.761360917784259,4.865260663396839,4.865260663396839,False,False,False,False,eta+beta,eta+beta,5.49739110488008,10.030783599206188,5.49739110488008,5.49739110488008,False,False,False,False
43,sleep_duration__0,1-<5 hours,2047.0,262.0,eta+beta,epsilon,-1.4449296578995927,-1.583974880126334,-1.583974880126334,0.0,True,True,True,True,eta+beta,Xc,-1.8846067536337614,-1.8344289812844181,-1.8846067536337614,0.0,True,True,True,True
43,sleep_duration__1,5-<7 hours,11764.5,1020.0,eta+beta,mex_only,1.4180515218940855,1.2652812142041512,1.2652812142041512,1.8222646084795997,True,True,True,True,eta+beta,mex_only,1.2546617548214272,1.0075202839834674,1.0075202839834674,1.6780507473577018,True,True,True,True
43,sleep_duration__2,7-<9 hours,20821.0,1530.5,eta+beta,epsilon,-1.5616281233506015,-1.640824448042622,-1.640824448042622,0.0,True,True,True,True,eta+beta,epsilon,-1.7567054981900583,-2.0727895797281235,-2.0727895797281235,0.0,True,True,True,True
43,sleep_duration__3,>=9 hours,4587.5,463.5,eta+beta,Xc,-1.2036185865072184,0.43776220509835184,-1.2036185865072184,0.0,True,True,True,True,Xc+eta,Xc,-1.2669328083652545,0.9202693591764728,-1.2669328083652545,0.0,True,True,True,True
43,sleep_frailty__0,Q4 (highest),2910.0,504.0,eta+beta,epsilon,-0.26244820928422996,-1.4651647974242223,-1.4651647974242223,0.0,True,True,True,True,eta+beta,epsilon,0.20364876037820068,-1.4301222172753114,-1.4301222172753114,0.0,True,True,True,True
43,sleep_frailty__1,Q1 (lowest),2688.0,446.0,Xc+beta,mex_only,-0.03876077095992514,-0.2229565364204973,-0.2229565364204973,1.3586868246347876,True,True,True,True,Xc+beta,mex_only,-1.7485779306498443,-1.8398555195585686,-1.8398555195585686,1.6510101537965056,True,True,True,True
44,alcohol__0,>4 drinks/day,4989.0,416.5,Xc+beta,Xc,-0.3842752545942858,0.2857545079159536,-0.3842752545942858,0.0,True,True,True,True,eta+beta,Xc,-2.82443284522833,-2.1147230017468246,-2.82443284522833,0.0,True,True,True,True
44,alcohol__1,0-1 drink/day,10454.0,1387.5,Xc+beta,epsilon,4.13667313249789,-1.3026579368579405,-1.3026579368579405,0.0,False,True,True,True,eta+beta,epsilon,5.848389747472538,-0.9645574967489665,-0.9645574967489665,0.0,False,True,True,True
44,church_frequency__0,never,2280.0,700.0,eta+beta,Xc,-0.6029382659726252,1.8953450267554217,-0.6029382659726252,0.0,True,True,True,True,eta+beta,Xc,-1.8982315592238592,0.5457752403708582,-1.8982315592238592,0.0,True,True,True,True
44,church_frequency__1,sometimes,1870.0,380.0,eta+beta,epsilon,-1.745457260751209,-1.9224322304194175,-1.9224322304194175,0.0,True,True,True,True,eta+beta,epsilon,-1.8306936414669508,-1.9710008435354212,-1.9710008435354212,0.0,True,True,True,True
44,church_frequency__2,weekly,1822.0,482.0,eta+beta,eta+beta,6.414084322661438,2.4053884710101556,2.4053884710101556,2.4053884710101556,False,False,False,False,eta+beta,eta+beta,5.984605897019264,2.131394671828275,2.131394671828275,2.131394671828275,False,False,False,False
44,diet__0,Poor,25757.5,2009.5,eta+beta,mex_only,-1.425843058987084,-1.5704220785446523,-1.5704220785446523,1.312910861284763,True,True,True,True,eta+beta,mex_only,-1.4155257305101259,-1.5603519816504559,-1.5603519816504559,1.1985890494797786,True,True,True,True
44,diet__1,Good,11083.5,1136.0,eta+beta,eta+beta,6.584709918990484,2.8229259098734474,2.8229259098734474,2.8229259098734474,False,False,False,False,eta+beta,eta+beta,7.028866759477751,3.6723664149740216,3.6723664149740216,3.6723664149740216,False,False,False,False
44,education_level__0,no highschool,14132.5,2910.5,eta+beta,eta+beta,9.52736308396561,3.70356258036918,3.70356258036918,3.70356258036918,False,False,False,False,eta+beta,eta+beta,9.934671024260751,3.7113987832963176,3.7113987832963176,3.7113987832963176,False,False,False,False
44,education_level__1,some college,25383.0,2422.5,eta+beta,eta+beta,5.266732833781134,0.1279697145218961,0.1279697145218961,0.1279697145218961,False,True,True,True,eta+beta,eta+beta,7.202166239530925,0.34191720123271807,0.34191720123271807,0.34191720123271807,False,True,True,True
44,income__0,Q1 (Lowest),7812.0,608.5,eta+beta,epsilon,1.7210216118919561,-0.9773721325282168,-0.9773721325282168,0.0,True,True,True,True,eta+beta,epsilon,1.079264153099757,-1.1082765926976208,-1.1082765926976208,0.0,True,True,True,True
44,income__1,Q2,7210.0,717.0,eta+beta,Xc,-1.0419674230088276,0.32233485275355633,-1.0419674230088276,0.0,True,True,True,True,eta+beta,Xc,-1.9485154371704994,-0.7789924778498971,-1.9485154371704994,0.0,True,True,True,True
44,income__2,Q3,7052.5,506.0,Xc+beta,epsilon,-1.2140066590645802,-1.5182602649456385,-1.5182602649456385,0.0,True,True,True,True,Xc+beta,epsilon,-0.9282829138119268,-1.2610398259939757,-1.2610398259939757,0.0,True,True,True,True
44,income__3,Q4 (Highest),7085.0,304.5,eta+beta,epsilon,-0.414273417341974,-1.7619184947502617,-1.7619184947502617,0.0,True,True,True,True,Xc+beta,epsilon,0.7917215030652187,-1.2346406786396074,-1.2346406786396074,0.0,True,True,True,True
44,number_of_friends__0,0 friends,549.5,241.5,eta+beta,eta+beta,1.6942286934229287,3.974059313759426,1.6942286934229287,1.6942286934229287,True,False,True,True,eta+beta,eta+beta,0.9747850806782026,3.4008819505609154,0.9747850806782026,0.9747850806782026,True,False,True,True
44,number_of_friends__1,1+ friends,12161.0,4548.0,eta+beta,mex_only,-1.4620564571669092,-1.7068190752179362,-1.7068190752179362,0.6924119566901936,True,True,True,True,eta+beta,epsilon,-0.9967835935167386,-1.4534073701724992,-1.4534073701724992,0.0,True,True,True,True
44,physical_activity__0,No Activity,11085.0,1316.5,eta+beta,Xc,-1.2761646645849396,-0.6533010099501553,-1.2761646645849396,0.0,True,True,True,True,eta+beta,Xc,-1.9796972090389318,-0.8994199166754697,-1.9796972090389318,0.0,True,True,True,True
44,physical_activity__1,Some Activity,22746.5,1084.0,eta+beta,Xc,-1.088587045962413,1.1656092524699488,-1.088587045962413,0.0,True,True,True,True,eta+beta,Xc,-1.5189923098132567,0.17487407737280591,-1.5189923098132567,0.0,True,True,True,True
44,sleep_duration__0,1-<5 hours,1943.5,269.0,Xc+beta,epsilon,-1.1953583127219645,-1.945660913977008,-1.945660913977008,0.0,True,True,True,True,Xc+eta,epsilon,-1.5068119801362627,-1.9910647746678478,-1.9910647746678478,0.0,True,True,True,True
44,sleep_duration__1,5-<7 hours,11634.0,1029.0,eta+beta,mex_only,-1.0811359090748738,-0.9146230408714473,-1.0811359090748738,1.530217168849049,True,True,True,True,eta+beta,mex_only,-0.7573776591652859,-0.6104735668523062,-0.7573776591652859,1.7119367598406825,True,True,True,True
44,sleep_duration__2,7-<9 hours,20901.0,1591.0,eta+beta,eta+beta,4.687498837529347,0.780325637473652,0.780325637473652,0.780325637473652,False,True,True,True,eta+beta,eta+beta,4.163316739475704,0.43314744747112854,0.43314744747112854,0.43314744747112854,False,True,True,True
44,sleep_duration__3,>=9 hours,4667.5,462.0,Xc+beta,epsilon,0.3322606293722856,-1.2867361451899342,-1.2867361451899342,0.0,True,True,True,True,eta+beta,epsilon,-0.33484847978888865,-1.7875759076546274,-1.7875759076546274,0.0,True,True,True,True
44,sleep_frailty__0,Q4 (highest),2742.0,476.0,eta+beta,epsilon,-0.22372299953531183,-1.4007116359698557,-1.4007116359698557,0.0,True,True,True,True,eta+beta,epsilon,0.20941136288729467,-1.1347762727637019,-1.1347762727637019,0.0,True,True,True,True
44,sleep_frailty__1,Q1 (lowest),2762.0,456.0,Xc+beta,epsilon,0.9819178284533336,-0.04009890347106193,-0.04009890347106193,0.0,True,True,True,True,Xc+beta,epsilon,-1.0543245355456747,-1.5369791105231343,-1.5369791105231343,0.0,True,True,True,True
45,alcohol__0,>4 drinks/day,5019.5,389.0,eta+beta,epsilon,-1.3086015034550655,-1.852026348434265,-1.852026348434265,0.0,True,True,True,True,Xc+beta,epsilon,-1.285239045504568,-1.8258678545053044,-1.8258678545053044,0.0,True,True,True,True
45,alcohol__1,0-1 drink/day,10182.5,1233.5,eta+beta,eta+beta,12.406319067307777,2.3554778750003607,2.3554778750003607,2.3554778750003607,False,False,False,False,eta+beta,eta+beta,11.849047808507748,2.197927255725517,2.197927255725517,2.197927255725517,False,False,False,False
45,church_frequency__0,never,2372.0,626.0,eta+beta,Xc,-0.884231518451088,0.21790281225185026,-0.884231518451088,0.0,True,True,True,True,eta+beta,Xc,-1.114143440119733,-0.02409092391280865,-1.114143440119733,0.0,True,True,True,True
45,church_frequency__1,sometimes,1792.0,380.0,eta+beta,mex_only,-0.5529787745986141,-0.19944446471845367,-0.5529787745986141,0.7505287749881973,True,True,True,True,Xc+beta,mex_only,0.15902541263858438,0.5473508851741826,0.15902541263858438,1.1031540717335702,True,True,True,True
45,church_frequency__2,weekly,1604.0,418.0,eta+beta,epsilon,0.18069977978211682,-0.9785516330885002,-0.9785516330885002,0.0,True,True,True,True,Xc+beta,epsilon,0.027026148954973905,-1.0146659960078068,-1.0146659960078068,0.0,True,True,True,True
45,diet__0,Poor,26118.5,1933.5,eta+beta,mex_only,-1.7475630666740471,-1.770369910500449,-1.770369910500449,1.9475114915330778,True,True,True,True,Xc+beta,mex_only,-1.6625981223951385,-1.6886343641344865,-1.6886343641344865,1.9346662999741966,True,True,True,True
45,diet__1,Good,10872.0,1062.0,eta+beta,epsilon,2.0070674938324373,-0.4644584163615946,-0.4644584163615946,0.0,False,True,True,True,Xc+beta,Xc+beta,2.445122509891007,0.07845010771416128,0.07845010771416128,0.07845010771416128,False,True,True,True
45,education_level__0,no highschool,14014.5,2914.5,eta+beta,eta+beta,10.476809859497735,2.846177978855849,2.846177978855849,2.846177978855849,False,False,False,False,eta+beta,eta+beta,10.334714254284336,2.8266384823691624,2.8266384823691624,2.8266384823691624,False,False,False,False
45,education_level__1,some college,25535.5,2412.0,eta+beta,epsilon,3.6460000275874336,-0.4661111568384513,-0.4661111568384513,0.0,False,True,True,True,eta+beta,epsilon,4.081973871390801,-0.4546825935867673,-0.4546825935867673,0.0,False,True,True,True
45,income__0,Q1 (Lowest),7566.0,578.5,eta+beta,eta+beta,5.631927112381163,1.540963977001411,1.540963977001411,1.540963977001411,False,True,True,True,eta+beta,eta+beta,5.868241540386407,1.7338002714459435,1.7338002714459435,1.7338002714459435,False,True,True,True
45,income__1,Q2,7234.5,661.5,eta+beta,Xc,-1.2857416079186805,-0.5459789488040769,-1.2857416079186805,0.0,True,True,True,True,eta+beta,Xc,-1.455996866755413,-0.8426311082084794,-1.455996866755413,0.0,True,True,True,True
45,income__2,Q3,7126.0,497.5,eta+beta,epsilon,0.7408633310715231,-0.3017945327092093,-0.3017945327092093,0.0,True,True,True,True,eta+beta,eta+beta,1.9218828895518527,0.6752929792655777,0.6752929792655777,0.6752929792655777,True,True,True,True
45,income__3,Q4 (Highest),7103.0,270.0,eta+beta,epsilon,-1.698590953357325,-1.7735835731127736,-1.7735835731127736,0.0,True,True,True,True,epsilon+eta,epsilon,-1.5367361038161107,-1.9621748073932395,-1.9621748073932395,0.0,True,True,True,True
45,number_of_friends__0,0 friends,566.5,239.0,Xc+beta,Xc+beta,1.588373476377683,4.260688745973312,1.588373476377683,1.588373476377683,True,False,True,True,Xc+beta,Xc+beta,1.3379975367947736,4.04537425121589,1.3379975367947736,1.3379975367947736,True,False,True,True
45,number_of_friends__1,1+ friends,12137.0,4533.5,eta+beta,mex_only,-0.42853728200134356,-0.9352061445606523,-0.9352061445606523,0.18866627608804265,True,True,True,True,eta+beta,mex_only,-0.7935545257496415,-1.2227358087111497,-1.2227358087111497,0.3180450442523579,True,True,True,True
45,physical_activity__0,No Activity,11080.0,1268.5,eta+beta,Xc,-1.4620226242677745,-0.8061292310339923,-1.4620226242677745,0.0,True,True,True,True,eta+beta,Xc,-1.7267968151645618,-1.2232250012129953,-1.7267968151645618,0.0,True,True,True,True
45,physical_activity__1,Some Activity,22896.5,1048.5,eta+beta,eta+beta,2.6764263943969127,6.440799142443211,2.6764263943969127,2.6764263943969127,False,False,False,False,eta+beta,eta+beta,0.3539945265347342,3.6599420579605066,0.3539945265347342,0.3539945265347342,True,False,True,True
45,sleep_duration__0,1-<5 hours,2065.0,250.5,Xc+beta,epsilon,2.181239208711304,-0.17360412547304804,-0.17360412547304804,0.0,False,True,True,True,eta+beta,epsilon,1.9789083082350771,-0.3531148764304817,-0.3531148764304817,0.0,True,True,True,True
45,sleep_duration__1,5-<7 hours,11968.0,1019.0,eta+beta,mex_only,-1.629212590994939,-1.421832656767947,-1.629212590994939,0.4400100802158704,True,True,True,True,eta+beta,mex_only,-1.6611970293088234,-1.4653509249765193,-1.6611970293088234,0.38258815444896754,True,True,True,True
45,sleep_duration__2,7-<9 hours,20667.0,1497.5,eta+beta,epsilon,2.4108769488066173,-0.3597284500792739,-0.3597284500792739,0.0,False,True,True,True,eta+beta,eta+beta,3.254621714087989,0.04984311122461804,0.04984311122461804,0.04984311122461804,False,True,True,True
45,sleep_duration__3,>=9 hours,4660.5,452.0,eta+beta,Xc,-1.510852888331101,-1.187134846877143,-1.510852888331101,0.0,True,True,True,True,eta+beta,Xc,-1.606814484314782,-1.2999589066953376,-1.606814484314782,0.0,True,True,True,True
45,sleep_frailty__0,Q4 (highest),2914.0,466.0,eta+beta,epsilon,-1.8232253748037692,-1.833931120588204,-1.833931120588204,0.0,True,True,True,True,eta+beta,epsilon,-1.7276896621151536,-1.788058885560531,-1.788058885560531,0.0,True,True,True,True
45,sleep_frailty__1,Q1 (lowest),2704.0,432.0,eta+beta,eta+beta,1.0772299747750367,0.24015412383414514,0.24015412383414514,0.24015412383414514,True,True,True,True,Xc+beta,Xc+beta,1.8125805254430816,0.9001096199158383,0.9001096199158383,0.9001096199158383,True,True,True,True
46,alcohol__0,>4 drinks/day,5083.0,436.5,eta+beta,epsilon,2.239445660075944,-0.3438311915324448,-0.3438311915324448,0.0,False,True,True,True,eta+beta,epsilon,1.6359883786772116,-0.6372154721784682,-0.6372154721784682,0.0,True,True,True,True
46,alcohol__1,0-1 drink/day,10389.0,1272.0,eta+beta,eta+beta,16.364098008314613,3.6450943293129967,3.6450943293129967,3.6450943293129967,False,False,False,False,eta+beta,eta+beta,16.430845023000074,3.5997839562314766,3.5997839562314766,3.5997839562314766,False,False,False,False
46,church_frequency__0,never,1948.0,510.0,eta+beta,Xc,-1.779213429869742,-1.1289309869571298,-1.779213429869742,0.0,True,True,True,True,Xc+eta,Xc,-2.000076244880802,-1.3748365010787893,-2.000076244880802,0.0,True,True,True,True
46,church_frequency__1,sometimes,1734.0,324.0,Xc+eta,Xc,-1.284503564509123,-0.755818719088893,-1.284503564509123,0.0,True,True,True,True,eta+beta,Xc,-0.7836352845706642,-0.209137070777615,-0.7836352845706642,0.0,True,True,True,True
46,church_frequency__2,weekly,1674.0,372.0,eta+beta,eta+beta,4.320775999859961,1.6017267859497224,1.6017267859497224,1.6017267859497224,False,True,True,True,eta+beta,eta+beta,4.165345613198497,1.6073683618878931,1.6073683618878931,1.6073683618878931,False,True,True,True
46,diet__0,Poor,26215.0,1822.5,eta+beta,mex_only,-1.9567215091337857,-1.9376425830741937,-1.9567215091337857,1.8335565186098393,True,True,True,True,eta+beta,mex_only,-1.8968464186073106,-1.868533740620478,-1.8968464186073106,1.9357251475703379,True,True,True,True
46,diet__1,Good,11056.0,943.0,eta+beta,eta+beta,4.830449650324226,0.7854110302632762,0.7854110302632762,0.7854110302632762,False,True,True,True,Xc+beta,Xc+beta,5.869692605458113,1.6122560090334446,1.6122560090334446,1.6122560090334446,False,True,True,True
46,education_level__0,no highschool,14269.0,2892.5,eta+beta,eta+beta,8.809126661457412,3.811341941371211,3.811341941371211,3.811341941371211,False,False,False,False,eta+beta,eta+beta,9.09634994303633,3.7179695141931006,3.7179695141931006,3.7179695141931006,False,False,False,False
46,education_level__1,some college,25702.5,2394.5,eta+beta,eta+beta,7.680941610815353,1.0465013875691511,1.0465013875691511,1.0465013875691511,False,True,True,True,epsilon+eta,epsilon+eta,8.822036032477627,1.5526524608831096,1.5526524608831096,1.5526524608831096,False,True,True,True
46,income__0,Q1 (Lowest),7732.0,562.5,eta+beta,epsilon,1.467968415247924,-0.6128504386933855,-0.6128504386933855,0.0,True,True,True,True,eta+beta,epsilon,1.791853590257233,-0.43015643108446966,-0.43015643108446966,0.0,True,True,True,True
46,income__1,Q2,7128.0,605.0,eta+beta,eta+beta,0.5116862273089282,2.2091784981103046,0.5116862273089282,0.5116862273089282,True,False,True,True,eta+beta,eta+beta,0.5034166315017501,2.2031322108823588,0.5034166315017501,0.5034166315017501,True,False,True,True
46,income__2,Q3,7105.0,449.0,Xc+beta,Xc,-1.9945716400334277,-1.8991180928223912,-1.9945716400334277,0.0,True,True,True,True,Xc+beta,Xc,-2.0107909798080073,-1.828998190186212,-2.0107909798080073,0.0,True,True,True,True
46,income__3,Q4 (Highest),7393.5,297.5,Xc+beta,Xc+beta,8.92359399748193,5.114259358265372,5.114259358265372,5.114259358265372,False,False,False,False,Xc+beta,Xc+beta,5.4307343800110175,0.3185202382710486,0.3185202382710486,0.3185202382710486,False,True,True,True
46,number_of_friends__0,0 friends,563.5,217.5,Xc+beta,Xc,-1.3884480698636708,-0.9322022356734578,-1.3884480698636708,0.0,True,True,True,True,eta+beta,Xc,-1.6568235319714404,-1.115122654136485,-1.6568235319714404,0.0,True,True,True,True
46,number_of_friends__1,1+ friends,11805.0,4424.0,Xc+beta,mex_only,-1.9988793392112711,-1.9960072704780032,-1.9988793392112711,1.8866496213595383,True,True,True,True,Xc+beta,mex_only,-1.980908318895672,-1.9938137423669104,-1.9938137423669104,1.7998479891539318,True,True,True,True
46,physical_activity__0,No Activity,10997.0,1200.5,eta+beta,Xc,-1.5248789324887184,-1.2810318315423501,-1.5248789324887184,0.0,True,True,True,True,eta+beta,epsilon,-1.660562530189054,-1.7366223038334283,-1.7366223038334283,0.0,True,True,True,True
46,physical_activity__1,Some Activity,23403.0,1014.5,eta+beta,eta+beta,1.653518139877633,4.917051485581396,1.653518139877633,1.653518139877633,True,False,True,True,eta+beta,Xc,-0.08807665496351547,2.8068616748423665,-0.08807665496351547,0.0,True,False,True,True
46,sleep_duration__0,1-<5 hours,2009.5,250.0,eta+beta,Xc,-1.4467732864554819,-1.4072714605035799,-1.4467732864554819,0.0,True,True,True,True,eta+beta,Xc,-1.7470408559343014,-1.7271417091887997,-1.7470408559343014,0.0,True,True,True,True
46,sleep_duration__1,5-<7 hours,11820.5,875.0,eta+beta,eta+beta,0.00448284977574076,0.9729687238286715,0.00448284977574076,0.00448284977574076,True,True,True,True,eta+beta,eta+beta,0.7513495819166565,1.7607051981958648,0.7513495819166565,0.7513495819166565,True,True,True,True
46,sleep_duration__2,7-<9 hours,20974.5,1389.0,eta+beta,epsilon,2.5747829197443934,-0.445464414469825,-0.445464414469825,0.0,False,True,True,True,eta+beta,epsilon,2.755763158416812,-0.40499140121573873,-0.40499140121573873,0.0,False,True,True,True
46,sleep_duration__3,>=9 hours,4715.0,439.5,Xc+beta,epsilon,-0.5029269280003064,-1.7955246037886354,-1.7955246037886354,0.0,True,True,True,True,Xc+beta,epsilon,-0.8447274944137462,-1.9580344517153208,-1.9580344517153208,0.0,True,True,True,True
46,sleep_frailty__0,Q4 (highest),2722.0,382.0,eta+beta,epsilon,0.5289641784829655,-0.3657782592422336,-0.3657782592422336,0.0,True,True,True,True,eta+beta,epsilon,0.12146370292293796,-0.6727433168512107,-0.6727433168512107,0.0,True,True,True,True
46,sleep_frailty__1,Q1 (lowest),2766.0,372.0,Xc+beta,Xc+beta,2.215825467591003,0.30482306272551796,0.30482306272551796,0.30482306272551796,False,True,True,True,Xc+beta,Xc+beta,2.5948368197241507,0.6141506263975316,0.6141506263975316,0.6141506263975316,False,True,True,True
47,alcohol__0,>4 drinks/day,5028.5,463.5,eta+beta,Xc,-0.5230951624353111,1.0213621589145987,-0.5230951624353111,0.0,True,True,True,True,eta+beta,Xc,-1.0857582731696311,0.8662745753135823,-1.0857582731696311,0.0,True,True,True,True
47,alcohol__1,0-1 drink/day,10598.0,1369.5,epsilon+eta,epsilon+eta,14.9601684209847,4.023663466994549,4.023663466994549,4.023663466994549,False,False,False,False,eta+beta,eta+beta,12.892515259914944,2.783189280118677,2.783189280118677,2.783189280118677,False,False,False,False
47,church_frequency__0,never,2182.0,700.0,Xc+eta,Xc+eta,0.4174072707346568,3.6786151394881017,0.4174072707346568,0.4174072707346568,True,False,True,True,Xc+eta,Xc,-0.8515297759322493,2.323290896103572,-0.8515297759322493,0.0,True,False,True,True
47,church_frequency__1,sometimes,1814.0,366.0,Xc+beta,epsilon,-1.9833224866883938,-1.9875064790417127,-1.9875064790417127,0.0,True,True,True,True,eta+beta,Xc,-1.96441626367141,-1.8590844826330795,-1.96441626367141,0.0,True,True,True,True
47,church_frequency__2,weekly,1756.0,450.0,epsilon+eta,epsilon+eta,6.921744208262226,3.464861346334146,3.464861346334146,3.464861346334146,False,False,False,False,eta+beta,eta+beta,5.782269653568164,2.414257161196929,2.414257161196929,2.414257161196929,False,False,False,False
47,diet__0,Poor,25714.5,1907.5,eta+beta,mex_only,-1.5359973411323153,-1.6963304051168961,-1.6963304051168961,0.7051401297358098,True,True,True,True,Xc+beta,mex_only,-1.1803034447257232,-1.3837063733262767,-1.3837063733262767,0.43909752627587295,True,True,True,True
47,diet__1,Good,11053.5,1061.0,eta+beta,eta+beta,8.880887532963243,4.338476277167501,4.338476277167501,4.338476277167501,False,False,False,False,eta+beta,eta+beta,12.84367591744558,7.632148082670028,7.632148082670028,7.632148082670028,False,False,False,False
47,education_level__0,no highschool,14189.5,2998.0,eta+beta,eta+beta,11.446723054868926,5.593882640325319,5.593882640325319,5.593882640325319,False,False,False,False,eta+beta,eta+beta,11.44889956879706,5.41100794932936,5.41100794932936,5.41100794932936,False,False,False,False
47,education_level__1,some college,25622.0,2498.0,eta+beta,eta+beta,7.914220840524649,1.9175307062687352,1.9175307062687352,1.9175307062687352,False,True,True,True,Xc+eta,Xc+eta,11.08185213404795,4.208586644152092,4.208586644152092,4.208586644152092,False,False,False,False
47,income__0,Q1 (Lowest),7465.0,584.0,Xc+beta,Xc+beta,2.296766505173764,0.6783636728487181,0.6783636728487181,0.6783636728487181,False,True,True,True,eta+beta,eta+beta,1.7962601988565439,0.1217990570994516,0.1217990570994516,0.1217990570994516,True,True,True,True
47,income__1,Q2,7028.0,656.0,eta+beta,Xc,-1.6385040495288195,-1.1037675994530218,-1.6385040495288195,0.0,True,True,True,True,eta+beta,Xc,-2.0867569179918064,-1.9089016562411416,-2.0867569179918064,0.0,True,True,True,True
47,income__2,Q3,7239.5,502.0,eta+beta,epsilon,-0.3405962120741606,-0.9950939979125906,-0.9950939979125906,0.0,True,True,True,True,Xc+beta,Xc+beta,1.0601511364166072,0.11210922823556757,0.11210922823556757,0.11210922823556757,True,True,True,True
47,income__3,Q4 (Highest),7397.0,306.0,eta+beta,Xc,-0.046619127728263265,2.356275132930932,-0.046619127728263265,0.0,True,False,True,True,epsilon+eta,Xc,-2.440730915664517,-1.1101180380910591,-2.440730915664517,0.0,True,True,True,True
47,number_of_friends__0,0 friends,590.5,255.0,eta+beta,Xc,-1.3344376666750577,-0.4302634254727309,-1.3344376666750577,0.0,True,True,True,True,eta+beta,Xc,-1.3296794845323348,-0.44647562462478163,-1.3296794845323348,0.0,True,True,True,True
47,number_of_friends__1,1+ friends,12321.0,4787.5,eta+beta,mex_only,-1.9934256178312353,-1.9771321161460946,-1.9934256178312353,1.849148028093623,True,True,True,True,Xc+eta,mex_only,-2.031646709627239,-2.0316536710306536,-2.0316536710306536,1.7347320844128262,True,True,True,True
47,physical_activity__0,No Activity,10761.5,1254.0,eta+beta,Xc,-0.868935520598825,-0.25374615893633745,-0.868935520598825,0.0,True,True,True,True,eta+beta,epsilon,-2.4363400358470244,-2.5803383637066872,-2.5803383637066872,0.0,True,True,True,True
47,physical_activity__1,Some Activity,23142.0,1063.5,eta+beta,Xc,-0.6337271482934739,1.2617004864659975,-0.6337271482934739,0.0,True,True,True,True,eta+beta,Xc,-1.5408308418245724,-0.1575780674447742,-1.5408308418245724,0.0,True,True,True,True
47,sleep_duration__0,1-<5 hours,1942.0,242.0,eta+beta,epsilon,-0.6483393338744463,-1.6934653574080585,-1.6934653574080585,0.0,True,True,True,True,Xc+beta,epsilon,-0.5120461796914242,-1.6035329147430275,-1.6035329147430275,0.0,True,True,True,True
47,sleep_duration__1,5-<7 hours,11762.0,993.5,eta+beta,Xc,-1.4437503919416486,-1.0129233598891005,-1.4437503919416486,0.0,True,True,True,True,eta+beta,Xc,-1.909381560222755,-1.578762661332803,-1.909381560222755,0.0,True,True,True,True
47,sleep_duration__2,7-<9 hours,20852.5,1505.0,eta+beta,eta+beta,7.900135634750768,2.8806095389427355,2.8806095389427355,2.8806095389427355,False,False,False,False,eta+beta,eta+beta,9.562054635185632,4.018210484928204,4.018210484928204,4.018210484928204,False,False,False,False
47,sleep_duration__3,>=9 hours,4545.5,455.5,eta+beta,epsilon,-1.6988470815849723,-1.817783383330152,-1.817783383330152,0.0,True,True,True,True,epsilon+eta,epsilon,-1.7302944203484003,-2.2298981655453645,-2.2298981655453645,0.0,True,True,True,True
47,sleep_frailty__0,Q4 (highest),2856.0,490.0,eta+beta,eta+beta,8.361008467848478,5.005859931507985,5.005859931507985,5.005859931507985,False,False,False,False,eta+beta,eta+beta,8.427123238577224,5.137896429931061,5.137896429931061,5.137896429931061,False,False,False,False
47,sleep_frailty__1,Q1 (lowest),2718.0,442.0,Xc+beta,Xc+beta,2.9639400557703084,2.121861008945416,2.121861008945416,2.121861008945416,False,False,False,False,Xc+beta,Xc+beta,1.3036468676600634,0.862301778885012,0.862301778885012,0.862301778885012,True,True,True,True
48,alcohol__0,>4 drinks/day,4809.0,413.5,eta+beta,epsilon,0.05570615655688016,-1.4045658637523957,-1.4045658637523957,0.0,True,True,True,True,eta+beta,epsilon,-0.07091736239726742,-1.4137624187760593,-1.4137624187760593,0.0,True,True,True,True
48,alcohol__1,0-1 drink/day,10651.5,1320.0,eta+beta,eta+beta,9.992327037145515,0.8961505392326217,0.8961505392326217,0.8961505392326217,False,True,True,True,eta+beta,eta+beta,11.581012332280807,1.2208531331361883,1.2208531331361883,1.2208531331361883,False,True,True,True
48,church_frequency__0,never,2166.0,622.0,eta+beta,eta+beta,1.5305741492920788,4.391780789798759,1.5305741492920788,1.5305741492920788,True,False,True,True,Xc+beta,Xc+beta,1.197993287243662,4.043300090728735,1.197993287243662,1.197993287243662,True,False,True,True
48,church_frequency__1,sometimes,1810.0,404.0,Xc+eta,mex_only,-1.9861591594340098,-1.9076023075785997,-1.9861591594340098,0.6669252486276491,True,True,True,True,eta+beta,mex_only,-1.9312389260753662,-1.840252421198329,-1.9312389260753662,0.8401287675769709,True,True,True,True
48,church_frequency__2,weekly,1720.0,432.0,eta+beta,eta+beta,5.156101499999295,1.729531079129174,1.729531079129174,1.729531079129174,False,True,True,True,eta+beta,eta+beta,4.1097971240033075,1.0295313326569158,1.0295313326569158,1.0295313326569158,False,True,True,True
48,diet__0,Poor,25507.5,1931.5,Xc+beta,mex_only,-1.6486200849212764,-1.735155382535595,-1.735155382535595,1.1955029535783979,True,True,True,True,eta+beta,mex_only,-1.9790037693819613,-2.0141661776433466,-2.0141661776433466,1.619620683195535,True,True,True,True
48,diet__1,Good,11502.0,1082.0,eta+beta,epsilon,1.9197321304891375,-1.0246977974893525,-1.0246977974893525,0.0,True,True,True,True,Xc+beta,epsilon,2.3805012401171552,-0.6509909770811646,-0.6509909770811646,0.0,False,True,True,True
48,education_level__0,no highschool,13599.5,2902.5,eta+beta,eta+beta,7.655936520535761,1.6328291362151504,1.6328291362151504,1.6328291362151504,False,True,True,True,eta+beta,eta+beta,7.361674720486917,1.4683923368393152,1.4683923368393152,1.4683923368393152,False,True,True,True
48,education_level__1,some college,26046.0,2402.5,eta+beta,eta+beta,7.59347110953604,0.8176407086430117,0.8176407086430117,0.8176407086430117,False,True,True,True,eta+beta,eta+beta,7.955252005376678,0.8927980310436396,0.8927980310436396,0.8927980310436396,False,True,True,True
48,income__0,Q1 (Lowest),7371.0,546.5,eta+beta,eta+beta,2.954977807378782,0.3647347072073899,0.3647347072073899,0.3647347072073899,False,True,True,True,eta+beta,eta+beta,2.781359310239168,0.2153820258918131,0.2153820258918131,0.2153820258918131,False,True,True,True
48,income__1,Q2,7087.5,663.5,eta+beta,Xc,-1.6926778815250145,-1.2622998071765323,-1.6926778815250145,0.0,True,True,True,True,eta+beta,Xc,-1.8045493590816477,-1.2222657231141056,-1.8045493590816477,0.0,True,True,True,True
48,income__2,Q3,7068.5,493.0,eta+beta,epsilon,-1.7317152869763959,-1.9469831630058252,-1.9469831630058252,0.0,True,True,True,True,Xc+beta,epsilon,-1.7565260418896287,-1.8706864407940884,-1.8706864407940884,0.0,True,True,True,True
48,income__3,Q4 (Highest),7534.0,270.0,eta+beta,Xc,-0.47391920583822866,-0.12009788503655727,-0.47391920583822866,0.0,True,True,True,True,Xc+eta,epsilon,-2.266299599325066,-3.211509983213091,-3.211509983213091,0.0,True,True,True,True
48,number_of_friends__0,0 friends,565.5,239.5,Xc+beta,Xc,-1.5736089037347938,-0.8586998537853106,-1.5736089037347938,0.0,True,True,True,True,eta+beta,Xc,-1.4460380194509526,-0.6497247995926045,-1.4460380194509526,0.0,True,True,True,True
48,number_of_friends__1,1+ friends,12021.0,4492.0,eta+beta,mex_only,-0.9772855037736008,-1.0448114222308504,-1.0448114222308504,1.9098722488779458,True,True,True,True,eta+beta,mex_only,-0.8341771733830683,-0.8982336201006547,-0.8982336201006547,1.9163506746699568,True,True,True,True
48,physical_activity__0,No Activity,10751.5,1259.0,eta+beta,epsilon,-1.0412442013912369,-1.255536485437915,-1.255536485437915,0.0,True,True,True,True,eta+beta,epsilon,-1.4874140712236112,-1.7234995101571258,-1.7234995101571258,0.0,True,True,True,True
48,physical_activity__1,Some Activity,23098.0,1046.0,eta+beta,Xc,-0.49785665242052346,1.512970449619388,-0.49785665242052346,0.0,True,True,True,True,eta+beta,Xc,-0.8087551941607671,1.3009957882532035,-0.8087551941607671,0.0,True,True,True,True
48,sleep_duration__0,1-<5 hours,1958.5,276.0,Xc+beta,epsilon,0.8485674373760048,-1.1076464313719043,-1.1076464313719043,0.0,True,True,True,True,Xc+eta,epsilon,0.24948590851045083,-1.4732399375670866,-1.4732399375670866,0.0,True,True,True,True
48,sleep_duration__1,5-<7 hours,11714.0,971.0,Xc+eta,Xc,-1.3468288046642556,-0.4945396238254034,-1.3468288046642556,0.0,True,True,True,True,eta+beta,Xc,-0.838972316669242,0.051235439688753104,-0.838972316669242,0.0,True,True,True,True
48,sleep_duration__2,7-<9 hours,20923.0,1556.0,eta+beta,eta+beta,3.680729847468683,0.127774146709271,0.127774146709271,0.127774146709271,False,True,True,True,eta+beta,eta+beta,4.082013165156241,0.2882985062769876,0.2882985062769876,0.2882985062769876,False,True,True,True
48,sleep_duration__3,>=9 hours,4665.5,442.0,Xc+eta,Xc,-1.8670057131207614,-0.5738764212173919,-1.8670057131207614,0.0,True,True,True,True,epsilon+eta,Xc,-1.650185274605974,-0.08138630587836815,-1.650185274605974,0.0,True,True,True,True
48,sleep_frailty__0,Q4 (highest),2792.0,452.0,Xc+eta,Xc,-1.4941852528909294,-0.6507373601566542,-1.4941852528909294,0.0,True,True,True,True,eta+beta,Xc,-1.112249004347177,-0.2980907596011093,-1.112249004347177,0.0,True,True,True,True
48,sleep_frailty__1,Q1 (lowest),2828.0,428.0,Xc+beta,epsilon,0.6611386385293372,-0.6894214236403968,-0.6894214236403968,0.0,True,True,True,True,Xc+beta,epsilon,-0.7408705940561049,-1.3623670333445261,-1.3623670333445261,0.0,True,True,True,True
49,alcohol__0,>4 drinks/day,5012.0,451.0,eta+beta,Xc,-1.3754946209173795,-0.022680747531921952,-1.3754946209173795,0.0,True,True,True,True,eta+beta,Xc,-1.0130956904822597,0.3365755026870829,-1.0130956904822597,0.0,True,True,True,True
49,alcohol__1,0-1 drink/day,10389.0,1271.0,eta+beta,eta+beta,6.0163918707366975,0.09166213259959477,0.09166213259959477,0.09166213259959477,False,True,True,True,eta+beta,epsilon,6.981676981025885,-0.4540515904682252,-0.4540515904682252,0.0,False,True,True,True
49,church_frequency__0,never,2232.0,628.0,eta+beta,Xc,-1.8077096320093915,-1.5325268242686434,-1.8077096320093915,0.0,True,True,True,True,eta+beta,Xc,-2.3165165165082726,-2.2414561098494232,-2.3165165165082726,0.0,True,True,True,True
49,church_frequency__1,sometimes,1746.0,340.0,eta+beta,eta+beta,0.125513307975325,1.0874599793833113,0.125513307975325,0.125513307975325,True,True,True,True,Xc+eta,Xc+eta,1.7347766712482553,3.1789373724268444,1.7347766712482553,1.7347766712482553,True,False,True,True
49,church_frequency__2,weekly,1624.0,392.0,eta+beta,epsilon,-1.183630274733332,-1.790975253437864,-1.790975253437864,0.0,True,True,True,True,eta+beta,epsilon,-1.5518124715981685,-1.9132078374850607,-1.9132078374850607,0.0,True,True,True,True
49,diet__0,Poor,26314.0,1898.0,eta+beta,mex_only,-1.3709399955914705,-1.1757172380530392,-1.3709399955914705,0.9908326449876768,True,True,True,True,eta+beta,mex_only,-1.4992423151306866,-1.3228804856371426,-1.4992423151306866,0.931604006622365,True,True,True,True
49,diet__1,Good,10868.0,1052.0,eta+beta,eta+beta,3.0042952805033565,0.2502755002496997,0.2502755002496997,0.2502755002496997,False,True,True,True,eta+beta,eta+beta,3.149140456258465,0.3375094406237622,0.3375094406237622,0.3375094406237622,False,True,True,True
49,education_level__0,no highschool,14351.0,3048.0,Xc+beta,Xc+beta,5.272352037420205,2.5001537149400974,2.5001537149400974,2.5001537149400974,False,False,False,False,Xc+beta,Xc+beta,5.0117760871580685,2.198745560068346,2.198745560068346,2.198745560068346,False,False,False,False
49,education_level__1,some college,25377.0,2476.0,eta+beta,epsilon,3.2482240069766704,-1.1030773117017816,-1.1030773117017816,0.0,False,True,True,True,Xc+beta,epsilon,5.361699684879568,-0.31155348887114087,-0.31155348887114087,0.0,False,True,True,True
49,income__0,Q1 (Lowest),7849.5,617.5,eta+beta,epsilon,0.019120578361253138,-1.4216101419624465,-1.4216101419624465,0.0,True,True,True,True,eta+beta,epsilon,-0.3099963794766154,-1.565141766072884,-1.565141766072884,0.0,True,True,True,True
49,income__1,Q2,7272.0,659.5,eta+beta,epsilon,-1.1033017497120454,-1.5798846707693883,-1.5798846707693883,0.0,True,True,True,True,eta+beta,epsilon,-1.004952368794875,-1.6513427360932837,-1.6513427360932837,0.0,True,True,True,True
49,income__2,Q3,7319.5,459.0,epsilon+beta,epsilon,0.027756852918173536,-1.0646580338507192,-1.0646580338507192,0.0,True,True,True,True,Xc+beta,epsilon,0.023685098723944975,-0.977053280630571,-0.977053280630571,0.0,True,True,True,True
49,income__3,Q4 (Highest),7347.5,319.0,eta+beta,epsilon,-0.40429748822543843,-1.2891540861560316,-1.2891540861560316,0.0,True,True,True,True,Xc+eta,epsilon,-0.3324832834728113,-2.2866147869117412,-2.2866147869117412,0.0,True,True,True,True
49,number_of_friends__0,0 friends,548.0,222.0,Xc+beta,mex_only,-1.4164657715655267,-1.4402087337784906,-1.4402087337784906,1.9727603280698531,True,True,True,True,Xc+beta,mex_only,-1.459056258991268,-1.469962263585785,-1.469962263585785,1.9902138162581196,True,True,True,True
49,number_of_friends__1,1+ friends,12215.0,4725.0,eta+beta,epsilon,0.4264466661043116,-0.2861911286599934,-0.2861911286599934,0.0,True,True,True,True,eta+beta,epsilon,-0.239629900395812,-0.8342938042042078,-0.8342938042042078,0.0,True,True,True,True
49,physical_activity__0,No Activity,11328.0,1316.5,eta+beta,epsilon,-0.981438421036728,-1.6412178619066253,-1.6412178619066253,0.0,True,True,True,True,Xc+eta,epsilon,-0.26738034045047243,-1.6002879436891817,-1.6002879436891817,0.0,True,True,True,True
49,physical_activity__1,Some Activity,23126.0,1063.0,Xc+eta,Xc+eta,6.722675276878363,12.543622594123008,6.722675276878363,6.722675276878363,False,False,False,False,Xc+beta,Xc+beta,7.994174909032154,13.771879461526623,7.994174909032154,7.994174909032154,False,False,False,False
49,sleep_duration__0,1-<5 hours,1945.0,241.5,eta+beta,epsilon,-1.0173611699892717,-1.256456391336087,-1.256456391336087,0.0,True,True,True,True,eta+beta,epsilon,-1.4798372934906183,-1.6432084655034487,-1.6432084655034487,0.0,True,True,True,True
49,sleep_duration__1,5-<7 hours,11982.5,980.5,Xc+beta,Xc+beta,3.545820895324141,4.404603996150399,3.545820895324141,3.545820895324141,False,False,False,False,eta+beta,eta+beta,1.6833039864814054,2.4253888687308063,1.6833039864814054,1.6833039864814054,True,False,True,True
49,sleep_duration__2,7-<9 hours,20834.5,1478.0,eta+beta,epsilon,-0.909313861573537,-1.8928732900003524,-1.8928732900003524,0.0,True,True,True,True,eta+beta,epsilon,-0.9177345099687955,-1.9023498937804106,-1.9023498937804106,0.0,True,True,True,True
49,sleep_duration__3,>=9 hours,4817.5,476.0,Xc+beta,Xc,-1.9138458609286317,-1.503525144383275,-1.9138458609286317,0.0,True,True,True,True,Xc+beta,Xc,-1.9725775269753285,-1.2506321565660983,-1.9725775269753285,0.0,True,True,True,True
49,sleep_frailty__0,Q4 (highest),2886.0,462.0,eta+beta,epsilon,0.781632949525374,-0.8344813295989297,-0.8344813295989297,0.0,True,True,True,True,eta+beta,epsilon,0.6082145128939374,-0.9259402479401615,-0.9259402479401615,0.0,True,True,True,True
49,sleep_frailty__1,Q1 (lowest),2638.0,426.0,Xc+beta,Xc+beta,2.7633205567667574,1.6007829618620235,1.6007829618620235,1.6007829618620235,False,True,True,True,Xc+beta,Xc+beta,3.4412580104553854,2.101011563402608,2.101011563402608,2.101011563402608,False,False,False,False
50,alcohol__0,>4 drinks/day,4940.0,439.5,eta+beta,epsilon,-0.8417645165327485,-1.7612984969427998,-1.7612984969427998,0.0,True,True,True,True,eta+beta,epsilon,-1.6168808823185827,-1.848256912706347,-1.848256912706347,0.0,True,True,True,True
50,alcohol__1,0-1 drink/day,10379.0,1357.5,eta+beta,eta+beta,35.20332224998856,17.46395100218251,17.46395100218251,17.46395100218251,False,False,False,False,eta+beta,eta+beta,38.07357891860738,19.7696888896553,19.7696888896553,19.7696888896553,False,False,False,False
50,church_frequency__0,never,2440.0,718.0,Xc+eta,Xc,-0.3988642997601346,1.3875261836319623,-0.3988642997601346,0.0,True,True,True,True,Xc+beta,Xc,-0.8824103543056481,0.6130095415446704,-0.8824103543056481,0.0,True,True,True,True
50,church_frequency__1,sometimes,1828.0,374.0,Xc+beta,Xc,-1.9977079644236255,-1.848625006889506,-1.9977079644236255,0.0,True,True,True,True,eta+beta,Xc,-1.9433352358319098,-1.655554756881429,-1.9433352358319098,0.0,True,True,True,True
50,church_frequency__2,weekly,1680.0,428.0,eta+beta,epsilon,-0.3520663522472205,-1.6501920371820233,-1.6501920371820233,0.0,True,True,True,True,Xc+eta,epsilon,-0.5863550470130576,-1.7249692408868214,-1.7249692408868214,0.0,True,True,True,True
50,diet__0,Poor,25644.0,1858.5,eta+beta,mex_only,-1.5756222747659194,-1.5220291864170576,-1.5756222747659194,1.8677018110538484,True,True,True,True,eta+beta,mex_only,-1.161514888462989,-1.1299555133882677,-1.161514888462989,2.0171542174757633,True,True,True,False
50,diet__1,Good,11177.5,1091.5,eta+beta,eta+beta,2.7078473784331436,0.344075809684,0.344075809684,0.344075809684,False,True,True,True,eta+beta,eta+beta,3.870764627465178,1.2517618252895772,1.2517618252895772,1.2517618252895772,False,True,True,True
50,education_level__0,no highschool,14005.0,2909.0,eta+beta,eta+beta,8.970084158634563,3.8563913133111782,3.8563913133111782,3.8563913133111782,False,False,False,False,eta+beta,eta+beta,9.280839100509183,3.9249212544600596,3.9249212544600596,3.9249212544600596,False,False,False,False
50,education_level__1,some college,25760.0,2555.5,eta+beta,eta+beta,8.68858555080078,2.3481258378415077,2.3481258378415077,2.3481258378415077,False,False,False,False,eta+beta,eta+beta,9.846575901166943,3.238810630638909,3.238810630638909,3.238810630638909,False,False,False,False
50,income__0,Q1 (Lowest),7412.5,550.5,Xc+beta,Xc+beta,10.30738752211164,8.140413500488648,8.140413500488648,8.140413500488648,False,False,False,False,eta+beta,eta+beta,10.248579051138222,7.545117469974684,7.545117469974684,7.545117469974684,False,False,False,False
50,income__1,Q2,7048.0,704.0,eta+beta,Xc,-1.4616487455932656,-0.4808906012567604,-1.4616487455932656,0.0,True,True,True,True,eta+beta,Xc,-1.8844618084522153,-0.7220659112617795,-1.8844618084522153,0.0,True,True,True,True
50,income__2,Q3,7060.5,460.0,eta+beta,Xc,-1.913229301213505,-1.8515939753451676,-1.913229301213505,0.0,True,True,True,True,Xc+eta,epsilon,-2.012158363686467,-2.208273333724719,-2.208273333724719,0.0,True,True,True,True
50,income__3,Q4 (Highest),7331.5,306.5,eta+beta,Xc,-1.0552277962033259,-1.0436030838272927,-1.0552277962033259,0.0,True,True,True,True,Xc+eta,epsilon,-1.7672033352250764,-2.0947462800513676,-2.0947462800513676,0.0,True,True,True,True
50,number_of_friends__0,0 friends,599.0,261.0,eta+beta,mex_only,-1.1570277186933708,-1.5133029638122935,-1.5133029638122935,0.4246514940673478,True,True,True,True,eta+beta,mex_only,-0.8822843519055823,-1.328064873186122,-1.328064873186122,0.3459861915307556,True,True,True,True
50,number_of_friends__1,1+ friends,12421.0,4741.0,eta+beta,mex_only,0.865597176241863,0.3431454577948898,0.3431454577948898,0.9729055358620826,True,True,True,True,eta+beta,mex_only,1.082591949212656,0.4681881914730184,0.4681881914730184,0.7040539760346292,True,True,True,True
50,physical_activity__0,No Activity,10711.5,1214.5,eta+beta,eta+beta,2.6423038838547654,0.5354698903029202,0.5354698903029202,0.5354698903029202,False,True,True,True,eta+beta,epsilon,2.4208260448358487,-0.26759244021741324,-0.26759244021741324,0.0,False,True,True,True
50,physical_activity__1,Some Activity,23031.5,1086.0,eta+beta,eta+beta,0.37940403337415773,2.42241586952332,0.37940403337415773,0.37940403337415773,True,False,True,True,eta+beta,Xc,-2.014573377911802,-1.1240278486275201,-2.014573377911802,0.0,True,True,True,True
50,sleep_duration__0,1-<5 hours,1896.0,239.5,eta+beta,epsilon,-1.279005520329065,-1.8726723370218679,-1.8726723370218679,0.0,True,True,True,True,Xc+beta,epsilon,-1.2445798353187456,-1.9054781390414064,-1.9054781390414064,0.0,True,True,True,True
50,sleep_duration__1,5-<7 hours,11442.0,985.5,Xc+beta,Xc,-0.022602142757023103,0.5235063192958478,-0.022602142757023103,0.0,True,True,True,True,eta+beta,eta+beta,0.03517946680767636,0.6226140049275273,0.03517946680767636,0.03517946680767636,True,True,True,True
50,sleep_duration__2,7-<9 hours,21143.0,1503.0,eta+beta,epsilon,-0.5694226728428475,-1.7517467073121225,-1.7517467073121225,0.0,True,True,True,True,eta+beta,epsilon,-0.8075547436692432,-1.8269529076878825,-1.8269529076878825,0.0,True,True,True,True
50,sleep_duration__3,>=9 hours,4581.0,450.5,Xc+beta,epsilon,-0.09753084000658419,-1.1164510515550319,-1.1164510515550319,0.0,True,True,True,True,eta+beta,epsilon,-1.5658310893063572,-2.1895255923209334,-2.1895255923209334,0.0,True,True,True,True
50,sleep_frailty__0,Q4 (highest),2804.0,494.0,eta+beta,epsilon,1.9328359813898714,-0.3077957016930668,-0.3077957016930668,0.0,True,True,True,True,eta+beta,eta+beta,3.121518904504228,0.3665026066455539,0.3665026066455539,0.3665026066455539,False,True,True,True
50,sleep_frailty__1,Q1 (lowest),2806.0,454.0,Xc+beta,epsilon,-0.8540936599706583,-1.3907656283345204,-1.3907656283345204,0.0,True,True,True,True,Xc+beta,epsilon,-1.945915543791216,-2.042676221740294,-2.042676221740294,0.0,True,True,True,True
