group,age,survival,n,deaths
all,20.0,1.0,55800,7260
all,20.25,1.0,55800,7260
all,20.5,0.9997838772422731,55800,7260
all,20.75,0.9995732634067469,55800,7260
all,21.0,0.9995732634067469,55800,7260
all,21.25,0.9993839144271283,55800,7260
all,21.5,0.9990148581639224,55800,7260
all,21.75,0.9990148581639224,55800,7260
all,22.0,0.9988360475574847,55800,7260
all,22.25,0.9986737407574269,55800,7260
all,22.5,0.9986737407574269,55800,7260
all,22.75,0.9982040692574792,55800,7260
all,23.0,0.9977399073307777,55800,7260
all,23.25,0.9977399073307777,55800,7260
all,23.5,0.9977399073307777,55800,7260
all,23.75,0.9974594456275282,55800,7260
all,24.0,0.9967636495854677,55800,7260
all,24.25,0.9962407007575609,55800,7260
all,24.5,0.9962407007575609,55800,7260
all,24.75,0.9958538612413468,55800,7260
all,25.0,0.9958538612413468,55800,7260
all,25.25,0.9958538612413468,55800,7260
all,25.5,0.9954932023234767,55800,7260
all,25.75,0.9950137642684549,55800,7260
all,26.0,0.9946555434710239,55800,7260
all,26.25,0.994201258813973,55800,7260
all,26.5,0.9937493342878234,55800,7260
all,26.75,0.9935243514010902,55800,7260
all,27.0,0.9934129197780082,55800,7260
all,27.25,0.9929847124912976,55800,7260
all,27.5,0.9926641738313826,55800,7260
all,27.75,0.992023307204238,55800,7260
all,28.0,0.9918100719759417,55800,7260
all,28.25,0.9915033459695984,55800,7260
all,28.5,0.991400843814531,55800,7260
all,28.75,0.9910945388918638,55800,7260
all,29.0,0.9909925534484707,55800,7260
all,29.25,0.9906990806053843,55800,7260
all,29.5,0.9906010110072252,55800,7260
all,29.75,0.9905028442238535,55800,7260
all,30.0,0.9903080355725227,55800,7260
all,30.25,0.9900248819094692,55800,7260
all,30.5,0.9896463357654147,55800,7260
all,30.75,0.9890776658623344,55800,7260
all,31.0,0.988887510866314,55800,7260
all,31.25,0.9887041965100121,55800,7260
all,31.5,0.9884288163023436,55800,7260
all,31.75,0.9880595511041158,55800,7260
all,32.0,0.9877830072109628,55800,7260
all,32.25,0.9876044246866956,55800,7260
all,32.5,0.9873321727144619,55800,7260
all,32.75,0.9868769590353635,55800,7260
all,33.0,0.9865115391311372,55800,7260
all,33.25,0.9860671602186806,55800,7260
all,33.5,0.9859779717997015,55800,7260
all,33.75,0.9857072798980218,55800,7260
all,34.0,0.985525615409344,55800,7260
all,34.25,0.9851729541913089,55800,7260
all,34.5,0.9849043234326003,55800,7260
all,34.75,0.9846350438929012,55800,7260
all,35.0,0.9842733531091132,55800,7260
all,35.25,0.9837423832718758,55800,7260
all,35.5,0.9832057432566188,55800,7260
all,35.75,0.9831160101414173,55800,7260
all,36.0,0.9825669511349755,55800,7260
all,36.25,0.9823004497983444,55800,7260
all,36.5,0.9817628732540437,55800,7260
all,36.75,0.9815813798240005,55800,7260
all,37.0,0.9813054250460125,55800,7260
all,37.25,0.981033923097669,55800,7260
all,37.5,0.9805770594438801,55800,7260
all,37.75,0.9800245499293271,55800,7260
all,38.0,0.9796487925596893,55800,7260
all,38.25,0.9790991716764607,55800,7260
all,38.5,0.978260468990187,55800,7260
all,38.75,0.9777846903962565,55800,7260
all,39.0,0.9774962646513714,55800,7260
all,39.25,0.9769269039131194,55800,7260
all,39.5,0.9766378628394371,55800,7260
all,39.75,0.9760539025818725,55800,7260
all,40.0,0.975758608779204,55800,7260
all,40.25,0.9751850487057959,55800,7260
all,40.5,0.9743199974738073,55800,7260
all,40.75,0.9738325634513665,55800,7260
all,41.0,0.9734406563233347,55800,7260
all,41.25,0.9728707675961112,55800,7260
all,41.5,0.9723905370095258,55800,7260
all,41.75,0.9718076937080038,55800,7260
all,42.0,0.9711195709832707,55800,7260
all,42.25,0.9699759093335569,55800,7260
all,42.5,0.9695924522864504,55800,7260
all,42.75,0.969204181899115,55800,7260
all,43.0,0.9683212131435988,55800,7260
all,43.25,0.9677494930077699,55800,7260
all,43.5,0.9671711731084945,55800,7260
all,43.75,0.9667820052069799,55800,7260
all,44.0,0.9661903746268232,55800,7260
all,44.25,0.9653277940896373,55800,7260
all,44.5,0.964650375580689,55800,7260
all,44.75,0.9644558209731294,55800,7260
all,45.0,0.9638645360873218,55800,7260
all,45.25,0.9634811927010672,55800,7260
all,45.5,0.9628085832189992,55800,7260
all,45.75,0.9616457725319497,55800,7260
all,46.0,0.9613515777498366,55800,7260
all,46.25,0.9609704203546698,55800,7260
all,46.5,0.9603900862873036,55800,7260
all,46.75,0.9600005240957254,55800,7260
all,47.0,0.9592137072322724,55800,7260
all,47.25,0.9585466376886465,55800,7260
all,47.5,0.9577782485151477,55800,7260
all,47.75,0.9567073791120132,55800,7260
all,48.0,0.9560168402061823,55800,7260
all,48.25,0.9550574360090258,55800,7260
all,48.5,0.9540822028689843,55800,7260
all,48.75,0.9528024359980837,55800,7260
all,49.0,0.9520066766345647,55800,7260
all,49.25,0.9513285394237222,55800,7260
all,49.5,0.9501467564971391,55800,7260
all,49.75,0.9489520018262845,55800,7260
all,50.0,0.9479428401246122,55800,7260
all,50.25,0.9466709751031914,55800,7260
all,50.5,0.9457821229664052,55800,7260
all,50.75,0.9452828452243176,55800,7260
all,51.0,0.94437200872659,55800,7260
all,51.25,0.9427996611274908,55800,7260
all,51.5,0.9414086374779688,55800,7260
all,51.75,0.9407077179070915,55800,7260
all,52.0,0.9389955001150512,55800,7260
all,52.25,0.9378258198216572,55800,7260
all,52.5,0.9362556835187127,55800,7260
all,52.75,0.935265056356604,55800,7260
all,53.0,0.9338606955232571,55800,7260
all,53.25,0.93327764185343,55800,7260
all,53.5,0.931306762023624,55800,7260
all,53.75,0.9299164976663233,55800,7260
all,54.0,0.9283118691790281,55800,7260
all,54.25,0.9268573785156817,55800,7260
all,54.5,0.9253914711717924,55800,7260
all,54.75,0.9240081110164968,55800,7260
all,55.0,0.9226076237251019,55800,7260
all,55.25,0.9208655804254042,55800,7260
all,55.5,0.9197840849973732,55800,7260
all,55.75,0.917989239860196,55800,7260
all,56.0,0.9161766612020295,55800,7260
all,56.25,0.9151948306211617,55800,7260
all,56.5,0.9135090027260827,55800,7260
all,56.75,0.9117998145120525,55800,7260
all,57.0,0.9098620495894008,55800,7260
all,57.25,0.9083691955973544,55800,7260
all,57.5,0.90715674979556,55800,7260
all,57.75,0.9054089098400921,55800,7260
all,58.0,0.9040521472451115,55800,7260
all,58.25,0.9018022294185923,55800,7260
all,58.5,0.8996174127592054,55800,7260
all,58.75,0.8976094193409964,55800,7260
all,59.0,0.896102800887459,55800,7260
all,59.25,0.8934828234507426,55800,7260
all,59.5,0.8916719049891015,55800,7260
all,59.75,0.8899500730872537,55800,7260
all,60.0,0.88797577096547,55800,7260
all,60.25,0.8862009872869098,55800,7260
all,60.5,0.8843089846491029,55800,7260
all,60.75,0.881139805984657,55800,7260
all,61.0,0.8792271049619238,55800,7260
all,61.25,0.8770081326656183,55800,7260
all,61.5,0.874768174737863,55800,7260
all,61.75,0.8721023824417148,55800,7260
all,62.0,0.8691970989415632,55800,7260
all,62.25,0.8673108779814527,55800,7260
all,62.5,0.8647179242911652,55800,7260
all,62.75,0.8622973199687395,55800,7260
all,63.0,0.8594293588484979,55800,7260
all,63.25,0.85766860789458,55800,7260
all,63.5,0.8546939314579052,55800,7260
all,63.75,0.8522942535497958,55800,7260
all,64.0,0.8492452682011837,55800,7260
all,64.25,0.8461102244419443,55800,7260
all,64.5,0.8433303694910307,55800,7260
all,64.75,0.8414237970654341,55800,7260
all,65.0,0.8389808491576611,55800,7260
all,65.25,0.8366261422308024,55800,7260
all,65.5,0.8340385669838615,55800,7260
all,65.75,0.8304271173496273,55800,7260
all,66.0,0.8280949116252423,55800,7260
all,66.25,0.824285917808777,55800,7260
all,66.5,0.8214157115156449,55800,7260
all,66.75,0.8176059486382049,55800,7260
all,67.0,0.8140650554042329,55800,7260
all,67.25,0.8088641345697459,55800,7260
all,67.5,0.8059901015341353,55800,7260
all,67.75,0.8037834802105596,55800,7260
all,68.0,0.8000318703156619,55800,7260
all,68.25,0.7969755539267107,55800,7260
all,68.5,0.7937006581821476,55800,7260
all,68.75,0.790073716673069,55800,7260
all,69.0,0.7865133374165592,55800,7260
all,69.25,0.7828576045427627,55800,7260
all,69.5,0.7801584683667402,55800,7260
all,69.75,0.7757132206200864,55800,7260
all,70.0,0.7723235959869514,55800,7260
all,70.25,0.7676445900708362,55800,7260
all,70.5,0.7641378846174645,55800,7260
all,70.75,0.7605004931113483,55800,7260
all,71.0,0.7565089325692526,55800,7260
all,71.25,0.7519453515862511,55800,7260
all,71.5,0.7472271177347344,55800,7260
all,71.75,0.7424791155274144,55800,7260
all,72.0,0.7373630791504052,55800,7260
all,72.25,0.7334719534813254,55800,7260
all,72.5,0.7291290371343786,55800,7260
all,72.75,0.7247469305172686,55800,7260
all,73.0,0.7201095392561845,55800,7260
all,73.25,0.7153722431967156,55800,7260
all,73.5,0.7120047926091929,55800,7260
all,73.75,0.706544479916064,55800,7260
all,74.0,0.7026109061702327,55800,7260
all,74.25,0.6968776717318421,55800,7260
all,74.5,0.6922316045240611,55800,7260
all,74.75,0.6856289027764365,55800,7260
all,75.0,0.6803835032532817,55800,7260
all,75.25,0.6753772150918709,55800,7260
all,75.5,0.6717284130612878,55800,7260
all,75.75,0.6671280553295471,55800,7260
all,76.0,0.660727401026498,55800,7260
all,76.25,0.6547836202495998,55800,7260
all,76.5,0.6488868392328079,55800,7260
all,76.75,0.6434483812498186,55800,7260
all,77.0,0.6368091047196036,55800,7260
all,77.25,0.6328522595188932,55800,7260
all,77.5,0.6258005528180564,55800,7260
all,77.75,0.6198191111683468,55800,7260
all,78.0,0.6136651511501392,55800,7260
all,78.25,0.6098012093826874,55800,7260
all,78.5,0.6035399643965481,55800,7260
all,78.75,0.5975254635607397,55800,7260
all,79.0,0.5903970316734735,55800,7260
all,79.25,0.585141469256175,55800,7260
all,79.5,0.5791968180422484,55800,7260
all,79.75,0.5724509408865329,55800,7260
all,80.0,0.5658166525784758,55800,7260
all,80.25,0.5598633580530135,55800,7260
all,80.5,0.5532950671202035,55800,7260
all,80.75,0.5455766929899506,55800,7260
all,81.0,0.5376758992956215,55800,7260
all,81.25,0.5291327645050634,55800,7260
all,81.5,0.5215029465772211,55800,7260
all,81.75,0.5142712368624976,55800,7260
all,82.0,0.5079960368746542,55800,7260
all,82.25,0.5007138237378065,55800,7260
all,82.5,0.4936058923876325,55800,7260
all,82.75,0.4844061430637512,55800,7260
all,83.0,0.4775459640319174,55800,7260
all,83.25,0.47075954813760496,55800,7260
all,83.5,0.46388507604250334,55800,7260
all,83.75,0.4555832946299289,55800,7260
all,84.0,0.4478039658172511,55800,7260
all,84.25,0.4392835848812063,55800,7260
all,84.5,0.43057761675526984,55800,7260
all,84.75,0.4229636674951916,55800,7260
all,85.0,0.41575680979773905,55800,7260
all,85.25,0.4066908008794374,55800,7260
all,85.5,0.3986289059158247,55800,7260
all,85.75,0.3902421307659878,55800,7260
all,86.0,0.3799706915610841,55800,7260
all,86.25,0.3729737267453012,55800,7260
all,86.5,0.3641634842096994,55800,7260
all,86.75,0.35619121805113124,55800,7260
all,87.0,0.34643057969967334,55800,7260
all,87.25,0.3376779588900985,55800,7260
all,87.5,0.33101361991609646,55800,7260
all,87.75,0.3228624241803253,55800,7260
all,88.0,0.3152148838608138,55800,7260
all,88.25,0.3053548276624068,55800,7260
all,88.5,0.2965261798132898,55800,7260
all,88.75,0.2861870222343075,55800,7260
all,89.0,0.27431070721490314,55800,7260
all,89.25,0.26742628970901366,55800,7260
all,89.5,0.2597460818689231,55800,7260
all,89.75,0.25269896339616255,55800,7260
all,90.0,0.24140969341991192,55800,7260
all,90.25,0.23025031283870048,55800,7260
all,90.5,0.22153569445321725,55800,7260
all,90.75,0.21354712077619234,55800,7260
all,91.0,0.20740277596583873,55800,7260
all,91.25,0.1968916036276098,55800,7260
all,91.5,0.18879612989041572,55800,7260
all,91.75,0.18361907538030067,55800,7260
all,92.0,0.17461573664702265,55800,7260
all,92.25,0.16727652644492028,55800,7260
all,92.5,0.16083870549367138,55800,7260
all,92.75,0.15422995934545464,55800,7260
all,93.0,0.14807447287614375,55800,7260
all,93.25,0.14056160938150578,55800,7260
all,93.5,0.13525863452404058,55800,7260
all,93.75,0.1273121467048889,55800,7260
all,94.0,0.12047255923990838,55800,7260
all,94.25,0.11449239203972826,55800,7260
all,94.5,0.10699948932331996,55800,7260
all,94.75,0.10104327199028558,55800,7260
all,95.0,0.09704839095979535,55800,7260
all,95.25,0.0918499925990355,55800,7260
all,95.5,0.08836535034397047,55800,7260
all,95.75,0.08074228196955181,55800,7260
all,96.0,0.07700880055445844,55800,7260
all,96.25,0.07048271565394403,55800,7260
all,96.5,0.06775964516874988,55800,7260
all,96.75,0.06487717601388752,55800,7260
all,97.0,0.06284065077110954,55800,7260
all,97.25,0.05970238629648461,55800,7260
all,97.5,0.05526204912386026,55800,7260
all,97.75,0.04994612303453242,55800,7260
all,98.0,0.04869746995866913,55800,7260
all,98.25,0.04606323635620531,55800,7260
all,98.5,0.04270412756280362,55800,7260
all,98.75,0.03914545026590333,55800,7260
all,99.0,0.0368870589044089,55800,7260
all,99.25,0.0368870589044089,55800,7260
all,99.5,0.03344985568831626,55800,7260
all,99.75,0.03057244874738584,55800,7260
all,100.0,0.02951822637678632,55800,7260
all,100.25,0.02823482522996953,55800,7260
all,100.5,0.026951424083152726,55800,7260
all,100.75,0.02269593607002335,55800,7260
all,101.0,0.020804608064188074,55800,7260
all,101.25,0.020804608064188074,55800,7260
all,101.5,0.020804608064188074,55800,7260
all,101.75,0.020804608064188074,55800,7260
all,102.0,0.01664368645135045,55800,7260
all,102.25,0.01664368645135045,55800,7260
all,102.5,0.01664368645135045,55800,7260
all,102.75,0.01664368645135045,55800,7260
all,103.0,0.01664368645135045,55800,7260
all,103.25,0.01664368645135045,55800,7260
all,103.5,0.01664368645135045,55800,7260
all,103.75,0.01664368645135045,55800,7260
all,104.0,0.01664368645135045,55800,7260
all,104.25,0.01664368645135045,55800,7260
all,104.5,0.01664368645135045,55800,7260
all,104.75,0.01664368645135045,55800,7260
all,105.0,0.01664368645135045,55800,7260
all,105.25,0.01664368645135045,55800,7260
all,105.5,0.01664368645135045,55800,7260
all,105.75,0.01664368645135045,55800,7260
all,106.0,0.01664368645135045,55800,7260
all,106.25,0.01664368645135045,55800,7260
all,106.5,0.01664368645135045,55800,7260
all,106.75,0.01664368645135045,55800,7260
all,107.0,0.01664368645135045,55800,7260
all,107.25,0.01664368645135045,55800,7260
all,107.5,0.01664368645135045,55800,7260
all,107.75,0.01664368645135045,55800,7260
all,108.0,0.01664368645135045,55800,7260
all,108.25,0.01664368645135045,55800,7260
all,108.5,0.01664368645135045,55800,7260
all,108.75,0.01664368645135045,55800,7260
all,109.0,0.01664368645135045,55800,7260
all,109.25,0.01664368645135045,55800,7260
all,109.5,0.01664368645135045,55800,7260
all,109.75,0.01664368645135045,55800,7260
all,110.0,0.01664368645135045,55800,7260
diet__0,20.0,1.0,25916,1890
diet__0,20.25,1.0,25916,1890
diet__0,20.5,0.9994908350305504,25916,1890
diet__0,20.75,0.9989900881192125,25916,1890
diet__0,21.0,0.9989900881192125,25916,1890
diet__0,21.25,0.9985498104250218,25916,1890
diet__0,21.5,0.9981160355290942,25916,1890
diet__0,21.75,0.9981160355290942,25916,1890
diet__0,22.0,0.9981160355290942,25916,1890
diet__0,22.25,0.9981160355290942,25916,1890
diet__0,22.5,0.9981160355290942,25916,1890
diet__0,22.75,0.9981160355290942,25916,1890
diet__0,23.0,0.9977471825965261,25916,1890
diet__0,23.25,0.9977471825965261,25916,1890
diet__0,23.5,0.9977471825965261,25916,1890
diet__0,23.75,0.9974197302884867,25916,1890
diet__0,24.0,0.996761910132402,25916,1890
diet__0,24.25,0.9961580785044901,25916,1890
diet__0,24.5,0.9961580785044901,25916,1890
diet__0,24.75,0.9955508501725778,25916,1890
diet__0,25.0,0.9955508501725778,25916,1890
diet__0,25.25,0.9955508501725778,25916,1890
diet__0,25.5,0.9952661630549988,25916,1890
diet__0,25.75,0.9946942493648058,25916,1890
diet__0,26.0,0.9944052620756242,25916,1890
diet__0,26.25,0.9944052620756242,25916,1890
diet__0,26.5,0.9938639418458606,25916,1890
diet__0,26.75,0.993315980992099,25916,1890
diet__0,27.0,0.9930419627904464,25916,1890
diet__0,27.25,0.9927817316681213,25916,1890
diet__0,27.5,0.9922590519965307,25916,1890
diet__0,27.75,0.9919954337574243,25916,1890
diet__0,28.0,0.9917301943366331,25916,1890
diet__0,28.25,0.9912311849403238,25916,1890
diet__0,28.5,0.9909778674895353,25916,1890
diet__0,28.75,0.9909778674895353,25916,1890
diet__0,29.0,0.9909778674895353,25916,1890
diet__0,29.25,0.9907354560738085,25916,1890
diet__0,29.5,0.9907354560738085,25916,1890
diet__0,29.75,0.9904847639037504,25916,1890
diet__0,30.0,0.9902350828440314,25916,1890
diet__0,30.25,0.9899947345229534,25916,1890
diet__0,30.5,0.9895116815193769,25916,1890
diet__0,30.75,0.9890202624222185,25916,1890
diet__0,31.0,0.9890202624222185,25916,1890
diet__0,31.25,0.9885445976543066,25916,1890
diet__0,31.5,0.9883015925909711,25916,1890
diet__0,31.75,0.98780725491092,25916,1890
diet__0,32.0,0.9875564150798108,25916,1890
diet__0,32.25,0.9875564150798108,25916,1890
diet__0,32.5,0.9875564150798108,25916,1890
diet__0,32.75,0.9875564150798108,25916,1890
diet__0,33.0,0.9872991049143397,25916,1890
diet__0,33.25,0.9868014623036659,25916,1890
diet__0,33.5,0.9868014623036659,25916,1890
diet__0,33.75,0.9865419143125289,25916,1890
diet__0,34.0,0.9862752092802733,25916,1890
diet__0,34.25,0.9860241847933084,25916,1890
diet__0,34.5,0.9857630555070809,25916,1890
diet__0,34.75,0.9857630555070809,25916,1890
diet__0,35.0,0.985227843868493,25916,1890
diet__0,35.25,0.9847162337381894,25916,1890
diet__0,35.5,0.9844563455793764,25916,1890
diet__0,35.75,0.9844563455793764,25916,1890
diet__0,36.0,0.9836412299094082,25916,1890
diet__0,36.25,0.9836412299094082,25916,1890
diet__0,36.5,0.9828573578550814,25916,1890
diet__0,36.75,0.9825910730114462,25916,1890
diet__0,37.0,0.9823231179874453,25916,1890
diet__0,37.25,0.9820625548261754,25916,1890
diet__0,37.5,0.9810095919903085,25916,1890
diet__0,37.75,0.9799420623707813,25916,1890
diet__0,38.0,0.9799420623707813,25916,1890
diet__0,38.25,0.979162942601251,25916,1890
diet__0,38.5,0.9783702877041422,25916,1890
diet__0,38.75,0.9778277384141759,25916,1890
diet__0,39.0,0.9778277384141759,25916,1890
diet__0,39.25,0.977562816241752,25916,1890
diet__0,39.5,0.9770229300705767,25916,1890
diet__0,39.75,0.9770229300705767,25916,1890
diet__0,40.0,0.9767443378464327,25916,1890
diet__0,40.25,0.9762177840691832,25916,1890
diet__0,40.5,0.9748921549234566,25916,1890
diet__0,40.75,0.9743506192153647,25916,1890
diet__0,41.0,0.9740794389706626,25916,1890
diet__0,41.25,0.9735550354281751,25916,1890
diet__0,41.5,0.9732916989295465,25916,1890
diet__0,41.75,0.9730224619450561,25916,1890
diet__0,42.0,0.9730224619450561,25916,1890
diet__0,42.25,0.971707830643003,25916,1890
diet__0,42.5,0.971707830643003,25916,1890
diet__0,42.75,0.9714354910043688,25916,1890
diet__0,43.0,0.9697774906091361,25916,1890
diet__0,43.25,0.9689841691848976,25916,1890
diet__0,43.5,0.9687150069156805,25916,1890
diet__0,43.75,0.9681681689262996,25916,1890
diet__0,44.0,0.9673366637985119,25916,1890
diet__0,44.25,0.9662806830233077,25916,1890
diet__0,44.5,0.9654836191027427,25916,1890
diet__0,44.75,0.9654836191027427,25916,1890
diet__0,45.0,0.9649300161101377,25916,1890
diet__0,45.25,0.9649300161101377,25916,1890
diet__0,45.5,0.9644050188217643,25916,1890
diet__0,45.75,0.9628038604765496,25916,1890
diet__0,46.0,0.9625294009952294,25916,1890
diet__0,46.25,0.9622734771981031,25916,1890
diet__0,46.5,0.9617452608678995,25916,1890
diet__0,46.75,0.9614803172698634,25916,1890
diet__0,47.0,0.9612079432423067,25916,1890
diet__0,47.25,0.9612079432423067,25916,1890
diet__0,47.5,0.9599032032776509,25916,1890
diet__0,47.75,0.9580346858608177,25916,1890
diet__0,48.0,0.957484948457144,25916,1890
diet__0,48.25,0.9561872321865205,25916,1890
diet__0,48.5,0.9553807011935689,25916,1890
diet__0,48.75,0.9529352462585439,25916,1890
diet__0,49.0,0.9529352462585439,25916,1890
diet__0,49.25,0.9529352462585439,25916,1890
diet__0,49.5,0.95185387569004,25916,1890
diet__0,49.75,0.9515823053974042,25916,1890
diet__0,50.0,0.9498933280636543,25916,1890
diet__0,50.25,0.9490966860090819,25916,1890
diet__0,50.5,0.9485553250262833,25916,1890
diet__0,50.75,0.9480058024553077,25916,1890
diet__0,51.0,0.9477269772192913,25916,1890
diet__0,51.25,0.946131270343785,25916,1890
diet__0,51.5,0.9450498018310507,25916,1890
diet__0,51.75,0.9447760330587937,25916,1890
diet__0,52.0,0.9422836004766527,25916,1890
diet__0,52.25,0.940975071192594,25916,1890
diet__0,52.5,0.939126233952188,25916,1890
diet__0,52.75,0.9383211129991252,25916,1890
diet__0,53.0,0.937504759588396,25916,1890
diet__0,53.25,0.9362135453211105,25916,1890
diet__0,53.5,0.9341036852371638,25916,1890
diet__0,53.75,0.9319825619263649,25916,1890
diet__0,54.0,0.9303566771320981,25916,1890
diet__0,54.25,0.9290774129608947,25916,1890
diet__0,54.5,0.9277672227096966,25916,1890
diet__0,54.75,0.9267044754285589,25916,1890
diet__0,55.0,0.9253519089376268,25916,1890
diet__0,55.25,0.9238083685397841,25916,1890
diet__0,55.5,0.9227540399994445,25916,1890
diet__0,55.75,0.9208717831825205,25916,1890
diet__0,56.0,0.9189655655196683,25916,1890
diet__0,56.25,0.9179191537194227,25916,1890
diet__0,56.5,0.9160675155688754,25916,1890
diet__0,56.75,0.9139072166347717,25916,1890
diet__0,57.0,0.9127937470491863,25916,1890
diet__0,57.25,0.9106768475294278,25916,1890
diet__0,57.5,0.9093215647095964,25916,1890
diet__0,57.75,0.9070967784584157,25916,1890
diet__0,58.0,0.9059507977645057,25916,1890
diet__0,58.25,0.9040305929988669,25916,1890
diet__0,58.5,0.9014949202399335,25916,1890
diet__0,58.75,0.8994772997598055,25916,1890
diet__0,59.0,0.8980095681053721,25916,1890
diet__0,59.25,0.8957713038576154,25916,1890
diet__0,59.5,0.8932101522380064,25916,1890
diet__0,59.75,0.8917571392743207,25916,1890
diet__0,60.0,0.8890773466942151,25916,1890
diet__0,60.25,0.8874309436676562,25916,1890
diet__0,60.5,0.886041757753356,25916,1890
diet__0,60.75,0.8829393497495615,25916,1890
diet__0,61.0,0.8806400780956589,25916,1890
diet__0,61.25,0.8793205394421433,25916,1890
diet__0,61.5,0.876624839463989,25916,1890
diet__0,61.75,0.8733574192308926,25916,1890
diet__0,62.0,0.8711236373127531,25916,1890
diet__0,62.25,0.8693175481223561,25916,1890
diet__0,62.5,0.8664459948130705,25916,1890
diet__0,62.75,0.8632356198406022,25916,1890
diet__0,63.0,0.8599307029278159,25916,1890
diet__0,63.25,0.8584084132767078,25916,1890
diet__0,63.5,0.8550335760532474,25916,1890
diet__0,63.75,0.8524009166147855,25916,1890
diet__0,64.0,0.8491401473619327,25916,1890
diet__0,64.25,0.8473324292884516,25916,1890
diet__0,64.5,0.8439189114983474,25916,1890
diet__0,64.75,0.8423107913629677,25916,1890
diet__0,65.0,0.8395681695107167,25916,1890
diet__0,65.25,0.8369874534393602,25916,1890
diet__0,65.5,0.8327330925645604,25916,1890
diet__0,65.75,0.8302953212665678,25916,1890
diet__0,66.0,0.8280688947626701,25916,1890
diet__0,66.25,0.8254574193013178,25916,1890
diet__0,66.5,0.8216858063574458,25916,1890
diet__0,66.75,0.8170004523547086,25916,1890
diet__0,67.0,0.8147643837446696,25916,1890
diet__0,67.25,0.8088967196308122,25916,1890
diet__0,67.5,0.8064497513709231,25916,1890
diet__0,67.75,0.8042269816645385,25916,1890
diet__0,68.0,0.8025288438684184,25916,1890
diet__0,68.25,0.7981941788919873,25916,1890
diet__0,68.5,0.7945991697909351,25916,1890
diet__0,68.75,0.7906343361733745,25916,1890
diet__0,69.0,0.7871250801316564,25916,1890
diet__0,69.25,0.7837953371052216,25916,1890
diet__0,69.5,0.7812370592559492,25916,1890
diet__0,69.75,0.7763223439685064,25916,1890
diet__0,70.0,0.7739355373838831,25916,1890
diet__0,70.25,0.7702656624362422,25916,1890
diet__0,70.5,0.7673846328933078,25916,1890
diet__0,70.75,0.7632422165399564,25916,1890
diet__0,71.0,0.7592668550234122,25916,1890
diet__0,71.25,0.7540294973739825,25916,1890
diet__0,71.5,0.7492730778861104,25916,1890
diet__0,71.75,0.7432587278739,25916,1890
diet__0,72.0,0.7361498733129912,25916,1890
diet__0,72.25,0.7331853669216195,25916,1890
diet__0,72.5,0.7286252794394009,25916,1890
diet__0,72.75,0.7227010901578202,25916,1890
diet__0,73.0,0.7191872635290071,25916,1890
diet__0,73.25,0.7164119559160982,25916,1890
diet__0,73.5,0.7135397159844531,25916,1890
diet__0,73.75,0.7079754524683642,25916,1890
diet__0,74.0,0.7043051297815393,25916,1890
diet__0,74.25,0.6995085640244751,25916,1890
diet__0,74.5,0.6952733411670535,25916,1890
diet__0,74.75,0.6899736412092274,25916,1890
diet__0,75.0,0.684170852203835,25916,1890
diet__0,75.25,0.680242211264223,25916,1890
diet__0,75.5,0.677223675866917,25916,1890
diet__0,75.75,0.6734643485918966,25916,1890
diet__0,76.0,0.668175844951952,25916,1890
diet__0,76.25,0.6616730887799833,25916,1890
diet__0,76.5,0.6550447253312635,25916,1890
diet__0,76.75,0.6482569643953499,25916,1890
diet__0,77.0,0.6409279611659628,25916,1890
diet__0,77.25,0.6367006064746528,25916,1890
diet__0,77.5,0.630261735850534,25916,1890
diet__0,77.75,0.6244086842929093,25916,1890
diet__0,78.0,0.61763515970756,25916,1890
diet__0,78.25,0.6140301116607134,25916,1890
diet__0,78.5,0.6077283333724817,25916,1890
diet__0,78.75,0.6020490855964177,25916,1890
diet__0,79.0,0.5950900679403566,25916,1890
diet__0,79.25,0.5887046787805064,25916,1890
diet__0,79.5,0.5833555311548947,25916,1890
diet__0,79.75,0.5771050453430981,25916,1890
diet__0,80.0,0.573102567721529,25916,1890
diet__0,80.25,0.5673546199252837,25916,1890
diet__0,80.5,0.5622393191882519,25916,1890
diet__0,80.75,0.5543346298550675,25916,1890
diet__0,81.0,0.5438986547706698,25916,1890
diet__0,81.25,0.5346134304187123,25916,1890
diet__0,81.5,0.5273879302525781,25916,1890
diet__0,81.75,0.5189852052321219,25916,1890
diet__0,82.0,0.5122900841937326,25916,1890
diet__0,82.25,0.5059315294017225,25916,1890
diet__0,82.5,0.4961132170334621,25916,1890
diet__0,82.75,0.48714781686742603,25916,1890
diet__0,83.0,0.4767370169789161,25916,1890
diet__0,83.25,0.4690072567054285,25916,1890
diet__0,83.5,0.4622783295977129,25916,1890
diet__0,83.75,0.4534435335889561,25916,1890
diet__0,84.0,0.4469027621838677,25916,1890
diet__0,84.25,0.43880423853116846,25916,1890
diet__0,84.5,0.4303127412266687,25916,1890
diet__0,84.75,0.4222878581299742,25916,1890
diet__0,85.0,0.41615101673187216,25916,1890
diet__0,85.25,0.40486917405937584,25916,1890
diet__0,85.5,0.39453817987049566,25916,1890
diet__0,85.75,0.3865393668429065,25916,1890
diet__0,86.0,0.3762132586841188,25916,1890
diet__0,86.25,0.36845244002086397,25916,1890
diet__0,86.5,0.36035337502352455,25916,1890
diet__0,86.75,0.35174777686305414,25916,1890
diet__0,87.0,0.34276367246112327,25916,1890
diet__0,87.25,0.33450500996768046,25916,1890
diet__0,87.5,0.3295443763043322,25916,1890
diet__0,87.75,0.31905638172570744,25916,1890
diet__0,88.0,0.31061761024499634,25916,1890
diet__0,88.25,0.3029094721003079,25916,1890
diet__0,88.5,0.2930047310539576,25916,1890
diet__0,88.75,0.28431070561710486,25916,1890
diet__0,89.0,0.2751347795828533,25916,1890
diet__0,89.25,0.2594436251292475,25916,1890
diet__0,89.5,0.2573343273639692,25916,1890
diet__0,89.75,0.2508086883824318,25916,1890
diet__0,90.0,0.24385550702375386,25916,1890
diet__0,90.25,0.23414466512286877,25916,1890
diet__0,90.5,0.2289948557726589,25916,1890
diet__0,90.75,0.21511534627162063,25916,1890
diet__0,91.0,0.20591967562130303,25916,1890
diet__0,91.25,0.19920731550541476,25916,1890
diet__0,91.5,0.1955853643144072,25916,1890
diet__0,91.75,0.1955853643144072,25916,1890
diet__0,92.0,0.19142397358431348,25916,1890
diet__0,92.25,0.18726258285421968,25916,1890
diet__0,92.5,0.17419775149229735,25916,1890
diet__0,92.75,0.16935892506195577,25916,1890
diet__0,93.0,0.16437778020719232,25916,1890
diet__0,93.25,0.1544154904976655,25916,1890
diet__0,93.5,0.1490908184115391,25916,1890
diet__0,93.75,0.13844147423928632,25916,1890
diet__0,94.0,0.12757026873011154,25916,1890
diet__0,94.25,0.12757026873011154,25916,1890
diet__0,94.5,0.12757026873011154,25916,1890
diet__0,94.75,0.11621308124482212,25916,1890
diet__0,95.0,0.11621308124482212,25916,1890
diet__0,95.25,0.11621308124482212,25916,1890
diet__0,95.5,0.1093770176421855,25916,1890
diet__0,95.75,0.08617583208172191,25916,1890
diet__0,96.0,0.08617583208172191,25916,1890
diet__0,96.25,0.07540385307150671,25916,1890
diet__0,96.5,0.06283654422625558,25916,1890
diet__0,96.75,0.06283654422625558,25916,1890
diet__0,97.0,0.06283654422625558,25916,1890
diet__0,97.25,0.041891029484170374,25916,1890
diet__0,97.5,0.041891029484170374,25916,1890
diet__0,97.75,0.041891029484170374,25916,1890
diet__0,98.0,0.041891029484170374,25916,1890
diet__0,98.25,0.0,25916,1890
diet__0,98.5,0.0,25916,1890
diet__0,98.75,0.0,25916,1890
diet__0,99.0,0.0,25916,1890
diet__0,99.25,0.0,25916,1890
diet__0,99.5,0.0,25916,1890
diet__0,99.75,0.0,25916,1890
diet__0,100.0,0.0,25916,1890
diet__0,100.25,0.0,25916,1890
diet__0,100.5,0.0,25916,1890
diet__0,100.75,0.0,25916,1890
diet__0,101.0,0.0,25916,1890
diet__0,101.25,0.0,25916,1890
diet__0,101.5,0.0,25916,1890
diet__0,101.75,0.0,25916,1890
diet__0,102.0,0.0,25916,1890
diet__0,102.25,0.0,25916,1890
diet__0,102.5,0.0,25916,1890
diet__0,102.75,0.0,25916,1890
diet__0,103.0,0.0,25916,1890
diet__0,103.25,0.0,25916,1890
diet__0,103.5,0.0,25916,1890
diet__0,103.75,0.0,25916,1890
diet__0,104.0,0.0,25916,1890
diet__0,104.25,0.0,25916,1890
diet__0,104.5,0.0,25916,1890
diet__0,104.75,0.0,25916,1890
diet__0,105.0,0.0,25916,1890
diet__0,105.25,0.0,25916,1890
diet__0,105.5,0.0,25916,1890
diet__0,105.75,0.0,25916,1890
diet__0,106.0,0.0,25916,1890
diet__0,106.25,0.0,25916,1890
diet__0,106.5,0.0,25916,1890
diet__0,106.75,0.0,25916,1890
diet__0,107.0,0.0,25916,1890
diet__0,107.25,0.0,25916,1890
diet__0,107.5,0.0,25916,1890
diet__0,107.75,0.0,25916,1890
diet__0,108.0,0.0,25916,1890
diet__0,108.25,0.0,25916,1890
diet__0,108.5,0.0,25916,1890
diet__0,108.75,0.0,25916,1890
diet__0,109.0,0.0,25916,1890
diet__0,109.25,0.0,25916,1890
diet__0,109.5,0.0,25916,1890
diet__0,109.75,0.0,25916,1890
diet__0,110.0,0.0,25916,1890
diet__1,20.0,1.0,11042,1028
diet__1,20.25,1.0,11042,1028
diet__1,20.5,1.0,11042,1028
diet__1,20.75,1.0,11042,1028
diet__1,21.0,1.0,11042,1028
diet__1,21.25,1.0,11042,1028
diet__1,21.5,1.0,11042,1028
diet__1,21.75,1.0,11042,1028
diet__1,22.0,1.0,11042,1028
diet__1,22.25,0.9987684729064041,11042,1028
diet__1,22.5,0.9987684729064041,11042,1028
diet__1,22.75,0.9987684729064041,11042,1028
diet__1,23.0,0.9987684729064041,11042,1028
diet__1,23.25,0.9987684729064041,11042,1028
diet__1,23.5,0.9987684729064041,11042,1028
diet__1,23.75,0.9987684729064041,11042,1028
diet__1,24.0,0.9987684729064041,11042,1028
diet__1,24.25,0.9977863996783745,11042,1028
diet__1,24.5,0.9977863996783745,11042,1028
diet__1,24.75,0.9968043264503443,11042,1028
diet__1,25.0,0.9968043264503443,11042,1028
diet__1,25.25,0.9968043264503443,11042,1028
diet__1,25.5,0.9959095290298322,11042,1028
diet__1,25.75,0.9950041567307143,11042,1028
diet__1,26.0,0.9950041567307143,11042,1028
diet__1,26.25,0.9950041567307143,11042,1028
diet__1,26.5,0.9950041567307143,11042,1028
diet__1,26.75,0.9950041567307143,11042,1028
diet__1,27.0,0.9950041567307143,11042,1028
diet__1,27.25,0.994216346630373,11042,1028
diet__1,27.5,0.994216346630373,11042,1028
diet__1,27.75,0.991800537914107,11042,1028
diet__1,28.0,0.991800537914107,11042,1028
diet__1,28.25,0.991800537914107,11042,1028
diet__1,28.5,0.991800537914107,11042,1028
diet__1,28.75,0.9894264074700428,11042,1028
diet__1,29.0,0.988631687464043,11042,1028
diet__1,29.25,0.988631687464043,11042,1028
diet__1,29.5,0.988631687464043,11042,1028
diet__1,29.75,0.988631687464043,11042,1028
diet__1,30.0,0.988631687464043,11042,1028
diet__1,30.25,0.988631687464043,11042,1028
diet__1,30.5,0.988631687464043,11042,1028
diet__1,30.75,0.9878827240644489,11042,1028
diet__1,31.0,0.9878827240644489,11042,1028
diet__1,31.25,0.9878827240644489,11042,1028
diet__1,31.5,0.9878827240644489,11042,1028
diet__1,31.75,0.9871388364710267,11042,1028
diet__1,32.0,0.9871388364710267,11042,1028
diet__1,32.25,0.9871388364710267,11042,1028
diet__1,32.5,0.9856643600281919,11042,1028
diet__1,32.75,0.9849073213492148,11042,1028
diet__1,33.0,0.9849073213492148,11042,1028
diet__1,33.25,0.9849073213492148,11042,1028
diet__1,33.5,0.9849073213492148,11042,1028
diet__1,33.75,0.9849073213492148,11042,1028
diet__1,34.0,0.9849073213492148,11042,1028
diet__1,34.25,0.9849073213492148,11042,1028
diet__1,34.5,0.9849073213492148,11042,1028
diet__1,34.75,0.9841673459011685,11042,1028
diet__1,35.0,0.9841673459011685,11042,1028
diet__1,35.25,0.9841673459011685,11042,1028
diet__1,35.5,0.9841673459011685,11042,1028
diet__1,35.75,0.9841673459011685,11042,1028
diet__1,36.0,0.9841673459011685,11042,1028
diet__1,36.25,0.9841673459011685,11042,1028
diet__1,36.5,0.9834582916173774,11042,1028
diet__1,36.75,0.9834582916173774,11042,1028
diet__1,37.0,0.9834582916173774,11042,1028
diet__1,37.25,0.9834582916173774,11042,1028
diet__1,37.5,0.9834582916173774,11042,1028
diet__1,37.75,0.9834582916173774,11042,1028
diet__1,38.0,0.9827194048468157,11042,1028
diet__1,38.25,0.9827194048468157,11042,1028
diet__1,38.5,0.9820052192328279,11042,1028
diet__1,38.75,0.9820052192328279,11042,1028
diet__1,39.0,0.9820052192328279,11042,1028
diet__1,39.25,0.9820052192328279,11042,1028
diet__1,39.5,0.9820052192328279,11042,1028
diet__1,39.75,0.9812690833863271,11042,1028
diet__1,40.0,0.9812690833863271,11042,1028
diet__1,40.25,0.9812690833863271,11042,1028
diet__1,40.5,0.9812690833863271,11042,1028
diet__1,40.75,0.9812690833863271,11042,1028
diet__1,41.0,0.9812690833863271,11042,1028
diet__1,41.25,0.9806010989864725,11042,1028
diet__1,41.5,0.9806010989864725,11042,1028
diet__1,41.75,0.9806010989864725,11042,1028
diet__1,42.0,0.9798971498845442,11042,1028
diet__1,42.25,0.978561230116467,11042,1028
diet__1,42.5,0.978561230116467,11042,1028
diet__1,42.75,0.978561230116467,11042,1028
diet__1,43.0,0.9771511848768873,11042,1028
diet__1,43.25,0.9771511848768873,11042,1028
diet__1,43.5,0.9771511848768873,11042,1028
diet__1,43.75,0.9771511848768873,11042,1028
diet__1,44.0,0.9757324530128106,11042,1028
diet__1,44.25,0.9757324530128106,11042,1028
diet__1,44.5,0.9750453174825195,11042,1028
diet__1,44.75,0.9750453174825195,11042,1028
diet__1,45.0,0.9750453174825195,11042,1028
diet__1,45.25,0.9750453174825195,11042,1028
diet__1,45.5,0.9743533051919006,11042,1028
diet__1,45.75,0.9736503085792081,11042,1028
diet__1,46.0,0.9729328065095104,11042,1028
diet__1,46.25,0.9729328065095104,11042,1028
diet__1,46.5,0.9729328065095104,11042,1028
diet__1,46.75,0.9729328065095104,11042,1028
diet__1,47.0,0.972196851285222,11042,1028
diet__1,47.25,0.9715136490004116,11042,1028
diet__1,47.5,0.970817223445573,11042,1028
diet__1,47.75,0.9701227905246534,11042,1028
diet__1,48.0,0.969399358167812,11042,1028
diet__1,48.25,0.9680237362374575,11042,1028
diet__1,48.5,0.9680237362374575,11042,1028
diet__1,48.75,0.9680237362374575,11042,1028
diet__1,49.0,0.9665783339873577,11042,1028
diet__1,49.25,0.9658933032758146,11042,1028
diet__1,49.5,0.9651841305127634,11042,1028
diet__1,49.75,0.9644649173007563,11042,1028
diet__1,50.0,0.9644649173007563,11042,1028
diet__1,50.25,0.9630978515072747,11042,1028
diet__1,50.5,0.9630978515072747,11042,1028
diet__1,50.75,0.9630978515072747,11042,1028
diet__1,51.0,0.9623807272693693,11042,1028
diet__1,51.25,0.9596910683598089,11042,1028
diet__1,51.5,0.9583365290960688,11042,1028
diet__1,51.75,0.9562451035609015,11042,1028
diet__1,52.0,0.954831500294661,11042,1028
diet__1,52.25,0.9541716305639807,11042,1028
diet__1,52.5,0.953505309592916,11042,1028
diet__1,52.75,0.9528217932419537,11042,1028
diet__1,53.0,0.9514179426672364,11042,1028
diet__1,53.25,0.9514179426672364,11042,1028
diet__1,53.5,0.9500455226155374,11042,1028
diet__1,53.75,0.9486447914542708,11042,1028
diet__1,54.0,0.9479441675314829,11042,1028
diet__1,54.25,0.9479441675314829,11042,1028
diet__1,54.5,0.945921486219714,11042,1028
diet__1,54.75,0.945921486219714,11042,1028
diet__1,55.0,0.945921486219714,11042,1028
diet__1,55.25,0.9439723247482961,11042,1028
diet__1,55.5,0.9419636390603933,11042,1028
diet__1,55.75,0.9399260285029533,11042,1028
diet__1,56.0,0.9392338885703295,11042,1028
diet__1,56.25,0.9392338885703295,11042,1028
diet__1,56.5,0.9359243237677053,11042,1028
diet__1,56.75,0.9339211009438952,11042,1028
diet__1,57.0,0.9312241108370837,11042,1028
diet__1,57.25,0.9305765280061813,11042,1028
diet__1,57.5,0.9305765280061813,11042,1028
diet__1,57.75,0.9278908368207828,11042,1028
diet__1,58.0,0.9265347670906171,11042,1028
diet__1,58.25,0.9239127737239422,11042,1028
diet__1,58.5,0.9225829239464912,11042,1028
diet__1,58.75,0.9191545961874583,11042,1028
diet__1,59.0,0.9184566807765345,11042,1028
diet__1,59.25,0.9164615971880892,11042,1028
diet__1,59.5,0.9164615971880892,11042,1028
diet__1,59.75,0.9164615971880892,11042,1028
diet__1,60.0,0.9164615971880892,11042,1028
diet__1,60.25,0.9151689856264698,11042,1028
diet__1,60.5,0.9131890079703952,11042,1028
diet__1,60.75,0.9111979555498654,11042,1028
diet__1,61.0,0.9098544983970578,11042,1028
diet__1,61.25,0.907425334535196,11042,1028
diet__1,61.5,0.9061911616015235,11042,1028
diet__1,61.75,0.904959491160843,11042,1028
diet__1,62.0,0.9030722742803573,11042,1028
diet__1,62.25,0.9024835700598359,11042,1028
diet__1,62.5,0.8989063531237182,11042,1028
diet__1,62.75,0.8946911444119546,11042,1028
diet__1,63.0,0.8928529783983237,11042,1028
diet__1,63.25,0.8911295421548285,11042,1028
diet__1,63.5,0.8887890525279464,11042,1028
diet__1,63.75,0.8870258756499371,11042,1028
diet__1,64.0,0.8840138450240894,11042,1028
diet__1,64.25,0.8817556292050843,11042,1028
diet__1,64.5,0.8811739962042892,11042,1028
diet__1,64.75,0.8800022005013639,11042,1028
diet__1,65.0,0.8782013673961488,11042,1028
diet__1,65.25,0.8759294267507934,11042,1028
diet__1,65.5,0.8759294267507934,11042,1028
diet__1,65.75,0.8718831854872524,11042,1028
diet__1,66.0,0.8701213515148165,11042,1028
diet__1,66.25,0.8673627142313951,11042,1028
diet__1,66.5,0.8662442441628784,11042,1028
diet__1,66.75,0.8628134992407946,11042,1028
diet__1,67.0,0.8599284163254324,11042,1028
diet__1,67.25,0.8550068158130545,11042,1028
diet__1,67.5,0.85390172100423,11042,1028
diet__1,67.75,0.8516564368548601,11042,1028
diet__1,68.0,0.8476448582270616,11042,1028
diet__1,68.25,0.8460164295472967,11042,1028
diet__1,68.5,0.8432805443562246,11042,1028
diet__1,68.75,0.8415904695142917,11042,1028
diet__1,69.0,0.8387410240110235,11042,1028
diet__1,69.25,0.8365799388852967,11042,1028
diet__1,69.5,0.8360218468646926,11042,1028
diet__1,69.75,0.8326601472382813,11042,1028
diet__1,70.0,0.8303653852575471,11042,1028
diet__1,70.25,0.8255223255654743,11042,1028
diet__1,70.5,0.8238939835793619,11042,1028
diet__1,70.75,0.8189561717280344,11042,1028
diet__1,71.0,0.8161453155151867,11042,1028
diet__1,71.25,0.8102828279821153,11042,1028
diet__1,71.5,0.8043054108427578,11042,1028
diet__1,71.75,0.8004609149956485,11042,1028
diet__1,72.0,0.7976585103032221,11042,1028
diet__1,72.25,0.7944646262468584,11042,1028
diet__1,72.5,0.7917438085644131,11042,1028
diet__1,72.75,0.7884534324903203,11042,1028
diet__1,73.0,0.7839581238786718,11042,1028
diet__1,73.25,0.7807431823651744,11042,1028
diet__1,73.5,0.778009630297091,11042,1028
diet__1,73.75,0.770815779818542,11042,1028
diet__1,74.0,0.7657868439494961,11042,1028
diet__1,74.25,0.7594984671337794,11042,1028
diet__1,74.5,0.7563169015602026,11042,1028
diet__1,74.75,0.7498515001121945,11042,1028
diet__1,75.0,0.7471227620186545,11042,1028
diet__1,75.25,0.7424612785118667,11042,1028
diet__1,75.5,0.7387568371584965,11042,1028
diet__1,75.75,0.7355275738345622,11042,1028
diet__1,76.0,0.7272688871090123,11042,1028
diet__1,76.25,0.722577723196413,11042,1028
diet__1,76.5,0.7178056819459551,11042,1028
diet__1,76.75,0.711322077970283,11042,1028
diet__1,77.0,0.7041967591926536,11042,1028
diet__1,77.25,0.6994206054379114,11042,1028
diet__1,77.5,0.6940384291370596,11042,1028
diet__1,77.75,0.6869420609874209,11042,1028
diet__1,78.0,0.6814270227553687,11042,1028
diet__1,78.25,0.6793115326637872,11042,1028
diet__1,78.5,0.675003509218671,11042,1028
diet__1,78.75,0.6667539802664354,11042,1028
diet__1,79.0,0.6611640326955636,11042,1028
diet__1,79.25,0.6574024152857837,11042,1028
diet__1,79.5,0.6497070329971699,11042,1028
diet__1,79.75,0.6435790711343099,11042,1028
diet__1,80.0,0.6373026075603597,11042,1028
diet__1,80.25,0.6297353953079441,11042,1028
diet__1,80.5,0.6220233372800985,11042,1028
diet__1,80.75,0.6129344299349014,11042,1028
diet__1,81.0,0.6042633047304394,11042,1028
diet__1,81.25,0.5985522473558602,11042,1028
diet__1,81.5,0.5887151548296613,11042,1028
diet__1,81.75,0.5839988018371837,11042,1028
diet__1,82.0,0.5764258651824876,11042,1028
diet__1,82.25,0.5701480881517796,11042,1028
diet__1,82.5,0.5637234992334591,11042,1028
diet__1,82.75,0.5511479639102665,11042,1028
diet__1,83.0,0.5465883275112575,11042,1028
diet__1,83.25,0.5372093110452792,11042,1028
diet__1,83.5,0.5307941764855318,11042,1028
diet__1,83.75,0.5259052862353459,11042,1028
diet__1,84.0,0.5174938654709381,11042,1028
diet__1,84.25,0.5097095948752981,11042,1028
diet__1,84.5,0.5007402388436802,11042,1028
diet__1,84.75,0.4905797483018653,11042,1028
diet__1,85.0,0.47916082456153464,11042,1028
diet__1,85.25,0.4732874642944553,11042,1028
diet__1,85.5,0.46631524826257453,11042,1028
diet__1,85.75,0.4570900143116943,11042,1028
diet__1,86.0,0.4443482743740808,11042,1028
diet__1,86.25,0.43446085102674403,11042,1028
diet__1,86.5,0.42180564220930045,11042,1028
diet__1,86.75,0.4133646926707683,11042,1028
diet__1,87.0,0.39956799994245207,11042,1028
diet__1,87.25,0.39140715270886484,11042,1028
diet__1,87.5,0.38860129431657325,11042,1028
diet__1,87.75,0.3842566298033084,11042,1028
diet__1,88.0,0.3722512348472479,11042,1028
diet__1,88.25,0.35931248396090987,11042,1028
diet__1,88.5,0.35265796913622904,11042,1028
diet__1,88.75,0.3440454843503391,11042,1028
diet__1,89.0,0.33167495066383346,11042,1028
diet__1,89.25,0.3260849234054544,11042,1028
diet__1,89.5,0.31820188237432,11042,1028
diet__1,89.75,0.3097464991466848,11042,1028
diet__1,90.0,0.30071559475215653,11042,1028
diet__1,90.25,0.284154622343195,11042,1028
diet__1,90.5,0.2693807359237705,11042,1028
diet__1,90.75,0.26404329316720654,11042,1028
diet__1,91.0,0.26404329316720654,11042,1028
diet__1,91.25,0.2554331857813193,11042,1028
diet__1,91.5,0.2429730303773524,11042,1028
diet__1,91.75,0.23354593911777244,11042,1028
diet__1,92.0,0.2175369182412495,11042,1028
diet__1,92.25,0.21040456026612658,11042,1028
diet__1,92.5,0.20664733597565998,11042,1028
diet__1,92.75,0.2027483296364966,11042,1028
diet__1,93.0,0.19430048256830923,11042,1028
diet__1,93.25,0.1813471170637553,11042,1028
diet__1,93.5,0.17271154006071932,11042,1028
diet__1,93.75,0.15544038605464738,11042,1028
diet__1,94.0,0.15544038605464738,11042,1028
diet__1,94.25,0.14172505787335496,11042,1028
diet__1,94.5,0.12769443479134315,11042,1028
diet__1,94.75,0.11761870644226781,11042,1028
diet__1,95.0,0.11201781565930266,11042,1028
diet__1,95.25,0.10612214115091831,11042,1028
diet__1,95.5,0.09987966225968781,11042,1028
diet__1,95.75,0.09987966225968781,11042,1028
diet__1,96.0,0.08561113907973243,11042,1028
diet__1,96.25,0.07782830825430222,11042,1028
diet__1,96.5,0.07782830825430222,11042,1028
diet__1,96.75,0.07782830825430222,11042,1028
diet__1,97.0,0.07782830825430222,11042,1028
diet__1,97.25,0.04669698495258134,11042,1028
diet__1,97.5,0.04669698495258134,11042,1028
diet__1,97.75,0.04669698495258134,11042,1028
diet__1,98.0,0.04669698495258134,11042,1028
diet__1,98.25,0.04669698495258134,11042,1028
diet__1,98.5,0.04669698495258134,11042,1028
diet__1,98.75,0.04669698495258134,11042,1028
diet__1,99.0,0.04669698495258134,11042,1028
diet__1,99.25,0.04669698495258134,11042,1028
diet__1,99.5,0.04669698495258134,11042,1028
diet__1,99.75,0.04669698495258134,11042,1028
diet__1,100.0,0.04669698495258134,11042,1028
diet__1,100.25,0.04669698495258134,11042,1028
diet__1,100.5,0.04669698495258134,11042,1028
diet__1,100.75,0.04669698495258134,11042,1028
diet__1,101.0,0.04669698495258134,11042,1028
diet__1,101.25,0.04669698495258134,11042,1028
diet__1,101.5,0.04669698495258134,11042,1028
diet__1,101.75,0.04669698495258134,11042,1028
diet__1,102.0,0.04669698495258134,11042,1028
diet__1,102.25,0.04669698495258134,11042,1028
diet__1,102.5,0.04669698495258134,11042,1028
diet__1,102.75,0.04669698495258134,11042,1028
diet__1,103.0,0.04669698495258134,11042,1028
diet__1,103.25,0.04669698495258134,11042,1028
diet__1,103.5,0.04669698495258134,11042,1028
diet__1,103.75,0.04669698495258134,11042,1028
diet__1,104.0,0.04669698495258134,11042,1028
diet__1,104.25,0.04669698495258134,11042,1028
diet__1,104.5,0.04669698495258134,11042,1028
diet__1,104.75,0.04669698495258134,11042,1028
diet__1,105.0,0.04669698495258134,11042,1028
diet__1,105.25,0.04669698495258134,11042,1028
diet__1,105.5,0.04669698495258134,11042,1028
diet__1,105.75,0.04669698495258134,11042,1028
diet__1,106.0,0.04669698495258134,11042,1028
diet__1,106.25,0.04669698495258134,11042,1028
diet__1,106.5,0.04669698495258134,11042,1028
diet__1,106.75,0.04669698495258134,11042,1028
diet__1,107.0,0.04669698495258134,11042,1028
diet__1,107.25,0.04669698495258134,11042,1028
diet__1,107.5,0.04669698495258134,11042,1028
diet__1,107.75,0.04669698495258134,11042,1028
diet__1,108.0,0.04669698495258134,11042,1028
diet__1,108.25,0.04669698495258134,11042,1028
diet__1,108.5,0.04669698495258134,11042,1028
diet__1,108.75,0.04669698495258134,11042,1028
diet__1,109.0,0.04669698495258134,11042,1028
diet__1,109.25,0.04669698495258134,11042,1028
diet__1,109.5,0.04669698495258134,11042,1028
diet__1,109.75,0.04669698495258134,11042,1028
diet__1,110.0,0.04669698495258134,11042,1028
number_of_friends__0,20.0,,580,237
number_of_friends__0,20.25,,580,237
number_of_friends__0,20.5,,580,237
number_of_friends__0,20.75,,580,237
number_of_friends__0,21.0,,580,237
number_of_friends__0,21.25,,580,237
number_of_friends__0,21.5,,580,237
number_of_friends__0,21.75,,580,237
number_of_friends__0,22.0,,580,237
number_of_friends__0,22.25,,580,237
number_of_friends__0,22.5,,580,237
number_of_friends__0,22.75,,580,237
number_of_friends__0,23.0,,580,237
number_of_friends__0,23.25,,580,237
number_of_friends__0,23.5,,580,237
number_of_friends__0,23.75,,580,237
number_of_friends__0,24.0,,580,237
number_of_friends__0,24.25,,580,237
number_of_friends__0,24.5,,580,237
number_of_friends__0,24.75,,580,237
number_of_friends__0,25.0,,580,237
number_of_friends__0,25.25,,580,237
number_of_friends__0,25.5,,580,237
number_of_friends__0,25.75,,580,237
number_of_friends__0,26.0,,580,237
number_of_friends__0,26.25,,580,237
number_of_friends__0,26.5,,580,237
number_of_friends__0,26.75,,580,237
number_of_friends__0,27.0,,580,237
number_of_friends__0,27.25,,580,237
number_of_friends__0,27.5,,580,237
number_of_friends__0,27.75,,580,237
number_of_friends__0,28.0,,580,237
number_of_friends__0,28.25,,580,237
number_of_friends__0,28.5,,580,237
number_of_friends__0,28.75,,580,237
number_of_friends__0,29.0,,580,237
number_of_friends__0,29.25,,580,237
number_of_friends__0,29.5,,580,237
number_of_friends__0,29.75,,580,237
number_of_friends__0,30.0,,580,237
number_of_friends__0,30.25,,580,237
number_of_friends__0,30.5,,580,237
number_of_friends__0,30.75,,580,237
number_of_friends__0,31.0,,580,237
number_of_friends__0,31.25,,580,237
number_of_friends__0,31.5,,580,237
number_of_friends__0,31.75,,580,237
number_of_friends__0,32.0,,580,237
number_of_friends__0,32.25,,580,237
number_of_friends__0,32.5,,580,237
number_of_friends__0,32.75,,580,237
number_of_friends__0,33.0,,580,237
number_of_friends__0,33.25,,580,237
number_of_friends__0,33.5,,580,237
number_of_friends__0,33.75,,580,237
number_of_friends__0,34.0,,580,237
number_of_friends__0,34.25,,580,237
number_of_friends__0,34.5,,580,237
number_of_friends__0,34.75,,580,237
number_of_friends__0,35.0,,580,237
number_of_friends__0,35.25,,580,237
number_of_friends__0,35.5,,580,237
number_of_friends__0,35.75,,580,237
number_of_friends__0,36.0,,580,237
number_of_friends__0,36.25,,580,237
number_of_friends__0,36.5,,580,237
number_of_friends__0,36.75,,580,237
number_of_friends__0,37.0,,580,237
number_of_friends__0,37.25,,580,237
number_of_friends__0,37.5,,580,237
number_of_friends__0,37.75,,580,237
number_of_friends__0,38.0,,580,237
number_of_friends__0,38.25,,580,237
number_of_friends__0,38.5,,580,237
number_of_friends__0,38.75,,580,237
number_of_friends__0,39.0,,580,237
number_of_friends__0,39.25,,580,237
number_of_friends__0,39.5,,580,237
number_of_friends__0,39.75,,580,237
number_of_friends__0,40.0,1.0,580,237
number_of_friends__0,40.25,1.0,580,237
number_of_friends__0,40.5,1.0,580,237
number_of_friends__0,40.75,1.0,580,237
number_of_friends__0,41.0,1.0,580,237
number_of_friends__0,41.25,0.9600000000000003,580,237
number_of_friends__0,41.5,0.9600000000000003,580,237
number_of_friends__0,41.75,0.9600000000000003,580,237
number_of_friends__0,42.0,0.9600000000000003,580,237
number_of_friends__0,42.25,0.9600000000000003,580,237
number_of_friends__0,42.5,0.9600000000000003,580,237
number_of_friends__0,42.75,0.9600000000000003,580,237
number_of_friends__0,43.0,0.9600000000000003,580,237
number_of_friends__0,43.25,0.9600000000000003,580,237
number_of_friends__0,43.5,0.9600000000000003,580,237
number_of_friends__0,43.75,0.9600000000000003,580,237
number_of_friends__0,44.0,0.9600000000000003,580,237
number_of_friends__0,44.25,0.9600000000000003,580,237
number_of_friends__0,44.5,0.9600000000000003,580,237
number_of_friends__0,44.75,0.9600000000000003,580,237
number_of_friends__0,45.0,0.9600000000000003,580,237
number_of_friends__0,45.25,0.9600000000000003,580,237
number_of_friends__0,45.5,0.9600000000000003,580,237
number_of_friends__0,45.75,0.9600000000000003,580,237
number_of_friends__0,46.0,0.9600000000000003,580,237
number_of_friends__0,46.25,0.9600000000000003,580,237
number_of_friends__0,46.5,0.9600000000000003,580,237
number_of_friends__0,46.75,0.9600000000000003,580,237
number_of_friends__0,47.0,0.9496774193548388,580,237
number_of_friends__0,47.25,0.9496774193548388,580,237
number_of_friends__0,47.5,0.9496774193548388,580,237
number_of_friends__0,47.75,0.9496774193548388,580,237
number_of_friends__0,48.0,0.9496774193548388,580,237
number_of_friends__0,48.25,0.940718198417529,580,237
number_of_friends__0,48.5,0.9320877562302127,580,237
number_of_friends__0,48.75,0.9320877562302127,580,237
number_of_friends__0,49.0,0.9320877562302127,580,237
number_of_friends__0,49.25,0.9320877562302127,580,237
number_of_friends__0,49.5,0.9320877562302127,580,237
number_of_friends__0,49.75,0.9320877562302127,580,237
number_of_friends__0,50.0,0.9320877562302127,580,237
number_of_friends__0,50.25,0.9248058206346643,580,237
number_of_friends__0,50.5,0.9248058206346643,580,237
number_of_friends__0,50.75,0.9248058206346643,580,237
number_of_friends__0,51.0,0.9248058206346643,580,237
number_of_friends__0,51.25,0.9182000647729882,580,237
number_of_friends__0,51.5,0.9182000647729882,580,237
number_of_friends__0,51.75,0.9117790852990517,580,237
number_of_friends__0,52.0,0.9054909536762998,580,237
number_of_friends__0,52.25,0.9054909536762998,580,237
number_of_friends__0,52.5,0.9054909536762998,580,237
number_of_friends__0,52.75,0.9054909536762998,580,237
number_of_friends__0,53.0,0.9054909536762998,580,237
number_of_friends__0,53.25,0.9054909536762998,580,237
number_of_friends__0,53.5,0.8994943248440063,580,237
number_of_friends__0,53.75,0.8935374087854365,580,237
number_of_friends__0,54.0,0.8935374087854365,580,237
number_of_friends__0,54.25,0.8935374087854365,580,237
number_of_friends__0,54.5,0.8876199425020892,580,237
number_of_friends__0,54.75,0.8818561766416855,580,237
number_of_friends__0,55.0,0.8818561766416855,580,237
number_of_friends__0,55.25,0.8818561766416855,580,237
number_of_friends__0,55.5,0.8697340098299724,580,237
number_of_friends__0,55.75,0.8697340098299724,580,237
number_of_friends__0,56.0,0.8697340098299724,580,237
number_of_friends__0,56.25,0.8697340098299724,580,237
number_of_friends__0,56.5,0.8697340098299724,580,237
number_of_friends__0,56.75,0.8697340098299724,580,237
number_of_friends__0,57.0,0.8633855864005567,580,237
number_of_friends__0,57.25,0.8633855864005567,580,237
number_of_friends__0,57.5,0.8633855864005567,580,237
number_of_friends__0,57.75,0.8569901376124041,580,237
number_of_friends__0,58.0,0.8569901376124041,580,237
number_of_friends__0,58.25,0.8569901376124041,580,237
number_of_friends__0,58.5,0.8503979057846164,580,237
number_of_friends__0,58.75,0.8435947225383393,580,237
number_of_friends__0,59.0,0.8435947225383393,580,237
number_of_friends__0,59.25,0.8369522444081162,580,237
number_of_friends__0,59.5,0.8369522444081162,580,237
number_of_friends__0,59.75,0.8303620692552964,580,237
number_of_friends__0,60.0,0.8303620692552964,580,237
number_of_friends__0,60.25,0.8238748655892396,580,237
number_of_friends__0,60.5,0.8175857444778715,580,237
number_of_friends__0,60.75,0.7985721225132699,580,237
number_of_friends__0,61.0,0.7985721225132699,580,237
number_of_friends__0,61.25,0.7985721225132699,580,237
number_of_friends__0,61.5,0.7927431289182827,580,237
number_of_friends__0,61.75,0.7927431289182827,580,237
number_of_friends__0,62.0,0.7927431289182827,580,237
number_of_friends__0,62.25,0.7927431289182827,580,237
number_of_friends__0,62.5,0.7927431289182827,580,237
number_of_friends__0,62.75,0.7927431289182827,580,237
number_of_friends__0,63.0,0.78762865711881,580,237
number_of_friends__0,63.25,0.78762865711881,580,237
number_of_friends__0,63.5,0.78762865711881,580,237
number_of_friends__0,63.75,0.78762865711881,580,237
number_of_friends__0,64.0,0.7826750177658617,580,237
number_of_friends__0,64.25,0.7826750177658617,580,237
number_of_friends__0,64.5,0.7826750177658617,580,237
number_of_friends__0,64.75,0.7826750177658617,580,237
number_of_friends__0,65.0,0.7734399951480575,580,237
number_of_friends__0,65.25,0.7734399951480575,580,237
number_of_friends__0,65.5,0.759843330860159,580,237
number_of_friends__0,65.75,0.759843330860159,580,237
number_of_friends__0,66.0,0.759843330860159,580,237
number_of_friends__0,66.25,0.759843330860159,580,237
number_of_friends__0,66.5,0.759843330860159,580,237
number_of_friends__0,66.75,0.7554764151655606,580,237
number_of_friends__0,67.0,0.7511594070789,580,237
number_of_friends__0,67.25,0.7427431215873895,580,237
number_of_friends__0,67.5,0.7385468327648618,580,237
number_of_friends__0,67.75,0.7385468327648618,580,237
number_of_friends__0,68.0,0.7303407568452521,580,237
number_of_friends__0,68.25,0.7303407568452521,580,237
number_of_friends__0,68.5,0.7303407568452521,580,237
number_of_friends__0,68.75,0.7179620999495702,580,237
number_of_friends__0,69.0,0.7139058168990076,580,237
number_of_friends__0,69.25,0.7099832574654968,580,237
number_of_friends__0,69.5,0.7060606980319857,580,237
number_of_friends__0,69.75,0.7021812436471949,580,237
number_of_friends__0,70.0,0.7021812436471949,580,237
number_of_friends__0,70.25,0.6983441876709803,580,237
number_of_friends__0,70.5,0.6983441876709803,580,237
number_of_friends__0,70.75,0.6983441876709803,580,237
number_of_friends__0,71.0,0.6873742087871115,580,237
number_of_friends__0,71.25,0.6801004076359252,580,237
number_of_friends__0,71.5,0.6616791407264415,580,237
number_of_friends__0,71.75,0.6580435410521207,580,237
number_of_friends__0,72.0,0.6544865489383259,580,237
number_of_friends__0,72.25,0.65094878380893,580,237
number_of_friends__0,72.5,0.6474490591647953,580,237
number_of_friends__0,72.75,0.6474490591647953,580,237
number_of_friends__0,73.0,0.6405977463694007,580,237
number_of_friends__0,73.25,0.6271471559833655,580,237
number_of_friends__0,73.5,0.6204931218193276,580,237
number_of_friends__0,73.75,0.6171749767828607,580,237
number_of_friends__0,74.0,0.6138921311616754,580,237
number_of_friends__0,74.25,0.6073779956442549,580,237
number_of_friends__0,74.5,0.6041299849723606,580,237
number_of_friends__0,74.75,0.5912934321573728,580,237
number_of_friends__0,75.0,0.5848659478636522,580,237
number_of_friends__0,75.25,0.5784914347109675,580,237
number_of_friends__0,75.5,0.5721687442763412,580,237
number_of_friends__0,75.75,0.565983136230111,580,237
number_of_friends__0,76.0,0.5506535858546692,580,237
number_of_friends__0,76.25,0.5445856388310572,580,237
number_of_friends__0,76.5,0.5354752174074163,580,237
number_of_friends__0,76.75,0.5232357838666754,580,237
number_of_friends__0,77.0,0.5171339610049901,580,237
number_of_friends__0,77.25,0.5110319251205826,580,237
number_of_friends__0,77.5,0.49287131638702475,580,237
number_of_friends__0,77.75,0.49287131638702475,580,237
number_of_friends__0,78.0,0.48689711861263674,580,237
number_of_friends__0,78.25,0.48391001972544245,580,237
number_of_friends__0,78.5,0.4809948991246864,580,237
number_of_friends__0,78.75,0.4724393828110333,580,237
number_of_friends__0,79.0,0.46398632777059756,580,237
number_of_friends__0,79.25,0.4611571428451669,580,237
number_of_friends__0,79.5,0.4582928127653831,580,237
number_of_friends__0,79.75,0.45261741471369915,580,237
number_of_friends__0,80.0,0.44973450124418535,580,237
number_of_friends__0,80.25,0.4384562297775887,580,237
number_of_friends__0,80.5,0.42742588437437895,580,237
number_of_friends__0,80.75,0.4219102495332819,580,237
number_of_friends__0,81.0,0.41915266620299907,580,237
number_of_friends__0,81.25,0.4079372433884971,580,237
number_of_friends__0,81.5,0.3995544359463811,580,237
number_of_friends__0,81.75,0.3995544359463811,580,237
number_of_friends__0,82.0,0.39672071654250585,580,237
number_of_friends__0,82.25,0.38811552505295527,580,237
number_of_friends__0,82.5,0.38528256501607244,580,237
number_of_friends__0,82.75,0.3824496049791895,580,237
number_of_friends__0,83.0,0.3796580020231371,580,237
number_of_friends__0,83.25,0.36838740823958327,580,237
number_of_friends__0,83.5,0.35419463988401906,580,237
number_of_friends__0,83.75,0.34553252963692255,580,237
number_of_friends__0,84.0,0.342723322078899,580,237
number_of_friends__0,84.25,0.32807170636156296,580,237
number_of_friends__0,84.5,0.31925719786823176,580,237
number_of_friends__0,84.75,0.3133171399414379,580,237
number_of_friends__0,85.0,0.31030447513430875,580,237
number_of_friends__0,85.25,0.30117787292447623,580,237
number_of_friends__0,85.5,0.29509347145125453,580,237
number_of_friends__0,85.75,0.2827979101407857,580,237
number_of_friends__0,86.0,0.27043168468485407,580,237
number_of_friends__0,86.25,0.2605378425622374,580,237
number_of_friends__0,86.5,0.2605378425622374,580,237
number_of_friends__0,86.75,0.2571097130548395,580,237
number_of_friends__0,87.0,0.2536352574730172,580,237
number_of_friends__0,87.25,0.23934594719284707,580,237
number_of_friends__0,87.5,0.22444162081087488,580,237
number_of_friends__0,87.75,0.21689573873188875,580,237
number_of_friends__0,88.0,0.21302260054024785,580,237
number_of_friends__0,88.25,0.20892601206831996,580,237
number_of_friends__0,88.5,0.20892601206831996,580,237
number_of_friends__0,88.75,0.1958681363140499,580,237
number_of_friends__0,89.0,0.17845763530835662,580,237
number_of_friends__0,89.25,0.17845763530835662,580,237
number_of_friends__0,89.5,0.1739961944256477,580,237
number_of_friends__0,89.75,0.1695347535429388,580,237
number_of_friends__0,90.0,0.1514340505330912,580,237
number_of_friends__0,90.25,0.13250479421645478,580,237
number_of_friends__0,90.5,0.12777248013729572,580,237
number_of_friends__0,90.75,0.11830785197897749,580,237
number_of_friends__0,91.0,0.11316403232771761,580,237
number_of_friends__0,91.25,0.10777526888354058,580,237
number_of_friends__0,91.5,0.10210288631072265,580,237
number_of_friends__0,91.75,0.10210288631072265,580,237
number_of_friends__0,92.0,0.09009078203887293,580,237
number_of_friends__0,92.25,0.08408472990294805,580,237
number_of_friends__0,92.5,0.07707766907770237,580,237
number_of_friends__0,92.75,0.07707766907770237,580,237
number_of_friends__0,93.0,0.07007060825245671,580,237
number_of_friends__0,93.25,0.07007060825245671,580,237
number_of_friends__0,93.5,0.07007060825245671,580,237
number_of_friends__0,93.75,0.07007060825245671,580,237
number_of_friends__0,94.0,0.06228498511329483,580,237
number_of_friends__0,94.25,0.05449936197413297,580,237
number_of_friends__0,94.5,0.04671373883497113,580,237
number_of_friends__0,94.75,0.04671373883497113,580,237
number_of_friends__0,95.0,0.04671373883497113,580,237
number_of_friends__0,95.25,0.04671373883497113,580,237
number_of_friends__0,95.5,0.04671373883497113,580,237
number_of_friends__0,95.75,0.04671373883497113,580,237
number_of_friends__0,96.0,0.04671373883497113,580,237
number_of_friends__0,96.25,0.04671373883497113,580,237
number_of_friends__0,96.5,0.04671373883497113,580,237
number_of_friends__0,96.75,0.04671373883497113,580,237
number_of_friends__0,97.0,0.04671373883497113,580,237
number_of_friends__0,97.25,0.03737099106797691,580,237
number_of_friends__0,97.5,0.03737099106797691,580,237
number_of_friends__0,97.75,0.03737099106797691,580,237
number_of_friends__0,98.0,0.03737099106797691,580,237
number_of_friends__0,98.25,0.03737099106797691,580,237
number_of_friends__0,98.5,0.03737099106797691,580,237
number_of_friends__0,98.75,0.03737099106797691,580,237
number_of_friends__0,99.0,0.03737099106797691,580,237
number_of_friends__0,99.25,0.03737099106797691,580,237
number_of_friends__0,99.5,0.03737099106797691,580,237
number_of_friends__0,99.75,0.03737099106797691,580,237
number_of_friends__0,100.0,0.03737099106797691,580,237
number_of_friends__0,100.25,0.03737099106797691,580,237
number_of_friends__0,100.5,0.03737099106797691,580,237
number_of_friends__0,100.75,0.03737099106797691,580,237
number_of_friends__0,101.0,0.03737099106797691,580,237
number_of_friends__0,101.25,0.03737099106797691,580,237
number_of_friends__0,101.5,0.03737099106797691,580,237
number_of_friends__0,101.75,0.03737099106797691,580,237
number_of_friends__0,102.0,0.03737099106797691,580,237
number_of_friends__0,102.25,0.03737099106797691,580,237
number_of_friends__0,102.5,0.03737099106797691,580,237
number_of_friends__0,102.75,0.03737099106797691,580,237
number_of_friends__0,103.0,0.03737099106797691,580,237
number_of_friends__0,103.25,0.03737099106797691,580,237
number_of_friends__0,103.5,0.03737099106797691,580,237
number_of_friends__0,103.75,0.03737099106797691,580,237
number_of_friends__0,104.0,0.03737099106797691,580,237
number_of_friends__0,104.25,0.03737099106797691,580,237
number_of_friends__0,104.5,0.03737099106797691,580,237
number_of_friends__0,104.75,0.03737099106797691,580,237
number_of_friends__0,105.0,0.03737099106797691,580,237
number_of_friends__0,105.25,0.03737099106797691,580,237
number_of_friends__0,105.5,0.03737099106797691,580,237
number_of_friends__0,105.75,0.03737099106797691,580,237
number_of_friends__0,106.0,0.03737099106797691,580,237
number_of_friends__0,106.25,0.03737099106797691,580,237
number_of_friends__0,106.5,0.03737099106797691,580,237
number_of_friends__0,106.75,0.03737099106797691,580,237
number_of_friends__0,107.0,0.03737099106797691,580,237
number_of_friends__0,107.25,0.03737099106797691,580,237
number_of_friends__0,107.5,0.03737099106797691,580,237
number_of_friends__0,107.75,0.03737099106797691,580,237
number_of_friends__0,108.0,0.03737099106797691,580,237
number_of_friends__0,108.25,0.03737099106797691,580,237
number_of_friends__0,108.5,0.03737099106797691,580,237
number_of_friends__0,108.75,0.03737099106797691,580,237
number_of_friends__0,109.0,0.03737099106797691,580,237
number_of_friends__0,109.25,0.03737099106797691,580,237
number_of_friends__0,109.5,0.03737099106797691,580,237
number_of_friends__0,109.75,0.03737099106797691,580,237
number_of_friends__0,110.0,0.03737099106797691,580,237
number_of_friends__1,20.0,,12131,4598
number_of_friends__1,20.25,,12131,4598
number_of_friends__1,20.5,,12131,4598
number_of_friends__1,20.75,,12131,4598
number_of_friends__1,21.0,,12131,4598
number_of_friends__1,21.25,,12131,4598
number_of_friends__1,21.5,,12131,4598
number_of_friends__1,21.75,,12131,4598
number_of_friends__1,22.0,,12131,4598
number_of_friends__1,22.25,,12131,4598
number_of_friends__1,22.5,,12131,4598
number_of_friends__1,22.75,,12131,4598
number_of_friends__1,23.0,,12131,4598
number_of_friends__1,23.25,,12131,4598
number_of_friends__1,23.5,,12131,4598
number_of_friends__1,23.75,,12131,4598
number_of_friends__1,24.0,,12131,4598
number_of_friends__1,24.25,,12131,4598
number_of_friends__1,24.5,,12131,4598
number_of_friends__1,24.75,,12131,4598
number_of_friends__1,25.0,,12131,4598
number_of_friends__1,25.25,,12131,4598
number_of_friends__1,25.5,,12131,4598
number_of_friends__1,25.75,,12131,4598
number_of_friends__1,26.0,,12131,4598
number_of_friends__1,26.25,,12131,4598
number_of_friends__1,26.5,,12131,4598
number_of_friends__1,26.75,,12131,4598
number_of_friends__1,27.0,,12131,4598
number_of_friends__1,27.25,,12131,4598
number_of_friends__1,27.5,,12131,4598
number_of_friends__1,27.75,,12131,4598
number_of_friends__1,28.0,,12131,4598
number_of_friends__1,28.25,,12131,4598
number_of_friends__1,28.5,,12131,4598
number_of_friends__1,28.75,,12131,4598
number_of_friends__1,29.0,,12131,4598
number_of_friends__1,29.25,,12131,4598
number_of_friends__1,29.5,,12131,4598
number_of_friends__1,29.75,,12131,4598
number_of_friends__1,30.0,,12131,4598
number_of_friends__1,30.25,,12131,4598
number_of_friends__1,30.5,,12131,4598
number_of_friends__1,30.75,,12131,4598
number_of_friends__1,31.0,,12131,4598
number_of_friends__1,31.25,,12131,4598
number_of_friends__1,31.5,,12131,4598
number_of_friends__1,31.75,,12131,4598
number_of_friends__1,32.0,,12131,4598
number_of_friends__1,32.25,,12131,4598
number_of_friends__1,32.5,,12131,4598
number_of_friends__1,32.75,,12131,4598
number_of_friends__1,33.0,,12131,4598
number_of_friends__1,33.25,,12131,4598
number_of_friends__1,33.5,,12131,4598
number_of_friends__1,33.75,,12131,4598
number_of_friends__1,34.0,,12131,4598
number_of_friends__1,34.25,,12131,4598
number_of_friends__1,34.5,,12131,4598
number_of_friends__1,34.75,,12131,4598
number_of_friends__1,35.0,,12131,4598
number_of_friends__1,35.25,,12131,4598
number_of_friends__1,35.5,,12131,4598
number_of_friends__1,35.75,,12131,4598
number_of_friends__1,36.0,,12131,4598
number_of_friends__1,36.25,,12131,4598
number_of_friends__1,36.5,,12131,4598
number_of_friends__1,36.75,,12131,4598
number_of_friends__1,37.0,,12131,4598
number_of_friends__1,37.25,,12131,4598
number_of_friends__1,37.5,,12131,4598
number_of_friends__1,37.75,,12131,4598
number_of_friends__1,38.0,,12131,4598
number_of_friends__1,38.25,,12131,4598
number_of_friends__1,38.5,,12131,4598
number_of_friends__1,38.75,,12131,4598
number_of_friends__1,39.0,,12131,4598
number_of_friends__1,39.25,,12131,4598
number_of_friends__1,39.5,,12131,4598
number_of_friends__1,39.75,,12131,4598
number_of_friends__1,40.0,1.0,12131,4598
number_of_friends__1,40.25,1.0,12131,4598
number_of_friends__1,40.5,1.0,12131,4598
number_of_friends__1,40.75,1.0,12131,4598
number_of_friends__1,41.0,1.0,12131,4598
number_of_friends__1,41.25,1.0,12131,4598
number_of_friends__1,41.5,1.0,12131,4598
number_of_friends__1,41.75,1.0,12131,4598
number_of_friends__1,42.0,1.0,12131,4598
number_of_friends__1,42.25,0.9962841341168336,12131,4598
number_of_friends__1,42.5,0.9962841341168336,12131,4598
number_of_friends__1,42.75,0.9962841341168336,12131,4598
number_of_friends__1,43.0,0.9949230902177667,12131,4598
number_of_friends__1,43.25,0.9949230902177667,12131,4598
number_of_friends__1,43.5,0.9937097693760385,12131,4598
number_of_friends__1,43.75,0.9937097693760385,12131,4598
number_of_friends__1,44.0,0.9937097693760385,12131,4598
number_of_friends__1,44.25,0.9917895572613024,12131,4598
number_of_friends__1,44.5,0.9908911971550881,12131,4598
number_of_friends__1,44.75,0.9900288027276246,12131,4598
number_of_friends__1,45.0,0.9892258596597188,12131,4598
number_of_friends__1,45.25,0.9884469416599865,12131,4598
number_of_friends__1,45.5,0.9877054210735947,12131,4598
number_of_friends__1,45.75,0.9870004207730427,12131,4598
number_of_friends__1,46.0,0.9870004207730427,12131,4598
number_of_friends__1,46.25,0.9863648763939235,12131,4598
number_of_friends__1,46.5,0.9857456894030923,12131,4598
number_of_friends__1,46.75,0.9857456894030923,12131,4598
number_of_friends__1,47.0,0.9857456894030923,12131,4598
number_of_friends__1,47.25,0.9851925212272207,12131,4598
number_of_friends__1,47.5,0.9851925212272207,12131,4598
number_of_friends__1,47.75,0.9831049481161384,12131,4598
number_of_friends__1,48.0,0.9815877947426077,12131,4598
number_of_friends__1,48.25,0.9806058905374024,12131,4598
number_of_friends__1,48.5,0.9796507744952854,12131,4598
number_of_friends__1,48.75,0.9768647267216858,12131,4598
number_of_friends__1,49.0,0.9764172394442138,12131,4598
number_of_friends__1,49.25,0.975973413426285,12131,4598
number_of_friends__1,49.5,0.9746841486793544,12131,4598
number_of_friends__1,49.75,0.9734286323067841,12131,4598
number_of_friends__1,50.0,0.9726142038344818,12131,4598
number_of_friends__1,50.25,0.9714171761655288,12131,4598
number_of_friends__1,50.5,0.9706451203451434,12131,4598
number_of_friends__1,50.75,0.9702661101458673,12131,4598
number_of_friends__1,51.0,0.9695220331634379,12131,4598
number_of_friends__1,51.25,0.9680776144179793,12131,4598
number_of_friends__1,51.5,0.9663180979774204,12131,4598
number_of_friends__1,51.75,0.9659761595138749,12131,4598
number_of_friends__1,52.0,0.9639491509744356,12131,4598
number_of_friends__1,52.25,0.9629560667978027,12131,4598
number_of_friends__1,52.5,0.9623041949623312,12131,4598
number_of_friends__1,52.75,0.9606936941829284,12131,4598
number_of_friends__1,53.0,0.9597385162485542,12131,4598
number_of_friends__1,53.25,0.9591117465834188,12131,4598
number_of_friends__1,53.5,0.9578739702092045,12131,4598
number_of_friends__1,53.75,0.9563394967291363,12131,4598
number_of_friends__1,54.0,0.9542117866705451,12131,4598
number_of_friends__1,54.25,0.9530043031645932,12131,4598
number_of_friends__1,54.5,0.9518051760392588,12131,4598
number_of_friends__1,54.75,0.950317607955605,12131,4598
number_of_friends__1,55.0,0.9491272898168875,12131,4598
number_of_friends__1,55.25,0.9476444614824585,12131,4598
number_of_friends__1,55.5,0.9473486922997233,12131,4598
number_of_friends__1,55.75,0.9449713994766068,12131,4598
number_of_friends__1,56.0,0.9428930411714805,12131,4598
number_of_friends__1,56.25,0.9416983655646033,12131,4598
number_of_friends__1,56.5,0.9393106179517073,12131,4598
number_of_friends__1,56.75,0.9366192699617273,12131,4598
number_of_friends__1,57.0,0.9339177207027841,12131,4598
number_of_friends__1,57.25,0.9327087592805035,12131,4598
number_of_friends__1,57.5,0.9314928953878427,12131,4598
number_of_friends__1,57.75,0.9302730585509292,12131,4598
number_of_friends__1,58.0,0.9281251832224915,12131,4598
number_of_friends__1,58.25,0.9271987048833148,12131,4598
number_of_friends__1,58.5,0.9259573681058184,12131,4598
number_of_friends__1,58.75,0.9237681980085681,12131,4598
number_of_friends__1,59.0,0.9225089039850778,12131,4598
number_of_friends__1,59.25,0.9196579059544967,12131,4598
number_of_friends__1,59.5,0.9177510777051826,12131,4598
number_of_friends__1,59.75,0.9161558728120651,12131,4598
number_of_friends__1,60.0,0.9145526194333209,12131,4598
number_of_friends__1,60.25,0.9123242524683691,12131,4598
number_of_friends__1,60.5,0.9104667407733161,12131,4598
number_of_friends__1,60.75,0.9080457298802564,12131,4598
number_of_friends__1,61.0,0.9059714665480075,12131,4598
number_of_friends__1,61.25,0.9030692928375021,12131,4598
number_of_friends__1,61.5,0.9019351113940505,12131,4598
number_of_friends__1,61.75,0.8996865856838402,12131,4598
number_of_friends__1,62.0,0.8963663118256509,12131,4598
number_of_friends__1,62.25,0.8936418503576337,12131,4598
number_of_friends__1,62.5,0.8912459960680338,12131,4598
number_of_friends__1,62.75,0.8891430557897723,12131,4598
number_of_friends__1,63.0,0.8870602700487715,12131,4598
number_of_friends__1,63.25,0.8860347560059672,12131,4598
number_of_friends__1,63.5,0.8819684566664172,12131,4598
number_of_friends__1,63.75,0.8787010061701878,12131,4598
number_of_friends__1,64.0,0.8757109372987162,12131,4598
number_of_friends__1,64.25,0.8712853577200095,12131,4598
number_of_friends__1,64.5,0.8690914289139026,12131,4598
number_of_friends__1,64.75,0.8666731041230314,12131,4598
number_of_friends__1,65.0,0.8638034871580085,12131,4598
number_of_friends__1,65.25,0.8612165948060247,12131,4598
number_of_friends__1,65.5,0.8588838019704016,12131,4598
number_of_friends__1,65.75,0.8547212416022347,12131,4598
number_of_friends__1,66.0,0.8528966723832083,12131,4598
number_of_friends__1,66.25,0.8479553849922824,12131,4598
number_of_friends__1,66.5,0.8448482567759202,12131,4598
number_of_friends__1,66.75,0.8410997593255635,12131,4598
number_of_friends__1,67.0,0.8376035859784353,12131,4598
number_of_friends__1,67.25,0.8328482126424397,12131,4598
number_of_friends__1,67.5,0.8307061053869387,12131,4598
number_of_friends__1,67.75,0.8287936637833975,12131,4598
number_of_friends__1,68.0,0.8252158066327208,12131,4598
number_of_friends__1,68.25,0.8220794677730497,12131,4598
number_of_friends__1,68.5,0.8185667063007767,12131,4598
number_of_friends__1,68.75,0.8156909758565791,12131,4598
number_of_friends__1,69.0,0.8112254978609803,12131,4598
number_of_friends__1,69.25,0.8061859420867188,12131,4598
number_of_friends__1,69.5,0.8035862259741487,12131,4598
number_of_friends__1,69.75,0.7984179484850825,12131,4598
number_of_friends__1,70.0,0.7948586249818886,12131,4598
number_of_friends__1,70.25,0.7893670768145884,12131,4598
number_of_friends__1,70.5,0.784724807155666,12131,4598
number_of_friends__1,70.75,0.7807177594859367,12131,4598
number_of_friends__1,71.0,0.7767624649175284,12131,4598
number_of_friends__1,71.25,0.7726744116803991,12131,4598
number_of_friends__1,71.5,0.7680816222716947,12131,4598
number_of_friends__1,71.75,0.763717162853594,12131,4598
number_of_friends__1,72.0,0.758129337586719,12131,4598
number_of_friends__1,72.25,0.7531130088909698,12131,4598
number_of_friends__1,72.5,0.7470675174046174,12131,4598
number_of_friends__1,72.75,0.7417921071263593,12131,4598
number_of_friends__1,73.0,0.7379459349742871,12131,4598
number_of_friends__1,73.25,0.7323926892940411,12131,4598
number_of_friends__1,73.5,0.7284251665824765,12131,4598
number_of_friends__1,73.75,0.7232821679748801,12131,4598
number_of_friends__1,74.0,0.719372569270423,12131,4598
number_of_friends__1,74.25,0.7126300029580991,12131,4598
number_of_friends__1,74.5,0.7074553655831302,12131,4598
number_of_friends__1,74.75,0.7009985646796543,12131,4598
number_of_friends__1,75.0,0.6963757000282537,12131,4598
number_of_friends__1,75.25,0.6911123273895661,12131,4598
number_of_friends__1,75.5,0.687015530080042,12131,4598
number_of_friends__1,75.75,0.6831074796516253,12131,4598
number_of_friends__1,76.0,0.676953308350432,12131,4598
number_of_friends__1,76.25,0.670686766137835,12131,4598
number_of_friends__1,76.5,0.6647733378314615,12131,4598
number_of_friends__1,76.75,0.659843042800377,12131,4598
number_of_friends__1,77.0,0.6533455180147667,12131,4598
number_of_friends__1,77.25,0.6497122648478026,12131,4598
number_of_friends__1,77.5,0.6426404152744257,12131,4598
number_of_friends__1,77.75,0.6370125440401742,12131,4598
number_of_friends__1,78.0,0.6310860546350593,12131,4598
number_of_friends__1,78.25,0.6269076561110652,12131,4598
number_of_friends__1,78.5,0.619042021170417,12131,4598
number_of_friends__1,78.75,0.6121167055012207,12131,4598
number_of_friends__1,79.0,0.6055119237428054,12131,4598
number_of_friends__1,79.25,0.6015160375145144,12131,4598
number_of_friends__1,79.5,0.5947526403863093,12131,4598
number_of_friends__1,79.75,0.5882917543303069,12131,4598
number_of_friends__1,80.0,0.5808851006846676,12131,4598
number_of_friends__1,80.25,0.57515741693938,12131,4598
number_of_friends__1,80.5,0.5691174146898779,12131,4598
number_of_friends__1,80.75,0.5610864723629467,12131,4598
number_of_friends__1,81.0,0.5535305008304172,12131,4598
number_of_friends__1,81.25,0.5450417624209118,12131,4598
number_of_friends__1,81.5,0.5368573516238216,12131,4598
number_of_friends__1,81.75,0.5285560612689852,12131,4598
number_of_friends__1,82.0,0.522099067745,12131,4598
number_of_friends__1,82.25,0.5143958046358156,12131,4598
number_of_friends__1,82.5,0.5068465680928033,12131,4598
number_of_friends__1,82.75,0.4974726745219776,12131,4598
number_of_friends__1,83.0,0.4904105230208549,12131,4598
number_of_friends__1,83.25,0.48396713573631717,12131,4598
number_of_friends__1,83.5,0.4771857345885856,12131,4598
number_of_friends__1,83.75,0.4691399204933175,12131,4598
number_of_friends__1,84.0,0.46057202743203834,12131,4598
number_of_friends__1,84.25,0.4519594682226935,12131,4598
number_of_friends__1,84.5,0.4424191174961907,12131,4598
number_of_friends__1,84.75,0.43445167264199647,12131,4598
number_of_friends__1,85.0,0.42674554071423965,12131,4598
number_of_friends__1,85.25,0.4170328983747267,12131,4598
number_of_friends__1,85.5,0.4085875853964984,12131,4598
number_of_friends__1,85.75,0.40031551458916104,12131,4598
number_of_friends__1,86.0,0.38991358140010685,12131,4598
number_of_friends__1,86.25,0.38326684092553887,12131,4598
number_of_friends__1,86.5,0.3742341666013853,12131,4598
number_of_friends__1,86.75,0.36661105436580727,12131,4598
number_of_friends__1,87.0,0.35665703423933937,12131,4598
number_of_friends__1,87.25,0.34814032996492317,12131,4598
number_of_friends__1,87.5,0.3415005609907658,12131,4598
number_of_friends__1,87.75,0.3334233642643925,12131,4598
number_of_friends__1,88.0,0.3256101992379406,12131,4598
number_of_friends__1,88.25,0.31521067622754645,12131,4598
number_of_friends__1,88.5,0.3053961708946295,12131,4598
number_of_friends__1,88.75,0.2951576381838782,12131,4598
number_of_friends__1,89.0,0.28303758319310185,12131,4598
number_of_friends__1,89.25,0.2756349208610016,12131,4598
number_of_friends__1,89.5,0.26737599270362045,12131,4598
number_of_friends__1,89.75,0.2600733622147638,12131,4598
number_of_friends__1,90.0,0.2486250877088634,12131,4598
number_of_friends__1,90.25,0.23762615372416115,12131,4598
number_of_friends__1,90.5,0.2283625376861271,12131,4598
number_of_friends__1,90.75,0.22015437047592937,12131,4598
number_of_friends__1,91.0,0.21373561666626095,12131,4598
number_of_friends__1,91.25,0.20257550104582697,12131,4598
number_of_friends__1,91.5,0.19487409290566068,12131,4598
number_of_friends__1,91.75,0.18923830493384133,12131,4598
number_of_friends__1,92.0,0.18001836956667913,12131,4598
number_of_friends__1,92.25,0.17261085141716928,12131,4598
number_of_friends__1,92.5,0.1659059099579753,12131,4598
number_of_friends__1,92.75,0.15870285900580314,12131,4598
number_of_friends__1,93.0,0.15294794754187488,12131,4598
number_of_friends__1,93.25,0.1454012621379113,12131,4598
number_of_friends__1,93.5,0.1399701104750671,12131,4598
number_of_friends__1,93.75,0.1313197592699287,12131,4598
number_of_friends__1,94.0,0.12494526887284102,12131,4598
number_of_friends__1,94.25,0.11881899177547775,12131,4598
number_of_friends__1,94.5,0.1110444551730293,12131,4598
number_of_friends__1,94.75,0.1049532178512599,12131,4598
number_of_friends__1,95.0,0.1006003270560067,12131,4598
number_of_friends__1,95.25,0.09495573632819802,12131,4598
number_of_friends__1,95.5,0.09118762884046723,12131,4598
number_of_friends__1,95.75,0.08342249218707304,12131,4598
number_of_friends__1,96.0,0.07939960403672248,12131,4598
number_of_friends__1,96.25,0.07235212216926468,12131,4598
number_of_friends__1,96.5,0.0694049786759945,12131,4598
number_of_friends__1,96.75,0.06679468178061441,12131,4598
number_of_friends__1,97.0,0.06459429605666915,12131,4598
number_of_friends__1,97.25,0.06176560402182108,12131,4598
number_of_friends__1,97.5,0.05697283133413797,12131,4598
number_of_friends__1,97.75,0.05124724421942436,12131,4598
number_of_friends__1,98.0,0.04991614696697175,12131,4598
number_of_friends__1,98.25,0.04714087055020082,12131,4598
number_of_friends__1,98.5,0.0435998264447661,12131,4598
number_of_friends__1,98.75,0.03984122071676904,12131,4598
number_of_friends__1,99.0,0.03749761949813558,12131,4598
number_of_friends__1,99.25,0.03749761949813558,12131,4598
number_of_friends__1,99.5,0.03392002908686445,12131,4598
number_of_friends__1,99.75,0.030915683653456462,12131,4598
number_of_friends__1,100.0,0.029811552094404448,12131,4598
number_of_friends__1,100.25,0.028456481544658786,12131,4598
number_of_friends__1,100.5,0.028456481544658786,12131,4598
number_of_friends__1,100.75,0.023963352879712664,12131,4598
number_of_friends__1,101.0,0.02196640680640328,12131,4598
number_of_friends__1,101.25,0.02196640680640328,12131,4598
number_of_friends__1,101.5,0.02196640680640328,12131,4598
number_of_friends__1,101.75,0.02196640680640328,12131,4598
number_of_friends__1,102.0,0.017573125445122614,12131,4598
number_of_friends__1,102.25,0.017573125445122614,12131,4598
number_of_friends__1,102.5,0.017573125445122614,12131,4598
number_of_friends__1,102.75,0.017573125445122614,12131,4598
number_of_friends__1,103.0,0.017573125445122614,12131,4598
number_of_friends__1,103.25,0.017573125445122614,12131,4598
number_of_friends__1,103.5,0.017573125445122614,12131,4598
number_of_friends__1,103.75,0.017573125445122614,12131,4598
number_of_friends__1,104.0,0.017573125445122614,12131,4598
number_of_friends__1,104.25,0.017573125445122614,12131,4598
number_of_friends__1,104.5,0.017573125445122614,12131,4598
number_of_friends__1,104.75,0.017573125445122614,12131,4598
number_of_friends__1,105.0,0.017573125445122614,12131,4598
number_of_friends__1,105.25,0.017573125445122614,12131,4598
number_of_friends__1,105.5,0.017573125445122614,12131,4598
number_of_friends__1,105.75,0.017573125445122614,12131,4598
number_of_friends__1,106.0,0.017573125445122614,12131,4598
number_of_friends__1,106.25,0.017573125445122614,12131,4598
number_of_friends__1,106.5,0.017573125445122614,12131,4598
number_of_friends__1,106.75,0.017573125445122614,12131,4598
number_of_friends__1,107.0,0.017573125445122614,12131,4598
number_of_friends__1,107.25,0.017573125445122614,12131,4598
number_of_friends__1,107.5,0.017573125445122614,12131,4598
number_of_friends__1,107.75,0.017573125445122614,12131,4598
number_of_friends__1,108.0,0.017573125445122614,12131,4598
number_of_friends__1,108.25,0.017573125445122614,12131,4598
number_of_friends__1,108.5,0.017573125445122614,12131,4598
number_of_friends__1,108.75,0.017573125445122614,12131,4598
number_of_friends__1,109.0,0.017573125445122614,12131,4598
number_of_friends__1,109.25,0.017573125445122614,12131,4598
number_of_friends__1,109.5,0.017573125445122614,12131,4598
number_of_friends__1,109.75,0.017573125445122614,12131,4598
number_of_friends__1,110.0,0.017573125445122614,12131,4598
income__0,20.0,1.0,7560,584
income__0,20.25,1.0,7560,584
income__0,20.5,1.0,7560,584
income__0,20.75,1.0,7560,584
income__0,21.0,1.0,7560,584
income__0,21.25,1.0,7560,584
income__0,21.5,1.0,7560,584
income__0,21.75,1.0,7560,584
income__0,22.0,1.0,7560,584
income__0,22.25,1.0,7560,584
income__0,22.5,1.0,7560,584
income__0,22.75,1.0,7560,584
income__0,23.0,0.9990393852065318,7560,584
income__0,23.25,0.9990393852065318,7560,584
income__0,23.5,0.9990393852065318,7560,584
income__0,23.75,0.9990393852065318,7560,584
income__0,24.0,0.9990393852065318,7560,584
income__0,24.25,0.9990393852065318,7560,584
income__0,24.5,0.9990393852065318,7560,584
income__0,24.75,0.9982198286969289,7560,584
income__0,25.0,0.9982198286969289,7560,584
income__0,25.25,0.9982198286969289,7560,584
income__0,25.5,0.9982198286969289,7560,584
income__0,25.75,0.9982198286969289,7560,584
income__0,26.0,0.9974029548600243,7560,584
income__0,26.25,0.9974029548600243,7560,584
income__0,26.5,0.9958347112203072,7560,584
income__0,26.75,0.9950342010022848,7560,584
income__0,27.0,0.9942291571503419,7560,584
income__0,27.25,0.9926645671975758,7560,584
income__0,27.5,0.9926645671975758,7560,584
income__0,27.75,0.9910530966192118,7560,584
income__0,28.0,0.9902360701586845,7560,584
income__0,28.25,0.9894476656442268,7560,584
income__0,28.5,0.9894476656442268,7560,584
income__0,28.75,0.9886210594072643,7560,584
income__0,29.0,0.9886210594072643,7560,584
income__0,29.25,0.9878263479447187,7560,584
income__0,29.5,0.9878263479447187,7560,584
income__0,29.75,0.9869613511426653,7560,584
income__0,30.0,0.9869613511426653,7560,584
income__0,30.25,0.9869613511426653,7560,584
income__0,30.5,0.986120668560772,7560,584
income__0,30.75,0.9852409891062126,7560,584
income__0,31.0,0.9843362682714041,7560,584
income__0,31.25,0.9843362682714041,7560,584
income__0,31.5,0.9843362682714041,7560,584
income__0,31.75,0.9824648557670337,7560,584
income__0,32.0,0.9824648557670337,7560,584
income__0,32.25,0.9824648557670337,7560,584
income__0,32.5,0.9815091506544199,7560,584
income__0,32.75,0.9805217169012465,7560,584
income__0,33.0,0.9805217169012465,7560,584
income__0,33.25,0.9795914306423266,7560,584
income__0,33.5,0.9795914306423266,7560,584
income__0,33.75,0.9795914306423266,7560,584
income__0,34.0,0.9785918475498346,7560,584
income__0,34.25,0.9785918475498346,7560,584
income__0,34.5,0.9776181243184414,7560,584
income__0,34.75,0.9776181243184414,7560,584
income__0,35.0,0.9776181243184414,7560,584
income__0,35.25,0.976654003880257,7560,584
income__0,35.5,0.976654003880257,7560,584
income__0,35.75,0.976654003880257,7560,584
income__0,36.0,0.9756015749967651,7560,584
income__0,36.25,0.9746460396637615,7560,584
income__0,36.5,0.9736645230075032,7560,584
income__0,36.75,0.9736645230075032,7560,584
income__0,37.0,0.9736645230075032,7560,584
income__0,37.25,0.9736645230075032,7560,584
income__0,37.5,0.9717218939018992,7560,584
income__0,37.75,0.9707403566353319,7560,584
income__0,38.0,0.9707403566353319,7560,584
income__0,38.25,0.9697932928727605,7560,584
income__0,38.5,0.9697932928727605,7560,584
income__0,38.75,0.9677942058697278,7560,584
income__0,39.0,0.9677942058697278,7560,584
income__0,39.25,0.9677942058697278,7560,584
income__0,39.5,0.9677942058697278,7560,584
income__0,39.75,0.9667797465344339,7560,584
income__0,40.0,0.9657523504169695,7560,584
income__0,40.25,0.9657523504169695,7560,584
income__0,40.5,0.9627815824649022,7560,584
income__0,40.75,0.9617616867207661,7560,584
income__0,41.0,0.9617616867207661,7560,584
income__0,41.25,0.9607822960010917,7560,584
income__0,41.5,0.9607822960010917,7560,584
income__0,41.75,0.9597491967580797,7560,584
income__0,42.0,0.9597491967580797,7560,584
income__0,42.25,0.956844751166327,7560,584
income__0,42.5,0.9558552529748414,7560,584
income__0,42.75,0.9538247499455749,7560,584
income__0,43.0,0.9497222492890183,7560,584
income__0,43.25,0.9487531449530092,7560,584
income__0,43.5,0.9487531449530092,7560,584
income__0,43.75,0.947750234651791,7560,584
income__0,44.0,0.9446961963304934,7560,584
income__0,44.25,0.9446961963304934,7560,584
income__0,44.5,0.9437409928963878,7560,584
income__0,44.75,0.9437409928963878,7560,584
income__0,45.0,0.9427496683240181,7560,584
income__0,45.25,0.9427496683240181,7560,584
income__0,45.5,0.9417747462264748,7560,584
income__0,45.75,0.9407792126680965,7560,584
income__0,46.0,0.9407792126680965,7560,584
income__0,46.25,0.9398221636216386,7560,584
income__0,46.5,0.9388482546437922,7560,584
income__0,46.75,0.9388482546437922,7560,584
income__0,47.0,0.9378332835576909,7560,584
income__0,47.25,0.9378332835576909,7560,584
income__0,47.5,0.9358772735742406,7560,584
income__0,47.75,0.9288881031877659,7560,584
income__0,48.0,0.9258054897736443,7560,584
income__0,48.25,0.9238946425295291,7560,584
income__0,48.5,0.9218991897378884,7560,584
income__0,48.75,0.9208849992101245,7560,584
income__0,49.0,0.919847966553356,7560,584
income__0,49.25,0.918859945107004,7560,584
income__0,49.5,0.9168281835557671,7560,584
income__0,49.75,0.9158026486748323,7560,584
income__0,50.0,0.9147487906211216,7560,584
income__0,50.25,0.9137662462702929,7560,584
income__0,50.5,0.9127632097760335,7560,584
income__0,50.75,0.9117433626142721,7560,584
income__0,51.0,0.9096641303164058,7560,584
income__0,51.25,0.9077325878546024,7560,584
income__0,51.5,0.9057492704852121,7560,584
income__0,51.75,0.9057492704852121,7560,584
income__0,52.0,0.9026614728773574,7560,584
income__0,52.25,0.9007570813528676,7560,584
income__0,52.5,0.8978427447274911,7560,584
income__0,52.75,0.8968539311319755,7560,584
income__0,53.0,0.8948407909947549,7560,584
income__0,53.25,0.8920375405430483,7560,584
income__0,53.5,0.8901004294766022,7560,584
income__0,53.75,0.887170016365659,7560,584
income__0,54.0,0.8821502726112912,7560,584
income__0,54.25,0.8802712942934233,7560,584
income__0,54.5,0.8783481428924474,7560,584
income__0,54.75,0.8773601247339632,7560,584
income__0,55.0,0.875342043086811,7560,584
income__0,55.25,0.8724845609004556,7560,584
income__0,55.5,0.8705128443786465,7560,584
income__0,55.75,0.8665287518040009,7560,584
income__0,56.0,0.8625029848982834,7560,584
income__0,56.25,0.8615306027281616,7560,584
income__0,56.5,0.8576100994165431,7560,584
income__0,56.75,0.854576000398939,7560,584
income__0,57.0,0.851428711497768,7560,584
income__0,57.25,0.849447482786693,7560,584
income__0,57.5,0.8484374382173864,7560,584
income__0,57.75,0.8463476908326143,7560,584
income__0,58.0,0.8452709126000025,7560,584
income__0,58.25,0.8411472848489224,7560,584
income__0,58.5,0.8337738745521741,7560,584
income__0,58.75,0.8294013485368783,7560,584
income__0,59.0,0.8282969526000783,7560,584
income__0,59.25,0.8251526160581579,7560,584
income__0,59.5,0.8209045128524856,7560,584
income__0,59.75,0.8187181860082676,7560,584
income__0,60.0,0.8164455437584445,7560,584
income__0,60.25,0.8134076655169633,7560,584
income__0,60.5,0.8113703143446965,7560,584
income__0,60.75,0.8092896310904529,7560,584
income__0,61.0,0.8060749513446911,7560,584
income__0,61.25,0.8020926946805554,7560,584
income__0,61.5,0.8000517463480348,7560,584
income__0,61.75,0.7959192462693832,7560,584
income__0,62.0,0.7937505289770961,7560,584
income__0,62.25,0.7889419253021045,7560,584
income__0,62.5,0.7840594940956569,7560,584
income__0,62.75,0.7800253100293734,7560,584
income__0,63.0,0.7768918888452973,7560,584
income__0,63.25,0.7749836716002018,7560,584
income__0,63.5,0.7720104908469149,7560,584
income__0,63.75,0.7669930344974335,7560,584
income__0,64.0,0.7638874871555947,7560,584
income__0,64.25,0.7600358808210068,7560,584
income__0,64.5,0.7560875423284475,7560,584
income__0,64.75,0.7530645023221202,7560,584
income__0,65.0,0.7499792079221569,7560,584
income__0,65.25,0.7499792079221569,7560,584
income__0,65.5,0.7460093371730833,7560,584
income__0,65.75,0.7409406779574222,7560,584
income__0,66.0,0.7367270923901031,7560,584
income__0,66.25,0.7298686474479752,7560,584
income__0,66.5,0.725842971117927,7560,584
income__0,66.75,0.7217391070035527,7560,584
income__0,67.0,0.7206885406178124,7560,584
income__0,67.25,0.7128134084088297,7560,584
income__0,67.5,0.7087789121831768,7560,584
income__0,67.75,0.7035050819519881,7560,584
income__0,68.0,0.7002763319856465,7560,584
income__0,68.25,0.6953317026137089,7560,584
income__0,68.5,0.6873201066183298,7560,584
income__0,68.75,0.6832390225885392,7560,584
income__0,69.0,0.6801206496136484,7560,584
income__0,69.25,0.6771872909183793,7560,584
income__0,69.5,0.6771872909183793,7560,584
income__0,69.75,0.6741044580209189,7560,584
income__0,70.0,0.6709040514126995,7560,584
income__0,70.25,0.6597719467477937,7560,584
income__0,70.5,0.6587458628492748,7560,584
income__0,70.75,0.6544399187581907,7560,584
income__0,71.0,0.6522289730867101,7560,584
income__0,71.25,0.6479483075729855,7560,584
income__0,71.5,0.6424457838900554,7560,584
income__0,71.75,0.6334458694559038,7560,584
income__0,72.0,0.6288177813656768,7560,584
income__0,72.25,0.624421882638823,7560,584
income__0,72.5,0.6210725192669039,7560,584
income__0,72.75,0.6141368866776122,7560,584
income__0,73.0,0.6070273718635685,7560,584
income__0,73.25,0.603597098991766,7560,584
income__0,73.5,0.6012484721474398,7560,584
income__0,73.75,0.5950792933940543,7560,584
income__0,74.0,0.5912991853930816,7560,584
income__0,74.25,0.5865709105538153,7560,584
income__0,74.5,0.5817476745393694,7560,584
income__0,74.75,0.5755844586580664,7560,584
income__0,75.0,0.5690467467325234,7560,584
income__0,75.25,0.567812372010761,7560,584
income__0,75.5,0.565297099183818,7560,584
income__0,75.75,0.5574075925970855,7560,584
income__0,76.0,0.547847058657795,7560,584
income__0,76.25,0.5402490571427297,7560,584
income__0,76.5,0.5376733652947663,7560,584
income__0,76.75,0.5311159003114178,7560,584
income__0,77.0,0.5243118948892042,7560,584
income__0,77.25,0.5204184897291356,7560,584
income__0,77.5,0.513809979628456,7560,584
income__0,77.75,0.5045263090411,7560,584
income__0,78.0,0.4951435334772982,7560,584
income__0,78.25,0.49388682400146744,7560,584
income__0,78.5,0.48615234486278863,7560,584
income__0,78.75,0.48350277657718443,7560,584
income__0,79.0,0.4780352329008275,7560,584
income__0,79.25,0.4713846552939652,7560,584
income__0,79.5,0.46867527883820737,7560,584
income__0,79.75,0.4631322120376876,7560,584
income__0,80.0,0.4588656439825802,7560,584
income__0,80.25,0.4559425759747134,7560,584
income__0,80.5,0.4484377819688095,7560,584
income__0,80.75,0.4407272772467593,7560,584
income__0,81.0,0.4342749176520744,7560,584
income__0,81.25,0.4227635357326776,7560,584
income__0,81.5,0.41741209857150446,7560,584
income__0,81.75,0.4136597941951413,7560,584
income__0,82.0,0.4136597941951413,7560,584
income__0,82.25,0.40141281317577965,7560,584
income__0,82.5,0.3951072084947554,7560,584
income__0,82.75,0.3778273136761794,7560,584
income__0,83.0,0.3688677293839645,7560,584
income__0,83.25,0.3640772393919649,7560,584
income__0,83.5,0.35912242237563097,7560,584
income__0,83.75,0.35657545484105185,7560,584
income__0,84.0,0.3538325667268899,7560,584
income__0,84.25,0.3479353572814419,7560,584
income__0,84.5,0.3413043737452007,7560,584
income__0,84.75,0.3413043737452007,7560,584
income__0,85.0,0.3375121029258095,7560,584
income__0,85.25,0.32137585672592056,7560,584
income__0,85.5,0.3169123031602828,7560,584
income__0,85.75,0.3029143576802088,7560,584
income__0,86.0,0.2930535459289832,7560,584
income__0,86.25,0.2773341986377735,7560,584
income__0,86.5,0.2773341986377735,7560,584
income__0,86.75,0.27143347100718257,7560,584
income__0,87.0,0.27143347100718257,7560,584
income__0,87.25,0.2581928138848809,7560,584
income__0,87.5,0.2581928138848809,7560,584
income__0,87.75,0.25036878922170275,7560,584
income__0,88.0,0.2414270467494991,7560,584
income__0,88.25,0.2317699648795192,7560,584
income__0,88.5,0.2317699648795192,7560,584
income__0,88.75,0.2317699648795192,7560,584
income__0,89.0,0.2317699648795192,7560,584
income__0,89.25,0.2181364375336651,7560,584
income__0,89.5,0.2181364375336651,7560,584
income__0,89.75,0.2181364375336651,7560,584
income__0,90.0,0.2181364375336651,7560,584
income__0,90.25,0.2181364375336651,7560,584
income__0,90.5,0.19086938284195698,7560,584
income__0,90.75,0.19086938284195698,7560,584
income__0,91.0,0.19086938284195698,7560,584
income__0,91.25,0.14315203713146776,7560,584
income__0,91.5,0.14315203713146776,7560,584
income__0,91.75,0.14315203713146776,7560,584
income__0,92.0,0.14315203713146776,7560,584
income__0,92.25,0.14315203713146776,7560,584
income__0,92.5,0.14315203713146776,7560,584
income__0,92.75,0.14315203713146776,7560,584
income__0,93.0,0.14315203713146776,7560,584
income__0,93.25,0.14315203713146776,7560,584
income__0,93.5,0.14315203713146776,7560,584
income__0,93.75,0.14315203713146776,7560,584
income__0,94.0,0.14315203713146776,7560,584
income__0,94.25,0.14315203713146776,7560,584
income__0,94.5,0.14315203713146776,7560,584
income__0,94.75,0.14315203713146776,7560,584
income__0,95.0,0.14315203713146776,7560,584
income__0,95.25,0.14315203713146776,7560,584
income__0,95.5,0.14315203713146776,7560,584
income__0,95.75,0.14315203713146776,7560,584
income__0,96.0,0.14315203713146776,7560,584
income__0,96.25,0.14315203713146776,7560,584
income__0,96.5,0.14315203713146776,7560,584
income__0,96.75,0.14315203713146776,7560,584
income__0,97.0,0.14315203713146776,7560,584
income__0,97.25,0.14315203713146776,7560,584
income__0,97.5,0.14315203713146776,7560,584
income__0,97.75,0.14315203713146776,7560,584
income__0,98.0,0.14315203713146776,7560,584
income__0,98.25,0.14315203713146776,7560,584
income__0,98.5,0.14315203713146776,7560,584
income__0,98.75,0.14315203713146776,7560,584
income__0,99.0,0.14315203713146776,7560,584
income__0,99.25,0.14315203713146776,7560,584
income__0,99.5,0.14315203713146776,7560,584
income__0,99.75,0.14315203713146776,7560,584
income__0,100.0,0.14315203713146776,7560,584
income__0,100.25,0.14315203713146776,7560,584
income__0,100.5,0.14315203713146776,7560,584
income__0,100.75,0.14315203713146776,7560,584
income__0,101.0,0.14315203713146776,7560,584
income__0,101.25,0.14315203713146776,7560,584
income__0,101.5,0.14315203713146776,7560,584
income__0,101.75,0.14315203713146776,7560,584
income__0,102.0,0.14315203713146776,7560,584
income__0,102.25,0.14315203713146776,7560,584
income__0,102.5,0.14315203713146776,7560,584
income__0,102.75,0.14315203713146776,7560,584
income__0,103.0,0.14315203713146776,7560,584
income__0,103.25,0.14315203713146776,7560,584
income__0,103.5,0.14315203713146776,7560,584
income__0,103.75,0.14315203713146776,7560,584
income__0,104.0,0.14315203713146776,7560,584
income__0,104.25,0.14315203713146776,7560,584
income__0,104.5,0.14315203713146776,7560,584
income__0,104.75,0.14315203713146776,7560,584
income__0,105.0,0.14315203713146776,7560,584
income__0,105.25,0.14315203713146776,7560,584
income__0,105.5,0.14315203713146776,7560,584
income__0,105.75,0.14315203713146776,7560,584
income__0,106.0,0.14315203713146776,7560,584
income__0,106.25,0.14315203713146776,7560,584
income__0,106.5,0.14315203713146776,7560,584
income__0,106.75,0.14315203713146776,7560,584
income__0,107.0,0.14315203713146776,7560,584
income__0,107.25,0.14315203713146776,7560,584
income__0,107.5,0.14315203713146776,7560,584
income__0,107.75,0.14315203713146776,7560,584
income__0,108.0,0.14315203713146776,7560,584
income__0,108.25,0.14315203713146776,7560,584
income__0,108.5,0.14315203713146776,7560,584
income__0,108.75,0.14315203713146776,7560,584
income__0,109.0,0.14315203713146776,7560,584
income__0,109.25,0.14315203713146776,7560,584
income__0,109.5,0.14315203713146776,7560,584
income__0,109.75,0.14315203713146776,7560,584
income__0,110.0,0.14315203713146776,7560,584
income__1,20.0,1.0,7118,651
income__1,20.25,1.0,7118,651
income__1,20.5,0.9978540772532187,7118,651
income__1,20.75,0.9978540772532187,7118,651
income__1,21.0,0.9978540772532187,7118,651
income__1,21.25,0.9960265056831578,7118,651
income__1,21.5,0.9960265056831578,7118,651
income__1,21.75,0.9960265056831578,7118,651
income__1,22.0,0.9960265056831578,7118,651
income__1,22.25,0.9960265056831578,7118,651
income__1,22.5,0.9960265056831578,7118,651
income__1,22.75,0.9960265056831578,7118,651
income__1,23.0,0.9960265056831578,7118,651
income__1,23.25,0.9960265056831578,7118,651
income__1,23.5,0.9960265056831578,7118,651
income__1,23.75,0.9960265056831578,7118,651
income__1,24.0,0.9960265056831578,7118,651
income__1,24.25,0.9948103561035683,7118,651
income__1,24.5,0.9948103561035683,7118,651
income__1,24.75,0.9948103561035683,7118,651
income__1,25.0,0.9948103561035683,7118,651
income__1,25.25,0.9948103561035683,7118,651
income__1,25.5,0.9936734299823072,7118,651
income__1,25.75,0.9901635901477689,7118,651
income__1,26.0,0.9901635901477689,7118,651
income__1,26.25,0.9901635901477689,7118,651
income__1,26.5,0.9901635901477689,7118,651
income__1,26.75,0.9901635901477689,7118,651
income__1,27.0,0.9901635901477689,7118,651
income__1,27.25,0.9901635901477689,7118,651
income__1,27.5,0.9901635901477689,7118,651
income__1,27.75,0.9890670634698648,7118,651
income__1,28.0,0.9890670634698648,7118,651
income__1,28.25,0.9890670634698648,7118,651
income__1,28.5,0.9880137439134538,7118,651
income__1,28.75,0.9880137439134538,7118,651
income__1,29.0,0.9880137439134538,7118,651
income__1,29.25,0.9880137439134538,7118,651
income__1,29.5,0.9880137439134538,7118,651
income__1,29.75,0.9880137439134538,7118,651
income__1,30.0,0.9880137439134538,7118,651
income__1,30.25,0.9880137439134538,7118,651
income__1,30.5,0.9869280145245379,7118,651
income__1,30.75,0.9869280145245379,7118,651
income__1,31.0,0.9869280145245379,7118,651
income__1,31.25,0.9869280145245379,7118,651
income__1,31.5,0.9858153561090653,7118,651
income__1,31.75,0.9858153561090653,7118,651
income__1,32.0,0.9858153561090653,7118,651
income__1,32.25,0.9858153561090653,7118,651
income__1,32.5,0.9858153561090653,7118,651
income__1,32.75,0.9858153561090653,7118,651
income__1,33.0,0.9858153561090653,7118,651
income__1,33.25,0.9847212214186005,7118,651
income__1,33.5,0.9847212214186005,7118,651
income__1,33.75,0.9847212214186005,7118,651
income__1,34.0,0.9847212214186005,7118,651
income__1,34.25,0.983678084531505,7118,651
income__1,34.5,0.983678084531505,7118,651
income__1,34.75,0.983678084531505,7118,651
income__1,35.0,0.983678084531505,7118,651
income__1,35.25,0.983678084531505,7118,651
income__1,35.5,0.983678084531505,7118,651
income__1,35.75,0.983678084531505,7118,651
income__1,36.0,0.983678084531505,7118,651
income__1,36.25,0.983678084531505,7118,651
income__1,36.5,0.983678084531505,7118,651
income__1,36.75,0.983678084531505,7118,651
income__1,37.0,0.982570338940816,7118,651
income__1,37.25,0.982570338940816,7118,651
income__1,37.5,0.981476162616828,7118,651
income__1,37.75,0.981476162616828,7118,651
income__1,38.0,0.981476162616828,7118,651
income__1,38.25,0.9804230766054369,7118,651
income__1,38.5,0.9771835557263882,7118,651
income__1,38.75,0.9771835557263882,7118,651
income__1,39.0,0.9771835557263882,7118,651
income__1,39.25,0.9760880584666045,7118,651
income__1,39.5,0.9760880584666045,7118,651
income__1,39.75,0.9749635330536238,7118,651
income__1,40.0,0.9749635330536238,7118,651
income__1,40.25,0.9738692978874586,7118,651
income__1,40.5,0.9716646256669051,7118,651
income__1,40.75,0.9716646256669051,7118,651
income__1,41.0,0.9716646256669051,7118,651
income__1,41.25,0.9716646256669051,7118,651
income__1,41.5,0.9705566842465327,7118,651
income__1,41.75,0.9705566842465327,7118,651
income__1,42.0,0.9705566842465327,7118,651
income__1,42.25,0.9694673950386246,7118,651
income__1,42.5,0.9694673950386246,7118,651
income__1,42.75,0.9694673950386246,7118,651
income__1,43.0,0.9683049641093219,7118,651
income__1,43.25,0.9672021110750286,7118,651
income__1,43.5,0.9660735205136805,7118,651
income__1,43.75,0.9660735205136805,7118,651
income__1,44.0,0.9649151589782926,7118,651
income__1,44.25,0.9638149136430839,7118,651
income__1,44.5,0.9627006767486989,7118,651
income__1,44.75,0.9627006767486989,7118,651
income__1,45.0,0.9627006767486989,7118,651
income__1,45.25,0.9627006767486989,7118,651
income__1,45.5,0.9627006767486989,7118,651
income__1,45.75,0.9604578507869926,7118,651
income__1,46.0,0.959308977759735,7118,651
income__1,46.25,0.959308977759735,7118,651
income__1,46.5,0.959308977759735,7118,651
income__1,46.75,0.959308977759735,7118,651
income__1,47.0,0.959308977759735,7118,651
income__1,47.25,0.9582395140164132,7118,651
income__1,47.5,0.9560640847424126,7118,651
income__1,47.75,0.9560640847424126,7118,651
income__1,48.0,0.9549108108163057,7118,651
income__1,48.25,0.95272815753444,7118,651
income__1,48.5,0.9515953059797019,7118,651
income__1,48.75,0.9469681303300949,7118,651
income__1,49.0,0.9469681303300949,7118,651
income__1,49.25,0.9469681303300949,7118,651
income__1,49.5,0.9434780757957093,7118,651
income__1,49.75,0.9423060533413046,7118,651
income__1,50.0,0.9398819191959981,7118,651
income__1,50.25,0.9376156604520897,7118,651
income__1,50.5,0.9364595375662049,7118,651
income__1,50.75,0.9364595375662049,7118,651
income__1,51.0,0.9352305880418398,7118,651
income__1,51.25,0.9340745551765223,7118,651
income__1,51.5,0.9305407883762895,7118,651
income__1,51.75,0.9305407883762895,7118,651
income__1,52.0,0.9280855099629024,7118,651
income__1,52.25,0.9280855099629024,7118,651
income__1,52.5,0.9258050982086504,7118,651
income__1,52.75,0.9246361523775791,7118,651
income__1,53.0,0.9246361523775791,7118,651
income__1,53.25,0.9246361523775791,7118,651
income__1,53.5,0.9200100712513493,7118,651
income__1,53.75,0.9165028627436983,7118,651
income__1,54.0,0.9153218023535648,7118,651
income__1,54.25,0.9153218023535648,7118,651
income__1,54.5,0.9153218023535648,7118,651
income__1,54.75,0.9141437820159157,7118,651
income__1,55.0,0.9129329955496696,7118,651
income__1,55.25,0.9107250411845366,7118,651
income__1,55.5,0.9095794750949965,7118,651
income__1,55.75,0.9072559964990832,7118,651
income__1,56.0,0.9048509719925845,7118,651
income__1,56.25,0.9037142245403326,7118,651
income__1,56.5,0.8979972548603536,7118,651
income__1,56.75,0.8956843048356296,7118,651
income__1,57.0,0.8909620340272546,7118,651
income__1,57.25,0.8864734638011438,7118,651
income__1,57.5,0.8853146749595738,7118,651
income__1,57.75,0.8805498350423406,7118,651
income__1,58.0,0.8805498350423406,7118,651
income__1,58.25,0.8782233340942176,7118,651
income__1,58.5,0.8758022783974687,7118,651
income__1,58.75,0.8720683565594503,7118,651
income__1,59.0,0.8695108612176412,7118,651
income__1,59.25,0.8671411373175515,7118,651
income__1,59.5,0.8646771205207953,7118,651
income__1,59.75,0.8634092655053685,7118,651
income__1,60.0,0.859548744518749,7118,651
income__1,60.25,0.8583696653081607,7118,651
income__1,60.5,0.8536336231615248,7118,651
income__1,60.75,0.8427726967078671,7118,651
income__1,61.0,0.8390138853673814,7118,651
income__1,61.25,0.8367942719140283,7118,651
income__1,61.5,0.8356588658463029,7118,651
income__1,61.75,0.8299127715376372,7118,651
income__1,62.0,0.8299127715376372,7118,651
income__1,62.25,0.8277888614318917,7118,651
income__1,62.5,0.8223839320312717,7118,651
income__1,62.75,0.8157373844927794,7118,651
income__1,63.0,0.8111327714080554,7118,651
income__1,63.25,0.8100820812896508,7118,651
income__1,63.5,0.8068814727126578,7118,651
income__1,63.75,0.8036292599031218,7118,651
income__1,64.0,0.7980738610142749,7118,651
income__1,64.25,0.7970400865829088,7118,651
income__1,64.5,0.7927785181734661,7118,651
income__1,64.75,0.7916865367434752,7118,651
income__1,65.0,0.7883475226704394,7118,651
income__1,65.25,0.7842518582077695,7118,651
income__1,65.5,0.7769427822916832,7118,651
income__1,65.75,0.7716135931301402,7118,651
income__1,66.0,0.7694744775075442,7118,651
income__1,66.25,0.7655126517282913,7118,651
income__1,66.5,0.7614375063469178,7118,651
income__1,66.75,0.7593570760017079,7118,651
income__1,67.0,0.7582830207315495,7118,651
income__1,67.25,0.7553158150795513,7118,651
income__1,67.5,0.7502429987243947,7118,651
income__1,67.75,0.7481959509788982,7118,651
income__1,68.0,0.7471421538648433,7118,651
income__1,68.25,0.7442623789436602,7118,651
income__1,68.5,0.7423216686986964,7118,651
income__1,68.75,0.7343296328097128,7118,651
income__1,69.0,0.73024570324421,7118,651
income__1,69.25,0.7264396729606759,7118,651
income__1,69.5,0.7205488858809936,7118,651
income__1,69.75,0.718538908312811,7118,651
income__1,70.0,0.7175225873675308,7118,651
income__1,70.25,0.7137384904615084,7118,651
income__1,70.5,0.711795948832235,7118,651
income__1,70.75,0.7058597426821531,7118,651
income__1,71.0,0.6987861638577997,7118,651
income__1,71.25,0.6922980096929926,7118,651
income__1,71.5,0.6837432394933701,7118,651
income__1,71.75,0.6761190455466684,7118,651
income__1,72.0,0.6711860999075432,7118,651
income__1,72.25,0.6656756147424122,7118,651
income__1,72.5,0.6609939429138127,7118,651
income__1,72.75,0.6581115561613827,7118,651
income__1,73.0,0.6521775517014852,7118,651
income__1,73.25,0.6475371999486526,7118,651
income__1,73.5,0.6465778855783579,7118,651
income__1,73.75,0.6359563793016944,7118,651
income__1,74.0,0.6301108750022936,7118,651
income__1,74.25,0.6209994875448988,7118,651
income__1,74.5,0.6154900371204408,7118,651
income__1,74.75,0.6079732777974339,7118,651
income__1,75.0,0.6003819806685634,7118,651
income__1,75.25,0.591460129360243,7118,651
income__1,75.5,0.5878342499562451,7118,651
income__1,75.75,0.5841238918377369,7118,651
income__1,76.0,0.5803322130294994,7118,651
income__1,76.25,0.5730274914431772,7118,651
income__1,76.5,0.5656361576407372,7118,651
income__1,76.75,0.5599652610518278,7118,651
income__1,77.0,0.5503680547724018,7118,651
income__1,77.25,0.5476597669528223,7118,651
income__1,77.5,0.5412437430684984,7118,651
income__1,77.75,0.5327648606317642,7118,651
income__1,78.0,0.5221072417877342,7118,651
income__1,78.25,0.5166885937720208,7118,651
income__1,78.5,0.5102345130438238,7118,651
income__1,78.75,0.5055500014298929,7118,651
income__1,79.0,0.49602183863774324,7118,651
income__1,79.25,0.48964700717711557,7118,651
income__1,79.5,0.4830840869979418,7118,651
income__1,79.75,0.4764698023225671,7118,651
income__1,80.0,0.4706504062518973,7118,651
income__1,80.25,0.464694291023097,7118,651
income__1,80.5,0.4554742062969804,7118,651
income__1,80.75,0.44917481990151453,7118,651
income__1,81.0,0.44164536054232484,7118,651
income__1,81.25,0.43492478517671784,7118,651
income__1,81.5,0.42686021845156336,7118,651
income__1,81.75,0.4208428499771152,7118,651
income__1,82.0,0.41059555035708234,7118,651
income__1,82.25,0.40665939677762986,7118,651
income__1,82.5,0.40384514489681583,7118,651
income__1,82.75,0.3995230357883032,7118,651
income__1,83.0,0.396495822927101,7118,651
income__1,83.25,0.39031858374860234,7118,651
income__1,83.5,0.3871769951476993,7118,651
income__1,83.75,0.38078265514895976,7118,651
income__1,84.0,0.37255376151250985,7118,651
income__1,84.25,0.3656036257703746,7118,651
income__1,84.5,0.3599367923406027,7118,651
income__1,84.75,0.3500216983200473,7118,651
income__1,85.0,0.33940049673242667,7118,651
income__1,85.25,0.33244210981841915,7118,651
income__1,85.5,0.3230259005148422,7118,651
income__1,85.75,0.3154081098502082,7118,651
income__1,86.0,0.2991361891911153,7118,651
income__1,86.25,0.2935167326455912,7118,651
income__1,86.5,0.2904270828282692,7118,651
income__1,86.75,0.2731257093710106,7118,651
income__1,87.0,0.2621967149104186,7118,651
income__1,87.25,0.2506767450908019,7118,651
income__1,87.5,0.24172400419470177,7118,651
income__1,87.75,0.23716317392687725,7118,651
income__1,88.0,0.23232310915285942,7118,651
income__1,88.25,0.22636610635406815,7118,651
income__1,88.5,0.21377021808317404,7118,651
income__1,88.75,0.21377021808317404,7118,651
income__1,89.0,0.21377021808317404,7118,651
income__1,89.25,0.20486312566304174,7118,651
income__1,89.5,0.20486312566304174,7118,651
income__1,89.75,0.20486312566304174,7118,651
income__1,90.0,0.20486312566304174,7118,651
income__1,90.25,0.20486312566304174,7118,651
income__1,90.5,0.20486312566304174,7118,651
income__1,90.75,0.20486312566304174,7118,651
income__1,91.0,0.20486312566304174,7118,651
income__1,91.25,0.20486312566304174,7118,651
income__1,91.5,0.13657541710869447,7118,651
income__1,91.75,0.06828770855434722,7118,651
income__1,92.0,0.06828770855434722,7118,651
income__1,92.25,0.06828770855434722,7118,651
income__1,92.5,0.06828770855434722,7118,651
income__1,92.75,0.06828770855434722,7118,651
income__1,93.0,0.06828770855434722,7118,651
income__1,93.25,0.06828770855434722,7118,651
income__1,93.5,0.06828770855434722,7118,651
income__1,93.75,0.06828770855434722,7118,651
income__1,94.0,0.06828770855434722,7118,651
income__1,94.25,0.06828770855434722,7118,651
income__1,94.5,0.06828770855434722,7118,651
income__1,94.75,0.06828770855434722,7118,651
income__1,95.0,0.06828770855434722,7118,651
income__1,95.25,0.06828770855434722,7118,651
income__1,95.5,0.06828770855434722,7118,651
income__1,95.75,0.06828770855434722,7118,651
income__1,96.0,0.06828770855434722,7118,651
income__1,96.25,0.06828770855434722,7118,651
income__1,96.5,0.06828770855434722,7118,651
income__1,96.75,0.06828770855434722,7118,651
income__1,97.0,0.06828770855434722,7118,651
income__1,97.25,0.06828770855434722,7118,651
income__1,97.5,0.06828770855434722,7118,651
income__1,97.75,0.06828770855434722,7118,651
income__1,98.0,0.06828770855434722,7118,651
income__1,98.25,0.06828770855434722,7118,651
income__1,98.5,0.06828770855434722,7118,651
income__1,98.75,0.06828770855434722,7118,651
income__1,99.0,0.06828770855434722,7118,651
income__1,99.25,0.06828770855434722,7118,651
income__1,99.5,0.06828770855434722,7118,651
income__1,99.75,0.06828770855434722,7118,651
income__1,100.0,0.06828770855434722,7118,651
income__1,100.25,0.06828770855434722,7118,651
income__1,100.5,0.06828770855434722,7118,651
income__1,100.75,0.06828770855434722,7118,651
income__1,101.0,0.06828770855434722,7118,651
income__1,101.25,0.06828770855434722,7118,651
income__1,101.5,0.06828770855434722,7118,651
income__1,101.75,0.06828770855434722,7118,651
income__1,102.0,0.06828770855434722,7118,651
income__1,102.25,0.06828770855434722,7118,651
income__1,102.5,0.06828770855434722,7118,651
income__1,102.75,0.06828770855434722,7118,651
income__1,103.0,0.06828770855434722,7118,651
income__1,103.25,0.06828770855434722,7118,651
income__1,103.5,0.06828770855434722,7118,651
income__1,103.75,0.06828770855434722,7118,651
income__1,104.0,0.06828770855434722,7118,651
income__1,104.25,0.06828770855434722,7118,651
income__1,104.5,0.06828770855434722,7118,651
income__1,104.75,0.06828770855434722,7118,651
income__1,105.0,0.06828770855434722,7118,651
income__1,105.25,0.06828770855434722,7118,651
income__1,105.5,0.06828770855434722,7118,651
income__1,105.75,0.06828770855434722,7118,651
income__1,106.0,0.06828770855434722,7118,651
income__1,106.25,0.06828770855434722,7118,651
income__1,106.5,0.06828770855434722,7118,651
income__1,106.75,0.06828770855434722,7118,651
income__1,107.0,0.06828770855434722,7118,651
income__1,107.25,0.06828770855434722,7118,651
income__1,107.5,0.06828770855434722,7118,651
income__1,107.75,0.06828770855434722,7118,651
income__1,108.0,0.06828770855434722,7118,651
income__1,108.25,0.06828770855434722,7118,651
income__1,108.5,0.06828770855434722,7118,651
income__1,108.75,0.06828770855434722,7118,651
income__1,109.0,0.06828770855434722,7118,651
income__1,109.25,0.06828770855434722,7118,651
income__1,109.5,0.06828770855434722,7118,651
income__1,109.75,0.06828770855434722,7118,651
income__1,110.0,0.06828770855434722,7118,651
income__2,20.0,1.0,7142,468
income__2,20.25,1.0,7142,468
income__2,20.5,1.0,7142,468
income__2,20.75,0.9972602739726026,7142,468
income__2,21.0,0.9972602739726026,7142,468
income__2,21.25,0.9972602739726026,7142,468
income__2,21.5,0.9972602739726026,7142,468
income__2,21.75,0.9972602739726026,7142,468
income__2,22.0,0.9972602739726026,7142,468
income__2,22.25,0.9972602739726026,7142,468
income__2,22.5,0.9972602739726026,7142,468
income__2,22.75,0.9972602739726026,7142,468
income__2,23.0,0.9972602739726026,7142,468
income__2,23.25,0.9972602739726026,7142,468
income__2,23.5,0.9972602739726026,7142,468
income__2,23.75,0.9955228867357165,7142,468
income__2,24.0,0.9937323779466235,7142,468
income__2,24.25,0.9921723585149965,7142,468
income__2,24.5,0.9921723585149965,7142,468
income__2,24.75,0.9921723585149965,7142,468
income__2,25.0,0.9921723585149965,7142,468
income__2,25.25,0.9921723585149965,7142,468
income__2,25.5,0.9921723585149965,7142,468
income__2,25.75,0.9921723585149965,7142,468
income__2,26.0,0.9921723585149965,7142,468
income__2,26.25,0.9921723585149965,7142,468
income__2,26.5,0.9908351990021728,7142,468
income__2,26.75,0.9894609476859423,7142,468
income__2,27.0,0.9894609476859423,7142,468
income__2,27.25,0.9894609476859423,7142,468
income__2,27.5,0.9894609476859423,7142,468
income__2,27.75,0.9868741128268699,7142,468
income__2,28.0,0.9868741128268699,7142,468
income__2,28.25,0.9868741128268699,7142,468
income__2,28.5,0.9868741128268699,7142,468
income__2,28.75,0.9868741128268699,7142,468
income__2,29.0,0.9868741128268699,7142,468
income__2,29.25,0.9868741128268699,7142,468
income__2,29.5,0.9868741128268699,7142,468
income__2,29.75,0.9868741128268699,7142,468
income__2,30.0,0.9868741128268699,7142,468
income__2,30.25,0.9868741128268699,7142,468
income__2,30.5,0.9868741128268699,7142,468
income__2,30.75,0.9857185225308195,7142,468
income__2,31.0,0.9857185225308195,7142,468
income__2,31.25,0.9846171610531309,7142,468
income__2,31.5,0.9846171610531309,7142,468
income__2,31.75,0.9846171610531309,7142,468
income__2,32.0,0.9846171610531309,7142,468
income__2,32.25,0.9846171610531309,7142,468
income__2,32.5,0.9846171610531309,7142,468
income__2,32.75,0.9846171610531309,7142,468
income__2,33.0,0.9846171610531309,7142,468
income__2,33.25,0.9835145662479209,7142,468
income__2,33.5,0.9835145662479209,7142,468
income__2,33.75,0.9835145662479209,7142,468
income__2,34.0,0.9835145662479209,7142,468
income__2,34.25,0.9824229851533065,7142,468
income__2,34.5,0.9824229851533065,7142,468
income__2,34.75,0.9824229851533065,7142,468
income__2,35.0,0.9812832833143815,7142,468
income__2,35.25,0.9812832833143815,7142,468
income__2,35.5,0.9812832833143815,7142,468
income__2,35.75,0.9812832833143815,7142,468
income__2,36.0,0.9801301889744117,7142,468
income__2,36.25,0.9801301889744117,7142,468
income__2,36.5,0.9801301889744117,7142,468
income__2,36.75,0.9801301889744117,7142,468
income__2,37.0,0.9801301889744117,7142,468
income__2,37.25,0.9801301889744117,7142,468
income__2,37.5,0.9801301889744117,7142,468
income__2,37.75,0.9789997043273827,7142,468
income__2,38.0,0.9778492933939782,7142,468
income__2,38.25,0.9767652032682637,7142,468
income__2,38.5,0.9767652032682637,7142,468
income__2,38.75,0.9767652032682637,7142,468
income__2,39.0,0.9767652032682637,7142,468
income__2,39.25,0.9767652032682637,7142,468
income__2,39.5,0.9767652032682637,7142,468
income__2,39.75,0.9767652032682637,7142,468
income__2,40.0,0.9767652032682637,7142,468
income__2,40.25,0.9757069527771827,7142,468
income__2,40.5,0.9757069527771827,7142,468
income__2,40.75,0.9746019618906857,7142,468
income__2,41.0,0.9746019618906857,7142,468
income__2,41.25,0.9714733794219306,7142,468
income__2,41.5,0.9714733794219306,7142,468
income__2,41.75,0.9714733794219306,7142,468
income__2,42.0,0.9714733794219306,7142,468
income__2,42.25,0.9714733794219306,7142,468
income__2,42.5,0.9714733794219306,7142,468
income__2,42.75,0.9714733794219306,7142,468
income__2,43.0,0.9703554583869228,7142,468
income__2,43.25,0.969328627214026,7142,468
income__2,43.5,0.9682750091409668,7142,468
income__2,43.75,0.9682750091409668,7142,468
income__2,44.0,0.9671398684502969,7142,468
income__2,44.25,0.9660723851517858,7142,468
income__2,44.5,0.9660723851517858,7142,468
income__2,44.75,0.9660723851517858,7142,468
income__2,45.0,0.9660723851517858,7142,468
income__2,45.25,0.9660723851517858,7142,468
income__2,45.5,0.9650049018532756,7142,468
income__2,45.75,0.9650049018532756,7142,468
income__2,46.0,0.9650049018532756,7142,468
income__2,46.25,0.9639559834816954,7142,468
income__2,46.5,0.9639559834816954,7142,468
income__2,46.75,0.9639559834816954,7142,468
income__2,47.0,0.9639559834816954,7142,468
income__2,47.25,0.9639559834816954,7142,468
income__2,47.5,0.9628837298849422,7142,468
income__2,47.75,0.9617718549081695,7142,468
income__2,48.0,0.9617718549081695,7142,468
income__2,48.25,0.9606960474642007,7142,468
income__2,48.5,0.9606960474642007,7142,468
income__2,48.75,0.9595564317495336,7142,468
income__2,49.0,0.9572497389856262,7142,468
income__2,49.25,0.9572497389856262,7142,468
income__2,49.5,0.9572497389856262,7142,468
income__2,49.75,0.9572497389856262,7142,468
income__2,50.0,0.9572497389856262,7142,468
income__2,50.25,0.9561128628110593,7142,468
income__2,50.5,0.9561128628110593,7142,468
income__2,50.75,0.9549295548125314,7142,468
income__2,51.0,0.9549295548125314,7142,468
income__2,51.25,0.9549295548125314,7142,468
income__2,51.5,0.9549295548125314,7142,468
income__2,51.75,0.9537388695820921,7142,468
income__2,52.0,0.9525223659219108,7142,468
income__2,52.25,0.9513802527733236,7142,468
income__2,52.5,0.9513802527733236,7142,468
income__2,52.75,0.9490398268567886,7142,468
income__2,53.0,0.9490398268567886,7142,468
income__2,53.25,0.9490398268567886,7142,468
income__2,53.5,0.9466878002272873,7142,468
income__2,53.75,0.9419408235360311,7142,468
income__2,54.0,0.9407408989200617,7142,468
income__2,54.25,0.9384615329971984,7142,468
income__2,54.5,0.9349641608245379,7142,468
income__2,54.75,0.9337746389914277,7142,468
income__2,55.0,0.9337746389914277,7142,468
income__2,55.25,0.9326536610334545,7142,468
income__2,55.5,0.9303801985304855,7142,468
income__2,55.75,0.9280364631315569,7142,468
income__2,56.0,0.9280364631315569,7142,468
income__2,56.25,0.9280364631315569,7142,468
income__2,56.5,0.9268821889236816,7142,468
income__2,56.75,0.9245400959357508,7142,468
income__2,57.0,0.9220713640373913,7142,468
income__2,57.25,0.9209550548799612,7142,468
income__2,57.5,0.9209550548799612,7142,468
income__2,57.75,0.9185706062019823,7142,468
income__2,58.0,0.9185706062019823,7142,468
income__2,58.25,0.915061177324235,7142,468
income__2,58.5,0.9138507789415307,7142,468
income__2,58.75,0.9126040520944071,7142,468
income__2,59.0,0.9126040520944071,7142,468
income__2,59.25,0.9089487621661249,7142,468
income__2,59.5,0.9089487621661249,7142,468
income__2,59.75,0.9089487621661249,7142,468
income__2,60.0,0.907666746986765,7142,468
income__2,60.25,0.9053889669056745,7142,468
income__2,60.5,0.9053889669056745,7142,468
income__2,60.75,0.9041833890536033,7142,468
income__2,61.0,0.9029565459205596,7142,468
income__2,61.25,0.9018376406591952,7142,468
income__2,61.5,0.9006829189682104,7142,468
income__2,61.75,0.8995326214982642,7142,468
income__2,62.0,0.8983674238020225,7142,468
income__2,62.25,0.8983674238020225,7142,468
income__2,62.5,0.8951332594960796,7142,468
income__2,62.75,0.8940335871871162,7142,468
income__2,63.0,0.8873115996895334,7142,468
income__2,63.25,0.8843114365599715,7142,468
income__2,63.5,0.883285553222895,7142,468
income__2,63.75,0.8822302538761532,7142,468
income__2,64.0,0.879008672942347,7142,468
income__2,64.25,0.8760388212769495,7142,468
income__2,64.5,0.8730027971148369,7142,468
income__2,64.75,0.8719805455959669,7142,468
income__2,65.0,0.8709248790758751,7142,468
income__2,65.25,0.8679569378002775,7142,468
income__2,65.5,0.8658939531026941,7142,468
income__2,65.75,0.861712064439973,7142,468
income__2,66.0,0.8595604737672136,7142,468
income__2,66.25,0.8575831249526058,7142,468
income__2,66.5,0.8524671596583415,7142,468
income__2,66.75,0.8461158736097955,7142,468
income__2,67.0,0.8418055144151841,7142,468
income__2,67.25,0.8388237453910836,7142,468
income__2,67.5,0.8378203677052086,7142,468
income__2,67.75,0.8357553462111358,7142,468
income__2,68.0,0.8315235046513568,7142,468
income__2,68.25,0.8294916795159101,7142,468
income__2,68.5,0.8233084029115022,7142,468
income__2,68.75,0.8169359993340853,7142,468
income__2,69.0,0.8103665307525192,7142,468
income__2,69.25,0.808293982080518,7142,468
income__2,69.5,0.8072290361225722,7142,468
income__2,69.75,0.7997355103379599,7142,468
income__2,70.0,0.798629375468889,7142,468
income__2,70.25,0.798629375468889,7142,468
income__2,70.5,0.7955124304448281,7142,468
income__2,70.75,0.7902384472813473,7142,468
income__2,71.0,0.7825306034444425,7142,468
income__2,71.25,0.7794578392947916,7142,468
income__2,71.5,0.7753373220072929,7142,468
income__2,71.75,0.7711248498466058,7142,468
income__2,72.0,0.7678695408068987,7142,468
income__2,72.25,0.7668346761966467,7142,468
income__2,72.5,0.7636985031045067,7142,468
income__2,72.75,0.761559291611217,7142,468
income__2,73.0,0.7593259799056118,7142,468
income__2,73.25,0.7572397539652876,7142,468
income__2,73.5,0.7550668995780125,7142,468
income__2,73.75,0.7495275424324371,7142,468
income__2,74.0,0.7461664323766861,7142,468
income__2,74.25,0.7440480400524631,7142,468
income__2,74.5,0.7386167064511173,7142,468
income__2,74.75,0.7331188010382266,7142,468
income__2,75.0,0.7297437590037832,7142,468
income__2,75.25,0.7276528026742597,7142,468
income__2,75.5,0.7254823257244257,7142,468
income__2,75.75,0.7199721097230025,7142,468
income__2,76.0,0.715438502134669,7142,468
income__2,76.25,0.7089653423801234,7142,468
income__2,76.5,0.703504773455315,7142,468
income__2,76.75,0.6957151608386906,7142,468
income__2,77.0,0.6831473153382202,7142,468
income__2,77.25,0.6798467343703667,7142,468
income__2,77.5,0.6719423833787598,7142,468
income__2,77.75,0.6650025275489335,7142,468
income__2,78.0,0.6602501897913952,7142,468
income__2,78.25,0.6558353623985447,7142,468
income__2,78.5,0.6524076305834744,7142,468
income__2,78.75,0.6454787030736168,7142,468
income__2,79.0,0.6348881576538771,7142,468
income__2,79.25,0.6316020495998939,7142,468
income__2,79.5,0.6249261495418746,7142,468
income__2,79.75,0.6203913455089837,7142,468
income__2,80.0,0.6192005751721141,7142,468
income__2,80.25,0.6167714954591078,7142,468
income__2,80.5,0.6129484010819117,7142,468
income__2,80.75,0.6024741794021878,7142,468
income__2,81.0,0.5970060572812543,7142,468
income__2,81.25,0.5913821341361216,7142,468
income__2,81.5,0.5781091661764856,7142,468
income__2,81.75,0.5704139527163351,7142,468
income__2,82.0,0.5606149913436562,7142,468
income__2,82.25,0.5588575775776888,7142,468
income__2,82.5,0.5480046078261316,7142,468
income__2,82.75,0.5367566499636669,7142,468
income__2,83.0,0.5248784027448314,7142,468
income__2,83.25,0.5186708186611724,7142,468
income__2,83.5,0.5077116220547913,7142,468
income__2,83.75,0.49622151447975316,7142,468
income__2,84.0,0.484152778550664,7142,468
income__2,84.25,0.47667667133201136,7142,468
income__2,84.5,0.4740718807782842,7142,468
income__2,84.75,0.4630725925641749,7142,468
income__2,85.0,0.4487059825495576,7142,468
income__2,85.25,0.4426559681589496,7142,468
income__2,85.5,0.43942490269793544,7142,468
income__2,85.75,0.42627675600303644,7142,468
income__2,86.0,0.412345187454164,7142,468
income__2,86.25,0.4047715003376591,7142,468
income__2,86.5,0.3926283553275291,7142,468
income__2,86.75,0.38826581804611204,7142,468
income__2,87.0,0.36999448543217744,7142,468
income__2,87.25,0.3597047837221558,7142,468
income__2,87.5,0.3597047837221558,7142,468
income__2,87.75,0.33527661504832523,7142,468
income__2,88.0,0.33527661504832523,7142,468
income__2,88.25,0.33527661504832523,7142,468
income__2,88.5,0.32667977876503485,7142,468
income__2,88.75,0.32667977876503485,7142,468
income__2,89.0,0.3170715499778279,7142,468
income__2,89.25,0.3068434354624141,7142,468
income__2,89.5,0.3068434354624141,7142,468
income__2,89.75,0.3068434354624141,7142,468
income__2,90.0,0.2906937809643923,7142,468
income__2,90.25,0.25193461016914,7142,468
income__2,90.5,0.25193461016914,7142,468
income__2,90.75,0.2290314637901273,7142,468
income__2,91.0,0.2290314637901273,7142,468
income__2,91.25,0.1908595531584394,7142,468
income__2,91.5,0.1908595531584394,7142,468
income__2,91.75,0.1908595531584394,7142,468
income__2,92.0,0.1908595531584394,7142,468
income__2,92.25,0.1908595531584394,7142,468
income__2,92.5,0.1908595531584394,7142,468
income__2,92.75,0.1908595531584394,7142,468
income__2,93.0,0.1908595531584394,7142,468
income__2,93.25,0.1908595531584394,7142,468
income__2,93.5,0.1908595531584394,7142,468
income__2,93.75,0.1908595531584394,7142,468
income__2,94.0,0.1908595531584394,7142,468
income__2,94.25,0.1908595531584394,7142,468
income__2,94.5,0.1908595531584394,7142,468
income__2,94.75,0.1908595531584394,7142,468
income__2,95.0,0.1908595531584394,7142,468
income__2,95.25,0.1908595531584394,7142,468
income__2,95.5,0.1908595531584394,7142,468
income__2,95.75,0.1908595531584394,7142,468
income__2,96.0,0.1908595531584394,7142,468
income__2,96.25,0.1908595531584394,7142,468
income__2,96.5,0.1908595531584394,7142,468
income__2,96.75,0.1908595531584394,7142,468
income__2,97.0,0.1908595531584394,7142,468
income__2,97.25,0.1908595531584394,7142,468
income__2,97.5,0.1908595531584394,7142,468
income__2,97.75,0.1908595531584394,7142,468
income__2,98.0,0.1908595531584394,7142,468
income__2,98.25,0.1908595531584394,7142,468
income__2,98.5,0.1908595531584394,7142,468
income__2,98.75,0.1908595531584394,7142,468
income__2,99.0,0.1908595531584394,7142,468
income__2,99.25,0.1908595531584394,7142,468
income__2,99.5,0.1908595531584394,7142,468
income__2,99.75,0.1908595531584394,7142,468
income__2,100.0,0.1908595531584394,7142,468
income__2,100.25,0.1908595531584394,7142,468
income__2,100.5,0.1908595531584394,7142,468
income__2,100.75,0.1908595531584394,7142,468
income__2,101.0,0.1908595531584394,7142,468
income__2,101.25,0.1908595531584394,7142,468
income__2,101.5,0.1908595531584394,7142,468
income__2,101.75,0.1908595531584394,7142,468
income__2,102.0,0.1908595531584394,7142,468
income__2,102.25,0.1908595531584394,7142,468
income__2,102.5,0.1908595531584394,7142,468
income__2,102.75,0.1908595531584394,7142,468
income__2,103.0,0.1908595531584394,7142,468
income__2,103.25,0.1908595531584394,7142,468
income__2,103.5,0.1908595531584394,7142,468
income__2,103.75,0.1908595531584394,7142,468
income__2,104.0,0.1908595531584394,7142,468
income__2,104.25,0.1908595531584394,7142,468
income__2,104.5,0.1908595531584394,7142,468
income__2,104.75,0.1908595531584394,7142,468
income__2,105.0,0.1908595531584394,7142,468
income__2,105.25,0.1908595531584394,7142,468
income__2,105.5,0.1908595531584394,7142,468
income__2,105.75,0.1908595531584394,7142,468
income__2,106.0,0.1908595531584394,7142,468
income__2,106.25,0.1908595531584394,7142,468
income__2,106.5,0.1908595531584394,7142,468
income__2,106.75,0.1908595531584394,7142,468
income__2,107.0,0.1908595531584394,7142,468
income__2,107.25,0.1908595531584394,7142,468
income__2,107.5,0.1908595531584394,7142,468
income__2,107.75,0.1908595531584394,7142,468
income__2,108.0,0.1908595531584394,7142,468
income__2,108.25,0.1908595531584394,7142,468
income__2,108.5,0.1908595531584394,7142,468
income__2,108.75,0.1908595531584394,7142,468
income__2,109.0,0.1908595531584394,7142,468
income__2,109.25,0.1908595531584394,7142,468
income__2,109.5,0.1908595531584394,7142,468
income__2,109.75,0.1908595531584394,7142,468
income__2,110.0,0.1908595531584394,7142,468
income__3,20.0,1.0,7381,296
income__3,20.25,1.0,7381,296
income__3,20.5,1.0,7381,296
income__3,20.75,1.0,7381,296
income__3,21.0,1.0,7381,296
income__3,21.25,1.0,7381,296
income__3,21.5,0.9968847352024921,7381,296
income__3,21.75,0.9968847352024921,7381,296
income__3,22.0,0.9968847352024921,7381,296
income__3,22.25,0.9942544324710874,7381,296
income__3,22.5,0.9942544324710874,7381,296
income__3,22.75,0.9942544324710874,7381,296
income__3,23.0,0.9942544324710874,7381,296
income__3,23.25,0.9942544324710874,7381,296
income__3,23.5,0.9942544324710874,7381,296
income__3,23.75,0.9942544324710874,7381,296
income__3,24.0,0.9942544324710874,7381,296
income__3,24.25,0.9942544324710874,7381,296
income__3,24.5,0.9942544324710874,7381,296
income__3,24.75,0.9942544324710874,7381,296
income__3,25.0,0.9942544324710874,7381,296
income__3,25.25,0.9942544324710874,7381,296
income__3,25.5,0.9942544324710874,7381,296
income__3,25.75,0.9942544324710874,7381,296
income__3,26.0,0.9942544324710874,7381,296
income__3,26.25,0.9942544324710874,7381,296
income__3,26.5,0.9942544324710874,7381,296
income__3,26.75,0.9942544324710874,7381,296
income__3,27.0,0.9942544324710874,7381,296
income__3,27.25,0.9942544324710874,7381,296
income__3,27.5,0.9926533786345804,7381,296
income__3,27.75,0.9926533786345804,7381,296
income__3,28.0,0.9926533786345804,7381,296
income__3,28.25,0.9926533786345804,7381,296
income__3,28.5,0.9926533786345804,7381,296
income__3,28.75,0.9911355600128148,7381,296
income__3,29.0,0.9911355600128148,7381,296
income__3,29.25,0.9897907356437342,7381,296
income__3,29.5,0.9897907356437342,7381,296
income__3,29.75,0.9897907356437342,7381,296
income__3,30.0,0.9897907356437342,7381,296
income__3,30.25,0.9897907356437342,7381,296
income__3,30.5,0.9897907356437342,7381,296
income__3,30.75,0.9870298130896373,7381,296
income__3,31.0,0.9870298130896373,7381,296
income__3,31.25,0.9870298130896373,7381,296
income__3,31.5,0.9870298130896373,7381,296
income__3,31.75,0.9857190165251095,7381,296
income__3,32.0,0.9857190165251095,7381,296
income__3,32.25,0.9857190165251095,7381,296
income__3,32.5,0.9857190165251095,7381,296
income__3,32.75,0.9857190165251095,7381,296
income__3,33.0,0.9857190165251095,7381,296
income__3,33.25,0.9857190165251095,7381,296
income__3,33.5,0.9857190165251095,7381,296
income__3,33.75,0.9857190165251095,7381,296
income__3,34.0,0.9857190165251095,7381,296
income__3,34.25,0.9857190165251095,7381,296
income__3,34.5,0.9857190165251095,7381,296
income__3,34.75,0.9845080595023513,7381,296
income__3,35.0,0.9845080595023513,7381,296
income__3,35.25,0.9845080595023513,7381,296
income__3,35.5,0.98331616112523,7381,296
income__3,35.75,0.98331616112523,7381,296
income__3,36.0,0.98331616112523,7381,296
income__3,36.25,0.98331616112523,7381,296
income__3,36.5,0.9810478424144452,7381,296
income__3,36.75,0.9810478424144452,7381,296
income__3,37.0,0.9810478424144452,7381,296
income__3,37.25,0.9810478424144452,7381,296
income__3,37.5,0.9810478424144452,7381,296
income__3,37.75,0.9810478424144452,7381,296
income__3,38.0,0.9810478424144452,7381,296
income__3,38.25,0.9810478424144452,7381,296
income__3,38.5,0.9810478424144452,7381,296
income__3,38.75,0.9810478424144452,7381,296
income__3,39.0,0.9810478424144452,7381,296
income__3,39.25,0.9810478424144452,7381,296
income__3,39.5,0.9810478424144452,7381,296
income__3,39.75,0.9810478424144452,7381,296
income__3,40.0,0.9810478424144452,7381,296
income__3,40.25,0.9810478424144452,7381,296
income__3,40.5,0.9810478424144452,7381,296
income__3,40.75,0.9799697678623415,7381,296
income__3,41.0,0.9799697678623415,7381,296
income__3,41.25,0.9799697678623415,7381,296
income__3,41.5,0.9799697678623415,7381,296
income__3,41.75,0.9799697678623415,7381,296
income__3,42.0,0.9799697678623415,7381,296
income__3,42.25,0.9789728504993075,7381,296
income__3,42.5,0.9789728504993075,7381,296
income__3,42.75,0.9789728504993075,7381,296
income__3,43.0,0.9779258207126772,7381,296
income__3,43.25,0.9779258207126772,7381,296
income__3,43.5,0.9779258207126772,7381,296
income__3,43.75,0.9779258207126772,7381,296
income__3,44.0,0.9779258207126772,7381,296
income__3,44.25,0.9779258207126772,7381,296
income__3,44.5,0.9779258207126772,7381,296
income__3,44.75,0.9779258207126772,7381,296
income__3,45.0,0.9779258207126772,7381,296
income__3,45.25,0.9779258207126772,7381,296
income__3,45.5,0.9779258207126772,7381,296
income__3,45.75,0.9769309826448107,7381,296
income__3,46.0,0.9769309826448107,7381,296
income__3,46.25,0.9769309826448107,7381,296
income__3,46.5,0.9769309826448107,7381,296
income__3,46.75,0.9769309826448107,7381,296
income__3,47.0,0.9769309826448107,7381,296
income__3,47.25,0.9769309826448107,7381,296
income__3,47.5,0.9759943278196478,7381,296
income__3,47.75,0.9759943278196478,7381,296
income__3,48.0,0.9759943278196478,7381,296
income__3,48.25,0.9759943278196478,7381,296
income__3,48.5,0.9759943278196478,7381,296
income__3,48.75,0.9750558717352058,7381,296
income__3,49.0,0.9750558717352058,7381,296
income__3,49.25,0.9750558717352058,7381,296
income__3,49.5,0.9750558717352058,7381,296
income__3,49.75,0.9741236959496077,7381,296
income__3,50.0,0.9731714733729223,7381,296
income__3,50.25,0.972290775206974,7381,296
income__3,50.5,0.972290775206974,7381,296
income__3,50.75,0.972290775206974,7381,296
income__3,51.0,0.972290775206974,7381,296
income__3,51.25,0.9705025032721845,7381,296
income__3,51.5,0.9695929414134473,7381,296
income__3,51.75,0.9686624299533579,7381,296
income__3,52.0,0.967709959520759,7381,296
income__3,52.25,0.9668139317804615,7381,296
income__3,52.5,0.9668139317804615,7381,296
income__3,52.75,0.9668139317804615,7381,296
income__3,53.0,0.9649031277247903,7381,296
income__3,53.25,0.9640154523542979,7381,296
income__3,53.5,0.9631094227938142,7381,296
income__3,53.75,0.9631094227938142,7381,296
income__3,54.0,0.9621670456677925,7381,296
income__3,54.25,0.9612955175467172,7381,296
income__3,54.5,0.9586584436924251,7381,296
income__3,54.75,0.9577625012216846,7381,296
income__3,55.0,0.9577625012216846,7381,296
income__3,55.25,0.9560601803636296,7381,296
income__3,55.5,0.9560601803636296,7381,296
income__3,55.75,0.9551741190287233,7381,296
income__3,56.0,0.9542626933426275,7381,296
income__3,56.25,0.9534137051812905,7381,296
income__3,56.5,0.9534137051812905,7381,296
income__3,56.75,0.9525284556871576,7381,296
income__3,57.0,0.9525284556871576,7381,296
income__3,57.25,0.9525284556871576,7381,296
income__3,57.5,0.9525284556871576,7381,296
income__3,57.75,0.9516323799997757,7381,296
income__3,58.0,0.9498162181537546,7381,296
income__3,58.25,0.9489495975167529,7381,296
income__3,58.5,0.9489495975167529,7381,296
income__3,58.75,0.9480336230017754,7381,296
income__3,59.0,0.9461326129388388,7381,296
income__3,59.25,0.9452315342598494,7381,296
income__3,59.5,0.9452315342598494,7381,296
income__3,59.75,0.9452315342598494,7381,296
income__3,60.0,0.9422959948898738,7381,296
income__3,60.25,0.9414194404760232,7381,296
income__3,60.5,0.9387168009339868,7381,296
income__3,60.75,0.937821932677615,7381,296
income__3,61.0,0.937821932677615,7381,296
income__3,61.25,0.937821932677615,7381,296
income__3,61.5,0.9361576261765058,7381,296
income__3,61.75,0.9361576261765058,7381,296
income__3,62.0,0.9327607211875569,7381,296
income__3,62.25,0.9327607211875569,7381,296
income__3,62.5,0.9311082823227674,7381,296
income__3,62.75,0.9277027371016464,7381,296
income__3,63.0,0.9277027371016464,7381,296
income__3,63.25,0.9277027371016464,7381,296
income__3,63.5,0.9260542155807949,7381,296
income__3,63.75,0.9243968003672761,7381,296
income__3,64.0,0.9217681838733408,7381,296
income__3,64.25,0.9209631461581672,7381,296
income__3,64.5,0.9192967312959195,7381,296
income__3,64.75,0.9167454388814524,7381,296
income__3,65.0,0.9141219649273027,7381,296
income__3,65.25,0.9132901887990705,7381,296
income__3,65.5,0.9132901887990705,7381,296
income__3,65.75,0.9115692501970424,7381,296
income__3,66.0,0.9106755548537123,7381,296
income__3,66.25,0.9089949980896357,7381,296
income__3,66.5,0.9081243132255657,7381,296
income__3,66.75,0.9054522168955853,7381,296
income__3,67.0,0.902714545937728,7381,296
income__3,67.25,0.8965980277030519,7381,296
income__3,67.5,0.8957103068835439,7381,296
income__3,67.75,0.8947935102541851,7381,296
income__3,68.0,0.8947935102541851,7381,296
income__3,68.25,0.89210446680766,7381,296
income__3,68.5,0.8911809632188327,7381,296
income__3,68.75,0.8911809632188327,7381,296
income__3,69.0,0.890190762148589,7381,296
income__3,69.25,0.890190762148589,7381,296
income__3,69.5,0.8872775648368433,7381,296
income__3,69.75,0.8872775648368433,7381,296
income__3,70.0,0.8841483036406177,7381,296
income__3,70.25,0.8772885229474277,7381,296
income__3,70.5,0.875325908802132,7381,296
income__3,70.75,0.8722781659080621,7381,296
income__3,71.0,0.8701069669522762,7381,296
income__3,71.25,0.8609138704638276,7381,296
income__3,71.5,0.8609138704638276,7381,296
income__3,71.75,0.8587559472996019,7381,296
income__3,72.0,0.856534069040094,7381,296
income__3,72.25,0.8554713716839654,7381,296
income__3,72.5,0.8554713716839654,7381,296
income__3,72.75,0.8554713716839654,7381,296
income__3,73.0,0.8530950623181762,7381,296
income__3,73.25,0.8530950623181762,7381,296
income__3,73.5,0.8483291124135687,7381,296
income__3,73.75,0.8470778895339028,7381,296
income__3,74.0,0.8406352154240677,7381,296
income__3,74.25,0.8369675844115742,7381,296
income__3,74.5,0.8369675844115742,7381,296
income__3,74.75,0.8279164481655654,7381,296
income__3,75.0,0.8225745440742718,7381,296
income__3,75.25,0.8212892713491556,7381,296
income__3,75.5,0.8173449837263358,7381,296
income__3,75.75,0.8159804678937373,7381,296
income__3,76.0,0.8103205871710717,7381,296
income__3,76.25,0.8103205871710717,7381,296
income__3,76.5,0.7990424649316118,7381,296
income__3,76.75,0.7946675312743514,7381,296
income__3,77.0,0.7901515972480913,7381,296
income__3,77.25,0.7858096438814792,7381,296
income__3,77.5,0.7828010561912637,7381,296
income__3,77.75,0.7812601092302576,7381,296
income__3,78.0,0.7764351849011024,7381,296
income__3,78.25,0.7764351849011024,7381,296
income__3,78.5,0.7748108435100958,7381,296
income__3,78.75,0.7695714655740497,7381,296
income__3,79.0,0.7695714655740497,7381,296
income__3,79.25,0.7625707494662078,7381,296
income__3,79.5,0.7607679817369738,7381,296
income__3,79.75,0.7570380530683682,7381,296
income__3,80.0,0.7493566496985651,7381,296
income__3,80.25,0.7376091774304504,7381,296
income__3,80.5,0.7294971321111737,7381,296
income__3,80.75,0.7252618911809069,7381,296
income__3,81.0,0.7145076203938129,7381,296
income__3,81.25,0.710041860271051,7381,296
income__3,81.5,0.700759674480588,7381,296
income__3,81.75,0.6960406467557269,7381,296
income__3,82.0,0.6935724175119118,7381,296
income__3,82.25,0.6882576863432376,7381,296
income__3,82.5,0.6802855895902273,7381,296
income__3,82.75,0.6716913091960155,7381,296
income__3,83.0,0.6625158800541445,7381,296
income__3,83.25,0.6464259635347974,7381,296
income__3,83.5,0.639656732214713,7381,296
income__3,83.75,0.636083230917424,7381,296
income__3,84.0,0.6321808798075009,7381,296
income__3,84.25,0.6279663406087844,7381,296
income__3,84.5,0.6193931196321412,7381,296
income__3,84.75,0.6103508843090443,7381,296
income__3,85.0,0.6103508843090443,7381,296
income__3,85.25,0.6103508843090443,7381,296
income__3,85.5,0.5884354064953536,7381,296
income__3,85.75,0.5828312597668266,7381,296
income__3,86.0,0.5646177828991135,7381,296
income__3,86.25,0.5453495388567301,7381,296
income__3,86.5,0.5177005416603723,7381,296
income__3,86.75,0.5101976352594972,7381,296
income__3,87.0,0.5023484408708896,7381,296
income__3,87.25,0.5023484408708896,7381,296
income__3,87.5,0.5023484408708896,7381,296
income__3,87.75,0.5023484408708896,7381,296
income__3,88.0,0.4894677116177899,7381,296
income__3,88.25,0.4750716024525607,7381,296
income__3,88.5,0.4750716024525607,7381,296
income__3,88.75,0.4586898230576447,7381,296
income__3,89.0,0.42046567113617433,7381,296
income__3,89.25,0.42046567113617433,7381,296
income__3,89.5,0.42046567113617433,7381,296
income__3,89.75,0.42046567113617433,7381,296
income__3,90.0,0.42046567113617433,7381,296
income__3,90.25,0.3679074622441526,7381,296
income__3,90.5,0.3679074622441526,7381,296
income__3,90.75,0.3679074622441526,7381,296
income__3,91.0,0.3679074622441526,7381,296
income__3,91.25,0.24527164149610173,7381,296
income__3,91.5,0.24527164149610173,7381,296
income__3,91.75,0.24527164149610173,7381,296
income__3,92.0,0.24527164149610173,7381,296
income__3,92.25,0.24527164149610173,7381,296
income__3,92.5,0.24527164149610173,7381,296
income__3,92.75,0.24527164149610173,7381,296
income__3,93.0,0.24527164149610173,7381,296
income__3,93.25,0.24527164149610173,7381,296
income__3,93.5,0.24527164149610173,7381,296
income__3,93.75,0.24527164149610173,7381,296
income__3,94.0,0.24527164149610173,7381,296
income__3,94.25,0.24527164149610173,7381,296
income__3,94.5,0.24527164149610173,7381,296
income__3,94.75,0.24527164149610173,7381,296
income__3,95.0,0.24527164149610173,7381,296
income__3,95.25,0.24527164149610173,7381,296
income__3,95.5,0.24527164149610173,7381,296
income__3,95.75,0.24527164149610173,7381,296
income__3,96.0,0.24527164149610173,7381,296
income__3,96.25,0.24527164149610173,7381,296
income__3,96.5,0.24527164149610173,7381,296
income__3,96.75,0.24527164149610173,7381,296
income__3,97.0,0.24527164149610173,7381,296
income__3,97.25,0.24527164149610173,7381,296
income__3,97.5,0.24527164149610173,7381,296
income__3,97.75,0.24527164149610173,7381,296
income__3,98.0,0.24527164149610173,7381,296
income__3,98.25,0.24527164149610173,7381,296
income__3,98.5,0.24527164149610173,7381,296
income__3,98.75,0.24527164149610173,7381,296
income__3,99.0,0.24527164149610173,7381,296
income__3,99.25,0.24527164149610173,7381,296
income__3,99.5,0.24527164149610173,7381,296
income__3,99.75,0.24527164149610173,7381,296
income__3,100.0,0.24527164149610173,7381,296
income__3,100.25,0.24527164149610173,7381,296
income__3,100.5,0.24527164149610173,7381,296
income__3,100.75,0.24527164149610173,7381,296
income__3,101.0,0.24527164149610173,7381,296
income__3,101.25,0.24527164149610173,7381,296
income__3,101.5,0.24527164149610173,7381,296
income__3,101.75,0.24527164149610173,7381,296
income__3,102.0,0.24527164149610173,7381,296
income__3,102.25,0.24527164149610173,7381,296
income__3,102.5,0.24527164149610173,7381,296
income__3,102.75,0.24527164149610173,7381,296
income__3,103.0,0.24527164149610173,7381,296
income__3,103.25,0.24527164149610173,7381,296
income__3,103.5,0.24527164149610173,7381,296
income__3,103.75,0.24527164149610173,7381,296
income__3,104.0,0.24527164149610173,7381,296
income__3,104.25,0.24527164149610173,7381,296
income__3,104.5,0.24527164149610173,7381,296
income__3,104.75,0.24527164149610173,7381,296
income__3,105.0,0.24527164149610173,7381,296
income__3,105.25,0.24527164149610173,7381,296
income__3,105.5,0.24527164149610173,7381,296
income__3,105.75,0.24527164149610173,7381,296
income__3,106.0,0.24527164149610173,7381,296
income__3,106.25,0.24527164149610173,7381,296
income__3,106.5,0.24527164149610173,7381,296
income__3,106.75,0.24527164149610173,7381,296
income__3,107.0,0.24527164149610173,7381,296
income__3,107.25,0.24527164149610173,7381,296
income__3,107.5,0.24527164149610173,7381,296
income__3,107.75,0.24527164149610173,7381,296
income__3,108.0,0.24527164149610173,7381,296
income__3,108.25,0.24527164149610173,7381,296
income__3,108.5,0.24527164149610173,7381,296
income__3,108.75,0.24527164149610173,7381,296
income__3,109.0,0.24527164149610173,7381,296
income__3,109.25,0.24527164149610173,7381,296
income__3,109.5,0.24527164149610173,7381,296
income__3,109.75,0.24527164149610173,7381,296
income__3,110.0,0.24527164149610173,7381,296
alcohol__0,20.0,1.0,4949,425
alcohol__0,20.25,1.0,4949,425
alcohol__0,20.5,1.0,4949,425
alcohol__0,20.75,0.9963369963369968,4949,425
alcohol__0,21.0,0.9963369963369968,4949,425
alcohol__0,21.25,0.9963369963369968,4949,425
alcohol__0,21.5,0.9963369963369968,4949,425
alcohol__0,21.75,0.9963369963369968,4949,425
alcohol__0,22.0,0.9963369963369968,4949,425
alcohol__0,22.25,0.9963369963369968,4949,425
alcohol__0,22.5,0.9963369963369968,4949,425
alcohol__0,22.75,0.9963369963369968,4949,425
alcohol__0,23.0,0.9963369963369968,4949,425
alcohol__0,23.25,0.9963369963369968,4949,425
alcohol__0,23.5,0.9963369963369968,4949,425
alcohol__0,23.75,0.9963369963369968,4949,425
alcohol__0,24.0,0.9950805814614146,4949,425
alcohol__0,24.25,0.9939368106781256,4949,425
alcohol__0,24.5,0.9939368106781256,4949,425
alcohol__0,24.75,0.9939368106781256,4949,425
alcohol__0,25.0,0.9939368106781256,4949,425
alcohol__0,25.25,0.9939368106781256,4949,425
alcohol__0,25.5,0.9929328341016833,4949,425
alcohol__0,25.75,0.9919318937447267,4949,425
alcohol__0,26.0,0.9919318937447267,4949,425
alcohol__0,26.25,0.9919318937447267,4949,425
alcohol__0,26.5,0.9900966726687213,4949,425
alcohol__0,26.75,0.9891866573445777,4949,425
alcohol__0,27.0,0.9882890287988931,4949,425
alcohol__0,27.25,0.9874228683880267,4949,425
alcohol__0,27.5,0.9865574671010963,4949,425
alcohol__0,27.75,0.9848357263208146,4949,425
alcohol__0,28.0,0.9848357263208146,4949,425
alcohol__0,28.25,0.9848357263208146,4949,425
alcohol__0,28.5,0.9848357263208146,4949,425
alcohol__0,28.75,0.9848357263208146,4949,425
alcohol__0,29.0,0.9848357263208146,4949,425
alcohol__0,29.25,0.9848357263208146,4949,425
alcohol__0,29.5,0.9848357263208146,4949,425
alcohol__0,29.75,0.9848357263208146,4949,425
alcohol__0,30.0,0.9840799045815044,4949,425
alcohol__0,30.25,0.9826149519196441,4949,425
alcohol__0,30.5,0.9826149519196441,4949,425
alcohol__0,30.75,0.9811521541099673,4949,425
alcohol__0,31.0,0.9811521541099673,4949,425
alcohol__0,31.25,0.9811521541099673,4949,425
alcohol__0,31.5,0.980440658711773,4949,425
alcohol__0,31.75,0.9790161166891335,4949,425
alcohol__0,32.0,0.9790161166891335,4949,425
alcohol__0,32.25,0.9790161166891335,4949,425
alcohol__0,32.5,0.9783122948942454,4949,425
alcohol__0,32.75,0.9776139991805453,4949,425
alcohol__0,33.0,0.9776139991805453,4949,425
alcohol__0,33.25,0.9762433496158284,4949,425
alcohol__0,33.5,0.9755563381101174,4949,425
alcohol__0,33.75,0.9741656647957471,4949,425
alcohol__0,34.0,0.9734633103150008,4949,425
alcohol__0,34.25,0.9734633103150008,4949,425
alcohol__0,34.5,0.9727689712919511,4949,425
alcohol__0,34.75,0.9720775932029022,4949,425
alcohol__0,35.0,0.9706784143866041,4949,425
alcohol__0,35.25,0.9700024544880067,4949,425
alcohol__0,35.5,0.9686381753677709,4949,425
alcohol__0,35.75,0.9686381753677709,4949,425
alcohol__0,36.0,0.9679482621374522,4949,425
alcohol__0,36.25,0.9679482621374522,4949,425
alcohol__0,36.5,0.9665977833286126,4949,425
alcohol__0,36.75,0.9659048816918183,4949,425
alcohol__0,37.0,0.9652129727507782,4949,425
alcohol__0,37.25,0.9652129727507782,4949,425
alcohol__0,37.5,0.9645225485928736,4949,425
alcohol__0,37.75,0.9631246898267974,4949,425
alcohol__0,38.0,0.9624185866817632,4949,425
alcohol__0,38.25,0.9610510183070513,4949,425
alcohol__0,38.5,0.9603620928458998,4949,425
alcohol__0,38.75,0.9589528889729384,4949,425
alcohol__0,39.0,0.9589528889729384,4949,425
alcohol__0,39.25,0.9589528889729384,4949,425
alcohol__0,39.5,0.9589528889729384,4949,425
alcohol__0,39.75,0.9574965598495311,4949,425
alcohol__0,40.0,0.9574965598495311,4949,425
alcohol__0,40.25,0.9560539835516294,4949,425
alcohol__0,40.5,0.9545976688014517,4949,425
alcohol__0,40.75,0.9545976688014517,4949,425
alcohol__0,41.0,0.9545976688014517,4949,425
alcohol__0,41.25,0.9545976688014517,4949,425
alcohol__0,41.5,0.9538559456710693,4949,425
alcohol__0,41.75,0.9538559456710693,4949,425
alcohol__0,42.0,0.9538559456710693,4949,425
alcohol__0,42.25,0.9523322082913289,4949,425
alcohol__0,42.5,0.9515477501296392,4949,425
alcohol__0,42.75,0.9507606965728739,4949,425
alcohol__0,43.0,0.9491593872710359,4949,425
alcohol__0,43.25,0.9483845632814273,4949,425
alcohol__0,43.5,0.9468156824551098,4949,425
alcohol__0,43.75,0.9468156824551098,4949,425
alcohol__0,44.0,0.945200644161834,4949,425
alcohol__0,44.25,0.9428303744058585,4949,425
alcohol__0,44.5,0.9412424318141148,4949,425
alcohol__0,44.75,0.9412424318141148,4949,425
alcohol__0,45.0,0.9396223571789836,4949,425
alcohol__0,45.25,0.9396223571789836,4949,425
alcohol__0,45.5,0.9388151214769402,4949,425
alcohol__0,45.75,0.9364009908151111,4949,425
alcohol__0,46.0,0.9355944438807315,4949,425
alcohol__0,46.25,0.9355944438807315,4949,425
alcohol__0,46.5,0.9355944438807315,4949,425
alcohol__0,46.75,0.9355944438807315,4949,425
alcohol__0,47.0,0.9347751842976484,4949,425
alcohol__0,47.25,0.9339769134314682,4949,425
alcohol__0,47.5,0.9339769134314682,4949,425
alcohol__0,47.75,0.9339769134314682,4949,425
alcohol__0,48.0,0.9339769134314682,4949,425
alcohol__0,48.25,0.9323282262598106,4949,425
alcohol__0,48.5,0.9306253351256015,4949,425
alcohol__0,48.75,0.9297731141227389,4949,425
alcohol__0,49.0,0.9289041672871102,4949,425
alcohol__0,49.25,0.9263599941196414,4949,425
alcohol__0,49.5,0.9254966576852336,4949,425
alcohol__0,49.75,0.9228879254964901,4949,425
alcohol__0,50.0,0.9193945455630549,4949,425
alcohol__0,50.25,0.9185328824463131,4949,425
alcohol__0,50.5,0.9176768406173791,4949,425
alcohol__0,50.75,0.9168061794782731,4949,425
alcohol__0,51.0,0.9150275793926443,4949,425
alcohol__0,51.25,0.9114936702451527,4949,425
alcohol__0,51.5,0.9096975258748663,4949,425
alcohol__0,51.75,0.9087850910445003,4949,425
alcohol__0,52.0,0.9069510141705459,4949,425
alcohol__0,52.25,0.9042418138570274,4949,425
alcohol__0,52.5,0.8996813654508501,4949,425
alcohol__0,52.75,0.8987576679503871,4949,425
alcohol__0,53.0,0.895006966560691,4949,425
alcohol__0,53.25,0.895006966560691,4949,425
alcohol__0,53.5,0.8903238117811813,4949,425
alcohol__0,53.75,0.8893623389822812,4949,425
alcohol__0,54.0,0.8864778756363093,4949,425
alcohol__0,54.25,0.8836436024670601,4949,425
alcohol__0,54.5,0.8807590205221184,4949,425
alcohol__0,54.75,0.8797911534665996,4949,425
alcohol__0,55.0,0.875835882485986,4949,425
alcohol__0,55.25,0.8719443045490012,4949,425
alcohol__0,55.5,0.8709545834314649,4949,425
alcohol__0,55.75,0.8699500222049006,4949,425
alcohol__0,56.0,0.8689289541037217,4949,425
alcohol__0,56.25,0.8668997548979774,4949,425
alcohol__0,56.5,0.8658677313802415,4949,425
alcohol__0,56.75,0.8648156442218206,4949,425
alcohol__0,57.0,0.8615886006605118,4949,425
alcohol__0,57.25,0.8584428369102496,4949,425
alcohol__0,57.5,0.8584428369102496,4949,425
alcohol__0,57.75,0.8562473093643803,4949,425
alcohol__0,58.0,0.8529052179856949,4949,425
alcohol__0,58.25,0.8517917646985074,4949,425
alcohol__0,58.5,0.8506375753154469,4949,425
alcohol__0,58.75,0.8459810230583599,4949,425
alcohol__0,59.0,0.8459810230583599,4949,425
alcohol__0,59.25,0.8389304798844364,4949,425
alcohol__0,59.5,0.837718152601367,4949,425
alcohol__0,59.75,0.8340599635901264,4949,425
alcohol__0,60.0,0.8315571086242745,4949,425
alcohol__0,60.25,0.8290968804922497,4949,425
alcohol__0,60.5,0.8290968804922497,4949,425
alcohol__0,60.75,0.822784980233101,4949,425
alcohol__0,61.0,0.8201538445762476,4949,425
alcohol__0,61.25,0.8175563089667052,4949,425
alcohol__0,61.5,0.8136464259828754,4949,425
alcohol__0,61.75,0.8123383127578226,4949,425
alcohol__0,62.0,0.8083497022008826,4949,425
alcohol__0,62.25,0.8057273204664807,4949,425
alcohol__0,62.5,0.8030920098997443,4949,425
alcohol__0,62.75,0.8003834365105377,4949,425
alcohol__0,63.0,0.797625471162089,4949,425
alcohol__0,63.25,0.7923316152492754,4949,425
alcohol__0,63.5,0.7909631668636979,4949,425
alcohol__0,63.75,0.7881829283708267,4949,425
alcohol__0,64.0,0.7838989849902741,4949,425
alcohol__0,64.25,0.7782920363846958,4949,425
alcohol__0,64.5,0.7739837339377079,4949,425
alcohol__0,64.75,0.7710349029013654,4949,425
alcohol__0,65.0,0.7679659154590667,4949,425
alcohol__0,65.25,0.764915215459318,4949,425
alcohol__0,65.5,0.7602917773291361,4949,425
alcohol__0,65.75,0.7555883816957969,4949,425
alcohol__0,66.0,0.7506712280945073,4949,425
alcohol__0,66.25,0.7490941876993504,4949,425
alcohol__0,66.5,0.7474969719473267,4949,425
alcohol__0,66.75,0.737566917342484,4949,425
alcohol__0,67.0,0.7275057679933834,4949,425
alcohol__0,67.25,0.7173658299436567,4949,425
alcohol__0,67.5,0.7139498021820204,4949,425
alcohol__0,67.75,0.7139498021820204,4949,425
alcohol__0,68.0,0.7103164226858001,4949,425
alcohol__0,68.25,0.7085668748466724,4949,425
alcohol__0,68.5,0.7031624267289605,4949,425
alcohol__0,68.75,0.6922177141093194,4949,425
alcohol__0,69.0,0.6885108265517328,4949,425
alcohol__0,69.25,0.6866845378871393,4949,425
alcohol__0,69.5,0.6866845378871393,4949,425
alcohol__0,69.75,0.678984962386323,4949,425
alcohol__0,70.0,0.6731650912801549,4949,425
alcohol__0,70.25,0.6672543959972018,4949,425
alcohol__0,70.5,0.663335142235245,4949,425
alcohol__0,70.75,0.6592842121899841,4949,425
alcohol__0,71.0,0.6490338842621152,4949,425
alcohol__0,71.25,0.6449899807016122,4949,425
alcohol__0,71.5,0.642895857387646,4949,425
alcohol__0,71.75,0.634337959312966,4949,425
alcohol__0,72.0,0.6276680089898993,4949,425
alcohol__0,72.25,0.6210840788256697,4949,425
alcohol__0,72.5,0.614453119089142,4949,425
alcohol__0,72.75,0.6099012384702011,4949,425
alcohol__0,73.0,0.6052187126896381,4949,425
alcohol__0,73.25,0.5981715910536906,4949,425
alcohol__0,73.5,0.5909839999610474,4949,425
alcohol__0,73.75,0.5885718203693696,4949,425
alcohol__0,74.0,0.578616174834215,4949,425
alcohol__0,74.25,0.576185014435752,4949,425
alcohol__0,74.5,0.573701458339046,4949,425
alcohol__0,74.75,0.5687341591590285,4949,425
alcohol__0,75.0,0.5661607014252777,4949,425
alcohol__0,75.25,0.5537867254630303,4949,425
alcohol__0,75.5,0.5512580189540666,4949,425
alcohol__0,75.75,0.5434445250122627,4949,425
alcohol__0,76.0,0.5382064138091711,4949,425
alcohol__0,76.25,0.5355810166686383,4949,425
alcohol__0,76.5,0.5247573686081223,4949,425
alcohol__0,76.75,0.5219360924328094,4949,425
alcohol__0,77.0,0.5161199677957173,4949,425
alcohol__0,77.25,0.5161199677957173,4949,425
alcohol__0,77.5,0.5067897895802456,4949,425
alcohol__0,77.75,0.49726730627284643,4949,425
alcohol__0,78.0,0.487537793872258,4949,425
alcohol__0,78.25,0.487537793872258,4949,425
alcohol__0,78.5,0.48074159571849934,4949,425
alcohol__0,78.75,0.47364548678257545,4949,425
alcohol__0,79.0,0.47364548678257545,4949,425
alcohol__0,79.25,0.47364548678257545,4949,425
alcohol__0,79.5,0.4615687485049945,4949,425
alcohol__0,79.75,0.4533993901243749,4949,425
alcohol__0,80.0,0.44094897374621955,4949,425
alcohol__0,80.25,0.4237831943840764,4949,425
alcohol__0,80.5,0.4195873211723529,4949,425
alcohol__0,80.75,0.39826359683247037,4949,425
alcohol__0,81.0,0.38541638403142275,4949,425
alcohol__0,81.25,0.38082809374533466,4949,425
alcohol__0,81.5,0.3760074849637481,4949,425
alcohol__0,81.75,0.3760074849637481,4949,425
alcohol__0,82.0,0.37085669749849137,4949,425
alcohol__0,82.25,0.3656333637309071,4949,425
alcohol__0,82.5,0.3656333637309071,4949,425
alcohol__0,82.75,0.36025640249956997,4949,425
alcohol__0,83.0,0.35479797215866743,4949,425
alcohol__0,83.25,0.3437105355287092,4949,425
alcohol__0,83.5,0.33816681721373004,4949,425
alcohol__0,83.75,0.32707938058377173,4949,425
alcohol__0,84.0,0.32144008091853443,4949,425
alcohol__0,84.25,0.31570007947356055,4949,425
alcohol__0,84.5,0.30331968420008754,4949,425
alcohol__0,84.75,0.30331968420008754,4949,425
alcohol__0,85.0,0.30331968420008754,4949,425
alcohol__0,85.25,0.2898388093467503,4949,425
alcohol__0,85.5,0.2830983719200818,4949,425
alcohol__0,85.75,0.2830983719200818,4949,425
alcohol__0,86.0,0.26875720439518286,4949,425
alcohol__0,86.25,0.25382624859545055,4949,425
alcohol__0,86.5,0.25382624859545055,4949,425
alcohol__0,86.75,0.23796210805823492,4949,425
alcohol__0,87.0,0.22155092819214975,4949,425
alcohol__0,87.25,0.22155092819214975,4949,425
alcohol__0,87.5,0.21231963951747682,4949,425
alcohol__0,87.75,0.21231963951747682,4949,425
alcohol__0,88.0,0.21231963951747682,4949,425
alcohol__0,88.25,0.21231963951747682,4949,425
alcohol__0,88.5,0.21231963951747682,4949,425
alcohol__0,88.75,0.20114492164813594,4949,425
alcohol__0,89.0,0.17879548590945418,4949,425
alcohol__0,89.25,0.16687578684882387,4949,425
alcohol__0,89.5,0.16687578684882387,4949,425
alcohol__0,89.75,0.16687578684882387,4949,425
alcohol__0,90.0,0.16687578684882387,4949,425
alcohol__0,90.25,0.16687578684882387,4949,425
alcohol__0,90.5,0.16687578684882387,4949,425
alcohol__0,90.75,0.15018820816394146,4949,425
alcohol__0,91.0,0.15018820816394146,4949,425
alcohol__0,91.25,0.12873274985480695,4949,425
alcohol__0,91.5,0.12873274985480695,4949,425
alcohol__0,91.75,0.12873274985480695,4949,425
alcohol__0,92.0,0.12873274985480695,4949,425
alcohol__0,92.25,0.12873274985480695,4949,425
alcohol__0,92.5,0.10727729154567242,4949,425
alcohol__0,92.75,0.10727729154567242,4949,425
alcohol__0,93.0,0.10727729154567242,4949,425
alcohol__0,93.25,0.10727729154567242,4949,425
alcohol__0,93.5,0.10727729154567242,4949,425
alcohol__0,93.75,0.10727729154567242,4949,425
alcohol__0,94.0,0.10727729154567242,4949,425
alcohol__0,94.25,0.08582183323653794,4949,425
alcohol__0,94.5,0.08582183323653794,4949,425
alcohol__0,94.75,0.08582183323653794,4949,425
alcohol__0,95.0,0.08582183323653794,4949,425
alcohol__0,95.25,0.05721455549102528,4949,425
alcohol__0,95.5,0.05721455549102528,4949,425
alcohol__0,95.75,0.05721455549102528,4949,425
alcohol__0,96.0,0.05721455549102528,4949,425
alcohol__0,96.25,0.05721455549102528,4949,425
alcohol__0,96.5,0.05721455549102528,4949,425
alcohol__0,96.75,0.05721455549102528,4949,425
alcohol__0,97.0,0.05721455549102528,4949,425
alcohol__0,97.25,0.05721455549102528,4949,425
alcohol__0,97.5,0.05721455549102528,4949,425
alcohol__0,97.75,0.05721455549102528,4949,425
alcohol__0,98.0,0.05721455549102528,4949,425
alcohol__0,98.25,0.05721455549102528,4949,425
alcohol__0,98.5,0.05721455549102528,4949,425
alcohol__0,98.75,0.05721455549102528,4949,425
alcohol__0,99.0,0.05721455549102528,4949,425
alcohol__0,99.25,0.05721455549102528,4949,425
alcohol__0,99.5,0.05721455549102528,4949,425
alcohol__0,99.75,0.05721455549102528,4949,425
alcohol__0,100.0,0.05721455549102528,4949,425
alcohol__0,100.25,0.05721455549102528,4949,425
alcohol__0,100.5,0.05721455549102528,4949,425
alcohol__0,100.75,0.05721455549102528,4949,425
alcohol__0,101.0,0.05721455549102528,4949,425
alcohol__0,101.25,0.05721455549102528,4949,425
alcohol__0,101.5,0.05721455549102528,4949,425
alcohol__0,101.75,0.05721455549102528,4949,425
alcohol__0,102.0,0.05721455549102528,4949,425
alcohol__0,102.25,0.05721455549102528,4949,425
alcohol__0,102.5,0.05721455549102528,4949,425
alcohol__0,102.75,0.05721455549102528,4949,425
alcohol__0,103.0,0.05721455549102528,4949,425
alcohol__0,103.25,0.05721455549102528,4949,425
alcohol__0,103.5,0.05721455549102528,4949,425
alcohol__0,103.75,0.05721455549102528,4949,425
alcohol__0,104.0,0.05721455549102528,4949,425
alcohol__0,104.25,0.05721455549102528,4949,425
alcohol__0,104.5,0.05721455549102528,4949,425
alcohol__0,104.75,0.05721455549102528,4949,425
alcohol__0,105.0,0.05721455549102528,4949,425
alcohol__0,105.25,0.05721455549102528,4949,425
alcohol__0,105.5,0.05721455549102528,4949,425
alcohol__0,105.75,0.05721455549102528,4949,425
alcohol__0,106.0,0.05721455549102528,4949,425
alcohol__0,106.25,0.05721455549102528,4949,425
alcohol__0,106.5,0.05721455549102528,4949,425
alcohol__0,106.75,0.05721455549102528,4949,425
alcohol__0,107.0,0.05721455549102528,4949,425
alcohol__0,107.25,0.05721455549102528,4949,425
alcohol__0,107.5,0.05721455549102528,4949,425
alcohol__0,107.75,0.05721455549102528,4949,425
alcohol__0,108.0,0.05721455549102528,4949,425
alcohol__0,108.25,0.05721455549102528,4949,425
alcohol__0,108.5,0.05721455549102528,4949,425
alcohol__0,108.75,0.05721455549102528,4949,425
alcohol__0,109.0,0.05721455549102528,4949,425
alcohol__0,109.25,0.05721455549102528,4949,425
alcohol__0,109.5,0.05721455549102528,4949,425
alcohol__0,109.75,0.05721455549102528,4949,425
alcohol__0,110.0,0.05721455549102528,4949,425
alcohol__1,20.0,1.0,10481,1314
alcohol__1,20.25,1.0,10481,1314
alcohol__1,20.5,1.0,10481,1314
alcohol__1,20.75,1.0,10481,1314
alcohol__1,21.0,1.0,10481,1314
alcohol__1,21.25,1.0,10481,1314
alcohol__1,21.5,1.0,10481,1314
alcohol__1,21.75,1.0,10481,1314
alcohol__1,22.0,1.0,10481,1314
alcohol__1,22.25,1.0,10481,1314
alcohol__1,22.5,1.0,10481,1314
alcohol__1,22.75,1.0,10481,1314
alcohol__1,23.0,1.0,10481,1314
alcohol__1,23.25,1.0,10481,1314
alcohol__1,23.5,1.0,10481,1314
alcohol__1,23.75,1.0,10481,1314
alcohol__1,24.0,0.9978768577494693,10481,1314
alcohol__1,24.25,0.9978768577494693,10481,1314
alcohol__1,24.5,0.9978768577494693,10481,1314
alcohol__1,24.75,0.9978768577494693,10481,1314
alcohol__1,25.0,0.9978768577494693,10481,1314
alcohol__1,25.25,0.9978768577494693,10481,1314
alcohol__1,25.5,0.9978768577494693,10481,1314
alcohol__1,25.75,0.9963440207944013,10481,1314
alcohol__1,26.0,0.9963440207944013,10481,1314
alcohol__1,26.25,0.9949659516093464,10481,1314
alcohol__1,26.5,0.9949659516093464,10481,1314
alcohol__1,26.75,0.9949659516093464,10481,1314
alcohol__1,27.0,0.9949659516093464,10481,1314
alcohol__1,27.25,0.9949659516093464,10481,1314
alcohol__1,27.5,0.9949659516093464,10481,1314
alcohol__1,27.75,0.9949659516093464,10481,1314
alcohol__1,28.0,0.9949659516093464,10481,1314
alcohol__1,28.25,0.9938592041659551,10481,1314
alcohol__1,28.5,0.9938592041659551,10481,1314
alcohol__1,28.75,0.9938592041659551,10481,1314
alcohol__1,29.0,0.9938592041659551,10481,1314
alcohol__1,29.25,0.9938592041659551,10481,1314
alcohol__1,29.5,0.9938592041659551,10481,1314
alcohol__1,29.75,0.9938592041659551,10481,1314
alcohol__1,30.0,0.9938592041659551,10481,1314
alcohol__1,30.25,0.9938592041659551,10481,1314
alcohol__1,30.5,0.9938592041659551,10481,1314
alcohol__1,30.75,0.9938592041659551,10481,1314
alcohol__1,31.0,0.9938592041659551,10481,1314
alcohol__1,31.25,0.9938592041659551,10481,1314
alcohol__1,31.5,0.9938592041659551,10481,1314
alcohol__1,31.75,0.9938592041659551,10481,1314
alcohol__1,32.0,0.9938592041659551,10481,1314
alcohol__1,32.25,0.9930634802234688,10481,1314
alcohol__1,32.5,0.9930634802234688,10481,1314
alcohol__1,32.75,0.9922709315560915,10481,1314
alcohol__1,33.0,0.991479015409598,10481,1314
alcohol__1,33.25,0.991479015409598,10481,1314
alcohol__1,33.5,0.991479015409598,10481,1314
alcohol__1,33.75,0.991479015409598,10481,1314
alcohol__1,34.0,0.991479015409598,10481,1314
alcohol__1,34.25,0.9907748399725176,10481,1314
alcohol__1,34.5,0.9907748399725176,10481,1314
alcohol__1,34.75,0.9907748399725176,10481,1314
alcohol__1,35.0,0.9907748399725176,10481,1314
alcohol__1,35.25,0.9907748399725176,10481,1314
alcohol__1,35.5,0.9907748399725176,10481,1314
alcohol__1,35.75,0.9907748399725176,10481,1314
alcohol__1,36.0,0.9907748399725176,10481,1314
alcohol__1,36.25,0.9901230144199041,10481,1314
alcohol__1,36.5,0.9901230144199041,10481,1314
alcohol__1,36.75,0.9894733274025681,10481,1314
alcohol__1,37.0,0.9894733274025681,10481,1314
alcohol__1,37.25,0.9888450903692965,10481,1314
alcohol__1,37.5,0.9888450903692965,10481,1314
alcohol__1,37.75,0.9888450903692965,10481,1314
alcohol__1,38.0,0.9888450903692965,10481,1314
alcohol__1,38.25,0.9888450903692965,10481,1314
alcohol__1,38.5,0.9888450903692965,10481,1314
alcohol__1,38.75,0.9888450903692965,10481,1314
alcohol__1,39.0,0.9888450903692965,10481,1314
alcohol__1,39.25,0.9888450903692965,10481,1314
alcohol__1,39.5,0.9888450903692965,10481,1314
alcohol__1,39.75,0.9888450903692965,10481,1314
alcohol__1,40.0,0.9888450903692965,10481,1314
alcohol__1,40.25,0.988252967560692,10481,1314
alcohol__1,40.5,0.988252967560692,10481,1314
alcohol__1,40.75,0.9864325946148903,10481,1314
alcohol__1,41.0,0.9864325946148903,10481,1314
alcohol__1,41.25,0.9858557334484489,10481,1314
alcohol__1,41.5,0.9841070312827335,10481,1314
alcohol__1,41.75,0.9829365167676098,10481,1314
alcohol__1,42.0,0.9829365167676098,10481,1314
alcohol__1,42.25,0.9818096191625938,10481,1314
alcohol__1,42.5,0.9818096191625938,10481,1314
alcohol__1,42.75,0.9812450362878598,10481,1314
alcohol__1,43.0,0.9812450362878598,10481,1314
alcohol__1,43.25,0.9812450362878598,10481,1314
alcohol__1,43.5,0.9812450362878598,10481,1314
alcohol__1,43.75,0.9806931549401159,10481,1314
alcohol__1,44.0,0.9801372064395824,10481,1314
alcohol__1,44.25,0.9801372064395824,10481,1314
alcohol__1,44.5,0.97958964375442,10481,1314
alcohol__1,44.75,0.9790411613111085,10481,1314
alcohol__1,45.0,0.9790411613111085,10481,1314
alcohol__1,45.25,0.9790411613111085,10481,1314
alcohol__1,45.5,0.9785087843881556,10481,1314
alcohol__1,45.75,0.9785087843881556,10481,1314
alcohol__1,46.0,0.9779642608576115,10481,1314
alcohol__1,46.25,0.977441564833637,10481,1314
alcohol__1,46.5,0.977441564833637,10481,1314
alcohol__1,46.75,0.9769109233760729,10481,1314
alcohol__1,47.0,0.9769109233760729,10481,1314
alcohol__1,47.25,0.9758666572901558,10481,1314
alcohol__1,47.5,0.9748142251284616,10481,1314
alcohol__1,47.75,0.974284434788718,10481,1314
alcohol__1,48.0,0.974284434788718,10481,1314
alcohol__1,48.25,0.9732526167253757,10481,1314
alcohol__1,48.5,0.9732526167253757,10481,1314
alcohol__1,48.75,0.972190107533655,10481,1314
alcohol__1,49.0,0.972190107533655,10481,1314
alcohol__1,49.25,0.972190107533655,10481,1314
alcohol__1,49.5,0.971663175226049,10481,1314
alcohol__1,49.75,0.9711339469171016,10481,1314
alcohol__1,50.0,0.9711339469171016,10481,1314
alcohol__1,50.25,0.9706151787830647,10481,1314
alcohol__1,50.5,0.9706151787830647,10481,1314
alcohol__1,50.75,0.9706151787830647,10481,1314
alcohol__1,51.0,0.9690126220762129,10481,1314
alcohol__1,51.25,0.9674709486030505,10481,1314
alcohol__1,51.5,0.9659193384821977,10481,1314
alcohol__1,51.75,0.9653991880575975,10481,1314
alcohol__1,52.0,0.9638223036922079,10481,1314
alcohol__1,52.25,0.9628162261309429,10481,1314
alcohol__1,52.5,0.9628162261309429,10481,1314
alcohol__1,52.75,0.9623086793591284,10481,1314
alcohol__1,53.0,0.9617973570002766,10481,1314
alcohol__1,53.25,0.9617973570002766,10481,1314
alcohol__1,53.5,0.9612887386200546,10481,1314
alcohol__1,53.75,0.9607744054265714,10481,1314
alcohol__1,54.0,0.9597346062864992,10481,1314
alcohol__1,54.25,0.9582414596915345,10481,1314
alcohol__1,54.5,0.9572393747208237,10481,1314
alcohol__1,54.75,0.9567368868600771,10481,1314
alcohol__1,55.0,0.9562314791015667,10481,1314
alcohol__1,55.25,0.9542826684399711,10481,1314
alcohol__1,55.5,0.9542826684399711,10481,1314
alcohol__1,55.75,0.9532738537633738,10481,1314
alcohol__1,56.0,0.9527610652460182,10481,1314
alcohol__1,56.25,0.9527610652460182,10481,1314
alcohol__1,56.5,0.951283390275401,10481,1314
alcohol__1,56.75,0.9497842482966826,10481,1314
alcohol__1,57.0,0.9472449142475355,10481,1314
alcohol__1,57.25,0.9472449142475355,10481,1314
alcohol__1,57.5,0.9472449142475355,10481,1314
alcohol__1,57.75,0.9457241800824268,10481,1314
alcohol__1,58.0,0.9452110361974121,10481,1314
alcohol__1,58.25,0.9426898317549498,10481,1314
alcohol__1,58.5,0.9396337736570222,10481,1314
alcohol__1,58.75,0.9385955004886801,10481,1314
alcohol__1,59.0,0.9375456134354685,10481,1314
alcohol__1,59.25,0.9344491210158496,10481,1314
alcohol__1,59.5,0.9334137165120149,10481,1314
alcohol__1,59.75,0.931844341670979,10481,1314
alcohol__1,60.0,0.9313100272548831,10481,1314
alcohol__1,60.25,0.930815176018297,10481,1314
alcohol__1,60.5,0.9298280973586804,10481,1314
alcohol__1,60.75,0.9288373369692474,10481,1314
alcohol__1,61.0,0.9283416927125936,10481,1314
alcohol__1,61.25,0.926930119160936,10481,1314
alcohol__1,61.5,0.9250349868286134,10481,1314
alcohol__1,61.75,0.9231401322456046,10481,1314
alcohol__1,62.0,0.920738760794463,10481,1314
alcohol__1,62.25,0.9202790809338567,10481,1314
alcohol__1,62.5,0.918893536396943,10481,1314
alcohol__1,62.75,0.9156212070435262,10481,1314
alcohol__1,63.0,0.9141966595165414,10481,1314
alcohol__1,63.25,0.913744086912821,10481,1314
alcohol__1,63.5,0.9123668120291915,10481,1314
alcohol__1,63.75,0.9109886088328909,10481,1314
alcohol__1,64.0,0.9091262675376748,10481,1314
alcohol__1,64.25,0.907332831866238,10481,1314
alcohol__1,64.5,0.9046086505929901,10481,1314
alcohol__1,64.75,0.9023150034949136,10481,1314
alcohol__1,65.0,0.9004600163537061,10481,1314
alcohol__1,65.25,0.8991222450274821,10481,1314
alcohol__1,65.5,0.8977670019321534,10481,1314
alcohol__1,65.75,0.8950307283941383,10481,1314
alcohol__1,66.0,0.8931859670234872,10481,1314
alcohol__1,66.25,0.8900755258213748,10481,1314
alcohol__1,66.5,0.8873753150577415,10481,1314
alcohol__1,66.75,0.8851082835993876,10481,1314
alcohol__1,67.0,0.883277389808002,10481,1314
alcohol__1,67.25,0.8815086217415601,10481,1314
alcohol__1,67.5,0.8806170813166044,10481,1314
alcohol__1,67.75,0.8783530103759177,10481,1314
alcohol__1,68.0,0.8746904453585945,10481,1314
alcohol__1,68.25,0.8729119075233968,10481,1314
alcohol__1,68.5,0.8715615428518024,10481,1314
alcohol__1,68.75,0.8697258679747014,10481,1314
alcohol__1,69.0,0.8664623066508654,10481,1314
alcohol__1,69.25,0.8642296011299021,10481,1314
alcohol__1,69.5,0.8624288199108843,10481,1314
alcohol__1,69.75,0.8601503158005632,10481,1314
alcohol__1,70.0,0.8587554709244853,10481,1314
alcohol__1,70.25,0.8556149094414115,10481,1314
alcohol__1,70.5,0.8537953255291261,10481,1314
alcohol__1,70.75,0.8514958799745337,10481,1314
alcohol__1,71.0,0.8501008971496351,10481,1314
alcohol__1,71.25,0.8474059502930353,10481,1314
alcohol__1,71.5,0.844227256539233,10481,1314
alcohol__1,71.75,0.8391826910927253,10481,1314
alcohol__1,72.0,0.8368502976229844,10481,1314
alcohol__1,72.25,0.8363981904929882,10481,1314
alcohol__1,72.5,0.8322191757128375,10481,1314
alcohol__1,72.75,0.8298716315234673,10481,1314
alcohol__1,73.0,0.8270341098600283,10481,1314
alcohol__1,73.25,0.822908771648119,10481,1314
alcohol__1,73.5,0.8201384497338594,10481,1314
alcohol__1,73.75,0.8168634796821699,10481,1314
alcohol__1,74.0,0.8135914856953748,10481,1314
alcohol__1,74.25,0.8081755061818013,10481,1314
alcohol__1,74.5,0.8054458869162128,10481,1314
alcohol__1,74.75,0.7990276127537169,10481,1314
alcohol__1,75.0,0.7962595333841075,10481,1314
alcohol__1,75.25,0.7931075746892089,10481,1314
alcohol__1,75.5,0.7894610156974228,10481,1314
alcohol__1,75.75,0.7876172546809875,10481,1314
alcohol__1,76.0,0.7843484782729393,10481,1314
alcohol__1,76.25,0.7811396686258548,10481,1314
alcohol__1,76.5,0.7746710043408555,10481,1314
alcohol__1,76.75,0.769979223303854,10481,1314
alcohol__1,77.0,0.7637706798066624,10481,1314
alcohol__1,77.25,0.7604819709820976,10481,1314
alcohol__1,77.5,0.7518858144209714,10481,1314
alcohol__1,77.75,0.7470519716139484,10481,1314
alcohol__1,78.0,0.7421740680321844,10481,1314
alcohol__1,78.25,0.7378589831407096,10481,1314
alcohol__1,78.5,0.7339913624514128,10481,1314
alcohol__1,78.75,0.7305834849042959,10481,1314
alcohol__1,79.0,0.7242163303011045,10481,1314
alcohol__1,79.25,0.7222886081314036,10481,1314
alcohol__1,79.5,0.7183592543198333,10481,1314
alcohol__1,79.75,0.7128673030620855,10481,1314
alcohol__1,80.0,0.7042459085801601,10481,1314
alcohol__1,80.25,0.6954752189714702,10481,1314
alcohol__1,80.5,0.6912891114372471,10481,1314
alcohol__1,80.75,0.6849029935614885,10481,1314
alcohol__1,81.0,0.6773442533033799,10481,1314
alcohol__1,81.25,0.6719036332585955,10481,1314
alcohol__1,81.5,0.6608483833814044,10481,1314
alcohol__1,81.75,0.6546747328991818,10481,1314
alcohol__1,82.0,0.6467182596622484,10481,1314
alcohol__1,82.25,0.6398417534372194,10481,1314
alcohol__1,82.5,0.6328804055328545,10481,1314
alcohol__1,82.75,0.6200503010376072,10481,1314
alcohol__1,83.0,0.6106268833459362,10481,1314
alcohol__1,83.25,0.6017780178547857,10481,1314
alcohol__1,83.5,0.5970090186135326,10481,1314
alcohol__1,83.75,0.5873973469754536,10481,1314
alcohol__1,84.0,0.5812936998962437,10481,1314
alcohol__1,84.25,0.5714005712771395,10481,1314
alcohol__1,84.5,0.5633216191410791,10481,1314
alcohol__1,84.75,0.5576665236945842,10481,1314
alcohol__1,85.0,0.5519213852388172,10481,1314
alcohol__1,85.25,0.5402288655170266,10481,1314
alcohol__1,85.5,0.5336296640391894,10481,1314
alcohol__1,85.75,0.5248129460393364,10481,1314
alcohol__1,86.0,0.513709259049729,10481,1314
alcohol__1,86.25,0.5059045911653482,10481,1314
alcohol__1,86.5,0.49418441298925025,10481,1314
alcohol__1,86.75,0.4904348342339352,10481,1314
alcohol__1,87.0,0.4774672571062465,10481,1314
alcohol__1,87.25,0.4688220061952257,10481,1314
alcohol__1,87.5,0.4623664327550736,10481,1314
alcohol__1,87.75,0.45660267094117835,10481,1314
alcohol__1,88.0,0.44822575243750057,10481,1314
alcohol__1,88.25,0.43694435747341676,10481,1314
alcohol__1,88.5,0.41910040980381436,10481,1314
alcohol__1,88.75,0.41084734012040214,10481,1314
alcohol__1,89.0,0.3893325104220062,10481,1314
alcohol__1,89.25,0.3788037000855222,10481,1314
alcohol__1,89.5,0.3700203686055282,10481,1314
alcohol__1,89.75,0.36094664902645357,10481,1314
alcohol__1,90.0,0.34410075637340454,10481,1314
alcohol__1,90.25,0.3310562472093993,10481,1314
alcohol__1,90.5,0.3233461175407332,10481,1314
alcohol__1,90.75,0.30660629076321,10481,1314
alcohol__1,91.0,0.30435183274289224,10481,1314
alcohol__1,91.25,0.2842862654954611,10481,1314
alcohol__1,91.5,0.27572370732322504,10481,1314
alcohol__1,91.75,0.27069847521451446,10481,1314
alcohol__1,92.0,0.257708087820994,10481,1314
alcohol__1,92.25,0.24429845693642757,10481,1314
alcohol__1,92.5,0.23603973836759382,10481,1314
alcohol__1,92.75,0.22473893162760336,10481,1314
alcohol__1,93.0,0.21897495518249357,10481,1314
alcohol__1,93.25,0.2041466968195341,10481,1314
alcohol__1,93.5,0.19637790074606348,10481,1314
alcohol__1,93.75,0.18383215723876367,10481,1314
alcohol__1,94.0,0.16945300479419412,10481,1314
alcohol__1,94.25,0.1645956684289452,10481,1314
alcohol__1,94.5,0.15800768085753186,10481,1314
alcohol__1,94.75,0.1458215129174873,10481,1314
alcohol__1,95.0,0.14217597509455018,10481,1314
alcohol__1,95.25,0.13658606395847192,10481,1314
alcohol__1,95.5,0.132654910436978,10481,1314
alcohol__1,95.75,0.12256672606117368,10481,1314
alcohol__1,96.0,0.11410863523068374,10481,1314
alcohol__1,96.25,0.10980264899556356,10481,1314
alcohol__1,96.5,0.1076496558780035,10481,1314
alcohol__1,96.75,0.1030560713043596,10481,1314
alcohol__1,97.0,0.10047966952175061,10481,1314
alcohol__1,97.25,0.09783546769223087,10481,1314
alcohol__1,97.5,0.0864795651922398,10481,1314
alcohol__1,97.75,0.0806113089827664,10481,1314
alcohol__1,98.0,0.0806113089827664,10481,1314
alcohol__1,98.25,0.0806113089827664,10481,1314
alcohol__1,98.5,0.06820956913926389,10481,1314
alcohol__1,98.75,0.05456765531141111,10481,1314
alcohol__1,99.0,0.047291967936556295,10481,1314
alcohol__1,99.25,0.047291967936556295,10481,1314
alcohol__1,99.5,0.047291967936556295,10481,1314
alcohol__1,99.75,0.03853419609645327,10481,1314
alcohol__1,100.0,0.03853419609645327,10481,1314
alcohol__1,100.25,0.03853419609645327,10481,1314
alcohol__1,100.5,0.03853419609645327,10481,1314
alcohol__1,100.75,0.023120517657871965,10481,1314
alcohol__1,101.0,0.023120517657871965,10481,1314
alcohol__1,101.25,0.023120517657871965,10481,1314
alcohol__1,101.5,0.023120517657871965,10481,1314
alcohol__1,101.75,0.023120517657871965,10481,1314
alcohol__1,102.0,0.023120517657871965,10481,1314
alcohol__1,102.25,0.023120517657871965,10481,1314
alcohol__1,102.5,0.023120517657871965,10481,1314
alcohol__1,102.75,0.023120517657871965,10481,1314
alcohol__1,103.0,0.023120517657871965,10481,1314
alcohol__1,103.25,0.023120517657871965,10481,1314
alcohol__1,103.5,0.023120517657871965,10481,1314
alcohol__1,103.75,0.023120517657871965,10481,1314
alcohol__1,104.0,0.023120517657871965,10481,1314
alcohol__1,104.25,0.023120517657871965,10481,1314
alcohol__1,104.5,0.023120517657871965,10481,1314
alcohol__1,104.75,0.023120517657871965,10481,1314
alcohol__1,105.0,0.023120517657871965,10481,1314
alcohol__1,105.25,0.023120517657871965,10481,1314
alcohol__1,105.5,0.023120517657871965,10481,1314
alcohol__1,105.75,0.023120517657871965,10481,1314
alcohol__1,106.0,0.023120517657871965,10481,1314
alcohol__1,106.25,0.023120517657871965,10481,1314
alcohol__1,106.5,0.023120517657871965,10481,1314
alcohol__1,106.75,0.023120517657871965,10481,1314
alcohol__1,107.0,0.023120517657871965,10481,1314
alcohol__1,107.25,0.023120517657871965,10481,1314
alcohol__1,107.5,0.023120517657871965,10481,1314
alcohol__1,107.75,0.023120517657871965,10481,1314
alcohol__1,108.0,0.023120517657871965,10481,1314
alcohol__1,108.25,0.023120517657871965,10481,1314
alcohol__1,108.5,0.023120517657871965,10481,1314
alcohol__1,108.75,0.023120517657871965,10481,1314
alcohol__1,109.0,0.023120517657871965,10481,1314
alcohol__1,109.25,0.023120517657871965,10481,1314
alcohol__1,109.5,0.023120517657871965,10481,1314
alcohol__1,109.75,0.023120517657871965,10481,1314
alcohol__1,110.0,0.023120517657871965,10481,1314
physical_activity__0,20.0,1.0,10935,1257
physical_activity__0,20.25,1.0,10935,1257
physical_activity__0,20.5,1.0,10935,1257
physical_activity__0,20.75,1.0,10935,1257
physical_activity__0,21.0,1.0,10935,1257
physical_activity__0,21.25,1.0,10935,1257
physical_activity__0,21.5,0.9981343283582088,10935,1257
physical_activity__0,21.75,0.9981343283582088,10935,1257
physical_activity__0,22.0,0.9981343283582088,10935,1257
physical_activity__0,22.25,0.9981343283582088,10935,1257
physical_activity__0,22.5,0.9981343283582088,10935,1257
physical_activity__0,22.75,0.9981343283582088,10935,1257
physical_activity__0,23.0,0.9981343283582088,10935,1257
physical_activity__0,23.25,0.9981343283582088,10935,1257
physical_activity__0,23.5,0.9981343283582088,10935,1257
physical_activity__0,23.75,0.9981343283582088,10935,1257
physical_activity__0,24.0,0.9981343283582088,10935,1257
physical_activity__0,24.25,0.9981343283582088,10935,1257
physical_activity__0,24.5,0.9981343283582088,10935,1257
physical_activity__0,24.75,0.9968175284527226,10935,1257
physical_activity__0,25.0,0.9968175284527226,10935,1257
physical_activity__0,25.25,0.9968175284527226,10935,1257
physical_activity__0,25.5,0.9955974335586554,10935,1257
physical_activity__0,25.75,0.9955974335586554,10935,1257
physical_activity__0,26.0,0.9943275388729937,10935,1257
physical_activity__0,26.25,0.9943275388729937,10935,1257
physical_activity__0,26.5,0.9931535984492941,10935,1257
physical_activity__0,26.75,0.9931535984492941,10935,1257
physical_activity__0,27.0,0.991940956692945,10935,1257
physical_activity__0,27.25,0.9908034097242605,10935,1257
physical_activity__0,27.5,0.9896619311416281,10935,1257
physical_activity__0,27.75,0.9849674090254814,10935,1257
physical_activity__0,28.0,0.9849674090254814,10935,1257
physical_activity__0,28.25,0.9849674090254814,10935,1257
physical_activity__0,28.5,0.9849674090254814,10935,1257
physical_activity__0,28.75,0.9849674090254814,10935,1257
physical_activity__0,29.0,0.9849674090254814,10935,1257
physical_activity__0,29.25,0.9849674090254814,10935,1257
physical_activity__0,29.5,0.9849674090254814,10935,1257
physical_activity__0,29.75,0.9849674090254814,10935,1257
physical_activity__0,30.0,0.9849674090254814,10935,1257
physical_activity__0,30.25,0.9838932897135668,10935,1257
physical_activity__0,30.5,0.9838932897135668,10935,1257
physical_activity__0,30.75,0.9816208914277373,10935,1257
physical_activity__0,31.0,0.980474138049901,10935,1257
physical_activity__0,31.25,0.980474138049901,10935,1257
physical_activity__0,31.5,0.980474138049901,10935,1257
physical_activity__0,31.75,0.980474138049901,10935,1257
physical_activity__0,32.0,0.980474138049901,10935,1257
physical_activity__0,32.25,0.980474138049901,10935,1257
physical_activity__0,32.5,0.980474138049901,10935,1257
physical_activity__0,32.75,0.9793471562820275,10935,1257
physical_activity__0,33.0,0.9793471562820275,10935,1257
physical_activity__0,33.25,0.9783312359954282,10935,1257
physical_activity__0,33.5,0.9783312359954282,10935,1257
physical_activity__0,33.75,0.9783312359954282,10935,1257
physical_activity__0,34.0,0.9783312359954282,10935,1257
physical_activity__0,34.25,0.9773359855010278,10935,1257
physical_activity__0,34.5,0.9773359855010278,10935,1257
physical_activity__0,34.75,0.9773359855010278,10935,1257
physical_activity__0,35.0,0.9773359855010278,10935,1257
physical_activity__0,35.25,0.9763596258751527,10935,1257
physical_activity__0,35.5,0.9763596258751527,10935,1257
physical_activity__0,35.75,0.9763596258751527,10935,1257
physical_activity__0,36.0,0.9763596258751527,10935,1257
physical_activity__0,36.25,0.9754126233282321,10935,1257
physical_activity__0,36.5,0.9754126233282321,10935,1257
physical_activity__0,36.75,0.9754126233282321,10935,1257
physical_activity__0,37.0,0.9754126233282321,10935,1257
physical_activity__0,37.25,0.9754126233282321,10935,1257
physical_activity__0,37.5,0.9744647004678545,10935,1257
physical_activity__0,37.75,0.9735036899151244,10935,1257
physical_activity__0,38.0,0.9735036899151244,10935,1257
physical_activity__0,38.25,0.9725861558058738,10935,1257
physical_activity__0,38.5,0.9725861558058738,10935,1257
physical_activity__0,38.75,0.9725861558058738,10935,1257
physical_activity__0,39.0,0.9725861558058738,10935,1257
physical_activity__0,39.25,0.9725861558058738,10935,1257
physical_activity__0,39.5,0.9725861558058738,10935,1257
physical_activity__0,39.75,0.9725861558058738,10935,1257
physical_activity__0,40.0,0.971600759498066,10935,1257
physical_activity__0,40.25,0.9707126418019986,10935,1257
physical_activity__0,40.5,0.969818799590395,10935,1257
physical_activity__0,40.75,0.969818799590395,10935,1257
physical_activity__0,41.0,0.969818799590395,10935,1257
physical_activity__0,41.25,0.96812017077241,10935,1257
physical_activity__0,41.5,0.96812017077241,10935,1257
physical_activity__0,41.75,0.9672416588207111,10935,1257
physical_activity__0,42.0,0.9672416588207111,10935,1257
physical_activity__0,42.25,0.9672416588207111,10935,1257
physical_activity__0,42.5,0.9672416588207111,10935,1257
physical_activity__0,42.75,0.9654973095712597,10935,1257
physical_activity__0,43.0,0.9637442276750429,10935,1257
physical_activity__0,43.25,0.9629254135478765,10935,1257
physical_activity__0,43.5,0.962103103203259,10935,1257
physical_activity__0,43.75,0.962103103203259,10935,1257
physical_activity__0,44.0,0.9603895944334949,10935,1257
physical_activity__0,44.25,0.9603895944334949,10935,1257
physical_activity__0,44.5,0.95879426288128,10935,1257
physical_activity__0,44.75,0.95879426288128,10935,1257
physical_activity__0,45.0,0.9579612530959793,10935,1257
physical_activity__0,45.25,0.9579612530959793,10935,1257
physical_activity__0,45.5,0.9579612530959793,10935,1257
physical_activity__0,45.75,0.9571662645041984,10935,1257
physical_activity__0,46.0,0.9571662645041984,10935,1257
physical_activity__0,46.25,0.9571662645041984,10935,1257
physical_activity__0,46.5,0.9563931092016904,10935,1257
physical_activity__0,46.75,0.9563931092016904,10935,1257
physical_activity__0,47.0,0.955583977975631,10935,1257
physical_activity__0,47.25,0.9548380107797095,10935,1257
physical_activity__0,47.5,0.9525419908640904,10935,1257
physical_activity__0,47.75,0.950201302538426,10935,1257
physical_activity__0,48.0,0.94858118096547,10935,1257
physical_activity__0,48.25,0.9463549049946028,10935,1257
physical_activity__0,48.5,0.9455904826157698,10935,1257
physical_activity__0,48.75,0.9432739952244764,10935,1257
physical_activity__0,49.0,0.9424793246303533,10935,1257
physical_activity__0,49.25,0.941741282872616,10935,1257
physical_activity__0,49.5,0.940232041367602,10935,1257
physical_activity__0,49.75,0.9387136213728713,10935,1257
physical_activity__0,50.0,0.9371632781185287,10935,1257
physical_activity__0,50.25,0.9364395999114873,10935,1257
physical_activity__0,50.5,0.93422916193208,10935,1257
physical_activity__0,50.75,0.93422916193208,10935,1257
physical_activity__0,51.0,0.9326976387157977,10935,1257
physical_activity__0,51.25,0.9305740531478397,10935,1257
physical_activity__0,51.5,0.9269776964639964,10935,1257
physical_activity__0,51.75,0.9269776964639964,10935,1257
physical_activity__0,52.0,0.9225998093884661,10935,1257
physical_activity__0,52.25,0.9212622125044939,10935,1257
physical_activity__0,52.5,0.919894828787334,10935,1257
physical_activity__0,52.75,0.9178036295723099,10935,1257
physical_activity__0,53.0,0.9163905369940615,10935,1257
physical_activity__0,53.25,0.9157221266826148,10935,1257
physical_activity__0,53.5,0.9123370754741833,10935,1257
physical_activity__0,53.75,0.910295004818532,10935,1257
physical_activity__0,54.0,0.9061355372965203,10935,1257
physical_activity__0,54.25,0.9035999247206511,10935,1257
physical_activity__0,54.5,0.9003583145378924,10935,1257
physical_activity__0,54.75,0.899693352710316,10935,1257
physical_activity__0,55.0,0.8990234395660792,10935,1257
physical_activity__0,55.25,0.8965385395081099,10935,1257
physical_activity__0,55.5,0.8933351901556754,10935,1257
physical_activity__0,55.75,0.8894531238227246,10935,1257
physical_activity__0,56.0,0.8855100798797562,10935,1257
physical_activity__0,56.25,0.8842771987891407,10935,1257
physical_activity__0,56.5,0.8836579570532942,10935,1257
physical_activity__0,56.75,0.8798380586378932,10935,1257
physical_activity__0,57.0,0.8772405704637414,10935,1257
physical_activity__0,57.25,0.8748192856196242,10935,1257
physical_activity__0,57.5,0.8729596169325397,10935,1257
physical_activity__0,57.75,0.8704144111079309,10935,1257
physical_activity__0,58.0,0.8697638771683889,10935,1257
physical_activity__0,58.25,0.8660946422722087,10935,1257
physical_activity__0,58.5,0.8623787234420105,10935,1257
physical_activity__0,58.75,0.8604874105005392,10935,1257
physical_activity__0,59.0,0.8604874105005392,10935,1257
physical_activity__0,59.25,0.8580471261266787,10935,1257
physical_activity__0,59.5,0.8580471261266787,10935,1257
physical_activity__0,59.75,0.8567972316006219,10935,1257
physical_activity__0,60.0,0.8523173423156148,10935,1257
physical_activity__0,60.25,0.8506148590421025,10935,1257
physical_activity__0,60.5,0.8494688510680165,10935,1257
physical_activity__0,60.75,0.8442713197010681,10935,1257
physical_activity__0,61.0,0.841915730010196,10935,1257
physical_activity__0,61.25,0.838218070221779,10935,1257
physical_activity__0,61.5,0.8344526220570812,10935,1257
physical_activity__0,61.75,0.8295600109951394,10935,1257
physical_activity__0,62.0,0.8262424407503144,10935,1257
physical_activity__0,62.25,0.824745318529629,10935,1257
physical_activity__0,62.5,0.821194241953745,10935,1257
physical_activity__0,62.75,0.818115129780695,10935,1257
physical_activity__0,63.0,0.8154544932681282,10935,1257
physical_activity__0,63.25,0.8135426996442616,10935,1257
physical_activity__0,63.5,0.8110842131116628,10935,1257
physical_activity__0,63.75,0.8056181432300811,10935,1257
physical_activity__0,64.0,0.8004875541391596,10935,1257
physical_activity__0,64.25,0.7990424613942677,10935,1257
physical_activity__0,64.5,0.7960950600217869,10935,1257
physical_activity__0,64.75,0.7951042758773915,10935,1257
physical_activity__0,65.0,0.7915417594104326,10935,1257
physical_activity__0,65.25,0.7882162580577631,10935,1257
physical_activity__0,65.5,0.7867610410848248,10935,1257
physical_activity__0,65.75,0.7828224145201345,10935,1257
physical_activity__0,66.0,0.7797873923784083,10935,1257
physical_activity__0,66.25,0.7741344605335737,10935,1257
physical_activity__0,66.5,0.7697773902427189,10935,1257
physical_activity__0,66.75,0.7643439483235216,10935,1257
physical_activity__0,67.0,0.7623484462716745,10935,1257
physical_activity__0,67.25,0.7544521607434092,10935,1257
physical_activity__0,67.5,0.749687438489815,10935,1257
physical_activity__0,67.75,0.7462930598115975,10935,1257
physical_activity__0,68.0,0.7438400021019993,10935,1257
physical_activity__0,68.25,0.7387899244978926,10935,1257
physical_activity__0,68.5,0.733625963780083,10935,1257
physical_activity__0,68.75,0.7288117504128585,10935,1257
physical_activity__0,69.0,0.7233723499446041,10935,1257
physical_activity__0,69.25,0.7210767411652377,10935,1257
physical_activity__0,69.5,0.719675180671573,10935,1257
physical_activity__0,69.75,0.7158894112483974,10935,1257
physical_activity__0,70.0,0.7124439444197388,10935,1257
physical_activity__0,70.25,0.7055498982271456,10935,1257
physical_activity__0,70.5,0.7022797250417571,10935,1257
physical_activity__0,70.75,0.6960349854535164,10935,1257
physical_activity__0,71.0,0.6915367084343794,10935,1257
physical_activity__0,71.25,0.6840621453881899,10935,1257
physical_activity__0,71.5,0.6778962560251051,10935,1257
physical_activity__0,71.75,0.6731181923874888,10935,1257
physical_activity__0,72.0,0.6677153922557552,10935,1257
physical_activity__0,72.25,0.6644933796502368,10935,1257
physical_activity__0,72.5,0.659791883016331,10935,1257
physical_activity__0,72.75,0.6539887342983152,10935,1257
physical_activity__0,73.0,0.6465662559592477,10935,1257
physical_activity__0,73.25,0.6447249537117442,10935,1257
physical_activity__0,73.5,0.6414062422349394,10935,1257
physical_activity__0,73.75,0.6351639117629322,10935,1257
physical_activity__0,74.0,0.6317754746584079,10935,1257
physical_activity__0,74.25,0.6268469703381829,10935,1257
physical_activity__0,74.5,0.6227219492803694,10935,1257
physical_activity__0,74.75,0.6143473465665296,10935,1257
physical_activity__0,75.0,0.6072269393857483,10935,1257
physical_activity__0,75.25,0.6005376609764969,10935,1257
physical_activity__0,75.5,0.5968642894998972,10935,1257
physical_activity__0,75.75,0.5907934826177981,10935,1257
physical_activity__0,76.0,0.5855316015535176,10935,1257
physical_activity__0,76.25,0.5792251705727376,10935,1257
physical_activity__0,76.5,0.5724046899529265,10935,1257
physical_activity__0,76.75,0.5654369343334584,10935,1257
physical_activity__0,77.0,0.5549919755212814,10935,1257
physical_activity__0,77.25,0.5505306901344921,10935,1257
physical_activity__0,77.5,0.5432699185009373,10935,1257
physical_activity__0,77.75,0.5354005450653391,10935,1257
physical_activity__0,78.0,0.5264245433019363,10935,1257
physical_activity__0,78.25,0.5224575638694635,10935,1257
physical_activity__0,78.5,0.5174837610350089,10935,1257
physical_activity__0,78.75,0.5119355277842006,10935,1257
physical_activity__0,79.0,0.503873696405729,10935,1257
physical_activity__0,79.25,0.4956872849812049,10935,1257
physical_activity__0,79.5,0.4905733453453342,10935,1257
physical_activity__0,79.75,0.4853697688606785,10935,1257
physical_activity__0,80.0,0.48000971580418955,10935,1257
physical_activity__0,80.25,0.4735194670267957,10935,1257
physical_activity__0,80.5,0.4673382102935764,10935,1257
physical_activity__0,80.75,0.45938263928070056,10935,1257
physical_activity__0,81.0,0.4477798794859083,10935,1257
physical_activity__0,81.25,0.4397927350325274,10935,1257
physical_activity__0,81.5,0.43144249466677587,10935,1257
physical_activity__0,81.75,0.42645972943322474,10935,1257
physical_activity__0,82.0,0.41734520015307525,10935,1257
physical_activity__0,82.25,0.41128039573136566,10935,1257
physical_activity__0,82.5,0.40433412612622205,10935,1257
physical_activity__0,82.75,0.39491167234720176,10935,1257
physical_activity__0,83.0,0.3873701445953714,10935,1257
physical_activity__0,83.25,0.3787958762094195,10935,1257
physical_activity__0,83.5,0.3730690188412949,10935,1257
physical_activity__0,83.75,0.36711497236117135,10935,1257
physical_activity__0,84.0,0.35904034081288067,10935,1257
physical_activity__0,84.25,0.35343921757596997,10935,1257
physical_activity__0,84.5,0.34742210504724114,10935,1257
physical_activity__0,84.75,0.34107115566499324,10935,1257
physical_activity__0,85.0,0.3332022856990436,10935,1257
physical_activity__0,85.25,0.32383136701906595,10935,1257
physical_activity__0,85.5,0.3164613789599833,10935,1257
physical_activity__0,85.75,0.31137618553953644,10935,1257
physical_activity__0,86.0,0.29936692552795535,10935,1257
physical_activity__0,86.25,0.2866489507533284,10935,1257
physical_activity__0,86.5,0.2806425016434965,10935,1257
physical_activity__0,86.75,0.27234195803626277,10935,1257
physical_activity__0,87.0,0.2688503944716954,10935,1257
physical_activity__0,87.25,0.2590129834890551,10935,1257
physical_activity__0,87.5,0.2590129834890551,10935,1257
physical_activity__0,87.75,0.24777482885825294,10935,1257
physical_activity__0,88.0,0.24529708056967028,10935,1257
physical_activity__0,88.25,0.24529708056967028,10935,1257
physical_activity__0,88.5,0.24226872155029144,10935,1257
physical_activity__0,88.75,0.24226872155029144,10935,1257
physical_activity__0,89.0,0.23870594623337524,10935,1257
physical_activity__0,89.25,0.22591812768515865,10935,1257
physical_activity__0,89.5,0.22591812768515865,10935,1257
physical_activity__0,89.75,0.22591812768515865,10935,1257
physical_activity__0,90.0,0.22591812768515865,10935,1257
physical_activity__0,90.25,0.2108569191728147,10935,1257
physical_activity__0,90.5,0.20168922703486628,10935,1257
physical_activity__0,90.75,0.18824327856587517,10935,1257
physical_activity__0,91.0,0.18824327856587517,10935,1257
physical_activity__0,91.25,0.14641143888456953,10935,1257
physical_activity__0,91.5,0.10980857916342719,10935,1257
physical_activity__0,91.75,0.10980857916342719,10935,1257
physical_activity__0,92.0,0.10980857916342719,10935,1257
physical_activity__0,92.25,0.10980857916342719,10935,1257
physical_activity__0,92.5,0.10980857916342719,10935,1257
physical_activity__0,92.75,0.10980857916342719,10935,1257
physical_activity__0,93.0,0.10980857916342719,10935,1257
physical_activity__0,93.25,0.10980857916342719,10935,1257
physical_activity__0,93.5,0.10980857916342719,10935,1257
physical_activity__0,93.75,0.10980857916342719,10935,1257
physical_activity__0,94.0,0.10980857916342719,10935,1257
physical_activity__0,94.25,0.10980857916342719,10935,1257
physical_activity__0,94.5,0.10980857916342719,10935,1257
physical_activity__0,94.75,0.10980857916342719,10935,1257
physical_activity__0,95.0,0.10980857916342719,10935,1257
physical_activity__0,95.25,0.10980857916342719,10935,1257
physical_activity__0,95.5,0.10980857916342719,10935,1257
physical_activity__0,95.75,0.10980857916342719,10935,1257
physical_activity__0,96.0,0.10980857916342719,10935,1257
physical_activity__0,96.25,0.10980857916342719,10935,1257
physical_activity__0,96.5,0.10980857916342719,10935,1257
physical_activity__0,96.75,0.10980857916342719,10935,1257
physical_activity__0,97.0,0.10980857916342719,10935,1257
physical_activity__0,97.25,0.10980857916342719,10935,1257
physical_activity__0,97.5,0.10980857916342719,10935,1257
physical_activity__0,97.75,0.10980857916342719,10935,1257
physical_activity__0,98.0,0.10980857916342719,10935,1257
physical_activity__0,98.25,0.10980857916342719,10935,1257
physical_activity__0,98.5,0.10980857916342719,10935,1257
physical_activity__0,98.75,0.10980857916342719,10935,1257
physical_activity__0,99.0,0.10980857916342719,10935,1257
physical_activity__0,99.25,0.10980857916342719,10935,1257
physical_activity__0,99.5,0.10980857916342719,10935,1257
physical_activity__0,99.75,0.10980857916342719,10935,1257
physical_activity__0,100.0,0.10980857916342719,10935,1257
physical_activity__0,100.25,0.10980857916342719,10935,1257
physical_activity__0,100.5,0.10980857916342719,10935,1257
physical_activity__0,100.75,0.10980857916342719,10935,1257
physical_activity__0,101.0,0.10980857916342719,10935,1257
physical_activity__0,101.25,0.10980857916342719,10935,1257
physical_activity__0,101.5,0.10980857916342719,10935,1257
physical_activity__0,101.75,0.10980857916342719,10935,1257
physical_activity__0,102.0,0.10980857916342719,10935,1257
physical_activity__0,102.25,0.10980857916342719,10935,1257
physical_activity__0,102.5,0.10980857916342719,10935,1257
physical_activity__0,102.75,0.10980857916342719,10935,1257
physical_activity__0,103.0,0.10980857916342719,10935,1257
physical_activity__0,103.25,0.10980857916342719,10935,1257
physical_activity__0,103.5,0.10980857916342719,10935,1257
physical_activity__0,103.75,0.10980857916342719,10935,1257
physical_activity__0,104.0,0.10980857916342719,10935,1257
physical_activity__0,104.25,0.10980857916342719,10935,1257
physical_activity__0,104.5,0.10980857916342719,10935,1257
physical_activity__0,104.75,0.10980857916342719,10935,1257
physical_activity__0,105.0,0.10980857916342719,10935,1257
physical_activity__0,105.25,0.10980857916342719,10935,1257
physical_activity__0,105.5,0.10980857916342719,10935,1257
physical_activity__0,105.75,0.10980857916342719,10935,1257
physical_activity__0,106.0,0.10980857916342719,10935,1257
physical_activity__0,106.25,0.10980857916342719,10935,1257
physical_activity__0,106.5,0.10980857916342719,10935,1257
physical_activity__0,106.75,0.10980857916342719,10935,1257
physical_activity__0,107.0,0.10980857916342719,10935,1257
physical_activity__0,107.25,0.10980857916342719,10935,1257
physical_activity__0,107.5,0.10980857916342719,10935,1257
physical_activity__0,107.75,0.10980857916342719,10935,1257
physical_activity__0,108.0,0.10980857916342719,10935,1257
physical_activity__0,108.25,0.10980857916342719,10935,1257
physical_activity__0,108.5,0.10980857916342719,10935,1257
physical_activity__0,108.75,0.10980857916342719,10935,1257
physical_activity__0,109.0,0.10980857916342719,10935,1257
physical_activity__0,109.25,0.10980857916342719,10935,1257
physical_activity__0,109.5,0.10980857916342719,10935,1257
physical_activity__0,109.75,0.10980857916342719,10935,1257
physical_activity__0,110.0,0.10980857916342719,10935,1257
physical_activity__1,20.0,1.0,23066,1034
physical_activity__1,20.25,1.0,23066,1034
physical_activity__1,20.5,0.9994186046511626,23066,1034
physical_activity__1,20.75,0.9988402374031007,23066,1034
physical_activity__1,21.0,0.9988402374031007,23066,1034
physical_activity__1,21.25,0.9983372966994729,23066,1034
physical_activity__1,21.5,0.9983372966994729,23066,1034
physical_activity__1,21.75,0.9983372966994729,23066,1034
physical_activity__1,22.0,0.9983372966994729,23066,1034
physical_activity__1,22.25,0.9979135542136074,23066,1034
physical_activity__1,22.5,0.9979135542136074,23066,1034
physical_activity__1,22.75,0.9979135542136074,23066,1034
physical_activity__1,23.0,0.997485448870744,23066,1034
physical_activity__1,23.25,0.997485448870744,23066,1034
physical_activity__1,23.5,0.997485448870744,23066,1034
physical_activity__1,23.75,0.9971058881976583,23066,1034
physical_activity__1,24.0,0.9967166977651072,23066,1034
physical_activity__1,24.25,0.996023290856663,23066,1034
physical_activity__1,24.5,0.996023290856663,23066,1034
physical_activity__1,24.75,0.995314125110236,23066,1034
physical_activity__1,25.0,0.995314125110236,23066,1034
physical_activity__1,25.25,0.995314125110236,23066,1034
physical_activity__1,25.5,0.9949827955080007,23066,1034
physical_activity__1,25.75,0.9939720798922653,23066,1034
physical_activity__1,26.0,0.9939720798922653,23066,1034
physical_activity__1,26.25,0.9939720798922653,23066,1034
physical_activity__1,26.5,0.9933365478718749,23066,1034
physical_activity__1,26.75,0.9926861390015157,23066,1034
physical_activity__1,27.0,0.9926861390015157,23066,1034
physical_activity__1,27.25,0.9920786801319035,23066,1034
physical_activity__1,27.5,0.9917676836804508,23066,1034
physical_activity__1,27.75,0.9914540316615772,23066,1034
physical_activity__1,28.0,0.9911344139853482,23066,1034
physical_activity__1,28.25,0.990841438988603,23066,1034
physical_activity__1,28.5,0.9905385220093957,23066,1034
physical_activity__1,28.75,0.9899233035392512,23066,1034
physical_activity__1,29.0,0.9899233035392512,23066,1034
physical_activity__1,29.25,0.9893474254927082,23066,1034
physical_activity__1,29.5,0.9893474254927082,23066,1034
physical_activity__1,29.75,0.9890419770748347,23066,1034
physical_activity__1,30.0,0.9887355824103122,23066,1034
physical_activity__1,30.25,0.9887355824103122,23066,1034
physical_activity__1,30.5,0.9881359466189926,23066,1034
physical_activity__1,30.75,0.9875165150082751,23066,1034
physical_activity__1,31.0,0.9875165150082751,23066,1034
physical_activity__1,31.25,0.9872163580128314,23066,1034
physical_activity__1,31.5,0.986908526282862,23066,1034
physical_activity__1,31.75,0.9859603695984211,23066,1034
physical_activity__1,32.0,0.9859603695984211,23066,1034
physical_activity__1,32.25,0.9859603695984211,23066,1034
physical_activity__1,32.5,0.9856440525083983,23066,1034
physical_activity__1,32.75,0.9856440525083983,23066,1034
physical_activity__1,33.0,0.9856440525083983,23066,1034
physical_activity__1,33.25,0.9850327880368864,23066,1034
physical_activity__1,33.5,0.9850327880368864,23066,1034
physical_activity__1,33.75,0.9850327880368864,23066,1034
physical_activity__1,34.0,0.984704115101272,23066,1034
physical_activity__1,34.25,0.9844027980525881,23066,1034
physical_activity__1,34.5,0.9840880912757176,23066,1034
physical_activity__1,34.75,0.9837702333650986,23066,1034
physical_activity__1,35.0,0.9831179702413961,23066,1034
physical_activity__1,35.25,0.9828076425992746,23066,1034
physical_activity__1,35.5,0.9824905055735887,23066,1034
physical_activity__1,35.75,0.9824905055735887,23066,1034
physical_activity__1,36.0,0.9814904245044812,23066,1034
physical_activity__1,36.25,0.9814904245044812,23066,1034
physical_activity__1,36.5,0.98055316089439,23066,1034
physical_activity__1,36.75,0.98055316089439,23066,1034
physical_activity__1,37.0,0.9802287966334248,23066,1034
physical_activity__1,37.25,0.9802287966334248,23066,1034
physical_activity__1,37.5,0.979596463941537,23066,1034
physical_activity__1,37.75,0.9792714485254982,23066,1034
physical_activity__1,38.0,0.9789409485428711,23066,1034
physical_activity__1,38.25,0.9783244869883719,23066,1034
physical_activity__1,38.5,0.9773859518841892,23066,1034
physical_activity__1,38.75,0.9767388785874298,23066,1034
physical_activity__1,39.0,0.9767388785874298,23066,1034
physical_activity__1,39.25,0.9764248146393308,23066,1034
physical_activity__1,39.5,0.9764248146393308,23066,1034
physical_activity__1,39.75,0.9757716104910664,23066,1034
physical_activity__1,40.0,0.9757716104910664,23066,1034
physical_activity__1,40.25,0.9754591636097057,23066,1034
physical_activity__1,40.5,0.9738838043260895,23066,1034
physical_activity__1,40.75,0.9729086006481085,23066,1034
physical_activity__1,41.0,0.9729086006481085,23066,1034
physical_activity__1,41.25,0.9722897882023828,23066,1034
physical_activity__1,41.5,0.9719761463352216,23066,1034
physical_activity__1,41.75,0.9716477760155138,23066,1034
physical_activity__1,42.0,0.9716477760155138,23066,1034
physical_activity__1,42.25,0.9697779872070977,23066,1034
physical_activity__1,42.5,0.9694610662962464,23066,1034
physical_activity__1,42.75,0.9694610662962464,23066,1034
physical_activity__1,43.0,0.9677945143116773,23066,1034
physical_activity__1,43.25,0.9671704067845728,23066,1034
physical_activity__1,43.5,0.9668512086305185,23066,1034
physical_activity__1,43.75,0.9665244593204035,23066,1034
physical_activity__1,44.0,0.9655142720619736,23066,1034
physical_activity__1,44.25,0.9648856639173563,23066,1034
physical_activity__1,44.5,0.9645695152725605,23066,1034
physical_activity__1,44.75,0.9645695152725605,23066,1034
physical_activity__1,45.0,0.9645695152725605,23066,1034
physical_activity__1,45.25,0.9645695152725605,23066,1034
physical_activity__1,45.5,0.9639353286338691,23066,1034
physical_activity__1,45.75,0.9629591152168112,23066,1034
physical_activity__1,46.0,0.9622941877823142,23066,1034
physical_activity__1,46.25,0.9616656638991588,23066,1034
physical_activity__1,46.5,0.9613416525568743,23066,1034
physical_activity__1,46.75,0.9613416525568743,23066,1034
physical_activity__1,47.0,0.9613416525568743,23066,1034
physical_activity__1,47.25,0.9613416525568743,23066,1034
physical_activity__1,47.5,0.9603859206449726,23066,1034
physical_activity__1,47.75,0.9584147266029313,23066,1034
physical_activity__1,48.0,0.9577333057984573,23066,1034
physical_activity__1,48.25,0.9567870024347437,23066,1034
physical_activity__1,48.5,0.9561269217155756,23066,1034
physical_activity__1,48.75,0.954454556052659,23066,1034
physical_activity__1,49.0,0.9537671423897217,23066,1034
physical_activity__1,49.25,0.9537671423897217,23066,1034
physical_activity__1,49.5,0.952764443123322,23066,1034
physical_activity__1,49.75,0.9524227055181841,23066,1034
physical_activity__1,50.0,0.9513596947195303,23066,1034
physical_activity__1,50.25,0.9500474131040446,23066,1034
physical_activity__1,50.5,0.9500474131040446,23066,1034
physical_activity__1,50.75,0.9493577613632252,23066,1034
physical_activity__1,51.0,0.9490065376261322,23066,1034
physical_activity__1,51.25,0.9483488738581323,23066,1034
physical_activity__1,51.5,0.9480145950869452,23066,1034
physical_activity__1,51.75,0.947316241225411,23066,1034
physical_activity__1,52.0,0.9462488388869742,23066,1034
physical_activity__1,52.25,0.9452524378632254,23066,1034
physical_activity__1,52.5,0.943920559963476,23066,1034
physical_activity__1,52.75,0.9435789310963161,23066,1034
physical_activity__1,53.0,0.942874747118188,23066,1034
physical_activity__1,53.25,0.9418971852706158,23066,1034
physical_activity__1,53.5,0.9405426664082741,23066,1034
physical_activity__1,53.75,0.9381439074331565,23066,1034
physical_activity__1,54.0,0.9374427235672905,23066,1034
physical_activity__1,54.25,0.9367833182533964,23066,1034
physical_activity__1,54.5,0.935777437804415,23066,1034
physical_activity__1,54.75,0.9347432754382997,23066,1034
physical_activity__1,55.0,0.9336904098850828,23066,1034
physical_activity__1,55.25,0.9323803214676308,23066,1034
physical_activity__1,55.5,0.9320468521108828,23066,1034
physical_activity__1,55.75,0.9310046404973245,23066,1034
physical_activity__1,56.0,0.930654507123689,23066,1034
physical_activity__1,56.25,0.9299898108036632,23066,1034
physical_activity__1,56.5,0.9269370419830979,23066,1034
physical_activity__1,56.75,0.9259039166918385,23066,1034
physical_activity__1,57.0,0.9237574235727237,23066,1034
physical_activity__1,57.25,0.9223986076912367,23066,1034
physical_activity__1,57.5,0.9223986076912367,23066,1034
physical_activity__1,57.75,0.919880976852144,23066,1034
physical_activity__1,58.0,0.9183967487403593,23066,1034
physical_activity__1,58.25,0.9155738366326983,23066,1034
physical_activity__1,58.5,0.914107423881089,23066,1034
physical_activity__1,58.75,0.9118170527492302,23066,1034
physical_activity__1,59.0,0.9098619622741592,23066,1034
physical_activity__1,59.25,0.908026411968094,23066,1034
physical_activity__1,59.5,0.9057666971099493,23066,1034
physical_activity__1,59.75,0.9049838162994394,23066,1034
physical_activity__1,60.0,0.9033797124162983,23066,1034
physical_activity__1,60.25,0.9019377155729468,23066,1034
physical_activity__1,60.5,0.8993474380390672,23066,1034
physical_activity__1,60.75,0.8970872903491379,23066,1034
physical_activity__1,61.0,0.895540540114946,23066,1034
physical_activity__1,61.25,0.8951927573809209,23066,1034
physical_activity__1,61.5,0.8944802977546634,23066,1034
physical_activity__1,61.75,0.8937641130341488,23066,1034
physical_activity__1,62.0,0.8919057700599773,23066,1034
physical_activity__1,62.25,0.8902069110060258,23066,1034
physical_activity__1,62.5,0.8870784782515643,23066,1034
physical_activity__1,62.75,0.8824013352084659,23066,1034
physical_activity__1,63.0,0.8787090875186971,23066,1034
physical_activity__1,63.25,0.8780271239330618,23066,1034
physical_activity__1,63.5,0.8755842761908089,23066,1034
physical_activity__1,63.75,0.8745174675615717,23066,1034
physical_activity__1,64.0,0.8719493750093815,23066,1034
physical_activity__1,64.25,0.8699090799979436,23066,1034
physical_activity__1,64.5,0.8674553944946894,23066,1034
physical_activity__1,64.75,0.8652871030319126,23066,1034
physical_activity__1,65.0,0.8630528515275276,23066,1034
physical_activity__1,65.25,0.8623573895864624,23066,1034
physical_activity__1,65.5,0.8587831523990646,23066,1034
physical_activity__1,65.75,0.8558663169140279,23066,1034
physical_activity__1,66.0,0.8543682343566839,23066,1034
physical_activity__1,66.25,0.8526252974510449,23066,1034
physical_activity__1,66.5,0.8501054984095312,23066,1034
physical_activity__1,66.75,0.8475040819168351,23066,1034
physical_activity__1,67.0,0.8448228280465812,23066,1034
physical_activity__1,67.25,0.840463458520314,23066,1034
physical_activity__1,67.5,0.8393578676045196,23066,1034
physical_activity__1,67.75,0.8378328820510851,23066,1034
physical_activity__1,68.0,0.8362563127321306,23066,1034
physical_activity__1,68.25,0.8340307808424304,23066,1034
physical_activity__1,68.5,0.8313982793994987,23066,1034
physical_activity__1,68.75,0.8282818527332506,23066,1034
physical_activity__1,69.0,0.8266765317923968,23066,1034
physical_activity__1,69.25,0.8240293446558787,23066,1034
physical_activity__1,69.5,0.8212494892540168,23066,1034
physical_activity__1,69.75,0.8184003707131111,23066,1034
physical_activity__1,70.0,0.8167234355943757,23066,1034
physical_activity__1,70.25,0.8131997177907266,23066,1034
physical_activity__1,70.5,0.8119855259949722,23066,1034
physical_activity__1,70.75,0.8082766206523793,23066,1034
physical_activity__1,71.0,0.8035603483337752,23066,1034
physical_activity__1,71.25,0.7999230430203446,23066,1034
physical_activity__1,71.5,0.7970068898784252,23066,1034
physical_activity__1,71.75,0.7914390192544203,23066,1034
physical_activity__1,72.0,0.7874493778590209,23066,1034
physical_activity__1,72.25,0.7853358963447608,23066,1034
physical_activity__1,72.5,0.7840276277603221,23066,1034
physical_activity__1,72.75,0.7826954231015696,23066,1034
physical_activity__1,73.0,0.7813044219983424,23066,1034
physical_activity__1,73.25,0.7781880480557298,23066,1034
physical_activity__1,73.5,0.7763116327371163,23066,1034
physical_activity__1,73.75,0.7709992129085066,23066,1034
physical_activity__1,74.0,0.7659943741312885,23066,1034
physical_activity__1,74.25,0.762177083917709,23066,1034
physical_activity__1,74.5,0.7577793605010841,23066,1034
physical_activity__1,74.75,0.7527619186511558,23066,1034
physical_activity__1,75.0,0.7491232244633621,23066,1034
physical_activity__1,75.25,0.7471692883789249,23066,1034
physical_activity__1,75.5,0.7441610799056798,23066,1034
physical_activity__1,75.75,0.7420890786722704,23066,1034
physical_activity__1,76.0,0.7346077744650648,23066,1034
physical_activity__1,76.25,0.7300231811323274,23066,1034
physical_activity__1,76.5,0.7252627559480376,23066,1034
physical_activity__1,76.75,0.7198383069154165,23066,1034
physical_activity__1,77.0,0.7153600465171293,23066,1034
physical_activity__1,77.25,0.7121349243989276,23066,1034
physical_activity__1,77.5,0.7077309878143034,23066,1034
physical_activity__1,77.75,0.70262040425723,23066,1034
physical_activity__1,78.0,0.6985282842284032,23066,1034
physical_activity__1,78.25,0.6957389138243194,23066,1034
physical_activity__1,78.5,0.6911431082579669,23066,1034
physical_activity__1,78.75,0.6857905979967049,23066,1034
physical_activity__1,79.0,0.6797343583261384,23066,1034
physical_activity__1,79.25,0.67684783430484,23066,1034
physical_activity__1,79.5,0.6726912508655105,23066,1034
physical_activity__1,79.75,0.6659710413948956,23066,1034
physical_activity__1,80.0,0.6621688759230908,23066,1034
physical_activity__1,80.25,0.6575859193859951,23066,1034
physical_activity__1,80.5,0.6501213067928551,23066,1034
physical_activity__1,80.75,0.6438127154993367,23066,1034
physical_activity__1,81.0,0.6387435869507508,23066,1034
physical_activity__1,81.25,0.6326921078708004,23066,1034
physical_activity__1,81.5,0.6239341382863911,23066,1034
physical_activity__1,81.75,0.6173149981802344,23066,1034
physical_activity__1,82.0,0.6146604288268851,23066,1034
physical_activity__1,82.25,0.6092382147045715,23066,1034
physical_activity__1,82.5,0.6034576128984089,23066,1034
physical_activity__1,82.75,0.5922805599797393,23066,1034
physical_activity__1,83.0,0.584814978740903,23066,1034
physical_activity__1,83.25,0.5780965715797652,23066,1034
physical_activity__1,83.5,0.5734678501828878,23066,1034
physical_activity__1,83.75,0.565073142821598,23066,1034
physical_activity__1,84.0,0.558725170998734,23066,1034
physical_activity__1,84.25,0.5507424686091773,23066,1034
physical_activity__1,84.5,0.5465043332062086,23066,1034
physical_activity__1,84.75,0.5391984838820835,23066,1034
physical_activity__1,85.0,0.5329423239900433,23066,1034
physical_activity__1,85.25,0.5259899969098236,23066,1034
physical_activity__1,85.5,0.5167436161468589,23066,1034
physical_activity__1,85.75,0.5010974694548168,23066,1034
physical_activity__1,86.0,0.4882253724612009,23066,1034
physical_activity__1,86.25,0.47712236603910324,23066,1034
physical_activity__1,86.5,0.4674909508714639,23066,1034
physical_activity__1,86.75,0.45725179954965184,23066,1034
physical_activity__1,87.0,0.4383133956255166,23066,1034
physical_activity__1,87.25,0.4234059533065697,23066,1034
physical_activity__1,87.5,0.41676398243686746,23066,1034
physical_activity__1,87.75,0.4060464801144919,23066,1034
physical_activity__1,88.0,0.3863916674498516,23066,1034
physical_activity__1,88.25,0.36914705586242924,23066,1034
physical_activity__1,88.5,0.3594292498990445,23066,1034
physical_activity__1,88.75,0.3543668660976496,23066,1034
physical_activity__1,89.0,0.33817405595850747,23066,1034
physical_activity__1,89.25,0.33817405595850747,23066,1034
physical_activity__1,89.5,0.33817405595850747,23066,1034
physical_activity__1,89.75,0.3236031094186285,23066,1034
physical_activity__1,90.0,0.3146141341569999,23066,1034
physical_activity__1,90.25,0.2928630335239234,23066,1034
physical_activity__1,90.5,0.2928630335239234,23066,1034
physical_activity__1,90.75,0.2789171747846889,23066,1034
physical_activity__1,91.0,0.2789171747846889,23066,1034
physical_activity__1,91.25,0.25899451944292545,23066,1034
physical_activity__1,91.5,0.25899451944292545,23066,1034
physical_activity__1,91.75,0.23021735061593365,23066,1034
physical_activity__1,92.0,0.23021735061593365,23066,1034
physical_activity__1,92.25,0.23021735061593365,23066,1034
physical_activity__1,92.5,0.23021735061593365,23066,1034
physical_activity__1,92.75,0.23021735061593365,23066,1034
physical_activity__1,93.0,0.23021735061593365,23066,1034
physical_activity__1,93.25,0.23021735061593365,23066,1034
physical_activity__1,93.5,0.23021735061593365,23066,1034
physical_activity__1,93.75,0.23021735061593365,23066,1034
physical_activity__1,94.0,0.23021735061593365,23066,1034
physical_activity__1,94.25,0.23021735061593365,23066,1034
physical_activity__1,94.5,0.23021735061593365,23066,1034
physical_activity__1,94.75,0.23021735061593365,23066,1034
physical_activity__1,95.0,0.23021735061593365,23066,1034
physical_activity__1,95.25,0.23021735061593365,23066,1034
physical_activity__1,95.5,0.23021735061593365,23066,1034
physical_activity__1,95.75,0.23021735061593365,23066,1034
physical_activity__1,96.0,0.23021735061593365,23066,1034
physical_activity__1,96.25,0.23021735061593365,23066,1034
physical_activity__1,96.5,0.23021735061593365,23066,1034
physical_activity__1,96.75,0.23021735061593365,23066,1034
physical_activity__1,97.0,0.23021735061593365,23066,1034
physical_activity__1,97.25,0.23021735061593365,23066,1034
physical_activity__1,97.5,0.23021735061593365,23066,1034
physical_activity__1,97.75,0.23021735061593365,23066,1034
physical_activity__1,98.0,0.23021735061593365,23066,1034
physical_activity__1,98.25,0.23021735061593365,23066,1034
physical_activity__1,98.5,0.23021735061593365,23066,1034
physical_activity__1,98.75,0.23021735061593365,23066,1034
physical_activity__1,99.0,0.23021735061593365,23066,1034
physical_activity__1,99.25,0.23021735061593365,23066,1034
physical_activity__1,99.5,0.23021735061593365,23066,1034
physical_activity__1,99.75,0.23021735061593365,23066,1034
physical_activity__1,100.0,0.23021735061593365,23066,1034
physical_activity__1,100.25,0.23021735061593365,23066,1034
physical_activity__1,100.5,0.23021735061593365,23066,1034
physical_activity__1,100.75,0.23021735061593365,23066,1034
physical_activity__1,101.0,0.23021735061593365,23066,1034
physical_activity__1,101.25,0.23021735061593365,23066,1034
physical_activity__1,101.5,0.23021735061593365,23066,1034
physical_activity__1,101.75,0.23021735061593365,23066,1034
physical_activity__1,102.0,0.23021735061593365,23066,1034
physical_activity__1,102.25,0.23021735061593365,23066,1034
physical_activity__1,102.5,0.23021735061593365,23066,1034
physical_activity__1,102.75,0.23021735061593365,23066,1034
physical_activity__1,103.0,0.23021735061593365,23066,1034
physical_activity__1,103.25,0.23021735061593365,23066,1034
physical_activity__1,103.5,0.23021735061593365,23066,1034
physical_activity__1,103.75,0.23021735061593365,23066,1034
physical_activity__1,104.0,0.23021735061593365,23066,1034
physical_activity__1,104.25,0.23021735061593365,23066,1034
physical_activity__1,104.5,0.23021735061593365,23066,1034
physical_activity__1,104.75,0.23021735061593365,23066,1034
physical_activity__1,105.0,0.23021735061593365,23066,1034
physical_activity__1,105.25,0.23021735061593365,23066,1034
physical_activity__1,105.5,0.23021735061593365,23066,1034
physical_activity__1,105.75,0.23021735061593365,23066,1034
physical_activity__1,106.0,0.23021735061593365,23066,1034
physical_activity__1,106.25,0.23021735061593365,23066,1034
physical_activity__1,106.5,0.23021735061593365,23066,1034
physical_activity__1,106.75,0.23021735061593365,23066,1034
physical_activity__1,107.0,0.23021735061593365,23066,1034
physical_activity__1,107.25,0.23021735061593365,23066,1034
physical_activity__1,107.5,0.23021735061593365,23066,1034
physical_activity__1,107.75,0.23021735061593365,23066,1034
physical_activity__1,108.0,0.23021735061593365,23066,1034
physical_activity__1,108.25,0.23021735061593365,23066,1034
physical_activity__1,108.5,0.23021735061593365,23066,1034
physical_activity__1,108.75,0.23021735061593365,23066,1034
physical_activity__1,109.0,0.23021735061593365,23066,1034
physical_activity__1,109.25,0.23021735061593365,23066,1034
physical_activity__1,109.5,0.23021735061593365,23066,1034
physical_activity__1,109.75,0.23021735061593365,23066,1034
physical_activity__1,110.0,0.23021735061593365,23066,1034
sleep_duration__0,20.0,1.0,1990,248
sleep_duration__0,20.25,1.0,1990,248
sleep_duration__0,20.5,1.0,1990,248
sleep_duration__0,20.75,1.0,1990,248
sleep_duration__0,21.0,1.0,1990,248
sleep_duration__0,21.25,1.0,1990,248
sleep_duration__0,21.5,1.0,1990,248
sleep_duration__0,21.75,1.0,1990,248
sleep_duration__0,22.0,1.0,1990,248
sleep_duration__0,22.25,1.0,1990,248
sleep_duration__0,22.5,1.0,1990,248
sleep_duration__0,22.75,1.0,1990,248
sleep_duration__0,23.0,1.0,1990,248
sleep_duration__0,23.25,1.0,1990,248
sleep_duration__0,23.5,1.0,1990,248
sleep_duration__0,23.75,1.0,1990,248
sleep_duration__0,24.0,1.0,1990,248
sleep_duration__0,24.25,1.0,1990,248
sleep_duration__0,24.5,1.0,1990,248
sleep_duration__0,24.75,1.0,1990,248
sleep_duration__0,25.0,1.0,1990,248
sleep_duration__0,25.25,1.0,1990,248
sleep_duration__0,25.5,1.0,1990,248
sleep_duration__0,25.75,1.0,1990,248
sleep_duration__0,26.0,1.0,1990,248
sleep_duration__0,26.25,0.9948186528497408,1990,248
sleep_duration__0,26.5,0.9948186528497408,1990,248
sleep_duration__0,26.75,0.9948186528497408,1990,248
sleep_duration__0,27.0,0.9948186528497408,1990,248
sleep_duration__0,27.25,0.9948186528497408,1990,248
sleep_duration__0,27.5,0.9948186528497408,1990,248
sleep_duration__0,27.75,0.9948186528497408,1990,248
sleep_duration__0,28.0,0.9948186528497408,1990,248
sleep_duration__0,28.25,0.9948186528497408,1990,248
sleep_duration__0,28.5,0.9948186528497408,1990,248
sleep_duration__0,28.75,0.9948186528497408,1990,248
sleep_duration__0,29.0,0.9948186528497408,1990,248
sleep_duration__0,29.25,0.9948186528497408,1990,248
sleep_duration__0,29.5,0.9948186528497408,1990,248
sleep_duration__0,29.75,0.9902130109383988,1990,248
sleep_duration__0,30.0,0.9902130109383988,1990,248
sleep_duration__0,30.25,0.9902130109383988,1990,248
sleep_duration__0,30.5,0.9902130109383988,1990,248
sleep_duration__0,30.75,0.9902130109383988,1990,248
sleep_duration__0,31.0,0.985792417139567,1990,248
sleep_duration__0,31.25,0.985792417139567,1990,248
sleep_duration__0,31.5,0.985792417139567,1990,248
sleep_duration__0,31.75,0.985792417139567,1990,248
sleep_duration__0,32.0,0.985792417139567,1990,248
sleep_duration__0,32.25,0.985792417139567,1990,248
sleep_duration__0,32.5,0.985792417139567,1990,248
sleep_duration__0,32.75,0.985792417139567,1990,248
sleep_duration__0,33.0,0.985792417139567,1990,248
sleep_duration__0,33.25,0.985792417139567,1990,248
sleep_duration__0,33.5,0.985792417139567,1990,248
sleep_duration__0,33.75,0.985792417139567,1990,248
sleep_duration__0,34.0,0.985792417139567,1990,248
sleep_duration__0,34.25,0.985792417139567,1990,248
sleep_duration__0,34.5,0.985792417139567,1990,248
sleep_duration__0,34.75,0.985792417139567,1990,248
sleep_duration__0,35.0,0.985792417139567,1990,248
sleep_duration__0,35.25,0.985792417139567,1990,248
sleep_duration__0,35.5,0.985792417139567,1990,248
sleep_duration__0,35.75,0.985792417139567,1990,248
sleep_duration__0,36.0,0.985792417139567,1990,248
sleep_duration__0,36.25,0.985792417139567,1990,248
sleep_duration__0,36.5,0.985792417139567,1990,248
sleep_duration__0,36.75,0.985792417139567,1990,248
sleep_duration__0,37.0,0.985792417139567,1990,248
sleep_duration__0,37.25,0.985792417139567,1990,248
sleep_duration__0,37.5,0.985792417139567,1990,248
sleep_duration__0,37.75,0.985792417139567,1990,248
sleep_duration__0,38.0,0.985792417139567,1990,248
sleep_duration__0,38.25,0.9822966993482913,1990,248
sleep_duration__0,38.5,0.978788496850619,1990,248
sleep_duration__0,38.75,0.978788496850619,1990,248
sleep_duration__0,39.0,0.978788496850619,1990,248
sleep_duration__0,39.25,0.978788496850619,1990,248
sleep_duration__0,39.5,0.978788496850619,1990,248
sleep_duration__0,39.75,0.978788496850619,1990,248
sleep_duration__0,40.0,0.9751226223305791,1990,248
sleep_duration__0,40.25,0.9751226223305791,1990,248
sleep_duration__0,40.5,0.9751226223305791,1990,248
sleep_duration__0,40.75,0.9751226223305791,1990,248
sleep_duration__0,41.0,0.9751226223305791,1990,248
sleep_duration__0,41.25,0.9751226223305791,1990,248
sleep_duration__0,41.5,0.9751226223305791,1990,248
sleep_duration__0,41.75,0.9717131026720811,1990,248
sleep_duration__0,42.0,0.9717131026720811,1990,248
sleep_duration__0,42.25,0.9684848199389514,1990,248
sleep_duration__0,42.5,0.9684848199389514,1990,248
sleep_duration__0,42.75,0.9684848199389514,1990,248
sleep_duration__0,43.0,0.9616156131540847,1990,248
sleep_duration__0,43.25,0.9616156131540847,1990,248
sleep_duration__0,43.5,0.9616156131540847,1990,248
sleep_duration__0,43.75,0.9616156131540847,1990,248
sleep_duration__0,44.0,0.9583224089994478,1990,248
sleep_duration__0,44.25,0.9583224089994478,1990,248
sleep_duration__0,44.5,0.9583224089994478,1990,248
sleep_duration__0,44.75,0.9583224089994478,1990,248
sleep_duration__0,45.0,0.9583224089994478,1990,248
sleep_duration__0,45.25,0.9583224089994478,1990,248
sleep_duration__0,45.5,0.9583224089994478,1990,248
sleep_duration__0,45.75,0.9583224089994478,1990,248
sleep_duration__0,46.0,0.9583224089994478,1990,248
sleep_duration__0,46.25,0.9583224089994478,1990,248
sleep_duration__0,46.5,0.9552993099174311,1990,248
sleep_duration__0,46.75,0.9552993099174311,1990,248
sleep_duration__0,47.0,0.9552993099174311,1990,248
sleep_duration__0,47.25,0.9524561572093434,1990,248
sleep_duration__0,47.5,0.9495699264299213,1990,248
sleep_duration__0,47.75,0.9436349981097902,1990,248
sleep_duration__0,48.0,0.9406201898091203,1990,248
sleep_duration__0,48.25,0.9378039616959191,1990,248
sleep_duration__0,48.5,0.9378039616959191,1990,248
sleep_duration__0,48.75,0.9349360596723841,1990,248
sleep_duration__0,49.0,0.9320593333349305,1990,248
sleep_duration__0,49.25,0.9320593333349305,1990,248
sleep_duration__0,49.5,0.9292853472238145,1990,248
sleep_duration__0,49.75,0.9292853472238145,1990,248
sleep_duration__0,50.0,0.9265113611126993,1990,248
sleep_duration__0,50.25,0.9265113611126993,1990,248
sleep_duration__0,50.5,0.9265113611126993,1990,248
sleep_duration__0,50.75,0.9265113611126993,1990,248
sleep_duration__0,51.0,0.9210452173893207,1990,248
sleep_duration__0,51.25,0.9184507238192096,1990,248
sleep_duration__0,51.5,0.9132019183268499,1990,248
sleep_duration__0,51.75,0.9105160303317703,1990,248
sleep_duration__0,52.0,0.905191375183632,1990,248
sleep_duration__0,52.25,0.9026769546970104,1990,248
sleep_duration__0,52.5,0.900134202711948,1990,248
sleep_duration__0,52.75,0.8975770032724254,1990,248
sleep_duration__0,53.0,0.8950124975487901,1990,248
sleep_duration__0,53.25,0.8925332385528105,1990,248
sleep_duration__0,53.5,0.885122856691897,1990,248
sleep_duration__0,53.75,0.8826435209588668,1990,248
sleep_duration__0,54.0,0.8775339908260279,1990,248
sleep_duration__0,54.25,0.8775339908260279,1990,248
sleep_duration__0,54.5,0.8674684699822404,1990,248
sleep_duration__0,54.75,0.8649019952189791,1990,248
sleep_duration__0,55.0,0.8649019952189791,1990,248
sleep_duration__0,55.25,0.8649019952189791,1990,248
sleep_duration__0,55.5,0.8624022784697913,1990,248
sleep_duration__0,55.75,0.8573809813737779,1990,248
sleep_duration__0,56.0,0.8522622889476661,1990,248
sleep_duration__0,56.25,0.8522622889476661,1990,248
sleep_duration__0,56.5,0.8497919634724549,1990,248
sleep_duration__0,56.75,0.8422115471965809,1990,248
sleep_duration__0,57.0,0.8344907122132009,1990,248
sleep_duration__0,57.25,0.8319695922367258,1990,248
sleep_duration__0,57.5,0.8319695922367258,1990,248
sleep_duration__0,57.75,0.8319695922367258,1990,248
sleep_duration__0,58.0,0.8292328501569993,1990,248
sleep_duration__0,58.25,0.8237863437074087,1990,248
sleep_duration__0,58.5,0.8182385822864048,1990,248
sleep_duration__0,58.75,0.8154928152317524,1990,248
sleep_duration__0,59.0,0.8154928152317524,1990,248
sleep_duration__0,59.25,0.8128874068763797,1990,248
sleep_duration__0,59.5,0.8102395651601703,1990,248
sleep_duration__0,59.75,0.8102395651601703,1990,248
sleep_duration__0,60.0,0.8075387666096367,1990,248
sleep_duration__0,60.25,0.8050386465891738,1990,248
sleep_duration__0,60.5,0.8025616045996685,1990,248
sleep_duration__0,60.75,0.7899658410273882,1990,248
sleep_duration__0,61.0,0.7849339042729098,1990,248
sleep_duration__0,61.25,0.7849339042729098,1990,248
sleep_duration__0,61.5,0.7825334947797205,1990,248
sleep_duration__0,61.75,0.7753685238883634,1990,248
sleep_duration__0,62.0,0.7753685238883634,1990,248
sleep_duration__0,62.25,0.7753685238883634,1990,248
sleep_duration__0,62.5,0.7729973663229556,1990,248
sleep_duration__0,62.75,0.7631811303982087,1990,248
sleep_duration__0,63.0,0.7607350370315475,1990,248
sleep_duration__0,63.25,0.7584909808751126,1990,248
sleep_duration__0,63.5,0.7493867360916845,1990,248
sleep_duration__0,63.75,0.7493867360916845,1990,248
sleep_duration__0,64.0,0.7424549536778001,1990,248
sleep_duration__0,64.25,0.7401491929520925,1990,248
sleep_duration__0,64.5,0.7378362267241172,1990,248
sleep_duration__0,64.75,0.7378362267241172,1990,248
sleep_duration__0,65.0,0.7307791850765726,1990,248
sleep_duration__0,65.25,0.7307791850765726,1990,248
sleep_duration__0,65.5,0.7285167108193699,1990,248
sleep_duration__0,65.75,0.726166656913501,1990,248
sleep_duration__0,66.0,0.726166656913501,1990,248
sleep_duration__0,66.25,0.7191456567148132,1990,248
sleep_duration__0,66.5,0.7143747438341435,1990,248
sleep_duration__0,66.75,0.6995859029133421,1990,248
sleep_duration__0,67.0,0.6970873818315089,1990,248
sleep_duration__0,67.25,0.6947481624293896,1990,248
sleep_duration__0,67.5,0.6923358424209544,1990,248
sleep_duration__0,67.75,0.6874081851795242,1990,248
sleep_duration__0,68.0,0.6874081851795242,1990,248
sleep_duration__0,68.25,0.6776577144677576,1990,248
sleep_duration__0,68.5,0.6751754517773998,1990,248
sleep_duration__0,68.75,0.6700797879904008,1990,248
sleep_duration__0,69.0,0.6700797879904008,1990,248
sleep_duration__0,69.25,0.6700797879904008,1990,248
sleep_duration__0,69.5,0.6700797879904008,1990,248
sleep_duration__0,69.75,0.6647827145675514,1990,248
sleep_duration__0,70.0,0.6566643088145525,1990,248
sleep_duration__0,70.25,0.6514004029842166,1990,248
sleep_duration__0,70.5,0.6514004029842166,1990,248
sleep_duration__0,70.75,0.6432567525268279,1990,248
sleep_duration__0,71.0,0.6404840941107638,1990,248
sleep_duration__0,71.25,0.6236509767936826,1990,248
sleep_duration__0,71.5,0.6208032554384602,1990,248
sleep_duration__0,71.75,0.6062802717041336,1990,248
sleep_duration__0,72.0,0.6033228069641131,1990,248
sleep_duration__0,72.25,0.5975485860167732,1990,248
sleep_duration__0,72.5,0.5915727998658439,1990,248
sleep_duration__0,72.75,0.5823598872116489,1990,248
sleep_duration__0,73.0,0.5823598872116489,1990,248
sleep_duration__0,73.25,0.5759930043214868,1990,248
sleep_duration__0,73.5,0.5726442077847345,1990,248
sleep_duration__0,73.75,0.5691945438824163,1990,248
sleep_duration__0,74.0,0.5656591740446371,1990,248
sleep_duration__0,74.25,0.5656591740446371,1990,248
sleep_duration__0,74.5,0.5621888723633813,1990,248
sleep_duration__0,74.75,0.5482198098995937,1990,248
sleep_duration__0,75.0,0.5482198098995937,1990,248
sleep_duration__0,75.25,0.544856498182418,1990,248
sleep_duration__0,75.5,0.544856498182418,1990,248
sleep_duration__0,75.75,0.544856498182418,1990,248
sleep_duration__0,76.0,0.5413860746271162,1990,248
sleep_duration__0,76.25,0.5379595804839064,1990,248
sleep_duration__0,76.5,0.5273175913972096,1990,248
sleep_duration__0,76.75,0.5201916779999501,1990,248
sleep_duration__0,77.0,0.5130901684156948,1990,248
sleep_duration__0,77.25,0.5130901684156948,1990,248
sleep_duration__0,77.5,0.5095997591067445,1990,248
sleep_duration__0,77.75,0.5060110284088097,1990,248
sleep_duration__0,78.0,0.5060110284088097,1990,248
sleep_duration__0,78.25,0.5060110284088097,1990,248
sleep_duration__0,78.5,0.5024724897486085,1990,248
sleep_duration__0,78.75,0.49534449820287924,1990,248
sleep_duration__0,79.0,0.488138047469632,1990,248
sleep_duration__0,79.25,0.4809595467715489,1990,248
sleep_duration__0,79.5,0.4700830179810528,1990,248
sleep_duration__0,79.75,0.4664945979964647,1990,248
sleep_duration__0,80.0,0.46285010894961737,1990,248
sleep_duration__0,80.25,0.46285010894961737,1990,248
sleep_duration__0,80.5,0.4590870999337671,1990,248
sleep_duration__0,80.75,0.44383567819500913,1990,248
sleep_duration__0,81.0,0.4321557919267192,1990,248
sleep_duration__0,81.25,0.42804002247979817,1990,248
sleep_duration__0,81.5,0.41519621358939435,1990,248
sleep_duration__0,81.75,0.41091584025342115,1990,248
sleep_duration__0,82.0,0.39765435738115923,1990,248
sleep_duration__0,82.25,0.38861675834976894,1990,248
sleep_duration__0,82.5,0.37907906046953854,1990,248
sleep_duration__0,82.75,0.36000822165980856,1990,248
sleep_duration__0,83.0,0.35533279020968106,1990,248
sleep_duration__0,83.25,0.3505950196735522,1990,248
sleep_duration__0,83.5,0.34572564440030845,1990,248
sleep_duration__0,83.75,0.34056556015552775,1990,248
sleep_duration__0,84.0,0.3352442232780977,1990,248
sleep_duration__0,84.25,0.3247678413006573,1990,248
sleep_duration__0,84.5,0.3087038581950568,1990,248
sleep_duration__0,84.75,0.3030910607733285,1990,248
sleep_duration__0,85.0,0.29143371228204656,1990,248
sleep_duration__0,85.25,0.27255597299947437,1990,248
sleep_duration__0,85.5,0.26606654507091543,1990,248
sleep_duration__0,85.75,0.2595771171423565,1990,248
sleep_duration__0,86.0,0.24591516360854826,1990,248
sleep_duration__0,86.25,0.23888901607687552,1990,248
sleep_duration__0,86.5,0.23888901607687552,1990,248
sleep_duration__0,86.75,0.23888901607687552,1990,248
sleep_duration__0,87.0,0.22296308167175044,1990,248
sleep_duration__0,87.25,0.21500011446918796,1990,248
sleep_duration__0,87.5,0.21500011446918796,1990,248
sleep_duration__0,87.75,0.19780010531165296,1990,248
sleep_duration__0,88.0,0.1883810526777647,1990,248
sleep_duration__0,88.25,0.1883810526777647,1990,248
sleep_duration__0,88.5,0.1883810526777647,1990,248
sleep_duration__0,88.75,0.1883810526777647,1990,248
sleep_duration__0,89.0,0.1883810526777647,1990,248
sleep_duration__0,89.25,0.17729981428495498,1990,248
sleep_duration__0,89.5,0.16547982666595795,1990,248
sleep_duration__0,89.75,0.16547982666595795,1990,248
sleep_duration__0,90.0,0.16547982666595795,1990,248
sleep_duration__0,90.25,0.15168984111046147,1990,248
sleep_duration__0,90.5,0.13789985555496498,1990,248
sleep_duration__0,90.75,0.12257764938219104,1990,248
sleep_duration__0,91.0,0.12257764938219104,1990,248
sleep_duration__0,91.25,0.12257764938219104,1990,248
sleep_duration__0,91.5,0.12257764938219104,1990,248
sleep_duration__0,91.75,0.12257764938219104,1990,248
sleep_duration__0,92.0,0.12257764938219104,1990,248
sleep_duration__0,92.25,0.12257764938219104,1990,248
sleep_duration__0,92.5,0.0919332370366433,1990,248
sleep_duration__0,92.75,0.0919332370366433,1990,248
sleep_duration__0,93.0,0.06128882469109552,1990,248
sleep_duration__0,93.25,0.06128882469109552,1990,248
sleep_duration__0,93.5,0.06128882469109552,1990,248
sleep_duration__0,93.75,0.06128882469109552,1990,248
sleep_duration__0,94.0,0.06128882469109552,1990,248
sleep_duration__0,94.25,0.06128882469109552,1990,248
sleep_duration__0,94.5,0.06128882469109552,1990,248
sleep_duration__0,94.75,0.06128882469109552,1990,248
sleep_duration__0,95.0,0.06128882469109552,1990,248
sleep_duration__0,95.25,0.06128882469109552,1990,248
sleep_duration__0,95.5,0.06128882469109552,1990,248
sleep_duration__0,95.75,0.06128882469109552,1990,248
sleep_duration__0,96.0,0.06128882469109552,1990,248
sleep_duration__0,96.25,0.06128882469109552,1990,248
sleep_duration__0,96.5,0.06128882469109552,1990,248
sleep_duration__0,96.75,0.06128882469109552,1990,248
sleep_duration__0,97.0,0.06128882469109552,1990,248
sleep_duration__0,97.25,0.06128882469109552,1990,248
sleep_duration__0,97.5,0.06128882469109552,1990,248
sleep_duration__0,97.75,0.06128882469109552,1990,248
sleep_duration__0,98.0,0.06128882469109552,1990,248
sleep_duration__0,98.25,0.06128882469109552,1990,248
sleep_duration__0,98.5,0.06128882469109552,1990,248
sleep_duration__0,98.75,0.06128882469109552,1990,248
sleep_duration__0,99.0,0.06128882469109552,1990,248
sleep_duration__0,99.25,0.06128882469109552,1990,248
sleep_duration__0,99.5,0.06128882469109552,1990,248
sleep_duration__0,99.75,0.06128882469109552,1990,248
sleep_duration__0,100.0,0.06128882469109552,1990,248
sleep_duration__0,100.25,0.06128882469109552,1990,248
sleep_duration__0,100.5,0.06128882469109552,1990,248
sleep_duration__0,100.75,0.06128882469109552,1990,248
sleep_duration__0,101.0,0.06128882469109552,1990,248
sleep_duration__0,101.25,0.06128882469109552,1990,248
sleep_duration__0,101.5,0.06128882469109552,1990,248
sleep_duration__0,101.75,0.06128882469109552,1990,248
sleep_duration__0,102.0,0.06128882469109552,1990,248
sleep_duration__0,102.25,0.06128882469109552,1990,248
sleep_duration__0,102.5,0.06128882469109552,1990,248
sleep_duration__0,102.75,0.06128882469109552,1990,248
sleep_duration__0,103.0,0.06128882469109552,1990,248
sleep_duration__0,103.25,0.06128882469109552,1990,248
sleep_duration__0,103.5,0.06128882469109552,1990,248
sleep_duration__0,103.75,0.06128882469109552,1990,248
sleep_duration__0,104.0,0.06128882469109552,1990,248
sleep_duration__0,104.25,0.06128882469109552,1990,248
sleep_duration__0,104.5,0.06128882469109552,1990,248
sleep_duration__0,104.75,0.06128882469109552,1990,248
sleep_duration__0,105.0,0.06128882469109552,1990,248
sleep_duration__0,105.25,0.06128882469109552,1990,248
sleep_duration__0,105.5,0.06128882469109552,1990,248
sleep_duration__0,105.75,0.06128882469109552,1990,248
sleep_duration__0,106.0,0.06128882469109552,1990,248
sleep_duration__0,106.25,0.06128882469109552,1990,248
sleep_duration__0,106.5,0.06128882469109552,1990,248
sleep_duration__0,106.75,0.06128882469109552,1990,248
sleep_duration__0,107.0,0.06128882469109552,1990,248
sleep_duration__0,107.25,0.06128882469109552,1990,248
sleep_duration__0,107.5,0.06128882469109552,1990,248
sleep_duration__0,107.75,0.06128882469109552,1990,248
sleep_duration__0,108.0,0.06128882469109552,1990,248
sleep_duration__0,108.25,0.06128882469109552,1990,248
sleep_duration__0,108.5,0.06128882469109552,1990,248
sleep_duration__0,108.75,0.06128882469109552,1990,248
sleep_duration__0,109.0,0.06128882469109552,1990,248
sleep_duration__0,109.25,0.06128882469109552,1990,248
sleep_duration__0,109.5,0.06128882469109552,1990,248
sleep_duration__0,109.75,0.06128882469109552,1990,248
sleep_duration__0,110.0,0.06128882469109552,1990,248
sleep_duration__1,20.0,1.0,11761,973
sleep_duration__1,20.25,1.0,11761,973
sleep_duration__1,20.5,1.0,11761,973
sleep_duration__1,20.75,1.0,11761,973
sleep_duration__1,21.0,1.0,11761,973
sleep_duration__1,21.25,1.0,11761,973
sleep_duration__1,21.5,1.0,11761,973
sleep_duration__1,21.75,1.0,11761,973
sleep_duration__1,22.0,1.0,11761,973
sleep_duration__1,22.25,1.0,11761,973
sleep_duration__1,22.5,1.0,11761,973
sleep_duration__1,22.75,1.0,11761,973
sleep_duration__1,23.0,0.999026290165531,11761,973
sleep_duration__1,23.25,0.999026290165531,11761,973
sleep_duration__1,23.5,0.999026290165531,11761,973
sleep_duration__1,23.75,0.999026290165531,11761,973
sleep_duration__1,24.0,0.9981590798442066,11761,973
sleep_duration__1,24.25,0.9957850015493,11761,973
sleep_duration__1,24.5,0.9957850015493,11761,973
sleep_duration__1,24.75,0.9950009188709146,11761,973
sleep_duration__1,25.0,0.9950009188709146,11761,973
sleep_duration__1,25.25,0.9950009188709146,11761,973
sleep_duration__1,25.5,0.9942682230543675,11761,973
sleep_duration__1,25.75,0.9935435377605962,11761,973
sleep_duration__1,26.0,0.9928161998852224,11761,973
sleep_duration__1,26.25,0.9928161998852224,11761,973
sleep_duration__1,26.5,0.9921310265243629,11761,973
sleep_duration__1,26.75,0.9921310265243629,11761,973
sleep_duration__1,27.0,0.9921310265243629,11761,973
sleep_duration__1,27.25,0.9921310265243629,11761,973
sleep_duration__1,27.5,0.9921310265243629,11761,973
sleep_duration__1,27.75,0.9908268690731123,11761,973
sleep_duration__1,28.0,0.9901750092908275,11761,973
sleep_duration__1,28.25,0.9895491085264219,11761,973
sleep_duration__1,28.5,0.9895491085264219,11761,973
sleep_duration__1,28.75,0.9895491085264219,11761,973
sleep_duration__1,29.0,0.9895491085264219,11761,973
sleep_duration__1,29.25,0.9895491085264219,11761,973
sleep_duration__1,29.5,0.9895491085264219,11761,973
sleep_duration__1,29.75,0.9895491085264219,11761,973
sleep_duration__1,30.0,0.9895491085264219,11761,973
sleep_duration__1,30.25,0.9889807287972284,11761,973
sleep_duration__1,30.5,0.9884155969522018,11761,973
sleep_duration__1,30.75,0.9884155969522018,11761,973
sleep_duration__1,31.0,0.9884155969522018,11761,973
sleep_duration__1,31.25,0.9884155969522018,11761,973
sleep_duration__1,31.5,0.9878578003399264,11761,973
sleep_duration__1,31.75,0.9867284970618,11761,973
sleep_duration__1,32.0,0.9861636839552966,11761,973
sleep_duration__1,32.25,0.9861636839552966,11761,973
sleep_duration__1,32.5,0.9855995170880449,11761,973
sleep_duration__1,32.75,0.9855995170880449,11761,973
sleep_duration__1,33.0,0.9855995170880449,11761,973
sleep_duration__1,33.25,0.9839470294335305,11761,973
sleep_duration__1,33.5,0.9839470294335305,11761,973
sleep_duration__1,33.75,0.9833808919022105,11761,973
sleep_duration__1,34.0,0.9833808919022105,11761,973
sleep_duration__1,34.25,0.9822888289003642,11761,973
sleep_duration__1,34.5,0.9822888289003642,11761,973
sleep_duration__1,34.75,0.9822888289003642,11761,973
sleep_duration__1,35.0,0.9817252667495323,11761,973
sleep_duration__1,35.25,0.9811807713159493,11761,973
sleep_duration__1,35.5,0.9806313979837455,11761,973
sleep_duration__1,35.75,0.9806313979837455,11761,973
sleep_duration__1,36.0,0.9794931142948498,11761,973
sleep_duration__1,36.25,0.9789561114909603,11761,973
sleep_duration__1,36.5,0.9778507928982152,11761,973
sleep_duration__1,36.75,0.9772871901357373,11761,973
sleep_duration__1,37.0,0.9767213029382066,11761,973
sleep_duration__1,37.25,0.9761697945796867,11761,973
sleep_duration__1,37.5,0.9750557504552936,11761,973
sleep_duration__1,37.75,0.9733739012028134,11761,973
sleep_duration__1,38.0,0.9728023369625302,11761,973
sleep_duration__1,38.25,0.9722675363374824,11761,973
sleep_duration__1,38.5,0.9717191620925097,11761,973
sleep_duration__1,38.75,0.9711723308251536,11761,973
sleep_duration__1,39.0,0.9711723308251536,11761,973
sleep_duration__1,39.25,0.9711723308251536,11761,973
sleep_duration__1,39.5,0.970093213800516,11761,973
sleep_duration__1,39.75,0.970093213800516,11761,973
sleep_duration__1,40.0,0.970093213800516,11761,973
sleep_duration__1,40.25,0.970093213800516,11761,973
sleep_duration__1,40.5,0.9685048489026874,11761,973
sleep_duration__1,40.75,0.9674269358822055,11761,973
sleep_duration__1,41.0,0.9674269358822055,11761,973
sleep_duration__1,41.25,0.9663878086058871,11761,973
sleep_duration__1,41.5,0.9663878086058871,11761,973
sleep_duration__1,41.75,0.9663878086058871,11761,973
sleep_duration__1,42.0,0.9658485296948344,11761,973
sleep_duration__1,42.25,0.9627885003913357,11761,973
sleep_duration__1,42.5,0.9622686361902599,11761,973
sleep_duration__1,42.75,0.9617358185622472,11761,973
sleep_duration__1,43.0,0.9595721731470165,11761,973
sleep_duration__1,43.25,0.959058758394129,11761,973
sleep_duration__1,43.5,0.959058758394129,11761,973
sleep_duration__1,43.75,0.9585338220184344,11761,973
sleep_duration__1,44.0,0.9580004142154194,11761,973
sleep_duration__1,44.25,0.956986657163339,11761,973
sleep_duration__1,44.5,0.9559620455937835,11761,973
sleep_duration__1,44.75,0.9559620455937835,11761,973
sleep_duration__1,45.0,0.9548969068243199,11761,973
sleep_duration__1,45.25,0.9548969068243199,11761,973
sleep_duration__1,45.5,0.9548969068243199,11761,973
sleep_duration__1,45.75,0.9538832158404296,11761,973
sleep_duration__1,46.0,0.9533593919986717,11761,973
sleep_duration__1,46.25,0.9523654799587704,11761,973
sleep_duration__1,46.5,0.9518570093341259,11761,973
sleep_duration__1,46.75,0.9513471769777608,11761,973
sleep_duration__1,47.0,0.9508221509419014,11761,973
sleep_duration__1,47.25,0.9508221509419014,11761,973
sleep_duration__1,47.5,0.9503232935699492,11761,973
sleep_duration__1,47.75,0.9488008142723332,11761,973
sleep_duration__1,48.0,0.9482789216352197,11761,973
sleep_duration__1,48.25,0.9467839081325328,11761,973
sleep_duration__1,48.5,0.9467839081325328,11761,973
sleep_duration__1,48.75,0.9447211797452696,11761,973
sleep_duration__1,49.0,0.9442043738482534,11761,973
sleep_duration__1,49.25,0.943705849891628,11761,973
sleep_duration__1,49.5,0.9426943752400825,11761,973
sleep_duration__1,49.75,0.9426943752400825,11761,973
sleep_duration__1,50.0,0.9406164111403801,11761,973
sleep_duration__1,50.25,0.9401254839946909,11761,973
sleep_duration__1,50.5,0.9386287186823,11761,973
sleep_duration__1,50.75,0.9386287186823,11761,973
sleep_duration__1,51.0,0.9376051322933333,11761,973
sleep_duration__1,51.25,0.9346251248843586,11761,973
sleep_duration__1,51.5,0.934123985407209,11761,973
sleep_duration__1,51.75,0.9336146484467904,11761,973
sleep_duration__1,52.0,0.9310345482587247,11761,973
sleep_duration__1,52.25,0.9290716119344381,11761,973
sleep_duration__1,52.5,0.9280855844762865,11761,973
sleep_duration__1,52.75,0.9265797483559768,11761,973
sleep_duration__1,53.0,0.9255631487700853,11761,973
sleep_duration__1,53.25,0.9250747249448767,11761,973
sleep_duration__1,53.5,0.9240781410993767,11761,973
sleep_duration__1,53.75,0.9235740068161801,11761,973
sleep_duration__1,54.0,0.9225545870906036,11761,973
sleep_duration__1,54.25,0.9210896916351835,11761,973
sleep_duration__1,54.5,0.9205981816609918,11761,973
sleep_duration__1,54.75,0.9200956717365044,11761,973
sleep_duration__1,55.0,0.9200956717365044,11761,973
sleep_duration__1,55.25,0.9167083499197927,11761,973
sleep_duration__1,55.5,0.9152230749499223,11761,973
sleep_duration__1,55.75,0.9137068544431415,11761,973
sleep_duration__1,56.0,0.9121800350450605,11761,973
sleep_duration__1,56.25,0.9116914544156848,11761,973
sleep_duration__1,56.5,0.907727497413457,11761,973
sleep_duration__1,56.75,0.9062282163032801,11761,973
sleep_duration__1,57.0,0.9041775250579988,11761,973
sleep_duration__1,57.25,0.9031861017368369,11761,973
sleep_duration__1,57.5,0.9016845754024682,11761,973
sleep_duration__1,57.75,0.900155432538586,11761,973
sleep_duration__1,58.0,0.8980728136357039,11761,973
sleep_duration__1,58.25,0.8940375863613823,11761,973
sleep_duration__1,58.5,0.892485431539795,11761,973
sleep_duration__1,58.75,0.89141977729318,11761,973
sleep_duration__1,59.0,0.89141977729318,11761,973
sleep_duration__1,59.25,0.8893433822997986,11761,973
sleep_duration__1,59.5,0.8883053393391568,11761,973
sleep_duration__1,59.75,0.8861905896350384,11761,973
sleep_duration__1,60.0,0.8840161305577193,11761,973
sleep_duration__1,60.25,0.8820111578886826,11761,973
sleep_duration__1,60.5,0.880997927583052,11761,973
sleep_duration__1,60.75,0.8789543512272894,11761,973
sleep_duration__1,61.0,0.8773800576342372,11761,973
sleep_duration__1,61.25,0.8754332389483346,11761,973
sleep_duration__1,61.5,0.8739455188493318,11761,973
sleep_duration__1,61.75,0.871927660558065,11761,973
sleep_duration__1,62.0,0.8688608999865995,11761,973
sleep_duration__1,62.25,0.8674124733403304,11761,973
sleep_duration__1,62.5,0.8639570705625503,11761,973
sleep_duration__1,62.75,0.8624427903758324,11761,973
sleep_duration__1,63.0,0.859343786356602,11761,973
sleep_duration__1,63.25,0.8583719417258175,11761,973
sleep_duration__1,63.5,0.8554397317123817,11761,973
sleep_duration__1,63.75,0.8524588406704213,11761,973
sleep_duration__1,64.0,0.8478527198439565,11761,973
sleep_duration__1,64.25,0.8449334620320814,11761,973
sleep_duration__1,64.5,0.8419482970655017,11761,973
sleep_duration__1,64.75,0.8394063494538754,11761,973
sleep_duration__1,65.0,0.8373221527087361,11761,973
sleep_duration__1,65.25,0.833822407874565,11761,973
sleep_duration__1,65.5,0.8322877162538412,11761,973
sleep_duration__1,65.75,0.8270915640331609,11761,973
sleep_duration__1,66.0,0.8244347596530104,11761,973
sleep_duration__1,66.25,0.8234090208622672,11761,973
sleep_duration__1,66.5,0.8192490800513039,11761,973
sleep_duration__1,66.75,0.817651024325938,11761,973
sleep_duration__1,67.0,0.8144062364978842,11761,973
sleep_duration__1,67.25,0.8060455075875941,11761,973
sleep_duration__1,67.5,0.8033878974945097,11761,973
sleep_duration__1,67.75,0.800688170833253,11761,973
sleep_duration__1,68.0,0.7984842774237543,11761,973
sleep_duration__1,68.25,0.7942179933760525,11761,973
sleep_duration__1,68.5,0.7909735426311609,11761,973
sleep_duration__1,68.75,0.7870889598773873,11761,973
sleep_duration__1,69.0,0.7837079725124891,11761,973
sleep_duration__1,69.25,0.7804375160380176,11761,973
sleep_duration__1,69.5,0.7776472465920391,11761,973
sleep_duration__1,69.75,0.7742368020519814,11761,973
sleep_duration__1,70.0,0.7719036425433273,11761,973
sleep_duration__1,70.25,0.7668252406985046,11761,973
sleep_duration__1,70.5,0.7651117913470062,11761,973
sleep_duration__1,70.75,0.7616647873889136,11761,973
sleep_duration__1,71.0,0.7575033080860404,11761,973
sleep_duration__1,71.25,0.7501331734555774,11761,973
sleep_duration__1,71.5,0.7432218433426843,11761,973
sleep_duration__1,71.75,0.7373861851720336,11761,973
sleep_duration__1,72.0,0.7319887804483666,11761,973
sleep_duration__1,72.25,0.7284561158246514,11761,973
sleep_duration__1,72.5,0.7254443485746379,11761,973
sleep_duration__1,72.75,0.7230058385948631,11761,973
sleep_duration__1,73.0,0.7199148681082355,11761,973
sleep_duration__1,73.25,0.7168760947432894,11761,973
sleep_duration__1,73.5,0.7125470739189095,11761,973
sleep_duration__1,73.75,0.7074437311032508,11761,973
sleep_duration__1,74.0,0.7055171500515308,11761,973
sleep_duration__1,74.25,0.6949041751854018,11761,973
sleep_duration__1,74.5,0.692392065672034,11761,973
sleep_duration__1,74.75,0.6872689792280464,11761,973
sleep_duration__1,75.0,0.6801060346872381,11761,973
sleep_duration__1,75.25,0.6737517142358083,11761,973
sleep_duration__1,75.5,0.6698652227118921,11761,973
sleep_duration__1,75.75,0.6645511631362492,11761,973
sleep_duration__1,76.0,0.6570260042367807,11761,973
sleep_duration__1,76.25,0.6496475458774684,11761,973
sleep_duration__1,76.5,0.6469177599369099,11761,973
sleep_duration__1,76.75,0.6420464141559382,11761,973
sleep_duration__1,77.0,0.635600831236672,11761,973
sleep_duration__1,77.25,0.6321220144304032,11761,973
sleep_duration__1,77.5,0.6257485035048734,11761,973
sleep_duration__1,77.75,0.6185972140315015,11761,973
sleep_duration__1,78.0,0.6149494178762227,11761,973
sleep_duration__1,78.25,0.6127991711990661,11761,973
sleep_duration__1,78.5,0.606910170207804,11761,973
sleep_duration__1,78.75,0.598624097290517,11761,973
sleep_duration__1,79.0,0.594802031843948,11761,973
sleep_duration__1,79.25,0.5917592782043499,11761,973
sleep_duration__1,79.5,0.5879055790006259,11761,973
sleep_duration__1,79.75,0.5831692359487461,11761,973
sleep_duration__1,80.0,0.5807600614193281,11761,973
sleep_duration__1,80.25,0.5724884144584331,11761,973
sleep_duration__1,80.5,0.564056436155389,11761,973
sleep_duration__1,80.75,0.5545611330042408,11761,973
sleep_duration__1,81.0,0.5447605525755917,11761,973
sleep_duration__1,81.25,0.5364643303801705,11761,973
sleep_duration__1,81.5,0.5250151728428853,11761,973
sleep_duration__1,81.75,0.5211189157367099,11761,973
sleep_duration__1,82.0,0.5149932192065938,11761,973
sleep_duration__1,82.25,0.5076950468428868,11761,973
sleep_duration__1,82.5,0.5013660435140184,11761,973
sleep_duration__1,82.75,0.4862005993134113,11761,973
sleep_duration__1,83.0,0.4805675999401258,11761,973
sleep_duration__1,83.25,0.47474318737051585,11761,973
sleep_duration__1,83.5,0.46876021247086513,11761,973
sleep_duration__1,83.75,0.4591197374345406,11761,973
sleep_duration__1,84.0,0.4529081435801206,11761,973
sleep_duration__1,84.25,0.44392873112091374,11761,973
sleep_duration__1,84.5,0.4386186335458,11761,973
sleep_duration__1,84.75,0.4331899155429033,11761,973
sleep_duration__1,85.0,0.42607704777769434,11761,973
sleep_duration__1,85.25,0.42316367481574807,11761,973
sleep_duration__1,85.5,0.41079143301684906,11761,973
sleep_duration__1,85.75,0.40442238072008024,11761,973
sleep_duration__1,86.0,0.39949661858432833,11761,973
sleep_duration__1,86.25,0.3927238418006121,11761,973
sleep_duration__1,86.5,0.37878886563272995,11761,973
sleep_duration__1,86.75,0.3638845129362121,11761,973
sleep_duration__1,87.0,0.3542067333368449,11761,973
sleep_duration__1,87.25,0.33991566007834795,11761,973
sleep_duration__1,87.5,0.3336336383911169,11761,973
sleep_duration__1,87.75,0.32707689233690074,11761,973
sleep_duration__1,88.0,0.32023034230881686,11761,973
sleep_duration__1,88.25,0.31065284470015475,11761,973
sleep_duration__1,88.5,0.30560157893267276,11761,973
sleep_duration__1,88.75,0.28931256986610165,11761,973
sleep_duration__1,89.0,0.28931256986610165,11761,973
sleep_duration__1,89.25,0.2740855925047279,11761,973
sleep_duration__1,89.5,0.2740855925047279,11761,973
sleep_duration__1,89.75,0.2740855925047279,11761,973
sleep_duration__1,90.0,0.26339943136386923,11761,973
sleep_duration__1,90.25,0.2558136163340501,11761,973
sleep_duration__1,90.5,0.2476925491488422,11761,973
sleep_duration__1,90.75,0.24342198795662087,11761,973
sleep_duration__1,91.0,0.24342198795662087,11761,973
sleep_duration__1,91.25,0.2386490078006087,11761,973
sleep_duration__1,91.5,0.23309903087501316,11761,973
sleep_duration__1,91.75,0.22754905394941763,11761,973
sleep_duration__1,92.0,0.22156092095074875,11761,973
sleep_duration__1,92.25,0.21557278795207985,11761,973
sleep_duration__1,92.5,0.21557278795207985,11761,973
sleep_duration__1,92.75,0.21557278795207985,11761,973
sleep_duration__1,93.0,0.20758861062052136,11761,973
sleep_duration__1,93.25,0.1996044332889628,11761,973
sleep_duration__1,93.5,0.19162025595740434,11761,973
sleep_duration__1,93.75,0.17565190129428732,11761,973
sleep_duration__1,94.0,0.16766772396272878,11761,973
sleep_duration__1,94.25,0.16766772396272878,11761,973
sleep_duration__1,94.5,0.15884310691205883,11761,973
sleep_duration__1,94.75,0.14949939474076124,11761,973
sleep_duration__1,95.0,0.14949939474076124,11761,973
sleep_duration__1,95.25,0.14949939474076124,11761,973
sleep_duration__1,95.5,0.1370411118456978,11761,973
sleep_duration__1,95.75,0.1370411118456978,11761,973
sleep_duration__1,96.0,0.1370411118456978,11761,973
sleep_duration__1,96.25,0.11746381015345529,11761,973
sleep_duration__1,96.5,0.09788650846121272,11761,973
sleep_duration__1,96.75,0.09788650846121272,11761,973
sleep_duration__1,97.0,0.09788650846121272,11761,973
sleep_duration__1,97.25,0.06525767230747513,11761,973
sleep_duration__1,97.5,0.06525767230747513,11761,973
sleep_duration__1,97.75,0.06525767230747513,11761,973
sleep_duration__1,98.0,0.06525767230747513,11761,973
sleep_duration__1,98.25,0.06525767230747513,11761,973
sleep_duration__1,98.5,0.06525767230747513,11761,973
sleep_duration__1,98.75,0.06525767230747513,11761,973
sleep_duration__1,99.0,0.06525767230747513,11761,973
sleep_duration__1,99.25,0.06525767230747513,11761,973
sleep_duration__1,99.5,0.06525767230747513,11761,973
sleep_duration__1,99.75,0.06525767230747513,11761,973
sleep_duration__1,100.0,0.06525767230747513,11761,973
sleep_duration__1,100.25,0.06525767230747513,11761,973
sleep_duration__1,100.5,0.06525767230747513,11761,973
sleep_duration__1,100.75,0.06525767230747513,11761,973
sleep_duration__1,101.0,0.06525767230747513,11761,973
sleep_duration__1,101.25,0.06525767230747513,11761,973
sleep_duration__1,101.5,0.06525767230747513,11761,973
sleep_duration__1,101.75,0.06525767230747513,11761,973
sleep_duration__1,102.0,0.06525767230747513,11761,973
sleep_duration__1,102.25,0.06525767230747513,11761,973
sleep_duration__1,102.5,0.06525767230747513,11761,973
sleep_duration__1,102.75,0.06525767230747513,11761,973
sleep_duration__1,103.0,0.06525767230747513,11761,973
sleep_duration__1,103.25,0.06525767230747513,11761,973
sleep_duration__1,103.5,0.06525767230747513,11761,973
sleep_duration__1,103.75,0.06525767230747513,11761,973
sleep_duration__1,104.0,0.06525767230747513,11761,973
sleep_duration__1,104.25,0.06525767230747513,11761,973
sleep_duration__1,104.5,0.06525767230747513,11761,973
sleep_duration__1,104.75,0.06525767230747513,11761,973
sleep_duration__1,105.0,0.06525767230747513,11761,973
sleep_duration__1,105.25,0.06525767230747513,11761,973
sleep_duration__1,105.5,0.06525767230747513,11761,973
sleep_duration__1,105.75,0.06525767230747513,11761,973
sleep_duration__1,106.0,0.06525767230747513,11761,973
sleep_duration__1,106.25,0.06525767230747513,11761,973
sleep_duration__1,106.5,0.06525767230747513,11761,973
sleep_duration__1,106.75,0.06525767230747513,11761,973
sleep_duration__1,107.0,0.06525767230747513,11761,973
sleep_duration__1,107.25,0.06525767230747513,11761,973
sleep_duration__1,107.5,0.06525767230747513,11761,973
sleep_duration__1,107.75,0.06525767230747513,11761,973
sleep_duration__1,108.0,0.06525767230747513,11761,973
sleep_duration__1,108.25,0.06525767230747513,11761,973
sleep_duration__1,108.5,0.06525767230747513,11761,973
sleep_duration__1,108.75,0.06525767230747513,11761,973
sleep_duration__1,109.0,0.06525767230747513,11761,973
sleep_duration__1,109.25,0.06525767230747513,11761,973
sleep_duration__1,109.5,0.06525767230747513,11761,973
sleep_duration__1,109.75,0.06525767230747513,11761,973
sleep_duration__1,110.0,0.06525767230747513,11761,973
sleep_duration__2,20.0,1.0,20866,1481
sleep_duration__2,20.25,1.0,20866,1481
sleep_duration__2,20.5,0.9993261455525604,20866,1481
sleep_duration__2,20.75,0.9993261455525604,20866,1481
sleep_duration__2,21.0,0.9993261455525604,20866,1481
sleep_duration__2,21.25,0.9987427677676496,20866,1481
sleep_duration__2,21.5,0.9987427677676496,20866,1481
sleep_duration__2,21.75,0.9987427677676496,20866,1481
sleep_duration__2,22.0,0.9987427677676496,20866,1481
sleep_duration__2,22.25,0.998248340654894,20866,1481
sleep_duration__2,22.5,0.998248340654894,20866,1481
sleep_duration__2,22.75,0.998248340654894,20866,1481
sleep_duration__2,23.0,0.998248340654894,20866,1481
sleep_duration__2,23.25,0.998248340654894,20866,1481
sleep_duration__2,23.5,0.998248340654894,20866,1481
sleep_duration__2,23.75,0.998248340654894,20866,1481
sleep_duration__2,24.0,0.9978215564134849,20866,1481
sleep_duration__2,24.25,0.9978215564134849,20866,1481
sleep_duration__2,24.5,0.9978215564134849,20866,1481
sleep_duration__2,24.75,0.99742637955946,20866,1481
sleep_duration__2,25.0,0.99742637955946,20866,1481
sleep_duration__2,25.25,0.99742637955946,20866,1481
sleep_duration__2,25.5,0.9970649931900544,20866,1481
sleep_duration__2,25.75,0.9966982903606352,20866,1481
sleep_duration__2,26.0,0.9966982903606352,20866,1481
sleep_duration__2,26.25,0.9966982903606352,20866,1481
sleep_duration__2,26.5,0.996355428891643,20866,1481
sleep_duration__2,26.75,0.9956615878954286,20866,1481
sleep_duration__2,27.0,0.9956615878954286,20866,1481
sleep_duration__2,27.25,0.995010716720406,20866,1481
sleep_duration__2,27.5,0.995010716720406,20866,1481
sleep_duration__2,27.75,0.9946806965821893,20866,1481
sleep_duration__2,28.0,0.9946806965821893,20866,1481
sleep_duration__2,28.25,0.9946806965821893,20866,1481
sleep_duration__2,28.5,0.994363717392711,20866,1481
sleep_duration__2,28.75,0.9937264697213184,20866,1481
sleep_duration__2,29.0,0.9937264697213184,20866,1481
sleep_duration__2,29.25,0.9934235966735534,20866,1481
sleep_duration__2,29.5,0.9934235966735534,20866,1481
sleep_duration__2,29.75,0.9934235966735534,20866,1481
sleep_duration__2,30.0,0.9931114937528283,20866,1481
sleep_duration__2,30.25,0.9928132620730225,20866,1481
sleep_duration__2,30.5,0.9925074988263114,20866,1481
sleep_duration__2,30.75,0.9921951931312756,20866,1481
sleep_duration__2,31.0,0.9921951931312756,20866,1481
sleep_duration__2,31.25,0.9918941630362709,20866,1481
sleep_duration__2,31.5,0.9918941630362709,20866,1481
sleep_duration__2,31.75,0.9915836138305604,20866,1481
sleep_duration__2,32.0,0.9915836138305604,20866,1481
sleep_duration__2,32.25,0.9915836138305604,20866,1481
sleep_duration__2,32.5,0.9915836138305604,20866,1481
sleep_duration__2,32.75,0.9912619843742422,20866,1481
sleep_duration__2,33.0,0.9909387819013444,20866,1481
sleep_duration__2,33.25,0.9909387819013444,20866,1481
sleep_duration__2,33.5,0.9909387819013444,20866,1481
sleep_duration__2,33.75,0.9909387819013444,20866,1481
sleep_duration__2,34.0,0.9906040052858374,20866,1481
sleep_duration__2,34.25,0.9906040052858374,20866,1481
sleep_duration__2,34.5,0.9906040052858374,20866,1481
sleep_duration__2,34.75,0.9902726995984497,20866,1481
sleep_duration__2,35.0,0.9899316966027205,20866,1481
sleep_duration__2,35.25,0.9896089278721676,20866,1481
sleep_duration__2,35.5,0.9896089278721676,20866,1481
sleep_duration__2,35.75,0.9896089278721676,20866,1481
sleep_duration__2,36.0,0.9892666210828662,20866,1481
sleep_duration__2,36.25,0.9892666210828662,20866,1481
sleep_duration__2,36.5,0.9886199223961046,20866,1481
sleep_duration__2,36.75,0.9886199223961046,20866,1481
sleep_duration__2,37.0,0.9886199223961046,20866,1481
sleep_duration__2,37.25,0.9882980012230688,20866,1481
sleep_duration__2,37.5,0.9879750280200554,20866,1481
sleep_duration__2,37.75,0.9876461415260392,20866,1481
sleep_duration__2,38.0,0.9876461415260392,20866,1481
sleep_duration__2,38.25,0.9869956242665883,20866,1481
sleep_duration__2,38.5,0.9863353016372597,20866,1481
sleep_duration__2,38.75,0.9859905496968066,20866,1481
sleep_duration__2,39.0,0.9859905496968066,20866,1481
sleep_duration__2,39.25,0.985658342638283,20866,1481
sleep_duration__2,39.5,0.985658342638283,20866,1481
sleep_duration__2,39.75,0.9849679438686647,20866,1481
sleep_duration__2,40.0,0.984616420690982,20866,1481
sleep_duration__2,40.25,0.9842840046137731,20866,1481
sleep_duration__2,40.5,0.9836163262255669,20866,1481
sleep_duration__2,40.75,0.98327443664398,20866,1481
sleep_duration__2,41.0,0.9829327846507051,20866,1481
sleep_duration__2,41.25,0.9822864146377952,20866,1481
sleep_duration__2,41.5,0.9819587674014265,20866,1481
sleep_duration__2,41.75,0.9819587674014265,20866,1481
sleep_duration__2,42.0,0.981613614934853,20866,1481
sleep_duration__2,42.25,0.9812874974548073,20866,1481
sleep_duration__2,42.5,0.9812874974548073,20866,1481
sleep_duration__2,42.75,0.9809502852563696,20866,1481
sleep_duration__2,43.0,0.9802709372488972,20866,1481
sleep_duration__2,43.25,0.9796161039975465,20866,1481
sleep_duration__2,43.5,0.9792819920930452,20866,1481
sleep_duration__2,43.75,0.9789420816480289,20866,1481
sleep_duration__2,44.0,0.9785899442085867,20866,1481
sleep_duration__2,44.25,0.977594766622338,20866,1481
sleep_duration__2,44.5,0.9772604318868315,20866,1481
sleep_duration__2,44.75,0.9772604318868315,20866,1481
sleep_duration__2,45.0,0.9772604318868315,20866,1481
sleep_duration__2,45.25,0.9772604318868315,20866,1481
sleep_duration__2,45.5,0.9762654611434312,20866,1481
sleep_duration__2,45.75,0.9742302002858525,20866,1481
sleep_duration__2,46.0,0.9738897983989602,20866,1481
sleep_duration__2,46.25,0.9738897983989602,20866,1481
sleep_duration__2,46.5,0.9738897983989602,20866,1481
sleep_duration__2,46.75,0.9738897983989602,20866,1481
sleep_duration__2,47.0,0.9735388471202575,20866,1481
sleep_duration__2,47.25,0.9732074860422727,20866,1481
sleep_duration__2,47.5,0.9718578598048895,20866,1481
sleep_duration__2,47.75,0.9704842412932125,20866,1481
sleep_duration__2,48.0,0.9701275767429393,20866,1481
sleep_duration__2,48.25,0.969116129573576,20866,1481
sleep_duration__2,48.5,0.9677298213968499,20866,1481
sleep_duration__2,48.75,0.9656197778232473,20866,1481
sleep_duration__2,49.0,0.9652549800227852,20866,1481
sleep_duration__2,49.25,0.964560789831633,20866,1481
sleep_duration__2,49.5,0.9638480084336025,20866,1481
sleep_duration__2,49.75,0.962761047714557,20866,1481
sleep_duration__2,50.0,0.9623824550886375,20866,1481
sleep_duration__2,50.25,0.9613155122337724,20866,1481
sleep_duration__2,50.5,0.9605830811546405,20866,1481
sleep_duration__2,50.75,0.96021811797791,20866,1481
sleep_duration__2,51.0,0.96021811797791,20866,1481
sleep_duration__2,51.25,0.9591618648895162,20866,1481
sleep_duration__2,51.5,0.9580866497865336,20866,1481
sleep_duration__2,51.75,0.9573530452745227,20866,1481
sleep_duration__2,52.0,0.9566153360790086,20866,1481
sleep_duration__2,52.25,0.956264026737812,20866,1481
sleep_duration__2,52.5,0.9545053744477848,20866,1481
sleep_duration__2,52.75,0.953789584890643,20866,1481
sleep_duration__2,53.0,0.9530550530578431,20866,1481
sleep_duration__2,53.25,0.952016342445547,20866,1481
sleep_duration__2,53.5,0.950950513676714,20866,1481
sleep_duration__2,53.75,0.9484401810096942,20866,1481
sleep_duration__2,54.0,0.9477050851860627,20866,1481
sleep_duration__2,54.25,0.9466751961769656,20866,1481
sleep_duration__2,54.5,0.9452725642170615,20866,1481
sleep_duration__2,54.75,0.944209397043656,20866,1481
sleep_duration__2,55.0,0.9427517700499598,20866,1481
sleep_duration__2,55.25,0.9424074487314612,20866,1481
sleep_duration__2,55.5,0.9413492810595927,20866,1481
sleep_duration__2,55.75,0.9391924364435292,20866,1481
sleep_duration__2,56.0,0.9384612626629388,20866,1481
sleep_duration__2,56.25,0.9374116518693414,20866,1481
sleep_duration__2,56.5,0.9360033124749207,20866,1481
sleep_duration__2,56.75,0.9349264749895612,20866,1481
sleep_duration__2,57.0,0.9334464816368336,20866,1481
sleep_duration__2,57.25,0.9313318737653804,20866,1481
sleep_duration__2,57.5,0.93061265781545,20866,1481
sleep_duration__2,57.75,0.9283903949260998,20866,1481
sleep_duration__2,58.0,0.9280161948475317,20866,1481
sleep_duration__2,58.25,0.9265581522160578,20866,1481
sleep_duration__2,58.5,0.9247057771873446,20866,1481
sleep_duration__2,58.75,0.9220465629165595,20866,1481
sleep_duration__2,59.0,0.9200982414564007,20866,1481
sleep_duration__2,59.25,0.9186148097593305,20866,1481
sleep_duration__2,59.5,0.9174604173755074,20866,1481
sleep_duration__2,59.75,0.9170671638747036,20866,1481
sleep_duration__2,60.0,0.9146836910830872,20866,1481
sleep_duration__2,60.25,0.914316052943584,20866,1481
sleep_duration__2,60.5,0.9124284527570041,20866,1481
sleep_duration__2,60.75,0.9109026218164151,20866,1481
sleep_duration__2,61.0,0.9089687137645376,20866,1481
sleep_duration__2,61.25,0.9075575207144362,20866,1481
sleep_duration__2,61.5,0.9053910522771811,20866,1481
sleep_duration__2,61.75,0.9028613495535748,20866,1481
sleep_duration__2,62.0,0.9017434978397596,20866,1481
sleep_duration__2,62.25,0.8996763831019563,20866,1481
sleep_duration__2,62.5,0.8972545862582387,20866,1481
sleep_duration__2,62.75,0.8944461107305427,20866,1481
sleep_duration__2,63.0,0.8915510918797968,20866,1481
sleep_duration__2,63.25,0.8898664720208008,20866,1481
sleep_duration__2,63.5,0.8867642464035042,20866,1481
sleep_duration__2,63.75,0.8843221914988985,20866,1481
sleep_duration__2,64.0,0.8832517332954648,20866,1481
sleep_duration__2,64.25,0.8815673377401676,20866,1481
sleep_duration__2,64.5,0.8791704067742465,20866,1481
sleep_duration__2,64.75,0.8781269333581615,20866,1481
sleep_duration__2,65.0,0.8752916883265276,20866,1481
sleep_duration__2,65.25,0.873951520915585,20866,1481
sleep_duration__2,65.5,0.8712467503170925,20866,1481
sleep_duration__2,65.75,0.8691811019109418,20866,1481
sleep_duration__2,66.0,0.8670718482018716,20866,1481
sleep_duration__2,66.25,0.8637695526248936,20866,1481
sleep_duration__2,66.5,0.8610591221723409,20866,1481
sleep_duration__2,66.75,0.8565710430111155,20866,1481
sleep_duration__2,67.0,0.8544805830536245,20866,1481
sleep_duration__2,67.25,0.8498039319921179,20866,1481
sleep_duration__2,67.5,0.8477766260144917,20866,1481
sleep_duration__2,67.75,0.8463941370110398,20866,1481
sleep_duration__2,68.0,0.8435750334351004,20866,1481
sleep_duration__2,68.25,0.8412258843356324,20866,1481
sleep_duration__2,68.5,0.8381500294887028,20866,1481
sleep_duration__2,68.75,0.8349981439031862,20866,1481
sleep_duration__2,69.0,0.8314115462444823,20866,1481
sleep_duration__2,69.25,0.8283382324772495,20866,1481
sleep_duration__2,69.5,0.8269381338879843,20866,1481
sleep_duration__2,69.75,0.8216233377139938,20866,1481
sleep_duration__2,70.0,0.8201657041912201,20866,1481
sleep_duration__2,70.25,0.8163927659357217,20866,1481
sleep_duration__2,70.5,0.8135865698277296,20866,1481
sleep_duration__2,70.75,0.8089136465014255,20866,1481
sleep_duration__2,71.0,0.8052163037353598,20866,1481
sleep_duration__2,71.25,0.8027382525097101,20866,1481
sleep_duration__2,71.5,0.7987658174628188,20866,1481
sleep_duration__2,71.75,0.7947663967936887,20866,1481
sleep_duration__2,72.0,0.7891913171575896,20866,1481
sleep_duration__2,72.25,0.7867148868471457,20866,1481
sleep_duration__2,72.5,0.7827426905554405,20866,1481
sleep_duration__2,72.75,0.7779554987862766,20866,1481
sleep_duration__2,73.0,0.7737999739093506,20866,1481
sleep_duration__2,73.25,0.7709032158710453,20866,1481
sleep_duration__2,73.5,0.7686616285075714,20866,1481
sleep_duration__2,73.75,0.7618629604460257,20866,1481
sleep_duration__2,74.0,0.7576344716220667,20866,1481
sleep_duration__2,74.25,0.7543413035423518,20866,1481
sleep_duration__2,74.5,0.7498805904060978,20866,1481
sleep_duration__2,74.75,0.7441941774893021,20866,1481
sleep_duration__2,75.0,0.7407017168867723,20866,1481
sleep_duration__2,75.25,0.7366428030736933,20866,1481
sleep_duration__2,75.5,0.7336130215413372,20866,1481
sleep_duration__2,75.75,0.730922329987252,20866,1481
sleep_duration__2,76.0,0.7245761724838313,20866,1481
sleep_duration__2,76.25,0.719653055827891,20866,1481
sleep_duration__2,76.5,0.7138382405854226,20866,1481
sleep_duration__2,76.75,0.7079129871116356,20866,1481
sleep_duration__2,77.0,0.7002616982016933,20866,1481
sleep_duration__2,77.25,0.6944256573075671,20866,1481
sleep_duration__2,77.5,0.6885256954158984,20866,1481
sleep_duration__2,77.75,0.6829170251085425,20866,1481
sleep_duration__2,78.0,0.6755434622537213,20866,1481
sleep_duration__2,78.25,0.6712390137986405,20866,1481
sleep_duration__2,78.5,0.6656553355602925,20866,1481
sleep_duration__2,78.75,0.6603517664926235,20866,1481
sleep_duration__2,79.0,0.6532748447373943,20866,1481
sleep_duration__2,79.25,0.6456335080594641,20866,1481
sleep_duration__2,79.5,0.6394756598548528,20866,1481
sleep_duration__2,79.75,0.6327672374582726,20866,1481
sleep_duration__2,80.0,0.6271555994724557,20866,1481
sleep_duration__2,80.25,0.6205574900504883,20866,1481
sleep_duration__2,80.5,0.6151048528453834,20866,1481
sleep_duration__2,80.75,0.6090397045475958,20866,1481
sleep_duration__2,81.0,0.5975771199523571,20866,1481
sleep_duration__2,81.25,0.5897787417273813,20866,1481
sleep_duration__2,81.5,0.5817111026740424,20866,1481
sleep_duration__2,81.75,0.5739048151484635,20866,1481
sleep_duration__2,82.0,0.5674596916966984,20866,1481
sleep_duration__2,82.25,0.5625045692764565,20866,1481
sleep_duration__2,82.5,0.5539616644051449,20866,1481
sleep_duration__2,82.75,0.5439296410570691,20866,1481
sleep_duration__2,83.0,0.5353910617147716,20866,1481
sleep_duration__2,83.25,0.5253897138527939,20866,1481
sleep_duration__2,83.5,0.51896543508306,20866,1481
sleep_duration__2,83.75,0.5136798904673989,20866,1481
sleep_duration__2,84.0,0.505430395069634,20866,1481
sleep_duration__2,84.25,0.4983189701483418,20866,1481
sleep_duration__2,84.5,0.4900541582838928,20866,1481
sleep_duration__2,84.75,0.4776319966044797,20866,1481
sleep_duration__2,85.0,0.4703904964666126,20866,1481
sleep_duration__2,85.25,0.4627983427814051,20866,1481
sleep_duration__2,85.5,0.45579858752957,20866,1481
sleep_duration__2,85.75,0.44584658367152996,20866,1481
sleep_duration__2,86.0,0.4353784992774612,20866,1481
sleep_duration__2,86.25,0.42556027609530267,20866,1481
sleep_duration__2,86.5,0.4172217316375099,20866,1481
sleep_duration__2,86.75,0.40952616091537986,20866,1481
sleep_duration__2,87.0,0.39804142067505205,20866,1481
sleep_duration__2,87.25,0.39314805771590866,20866,1481
sleep_duration__2,87.5,0.38925507652434777,20866,1481
sleep_duration__2,87.75,0.3824725742532656,20866,1481
sleep_duration__2,88.0,0.37109007742039396,20866,1481
sleep_duration__2,88.25,0.3615997086899762,20866,1481
sleep_duration__2,88.5,0.34985178097877123,20866,1481
sleep_duration__2,88.75,0.3428350176946091,20866,1481
sleep_duration__2,89.0,0.3228442355571166,20866,1481
sleep_duration__2,89.25,0.3170755059761227,20866,1481
sleep_duration__2,89.5,0.3090469873858275,20866,1481
sleep_duration__2,89.75,0.2962125147587119,20866,1481
sleep_duration__2,90.0,0.28695012809124987,20866,1481
sleep_duration__2,90.25,0.2726379732952116,20866,1481
sleep_duration__2,90.5,0.2601633503892358,20866,1481
sleep_duration__2,90.75,0.25219073104864564,20866,1481
sleep_duration__2,91.0,0.2462909202032388,20866,1481
sleep_duration__2,91.25,0.23422869744479113,20866,1481
sleep_duration__2,91.5,0.2213942482697342,20866,1481
sleep_duration__2,91.75,0.21488265273238893,20866,1481
sleep_duration__2,92.0,0.20159339646369975,20866,1481
sleep_duration__2,92.25,0.19426272750138338,20866,1481
sleep_duration__2,92.5,0.1867163677022911,20866,1481
sleep_duration__2,92.75,0.1829058295859179,20866,1481
sleep_duration__2,93.0,0.1788412555951197,20866,1481
sleep_duration__2,93.25,0.16229263291829857,20866,1481
sleep_duration__2,93.5,0.1535200581659581,20866,1481
sleep_duration__2,93.75,0.13597490866127718,20866,1481
sleep_duration__2,94.0,0.13158862128510695,20866,1481
sleep_duration__2,94.25,0.12251354395509957,20866,1481
sleep_duration__2,94.5,0.11325696507849209,20866,1481
sleep_duration__2,94.75,0.10853792486688824,20866,1481
sleep_duration__2,95.0,0.10311102862354382,20866,1481
sleep_duration__2,95.25,0.09738263814445808,20866,1481
sleep_duration__2,95.5,0.0916542476653723,20866,1481
sleep_duration__2,95.75,0.07978829595869466,20866,1481
sleep_duration__2,96.0,0.07313927129547011,20866,1481
sleep_duration__2,96.25,0.07313927129547011,20866,1481
sleep_duration__2,96.5,0.07313927129547011,20866,1481
sleep_duration__2,96.75,0.07313927129547011,20866,1481
sleep_duration__2,97.0,0.07313927129547011,20866,1481
sleep_duration__2,97.25,0.04875951419698008,20866,1481
sleep_duration__2,97.5,0.04875951419698008,20866,1481
sleep_duration__2,97.75,0.04875951419698008,20866,1481
sleep_duration__2,98.0,0.04875951419698008,20866,1481
sleep_duration__2,98.25,0.024379757098490037,20866,1481
sleep_duration__2,98.5,0.024379757098490037,20866,1481
sleep_duration__2,98.75,0.024379757098490037,20866,1481
sleep_duration__2,99.0,0.024379757098490037,20866,1481
sleep_duration__2,99.25,0.024379757098490037,20866,1481
sleep_duration__2,99.5,0.024379757098490037,20866,1481
sleep_duration__2,99.75,0.024379757098490037,20866,1481
sleep_duration__2,100.0,0.024379757098490037,20866,1481
sleep_duration__2,100.25,0.024379757098490037,20866,1481
sleep_duration__2,100.5,0.024379757098490037,20866,1481
sleep_duration__2,100.75,0.024379757098490037,20866,1481
sleep_duration__2,101.0,0.024379757098490037,20866,1481
sleep_duration__2,101.25,0.024379757098490037,20866,1481
sleep_duration__2,101.5,0.024379757098490037,20866,1481
sleep_duration__2,101.75,0.024379757098490037,20866,1481
sleep_duration__2,102.0,0.024379757098490037,20866,1481
sleep_duration__2,102.25,0.024379757098490037,20866,1481
sleep_duration__2,102.5,0.024379757098490037,20866,1481
sleep_duration__2,102.75,0.024379757098490037,20866,1481
sleep_duration__2,103.0,0.024379757098490037,20866,1481
sleep_duration__2,103.25,0.024379757098490037,20866,1481
sleep_duration__2,103.5,0.024379757098490037,20866,1481
sleep_duration__2,103.75,0.024379757098490037,20866,1481
sleep_duration__2,104.0,0.024379757098490037,20866,1481
sleep_duration__2,104.25,0.024379757098490037,20866,1481
sleep_duration__2,104.5,0.024379757098490037,20866,1481
sleep_duration__2,104.75,0.024379757098490037,20866,1481
sleep_duration__2,105.0,0.024379757098490037,20866,1481
sleep_duration__2,105.25,0.024379757098490037,20866,1481
sleep_duration__2,105.5,0.024379757098490037,20866,1481
sleep_duration__2,105.75,0.024379757098490037,20866,1481
sleep_duration__2,106.0,0.024379757098490037,20866,1481
sleep_duration__2,106.25,0.024379757098490037,20866,1481
sleep_duration__2,106.5,0.024379757098490037,20866,1481
sleep_duration__2,106.75,0.024379757098490037,20866,1481
sleep_duration__2,107.0,0.024379757098490037,20866,1481
sleep_duration__2,107.25,0.024379757098490037,20866,1481
sleep_duration__2,107.5,0.024379757098490037,20866,1481
sleep_duration__2,107.75,0.024379757098490037,20866,1481
sleep_duration__2,108.0,0.024379757098490037,20866,1481
sleep_duration__2,108.25,0.024379757098490037,20866,1481
sleep_duration__2,108.5,0.024379757098490037,20866,1481
sleep_duration__2,108.75,0.024379757098490037,20866,1481
sleep_duration__2,109.0,0.024379757098490037,20866,1481
sleep_duration__2,109.25,0.024379757098490037,20866,1481
sleep_duration__2,109.5,0.024379757098490037,20866,1481
sleep_duration__2,109.75,0.024379757098490037,20866,1481
sleep_duration__2,110.0,0.024379757098490037,20866,1481
sleep_duration__3,20.0,1.0,4656,439
sleep_duration__3,20.25,1.0,4656,439
sleep_duration__3,20.5,1.0,4656,439
sleep_duration__3,20.75,0.9981308411214957,4656,439
sleep_duration__3,21.0,0.9981308411214957,4656,439
sleep_duration__3,21.25,0.9981308411214957,4656,439
sleep_duration__3,21.5,0.9964589301648434,4656,439
sleep_duration__3,21.75,0.9964589301648434,4656,439
sleep_duration__3,22.0,0.9964589301648434,4656,439
sleep_duration__3,22.25,0.9964589301648434,4656,439
sleep_duration__3,22.5,0.9964589301648434,4656,439
sleep_duration__3,22.75,0.9964589301648434,4656,439
sleep_duration__3,23.0,0.9964589301648434,4656,439
sleep_duration__3,23.25,0.9964589301648434,4656,439
sleep_duration__3,23.5,0.9964589301648434,4656,439
sleep_duration__3,23.75,0.9934776931562929,4656,439
sleep_duration__3,24.0,0.9934776931562929,4656,439
sleep_duration__3,24.25,0.9934776931562929,4656,439
sleep_duration__3,24.5,0.9934776931562929,4656,439
sleep_duration__3,24.75,0.9920294749446954,4656,439
sleep_duration__3,25.0,0.9920294749446954,4656,439
sleep_duration__3,25.25,0.9920294749446954,4656,439
sleep_duration__3,25.5,0.9920294749446954,4656,439
sleep_duration__3,25.75,0.9905576211243028,4656,439
sleep_duration__3,26.0,0.9905576211243028,4656,439
sleep_duration__3,26.25,0.9905576211243028,4656,439
sleep_duration__3,26.5,0.9891323583600955,4656,439
sleep_duration__3,26.75,0.9891323583600955,4656,439
sleep_duration__3,27.0,0.9876336729686409,4656,439
sleep_duration__3,27.25,0.9862002423837805,4656,439
sleep_duration__3,27.5,0.9832379443523197,4656,439
sleep_duration__3,27.75,0.9801936448414365,4656,439
sleep_duration__3,28.0,0.9801936448414365,4656,439
sleep_duration__3,28.25,0.9787647911317556,4656,439
sleep_duration__3,28.5,0.9787647911317556,4656,439
sleep_duration__3,28.75,0.9772496753560099,4656,439
sleep_duration__3,29.0,0.9757058370063171,4656,439
sleep_duration__3,29.25,0.9742855956132946,4656,439
sleep_duration__3,29.5,0.9742855956132946,4656,439
sleep_duration__3,29.75,0.9742855956132946,4656,439
sleep_duration__3,30.0,0.9742855956132946,4656,439
sleep_duration__3,30.25,0.9742855956132946,4656,439
sleep_duration__3,30.5,0.9742855956132946,4656,439
sleep_duration__3,30.75,0.9694799513595361,4656,439
sleep_duration__3,31.0,0.9694799513595361,4656,439
sleep_duration__3,31.25,0.9679112135741653,4656,439
sleep_duration__3,31.5,0.9679112135741653,4656,439
sleep_duration__3,31.75,0.9679112135741653,4656,439
sleep_duration__3,32.0,0.9679112135741653,4656,439
sleep_duration__3,32.25,0.9679112135741653,4656,439
sleep_duration__3,32.5,0.9661672294055634,4656,439
sleep_duration__3,32.75,0.9661672294055634,4656,439
sleep_duration__3,33.0,0.9661672294055634,4656,439
sleep_duration__3,33.25,0.9661672294055634,4656,439
sleep_duration__3,33.5,0.9661672294055634,4656,439
sleep_duration__3,33.75,0.9661672294055634,4656,439
sleep_duration__3,34.0,0.9661672294055634,4656,439
sleep_duration__3,34.25,0.9661672294055634,4656,439
sleep_duration__3,34.5,0.96410717134713,4656,439
sleep_duration__3,34.75,0.96410717134713,4656,439
sleep_duration__3,35.0,0.96410717134713,4656,439
sleep_duration__3,35.25,0.96410717134713,4656,439
sleep_duration__3,35.5,0.96410717134713,4656,439
sleep_duration__3,35.75,0.96410717134713,4656,439
sleep_duration__3,36.0,0.96410717134713,4656,439
sleep_duration__3,36.25,0.96410717134713,4656,439
sleep_duration__3,36.5,0.96410717134713,4656,439
sleep_duration__3,36.75,0.96410717134713,4656,439
sleep_duration__3,37.0,0.96410717134713,4656,439
sleep_duration__3,37.25,0.96410717134713,4656,439
sleep_duration__3,37.5,0.9617784100636834,4656,439
sleep_duration__3,37.75,0.9617784100636834,4656,439
sleep_duration__3,38.0,0.9617784100636834,4656,439
sleep_duration__3,38.25,0.9617784100636834,4656,439
sleep_duration__3,38.5,0.9617784100636834,4656,439
sleep_duration__3,38.75,0.9617784100636834,4656,439
sleep_duration__3,39.0,0.9617784100636834,4656,439
sleep_duration__3,39.25,0.9617784100636834,4656,439
sleep_duration__3,39.5,0.9617784100636834,4656,439
sleep_duration__3,39.75,0.9617784100636834,4656,439
sleep_duration__3,40.0,0.9617784100636834,4656,439
sleep_duration__3,40.25,0.9593123115763401,4656,439
sleep_duration__3,40.5,0.9567944314934624,4656,439
sleep_duration__3,40.75,0.9567944314934624,4656,439
sleep_duration__3,41.0,0.9567944314934624,4656,439
sleep_duration__3,41.25,0.9567944314934624,4656,439
sleep_duration__3,41.5,0.9567944314934624,4656,439
sleep_duration__3,41.75,0.953895054428331,4656,439
sleep_duration__3,42.0,0.953895054428331,4656,439
sleep_duration__3,42.25,0.953895054428331,4656,439
sleep_duration__3,42.5,0.953895054428331,4656,439
sleep_duration__3,42.75,0.953895054428331,4656,439
sleep_duration__3,43.0,0.953895054428331,4656,439
sleep_duration__3,43.25,0.953895054428331,4656,439
sleep_duration__3,43.5,0.9510131962578524,4656,439
sleep_duration__3,43.75,0.9510131962578524,4656,439
sleep_duration__3,44.0,0.9448059229361969,4656,439
sleep_duration__3,44.25,0.9448059229361969,4656,439
sleep_duration__3,44.5,0.9417969868758905,4656,439
sleep_duration__3,44.75,0.9417969868758905,4656,439
sleep_duration__3,45.0,0.9417969868758905,4656,439
sleep_duration__3,45.25,0.9417969868758905,4656,439
sleep_duration__3,45.5,0.9388446452242423,4656,439
sleep_duration__3,45.75,0.9388446452242423,4656,439
sleep_duration__3,46.0,0.9388446452242423,4656,439
sleep_duration__3,46.25,0.9388446452242423,4656,439
sleep_duration__3,46.5,0.9388446452242423,4656,439
sleep_duration__3,46.75,0.9388446452242423,4656,439
sleep_duration__3,47.0,0.9388446452242423,4656,439
sleep_duration__3,47.25,0.9388446452242423,4656,439
sleep_duration__3,47.5,0.935946976566143,4656,439
sleep_duration__3,47.75,0.9329081876811881,4656,439
sleep_duration__3,48.0,0.9298088249314169,4656,439
sleep_duration__3,48.25,0.9298088249314169,4656,439
sleep_duration__3,48.5,0.9298088249314169,4656,439
sleep_duration__3,48.75,0.9298088249314169,4656,439
sleep_duration__3,49.0,0.9298088249314169,4656,439
sleep_duration__3,49.25,0.9298088249314169,4656,439
sleep_duration__3,49.5,0.9298088249314169,4656,439
sleep_duration__3,49.75,0.9298088249314169,4656,439
sleep_duration__3,50.0,0.9298088249314169,4656,439
sleep_duration__3,50.25,0.9270980120307423,4656,439
sleep_duration__3,50.5,0.9270980120307423,4656,439
sleep_duration__3,50.75,0.9241641575622904,4656,439
sleep_duration__3,51.0,0.9241641575622904,4656,439
sleep_duration__3,51.25,0.9241641575622904,4656,439
sleep_duration__3,51.5,0.9213465839111855,4656,439
sleep_duration__3,51.75,0.9213465839111855,4656,439
sleep_duration__3,52.0,0.9153638138857886,4656,439
sleep_duration__3,52.25,0.9127780404002355,4656,439
sleep_duration__3,52.5,0.9127780404002355,4656,439
sleep_duration__3,52.75,0.9127780404002355,4656,439
sleep_duration__3,53.0,0.909907669204008,4656,439
sleep_duration__3,53.25,0.909907669204008,4656,439
sleep_duration__3,53.5,0.9044753846117455,4656,439
sleep_duration__3,53.75,0.9017178377074411,4656,439
sleep_duration__3,54.0,0.8960819908015711,4656,439
sleep_duration__3,54.25,0.893585940687918,4656,439
sleep_duration__3,54.5,0.8909958365120103,4656,439
sleep_duration__3,54.75,0.8909958365120103,4656,439
sleep_duration__3,55.0,0.8882373354701778,4656,439
sleep_duration__3,55.25,0.8858236470585741,4656,439
sleep_duration__3,55.5,0.8858236470585741,4656,439
sleep_duration__3,55.75,0.8858236470585741,4656,439
sleep_duration__3,56.0,0.8805508872546545,4656,439
sleep_duration__3,56.25,0.8805508872546545,4656,439
sleep_duration__3,56.5,0.877930200090206,4656,439
sleep_duration__3,56.75,0.8699645536786708,4656,439
sleep_duration__3,57.0,0.867237392068393,4656,439
sleep_duration__3,57.25,0.8647524711742145,4656,439
sleep_duration__3,57.5,0.8647524711742145,4656,439
sleep_duration__3,57.75,0.8565944289933256,4656,439
sleep_duration__3,58.0,0.8537295646823109,4656,439
sleep_duration__3,58.25,0.8511962425319184,4656,439
sleep_duration__3,58.5,0.8459256775626806,4656,439
sleep_duration__3,58.75,0.8459256775626806,4656,439
sleep_duration__3,59.0,0.843087000792336,4656,439
sleep_duration__3,59.25,0.8353111753708536,4656,439
sleep_duration__3,59.5,0.8245916147218184,4656,439
sleep_duration__3,59.75,0.8245916147218184,4656,439
sleep_duration__3,60.0,0.8216147496867212,4656,439
sleep_duration__3,60.25,0.8144691966119543,4656,439
sleep_duration__3,60.5,0.8120807238946174,4656,439
sleep_duration__3,60.75,0.8046141356257592,4656,439
sleep_duration__3,61.0,0.8020839024948604,4656,439
sleep_duration__3,61.25,0.7999102333824085,4656,439
sleep_duration__3,61.5,0.795466287641395,4656,439
sleep_duration__3,61.75,0.7932255375353626,4656,439
sleep_duration__3,62.0,0.7818146851183264,4656,439
sleep_duration__3,62.25,0.7780102340958535,4656,439
sleep_duration__3,62.5,0.77412443833375,4656,439
sleep_duration__3,62.75,0.7640306865080678,4656,439
sleep_duration__3,63.0,0.7597780645542391,4656,439
sleep_duration__3,63.25,0.7580111388227178,4656,439
sleep_duration__3,63.5,0.7580111388227178,4656,439
sleep_duration__3,63.75,0.754152824428804,4656,439
sleep_duration__3,64.0,0.7460960769711952,4656,439
sleep_duration__3,64.25,0.7460960769711952,4656,439
sleep_duration__3,64.5,0.7460960769711952,4656,439
sleep_duration__3,64.75,0.7441581650829581,4656,439
sleep_duration__3,65.0,0.7420795109905473,4656,439
sleep_duration__3,65.25,0.7366669137204228,4656,439
sleep_duration__3,65.5,0.7288349105090614,4656,439
sleep_duration__3,65.75,0.7268597481499586,4656,439
sleep_duration__3,66.0,0.7227641118452222,4656,439
sleep_duration__3,66.25,0.7157680468950293,4656,439
sleep_duration__3,66.5,0.713937438079441,4656,439
sleep_duration__3,66.75,0.7082249688187505,4656,439
sleep_duration__3,67.0,0.7062631267998624,4656,439
sleep_duration__3,67.25,0.7011616814162978,4656,439
sleep_duration__3,67.5,0.6958933902988268,4656,439
sleep_duration__3,67.75,0.6940905576814724,4656,439
sleep_duration__3,68.0,0.6922640035823105,4656,439
sleep_duration__3,68.25,0.6889870004151369,4656,439
sleep_duration__3,68.5,0.6823052997091711,4656,439
sleep_duration__3,68.75,0.6806122344493472,4656,439
sleep_duration__3,69.0,0.6751621478589878,4656,439
sleep_duration__3,69.25,0.6704100032192946,4656,439
sleep_duration__3,69.5,0.6687827944736162,4656,439
sleep_duration__3,69.75,0.6670853762135308,4656,439
sleep_duration__3,70.0,0.6635744005492492,4656,439
sleep_duration__3,70.25,0.6590189698818634,4656,439
sleep_duration__3,70.5,0.6574792059335415,4656,439
sleep_duration__3,70.75,0.6526981977444362,4656,439
sleep_duration__3,71.0,0.6493807184784879,4656,439
sleep_duration__3,71.25,0.642231027271829,4656,439
sleep_duration__3,71.5,0.6362496585597925,4656,439
sleep_duration__3,71.75,0.6331981014443976,4656,439
sleep_duration__3,72.0,0.6237584880170821,4656,439
sleep_duration__3,72.25,0.6194750471330016,4656,439
sleep_duration__3,72.5,0.6165139870466982,4656,439
sleep_duration__3,72.75,0.6074023860205934,4656,439
sleep_duration__3,73.0,0.5964750043351305,4656,439
sleep_duration__3,73.25,0.5936877379597331,4656,439
sleep_duration__3,73.5,0.5936877379597331,4656,439
sleep_duration__3,73.75,0.5876448000653007,4656,439
sleep_duration__3,74.0,0.5798644984672648,4656,439
sleep_duration__3,74.25,0.5770898361626439,4656,439
sleep_duration__3,74.5,0.5742150105571018,4656,439
sleep_duration__3,74.75,0.569922717554247,4656,439
sleep_duration__3,75.0,0.5639309511977703,4656,439
sleep_duration__3,75.25,0.557043238060772,4656,439
sleep_duration__3,75.5,0.5541897994124119,4656,439
sleep_duration__3,75.75,0.5498525958013306,4656,439
sleep_duration__3,76.0,0.5439987294047323,4656,439
sleep_duration__3,76.25,0.5385484908783473,4656,439
sleep_duration__3,76.5,0.5303603373463202,4656,439
sleep_duration__3,76.75,0.5191163133118492,4656,439
sleep_duration__3,77.0,0.5090547725781593,4656,439
sleep_duration__3,77.25,0.506389014862613,4656,439
sleep_duration__3,77.5,0.49943724176586496,4656,439
sleep_duration__3,77.75,0.49365862549420914,4656,439
sleep_duration__3,78.0,0.4819997870167776,4656,439
sleep_duration__3,78.25,0.47936551401743493,4656,439
sleep_duration__3,78.5,0.4766799929305027,4656,439
sleep_duration__3,78.75,0.46978317024926397,4656,439
sleep_duration__3,79.0,0.46135979134684413,4656,439
sleep_duration__3,79.25,0.4588108422233808,4656,439
sleep_duration__3,79.5,0.4521529194719216,4656,439
sleep_duration__3,79.75,0.44400859216899946,4656,439
sleep_duration__3,80.0,0.43559938316724733,4656,439
sleep_duration__3,80.25,0.4327098111001005,4656,439
sleep_duration__3,80.5,0.42679677402157395,4656,439
sleep_duration__3,80.75,0.4158948329241745,4656,439
sleep_duration__3,81.0,0.4143074480656855,4656,439
sleep_duration__3,81.25,0.40942679543285443,4656,439
sleep_duration__3,81.5,0.4077556656555774,4656,439
sleep_duration__3,81.75,0.40107114654646947,4656,439
sleep_duration__3,82.0,0.39422130670161254,4656,439
sleep_duration__3,82.25,0.3855679481789628,4656,439
sleep_duration__3,82.5,0.38027716343793483,4656,439
sleep_duration__3,82.75,0.3785001673471036,4656,439
sleep_duration__3,83.0,0.36931130288604286,4656,439
sleep_duration__3,83.25,0.3616370401972192,4656,439
sleep_duration__3,83.5,0.3577055022446202,4656,439
sleep_duration__3,83.75,0.34968937462321664,4656,439
sleep_duration__3,84.0,0.34153186569528515,4656,439
sleep_duration__3,84.25,0.33527108701250613,4656,439
sleep_duration__3,84.5,0.3267800905845272,4656,439
sleep_duration__3,84.75,0.32242185271332297,4656,439
sleep_duration__3,85.0,0.31305739449113446,4656,439
sleep_duration__3,85.25,0.2987160364712231,4656,439
sleep_duration__3,85.5,0.29364570769316795,4656,439
sleep_duration__3,85.75,0.28835479404103875,4656,439
sleep_duration__3,86.0,0.2662023979989856,4656,439
sleep_duration__3,86.25,0.25442882867219385,4656,439
sleep_duration__3,86.5,0.2454489876602341,4656,439
sleep_duration__3,86.75,0.24241875324467546,4656,439
sleep_duration__3,87.0,0.2359927802445942,4656,439
sleep_duration__3,87.25,0.22920055106528534,4656,439
sleep_duration__3,87.5,0.22920055106528534,4656,439
sleep_duration__3,87.75,0.22180698490188896,4656,439
sleep_duration__3,88.0,0.2140242836772613,4656,439
sleep_duration__3,88.25,0.2014346199315401,4656,439
sleep_duration__3,88.5,0.19723806534963295,4656,439
sleep_duration__3,88.75,0.1930415107677259,4656,439
sleep_duration__3,89.0,0.188751699417332,4656,439
sleep_duration__3,89.25,0.17985034086526464,4656,439
sleep_duration__3,89.5,0.1749895208418791,4656,439
sleep_duration__3,89.75,0.16453518365923006,4656,439
sleep_duration__3,90.0,0.16453518365923006,4656,439
sleep_duration__3,90.25,0.15234739227706484,4656,439
sleep_duration__3,90.5,0.15234739227706484,4656,439
sleep_duration__3,90.75,0.13815138526942922,4656,439
sleep_duration__3,91.0,0.13088025972893294,4656,439
sleep_duration__3,91.25,0.13088025972893294,4656,439
sleep_duration__3,91.5,0.13088025972893294,4656,439
sleep_duration__3,91.75,0.13088025972893294,4656,439
sleep_duration__3,92.0,0.11997357141818854,4656,439
sleep_duration__3,92.25,0.11997357141818854,4656,439
sleep_duration__3,92.5,0.10664317459394533,4656,439
sleep_duration__3,92.75,0.09140843536623887,4656,439
sleep_duration__3,93.0,0.09140843536623887,4656,439
sleep_duration__3,93.25,0.09140843536623887,4656,439
sleep_duration__3,93.5,0.09140843536623887,4656,439
sleep_duration__3,93.75,0.09140843536623887,4656,439
sleep_duration__3,94.0,0.09140843536623887,4656,439
sleep_duration__3,94.25,0.07617369613853238,4656,439
sleep_duration__3,94.5,0.07617369613853238,4656,439
sleep_duration__3,94.75,0.0609389569108259,4656,439
sleep_duration__3,95.0,0.0609389569108259,4656,439
sleep_duration__3,95.25,0.0609389569108259,4656,439
sleep_duration__3,95.5,0.0609389569108259,4656,439
sleep_duration__3,95.75,0.040625971273883926,4656,439
sleep_duration__3,96.0,0.02031298563694196,4656,439
sleep_duration__3,96.25,0.0,4656,439
sleep_duration__3,96.5,0.0,4656,439
sleep_duration__3,96.75,0.0,4656,439
sleep_duration__3,97.0,0.0,4656,439
sleep_duration__3,97.25,0.0,4656,439
sleep_duration__3,97.5,0.0,4656,439
sleep_duration__3,97.75,0.0,4656,439
sleep_duration__3,98.0,0.0,4656,439
sleep_duration__3,98.25,0.0,4656,439
sleep_duration__3,98.5,0.0,4656,439
sleep_duration__3,98.75,0.0,4656,439
sleep_duration__3,99.0,0.0,4656,439
sleep_duration__3,99.25,0.0,4656,439
sleep_duration__3,99.5,0.0,4656,439
sleep_duration__3,99.75,0.0,4656,439
sleep_duration__3,100.0,0.0,4656,439
sleep_duration__3,100.25,0.0,4656,439
sleep_duration__3,100.5,0.0,4656,439
sleep_duration__3,100.75,0.0,4656,439
sleep_duration__3,101.0,0.0,4656,439
sleep_duration__3,101.25,0.0,4656,439
sleep_duration__3,101.5,0.0,4656,439
sleep_duration__3,101.75,0.0,4656,439
sleep_duration__3,102.0,0.0,4656,439
sleep_duration__3,102.25,0.0,4656,439
sleep_duration__3,102.5,0.0,4656,439
sleep_duration__3,102.75,0.0,4656,439
sleep_duration__3,103.0,0.0,4656,439
sleep_duration__3,103.25,0.0,4656,439
sleep_duration__3,103.5,0.0,4656,439
sleep_duration__3,103.75,0.0,4656,439
sleep_duration__3,104.0,0.0,4656,439
sleep_duration__3,104.25,0.0,4656,439
sleep_duration__3,104.5,0.0,4656,439
sleep_duration__3,104.75,0.0,4656,439
sleep_duration__3,105.0,0.0,4656,439
sleep_duration__3,105.25,0.0,4656,439
sleep_duration__3,105.5,0.0,4656,439
sleep_duration__3,105.75,0.0,4656,439
sleep_duration__3,106.0,0.0,4656,439
sleep_duration__3,106.25,0.0,4656,439
sleep_duration__3,106.5,0.0,4656,439
sleep_duration__3,106.75,0.0,4656,439
sleep_duration__3,107.0,0.0,4656,439
sleep_duration__3,107.25,0.0,4656,439
sleep_duration__3,107.5,0.0,4656,439
sleep_duration__3,107.75,0.0,4656,439
sleep_duration__3,108.0,0.0,4656,439
sleep_duration__3,108.25,0.0,4656,439
sleep_duration__3,108.5,0.0,4656,439
sleep_duration__3,108.75,0.0,4656,439
sleep_duration__3,109.0,0.0,4656,439
sleep_duration__3,109.25,0.0,4656,439
sleep_duration__3,109.5,0.0,4656,439
sleep_duration__3,109.75,0.0,4656,439
sleep_duration__3,110.0,0.0,4656,439
sleep_frailty__0,20.0,1.0,2833,439
sleep_frailty__0,20.25,1.0,2833,439
sleep_frailty__0,20.5,1.0,2833,439
sleep_frailty__0,20.75,1.0,2833,439
sleep_frailty__0,21.0,1.0,2833,439
sleep_frailty__0,21.25,1.0,2833,439
sleep_frailty__0,21.5,1.0,2833,439
sleep_frailty__0,21.75,1.0,2833,439
sleep_frailty__0,22.0,1.0,2833,439
sleep_frailty__0,22.25,1.0,2833,439
sleep_frailty__0,22.5,1.0,2833,439
sleep_frailty__0,22.75,1.0,2833,439
sleep_frailty__0,23.0,1.0,2833,439
sleep_frailty__0,23.25,1.0,2833,439
sleep_frailty__0,23.5,1.0,2833,439
sleep_frailty__0,23.75,1.0,2833,439
sleep_frailty__0,24.0,1.0,2833,439
sleep_frailty__0,24.25,1.0,2833,439
sleep_frailty__0,24.5,1.0,2833,439
sleep_frailty__0,24.75,1.0,2833,439
sleep_frailty__0,25.0,1.0,2833,439
sleep_frailty__0,25.25,1.0,2833,439
sleep_frailty__0,25.5,1.0,2833,439
sleep_frailty__0,25.75,1.0,2833,439
sleep_frailty__0,26.0,1.0,2833,439
sleep_frailty__0,26.25,1.0,2833,439
sleep_frailty__0,26.5,1.0,2833,439
sleep_frailty__0,26.75,1.0,2833,439
sleep_frailty__0,27.0,1.0,2833,439
sleep_frailty__0,27.25,1.0,2833,439
sleep_frailty__0,27.5,1.0,2833,439
sleep_frailty__0,27.75,1.0,2833,439
sleep_frailty__0,28.0,1.0,2833,439
sleep_frailty__0,28.25,0.9982758620689659,2833,439
sleep_frailty__0,28.5,0.9982758620689659,2833,439
sleep_frailty__0,28.75,0.9982758620689659,2833,439
sleep_frailty__0,29.0,0.9982758620689659,2833,439
sleep_frailty__0,29.25,0.9982758620689659,2833,439
sleep_frailty__0,29.5,0.9982758620689659,2833,439
sleep_frailty__0,29.75,0.9982758620689659,2833,439
sleep_frailty__0,30.0,0.9982758620689659,2833,439
sleep_frailty__0,30.25,0.9967233335120937,2833,439
sleep_frailty__0,30.5,0.9967233335120937,2833,439
sleep_frailty__0,30.75,0.9967233335120937,2833,439
sleep_frailty__0,31.0,0.9967233335120937,2833,439
sleep_frailty__0,31.25,0.9951922684836577,2833,439
sleep_frailty__0,31.5,0.9951922684836577,2833,439
sleep_frailty__0,31.75,0.9936612034552218,2833,439
sleep_frailty__0,32.0,0.9936612034552218,2833,439
sleep_frailty__0,32.25,0.9936612034552218,2833,439
sleep_frailty__0,32.5,0.9936612034552218,2833,439
sleep_frailty__0,32.75,0.9936612034552218,2833,439
sleep_frailty__0,33.0,0.9936612034552218,2833,439
sleep_frailty__0,33.25,0.9936612034552218,2833,439
sleep_frailty__0,33.5,0.9936612034552218,2833,439
sleep_frailty__0,33.75,0.9919827216926289,2833,439
sleep_frailty__0,34.0,0.9919827216926289,2833,439
sleep_frailty__0,34.25,0.9919827216926289,2833,439
sleep_frailty__0,34.5,0.9919827216926289,2833,439
sleep_frailty__0,34.75,0.9919827216926289,2833,439
sleep_frailty__0,35.0,0.9919827216926289,2833,439
sleep_frailty__0,35.25,0.9919827216926289,2833,439
sleep_frailty__0,35.5,0.9902928022348895,2833,439
sleep_frailty__0,35.75,0.9902928022348895,2833,439
sleep_frailty__0,36.0,0.9902928022348895,2833,439
sleep_frailty__0,36.25,0.9902928022348895,2833,439
sleep_frailty__0,36.5,0.9885794928884624,2833,439
sleep_frailty__0,36.75,0.9885794928884624,2833,439
sleep_frailty__0,37.0,0.9885794928884624,2833,439
sleep_frailty__0,37.25,0.9868809026944951,2833,439
sleep_frailty__0,37.5,0.9851910381350865,2833,439
sleep_frailty__0,37.75,0.9834982700283244,2833,439
sleep_frailty__0,38.0,0.9834982700283244,2833,439
sleep_frailty__0,38.25,0.9818055019215635,2833,439
sleep_frailty__0,38.5,0.9801068764857129,2833,439
sleep_frailty__0,38.75,0.9801068764857129,2833,439
sleep_frailty__0,39.0,0.9801068764857129,2833,439
sleep_frailty__0,39.25,0.9801068764857129,2833,439
sleep_frailty__0,39.5,0.9801068764857129,2833,439
sleep_frailty__0,39.75,0.9801068764857129,2833,439
sleep_frailty__0,40.0,0.9801068764857129,2833,439
sleep_frailty__0,40.25,0.9801068764857129,2833,439
sleep_frailty__0,40.5,0.9768881173050966,2833,439
sleep_frailty__0,40.75,0.9768881173050966,2833,439
sleep_frailty__0,41.0,0.9768881173050966,2833,439
sleep_frailty__0,41.25,0.9752918948911996,2833,439
sleep_frailty__0,41.5,0.9752918948911996,2833,439
sleep_frailty__0,41.75,0.9752918948911996,2833,439
sleep_frailty__0,42.0,0.973736405425663,2833,439
sleep_frailty__0,42.25,0.9706427175740308,2833,439
sleep_frailty__0,42.5,0.9690921701018677,2833,439
sleep_frailty__0,42.75,0.9690921701018677,2833,439
sleep_frailty__0,43.0,0.9675341441049194,2833,439
sleep_frailty__0,43.25,0.9659609178543425,2833,439
sleep_frailty__0,43.5,0.9659609178543425,2833,439
sleep_frailty__0,43.75,0.9643978742979444,2833,439
sleep_frailty__0,44.0,0.9643978742979444,2833,439
sleep_frailty__0,44.25,0.9628373599382396,2833,439
sleep_frailty__0,44.5,0.9628373599382396,2833,439
sleep_frailty__0,44.75,0.9628373599382396,2833,439
sleep_frailty__0,45.0,0.9613258413198126,2833,439
sleep_frailty__0,45.25,0.9613258413198126,2833,439
sleep_frailty__0,45.5,0.9598119423571039,2833,439
sleep_frailty__0,45.75,0.9568357812955313,2833,439
sleep_frailty__0,46.0,0.9568357812955313,2833,439
sleep_frailty__0,46.25,0.9553749633088209,2833,439
sleep_frailty__0,46.5,0.9553749633088209,2833,439
sleep_frailty__0,46.75,0.9553749633088209,2833,439
sleep_frailty__0,47.0,0.9539252289183676,2833,439
sleep_frailty__0,47.25,0.9539252289183676,2833,439
sleep_frailty__0,47.5,0.9539252289183676,2833,439
sleep_frailty__0,47.75,0.9510146764636997,2833,439
sleep_frailty__0,48.0,0.9495693654052438,2833,439
sleep_frailty__0,48.25,0.9481240543467884,2833,439
sleep_frailty__0,48.5,0.9466765367065646,2833,439
sleep_frailty__0,48.75,0.9380637207076673,2833,439
sleep_frailty__0,49.0,0.9366138540605145,2833,439
sleep_frailty__0,49.25,0.9366138540605145,2833,439
sleep_frailty__0,49.5,0.9351617395580953,2833,439
sleep_frailty__0,49.75,0.9351617395580953,2833,439
sleep_frailty__0,50.0,0.9351617395580953,2833,439
sleep_frailty__0,50.25,0.9351617395580953,2833,439
sleep_frailty__0,50.5,0.9337383579149324,2833,439
sleep_frailty__0,50.75,0.9337383579149324,2833,439
sleep_frailty__0,51.0,0.9337383579149324,2833,439
sleep_frailty__0,51.25,0.9323236028271826,2833,439
sleep_frailty__0,51.5,0.9309152590162649,2833,439
sleep_frailty__0,51.75,0.9281070681896696,2833,439
sleep_frailty__0,52.0,0.9225681732083268,2833,439
sleep_frailty__0,52.25,0.919814201498306,2833,439
sleep_frailty__0,52.5,0.9184330990936537,2833,439
sleep_frailty__0,52.75,0.9170561379255977,2833,439
sleep_frailty__0,53.0,0.91435292902617,2833,439
sleep_frailty__0,53.25,0.91435292902617,2833,439
sleep_frailty__0,53.5,0.9116852283973949,2833,439
sleep_frailty__0,53.75,0.9090406974828559,2833,439
sleep_frailty__0,54.0,0.9077213350772202,2833,439
sleep_frailty__0,54.25,0.9050882634255591,2833,439
sleep_frailty__0,54.5,0.903765034970259,2833,439
sleep_frailty__0,54.75,0.9024221448737206,2833,439
sleep_frailty__0,55.0,0.9024221448737206,2833,439
sleep_frailty__0,55.25,0.9010671566682045,2833,439
sleep_frailty__0,55.5,0.8997060280327536,2833,439
sleep_frailty__0,55.75,0.8983571434330048,2833,439
sleep_frailty__0,56.0,0.8916489591249974,2833,439
sleep_frailty__0,56.25,0.8916489591249974,2833,439
sleep_frailty__0,56.5,0.8876364886202157,2833,439
sleep_frailty__0,56.75,0.8822506982738345,2833,439
sleep_frailty__0,57.0,0.878240430833755,2833,439
sleep_frailty__0,57.25,0.876883026767551,2833,439
sleep_frailty__0,57.5,0.8755214071607685,2833,439
sleep_frailty__0,57.75,0.8755214071607685,2833,439
sleep_frailty__0,58.0,0.8699066688357622,2833,439
sleep_frailty__0,58.25,0.8699066688357622,2833,439
sleep_frailty__0,58.5,0.8656002001781599,2833,439
sleep_frailty__0,58.75,0.8613031047987427,2833,439
sleep_frailty__0,59.0,0.8613031047987427,2833,439
sleep_frailty__0,59.25,0.8554933030800325,2833,439
sleep_frailty__0,59.5,0.8540554992093096,2833,439
sleep_frailty__0,59.75,0.8540554992093096,2833,439
sleep_frailty__0,60.0,0.8526079475157348,2833,439
sleep_frailty__0,60.25,0.8482726030501194,2833,439
sleep_frailty__0,60.5,0.8468397101395623,2833,439
sleep_frailty__0,60.75,0.841168086379358,2833,439
sleep_frailty__0,61.0,0.8369737319044063,2833,439
sleep_frailty__0,61.25,0.8355741102791485,2833,439
sleep_frailty__0,61.5,0.8327654101257591,2833,439
sleep_frailty__0,61.75,0.8285429429966195,2833,439
sleep_frailty__0,62.0,0.8243252362131187,2833,439
sleep_frailty__0,62.25,0.8201337278175088,2833,439
sleep_frailty__0,62.5,0.8145450334883078,2833,439
sleep_frailty__0,62.75,0.8103535496110096,2833,439
sleep_frailty__0,63.0,0.8075901654710341,2833,439
sleep_frailty__0,63.25,0.8048431646416317,2833,439
sleep_frailty__0,63.5,0.7980294079429017,2833,439
sleep_frailty__0,63.75,0.7925959177061227,2833,439
sleep_frailty__0,64.0,0.7898603416697717,2833,439
sleep_frailty__0,64.25,0.7884914329320425,2833,439
sleep_frailty__0,64.5,0.7884914329320425,2833,439
sleep_frailty__0,64.75,0.7884914329320425,2833,439
sleep_frailty__0,65.0,0.7844011995952133,2833,439
sleep_frailty__0,65.25,0.7802967468361595,2833,439
sleep_frailty__0,65.5,0.7802967468361595,2833,439
sleep_frailty__0,65.75,0.777422706138207,2833,439
sleep_frailty__0,66.0,0.7759586332452912,2833,439
sleep_frailty__0,66.25,0.7700265372371767,2833,439
sleep_frailty__0,66.5,0.7641088094423307,2833,439
sleep_frailty__0,66.75,0.7581304305449251,2833,439
sleep_frailty__0,67.0,0.756626203500193,2833,439
sleep_frailty__0,67.25,0.7506060054838907,2833,439
sleep_frailty__0,67.5,0.7506060054838907,2833,439
sleep_frailty__0,67.75,0.7476065718882424,2833,439
sleep_frailty__0,68.0,0.7446250455016312,2833,439
sleep_frailty__0,68.25,0.7386379356941692,2833,439
sleep_frailty__0,68.5,0.7312218206849126,2833,439
sleep_frailty__0,68.75,0.7252526378480273,2833,439
sleep_frailty__0,69.0,0.7192739633010926,2833,439
sleep_frailty__0,69.25,0.7177847832528504,2833,439
sleep_frailty__0,69.5,0.716283141446882,2833,439
sleep_frailty__0,69.75,0.7116948322398582,2833,439
sleep_frailty__0,70.0,0.7101476695610758,2833,439
sleep_frailty__0,70.25,0.7024050850839834,2833,439
sleep_frailty__0,70.5,0.6993243313297229,2833,439
sleep_frailty__0,70.75,0.697780569008907,2833,439
sleep_frailty__0,71.0,0.696223023095941,2833,439
sleep_frailty__0,71.25,0.6915780135279526,2833,439
sleep_frailty__0,71.5,0.6869050942960709,2833,439
sleep_frailty__0,71.75,0.6838038475986365,2833,439
sleep_frailty__0,72.0,0.6728492965914787,2833,439
sleep_frailty__0,72.25,0.666549706032899,2833,439
sleep_frailty__0,72.5,0.6601824660384114,2833,439
sleep_frailty__0,72.75,0.6522130531486919,2833,439
sleep_frailty__0,73.0,0.6474094942476405,2833,439
sleep_frailty__0,73.25,0.640886228963829,2833,439
sleep_frailty__0,73.5,0.6392596141695044,2833,439
sleep_frailty__0,73.75,0.6375817674131539,2833,439
sleep_frailty__0,74.0,0.6375817674131539,2833,439
sleep_frailty__0,74.25,0.6358724329160672,2833,439
sleep_frailty__0,74.5,0.6341445186961866,2833,439
sleep_frailty__0,74.75,0.6272091392019749,2833,439
sleep_frailty__0,75.0,0.6219621721730522,2833,439
sleep_frailty__0,75.25,0.6147804738887009,2833,439
sleep_frailty__0,75.5,0.6073788223663728,2833,439
sleep_frailty__0,75.75,0.6055493680821369,2833,439
sleep_frailty__0,76.0,0.5999821950107231,2833,439
sleep_frailty__0,76.25,0.5943278628425201,2833,439
sleep_frailty__0,76.5,0.5905361523920882,2833,439
sleep_frailty__0,76.75,0.5809802683060565,2833,439
sleep_frailty__0,77.0,0.5771953805646494,2833,439
sleep_frailty__0,77.25,0.5771953805646494,2833,439
sleep_frailty__0,77.5,0.5695184237327824,2833,439
sleep_frailty__0,77.75,0.5695184237327824,2833,439
sleep_frailty__0,78.0,0.5617755634031106,2833,439
sleep_frailty__0,78.25,0.5598113131814217,2833,439
sleep_frailty__0,78.5,0.548039742703922,2833,439
sleep_frailty__0,78.75,0.54216062040869,2833,439
sleep_frailty__0,79.0,0.5401962703347458,2833,439
sleep_frailty__0,79.25,0.5342161292533713,2833,439
sleep_frailty__0,79.5,0.5262944885678913,2833,439
sleep_frailty__0,79.75,0.5262944885678913,2833,439
sleep_frailty__0,80.0,0.5144151245608287,2833,439
sleep_frailty__0,80.25,0.5084328343410885,2833,439
sleep_frailty__0,80.5,0.5043571711367738,2833,439
sleep_frailty__0,80.75,0.4981042364854491,2833,439
sleep_frailty__0,81.0,0.4853380343127497,2833,439
sleep_frailty__0,81.25,0.4809852268301239,2833,439
sleep_frailty__0,81.5,0.4699629765328704,2833,439
sleep_frailty__0,81.75,0.4633950428766304,2833,439
sleep_frailty__0,82.0,0.45448297576657426,2833,439
sleep_frailty__0,82.25,0.4522441433736357,2833,439
sleep_frailty__0,82.5,0.44543787016363207,2833,439
sleep_frailty__0,82.75,0.42269844941467655,2833,439
sleep_frailty__0,83.0,0.41587993120557215,2833,439
sleep_frailty__0,83.25,0.4135565796345913,2833,439
sleep_frailty__0,83.5,0.40662502743347867,2833,439
sleep_frailty__0,83.75,0.3971409773160487,2833,439
sleep_frailty__0,84.0,0.3898316341752624,2833,439
sleep_frailty__0,84.25,0.38239772499158137,2833,439
sleep_frailty__0,84.5,0.3774151845728169,2833,439
sleep_frailty__0,84.75,0.37227980554694273,2833,439
sleep_frailty__0,85.0,0.36703642800402786,2833,439
sleep_frailty__0,85.25,0.34807054828133865,2833,439
sleep_frailty__0,85.5,0.33688593523164817,2833,439
sleep_frailty__0,85.75,0.33407855243805124,2833,439
sleep_frailty__0,86.0,0.3228490212636629,2833,439
sleep_frailty__0,86.25,0.32001701230520974,2833,439
sleep_frailty__0,86.5,0.30852861856154146,2833,439
sleep_frailty__0,86.75,0.3023882850188127,2833,439
sleep_frailty__0,87.0,0.2960871472524633,2833,439
sleep_frailty__0,87.25,0.28964893210312653,2833,439
sleep_frailty__0,87.5,0.2863574669655909,2833,439
sleep_frailty__0,87.75,0.2828221895956451,2833,439
sleep_frailty__0,88.0,0.27914917414635093,2833,439
sleep_frailty__0,88.25,0.2638886694820218,2833,439
sleep_frailty__0,88.5,0.2599500326240812,2833,439
sleep_frailty__0,88.75,0.25595080135294146,2833,439
sleep_frailty__0,89.0,0.25595080135294146,2833,439
sleep_frailty__0,89.25,0.23788832569506038,2833,439
sleep_frailty__0,89.5,0.22836501853896718,2833,439
sleep_frailty__0,89.75,0.22836501853896718,2833,439
sleep_frailty__0,90.0,0.2180974440620214,2833,439
sleep_frailty__0,90.25,0.19679294469997838,2833,439
sleep_frailty__0,90.5,0.1858600033277574,2833,439
sleep_frailty__0,90.75,0.180051878223765,2833,439
sleep_frailty__0,91.0,0.180051878223765,2833,439
sleep_frailty__0,91.25,0.1736214540014877,2833,439
sleep_frailty__0,91.5,0.16607269513185785,2833,439
sleep_frailty__0,91.75,0.1585239362622279,2833,439
sleep_frailty__0,92.0,0.1585239362622279,2833,439
sleep_frailty__0,92.25,0.1585239362622279,2833,439
sleep_frailty__0,92.5,0.14091016556642483,2833,439
sleep_frailty__0,92.75,0.14091016556642483,2833,439
sleep_frailty__0,93.0,0.12078014191407845,2833,439
sleep_frailty__0,93.25,0.11071513008790525,2833,439
sleep_frailty__0,93.5,0.11071513008790525,2833,439
sleep_frailty__0,93.75,0.10065011826173205,2833,439
sleep_frailty__0,94.0,0.10065011826173205,2833,439
sleep_frailty__0,94.25,0.10065011826173205,2833,439
sleep_frailty__0,94.5,0.10065011826173205,2833,439
sleep_frailty__0,94.75,0.10065011826173205,2833,439
sleep_frailty__0,95.0,0.10065011826173205,2833,439
sleep_frailty__0,95.25,0.10065011826173205,2833,439
sleep_frailty__0,95.5,0.08946677178820624,2833,439
sleep_frailty__0,95.75,0.08946677178820624,2833,439
sleep_frailty__0,96.0,0.08946677178820624,2833,439
sleep_frailty__0,96.25,0.08946677178820624,2833,439
sleep_frailty__0,96.5,0.08946677178820624,2833,439
sleep_frailty__0,96.75,0.08946677178820624,2833,439
sleep_frailty__0,97.0,0.08946677178820624,2833,439
sleep_frailty__0,97.25,0.08946677178820624,2833,439
sleep_frailty__0,97.5,0.08946677178820624,2833,439
sleep_frailty__0,97.75,0.08946677178820624,2833,439
sleep_frailty__0,98.0,0.08946677178820624,2833,439
sleep_frailty__0,98.25,0.04473338589410312,2833,439
sleep_frailty__0,98.5,0.04473338589410312,2833,439
sleep_frailty__0,98.75,0.04473338589410312,2833,439
sleep_frailty__0,99.0,0.04473338589410312,2833,439
sleep_frailty__0,99.25,0.04473338589410312,2833,439
sleep_frailty__0,99.5,0.04473338589410312,2833,439
sleep_frailty__0,99.75,0.04473338589410312,2833,439
sleep_frailty__0,100.0,0.04473338589410312,2833,439
sleep_frailty__0,100.25,0.04473338589410312,2833,439
sleep_frailty__0,100.5,0.04473338589410312,2833,439
sleep_frailty__0,100.75,0.04473338589410312,2833,439
sleep_frailty__0,101.0,0.04473338589410312,2833,439
sleep_frailty__0,101.25,0.04473338589410312,2833,439
sleep_frailty__0,101.5,0.04473338589410312,2833,439
sleep_frailty__0,101.75,0.04473338589410312,2833,439
sleep_frailty__0,102.0,0.04473338589410312,2833,439
sleep_frailty__0,102.25,0.04473338589410312,2833,439
sleep_frailty__0,102.5,0.04473338589410312,2833,439
sleep_frailty__0,102.75,0.04473338589410312,2833,439
sleep_frailty__0,103.0,0.04473338589410312,2833,439
sleep_frailty__0,103.25,0.04473338589410312,2833,439
sleep_frailty__0,103.5,0.04473338589410312,2833,439
sleep_frailty__0,103.75,0.04473338589410312,2833,439
sleep_frailty__0,104.0,0.04473338589410312,2833,439
sleep_frailty__0,104.25,0.04473338589410312,2833,439
sleep_frailty__0,104.5,0.04473338589410312,2833,439
sleep_frailty__0,104.75,0.04473338589410312,2833,439
sleep_frailty__0,105.0,0.04473338589410312,2833,439
sleep_frailty__0,105.25,0.04473338589410312,2833,439
sleep_frailty__0,105.5,0.04473338589410312,2833,439
sleep_frailty__0,105.75,0.04473338589410312,2833,439
sleep_frailty__0,106.0,0.04473338589410312,2833,439
sleep_frailty__0,106.25,0.04473338589410312,2833,439
sleep_frailty__0,106.5,0.04473338589410312,2833,439
sleep_frailty__0,106.75,0.04473338589410312,2833,439
sleep_frailty__0,107.0,0.04473338589410312,2833,439
sleep_frailty__0,107.25,0.04473338589410312,2833,439
sleep_frailty__0,107.5,0.04473338589410312,2833,439
sleep_frailty__0,107.75,0.04473338589410312,2833,439
sleep_frailty__0,108.0,0.04473338589410312,2833,439
sleep_frailty__0,108.25,0.04473338589410312,2833,439
sleep_frailty__0,108.5,0.04473338589410312,2833,439
sleep_frailty__0,108.75,0.04473338589410312,2833,439
sleep_frailty__0,109.0,0.04473338589410312,2833,439
sleep_frailty__0,109.25,0.04473338589410312,2833,439
sleep_frailty__0,109.5,0.04473338589410312,2833,439
sleep_frailty__0,109.75,0.04473338589410312,2833,439
sleep_frailty__0,110.0,0.04473338589410312,2833,439
sleep_frailty__1,20.0,1.0,2725,422
sleep_frailty__1,20.25,1.0,2725,422
sleep_frailty__1,20.5,1.0,2725,422
sleep_frailty__1,20.75,1.0,2725,422
sleep_frailty__1,21.0,1.0,2725,422
sleep_frailty__1,21.25,1.0,2725,422
sleep_frailty__1,21.5,1.0,2725,422
sleep_frailty__1,21.75,1.0,2725,422
sleep_frailty__1,22.0,1.0,2725,422
sleep_frailty__1,22.25,1.0,2725,422
sleep_frailty__1,22.5,1.0,2725,422
sleep_frailty__1,22.75,1.0,2725,422
sleep_frailty__1,23.0,1.0,2725,422
sleep_frailty__1,23.25,1.0,2725,422
sleep_frailty__1,23.5,1.0,2725,422
sleep_frailty__1,23.75,1.0,2725,422
sleep_frailty__1,24.0,1.0,2725,422
sleep_frailty__1,24.25,1.0,2725,422
sleep_frailty__1,24.5,1.0,2725,422
sleep_frailty__1,24.75,1.0,2725,422
sleep_frailty__1,25.0,1.0,2725,422
sleep_frailty__1,25.25,1.0,2725,422
sleep_frailty__1,25.5,1.0,2725,422
sleep_frailty__1,25.75,0.9981378026070761,2725,422
sleep_frailty__1,26.0,0.9981378026070761,2725,422
sleep_frailty__1,26.25,0.9981378026070761,2725,422
sleep_frailty__1,26.5,0.9981378026070761,2725,422
sleep_frailty__1,26.75,0.9981378026070761,2725,422
sleep_frailty__1,27.0,0.9981378026070761,2725,422
sleep_frailty__1,27.25,0.9981378026070761,2725,422
sleep_frailty__1,27.5,0.9965509380560308,2725,422
sleep_frailty__1,27.75,0.9949691111702279,2725,422
sleep_frailty__1,28.0,0.9949691111702279,2725,422
sleep_frailty__1,28.25,0.9949691111702279,2725,422
sleep_frailty__1,28.5,0.9934774033573794,2725,422
sleep_frailty__1,28.75,0.9920228244359194,2725,422
sleep_frailty__1,29.0,0.9905809307957507,2725,422
sleep_frailty__1,29.25,0.9905809307957507,2725,422
sleep_frailty__1,29.5,0.9905809307957507,2725,422
sleep_frailty__1,29.75,0.9905809307957507,2725,422
sleep_frailty__1,30.0,0.9905809307957507,2725,422
sleep_frailty__1,30.25,0.9905809307957507,2725,422
sleep_frailty__1,30.5,0.9905809307957507,2725,422
sleep_frailty__1,30.75,0.9892775348341776,2725,422
sleep_frailty__1,31.0,0.9892775348341776,2725,422
sleep_frailty__1,31.25,0.9892775348341776,2725,422
sleep_frailty__1,31.5,0.9892775348341776,2725,422
sleep_frailty__1,31.75,0.9892775348341776,2725,422
sleep_frailty__1,32.0,0.9892775348341776,2725,422
sleep_frailty__1,32.25,0.9892775348341776,2725,422
sleep_frailty__1,32.5,0.9879242139930916,2725,422
sleep_frailty__1,32.75,0.9879242139930916,2725,422
sleep_frailty__1,33.0,0.9865577904605973,2725,422
sleep_frailty__1,33.25,0.9851464059248883,2725,422
sleep_frailty__1,33.5,0.9851464059248883,2725,422
sleep_frailty__1,33.75,0.9851464059248883,2725,422
sleep_frailty__1,34.0,0.9851464059248883,2725,422
sleep_frailty__1,34.25,0.9851464059248883,2725,422
sleep_frailty__1,34.5,0.9851464059248883,2725,422
sleep_frailty__1,34.75,0.9851464059248883,2725,422
sleep_frailty__1,35.0,0.9851464059248883,2725,422
sleep_frailty__1,35.25,0.9851464059248883,2725,422
sleep_frailty__1,35.5,0.9851464059248883,2725,422
sleep_frailty__1,35.75,0.9851464059248883,2725,422
sleep_frailty__1,36.0,0.9851464059248883,2725,422
sleep_frailty__1,36.25,0.9851464059248883,2725,422
sleep_frailty__1,36.5,0.9851464059248883,2725,422
sleep_frailty__1,36.75,0.9851464059248883,2725,422
sleep_frailty__1,37.0,0.9851464059248883,2725,422
sleep_frailty__1,37.25,0.9851464059248883,2725,422
sleep_frailty__1,37.5,0.9851464059248883,2725,422
sleep_frailty__1,37.75,0.9836022893011815,2725,422
sleep_frailty__1,38.0,0.9836022893011815,2725,422
sleep_frailty__1,38.25,0.9836022893011815,2725,422
sleep_frailty__1,38.5,0.9820434901105305,2725,422
sleep_frailty__1,38.75,0.9820434901105305,2725,422
sleep_frailty__1,39.0,0.9820434901105305,2725,422
sleep_frailty__1,39.25,0.9820434901105305,2725,422
sleep_frailty__1,39.5,0.9820434901105305,2725,422
sleep_frailty__1,39.75,0.9820434901105305,2725,422
sleep_frailty__1,40.0,0.9820434901105305,2725,422
sleep_frailty__1,40.25,0.9820434901105305,2725,422
sleep_frailty__1,40.5,0.9820434901105305,2725,422
sleep_frailty__1,40.75,0.9820434901105305,2725,422
sleep_frailty__1,41.0,0.9820434901105305,2725,422
sleep_frailty__1,41.25,0.9820434901105305,2725,422
sleep_frailty__1,41.5,0.9820434901105305,2725,422
sleep_frailty__1,41.75,0.9820434901105305,2725,422
sleep_frailty__1,42.0,0.9820434901105305,2725,422
sleep_frailty__1,42.25,0.9820434901105305,2725,422
sleep_frailty__1,42.5,0.9820434901105305,2725,422
sleep_frailty__1,42.75,0.9820434901105305,2725,422
sleep_frailty__1,43.0,0.9803084309407241,2725,422
sleep_frailty__1,43.25,0.9803084309407241,2725,422
sleep_frailty__1,43.5,0.9803084309407241,2725,422
sleep_frailty__1,43.75,0.9803084309407241,2725,422
sleep_frailty__1,44.0,0.9803084309407241,2725,422
sleep_frailty__1,44.25,0.9803084309407241,2725,422
sleep_frailty__1,44.5,0.9803084309407241,2725,422
sleep_frailty__1,44.75,0.9803084309407241,2725,422
sleep_frailty__1,45.0,0.9803084309407241,2725,422
sleep_frailty__1,45.25,0.9803084309407241,2725,422
sleep_frailty__1,45.5,0.9784964005693002,2725,422
sleep_frailty__1,45.75,0.9784964005693002,2725,422
sleep_frailty__1,46.0,0.9784964005693002,2725,422
sleep_frailty__1,46.25,0.9784964005693002,2725,422
sleep_frailty__1,46.5,0.976600089715484,2725,422
sleep_frailty__1,46.75,0.9746963858368963,2725,422
sleep_frailty__1,47.0,0.9746963858368963,2725,422
sleep_frailty__1,47.25,0.9746963858368963,2725,422
sleep_frailty__1,47.5,0.9746963858368963,2725,422
sleep_frailty__1,47.75,0.9727031416940806,2725,422
sleep_frailty__1,48.0,0.9727031416940806,2725,422
sleep_frailty__1,48.25,0.9727031416940806,2725,422
sleep_frailty__1,48.5,0.9706808898402468,2725,422
sleep_frailty__1,48.75,0.9686586379864127,2725,422
sleep_frailty__1,49.0,0.9686586379864127,2725,422
sleep_frailty__1,49.25,0.9686586379864127,2725,422
sleep_frailty__1,49.5,0.9686586379864127,2725,422
sleep_frailty__1,49.75,0.9666279070891667,2725,422
sleep_frailty__1,50.0,0.9666279070891667,2725,422
sleep_frailty__1,50.25,0.9666279070891667,2725,422
sleep_frailty__1,50.5,0.9645799666080459,2725,422
sleep_frailty__1,50.75,0.9645799666080459,2725,422
sleep_frailty__1,51.0,0.9645799666080459,2725,422
sleep_frailty__1,51.25,0.9624921311824876,2725,422
sleep_frailty__1,51.5,0.9604042957569292,2725,422
sleep_frailty__1,51.75,0.9582700639885807,2725,422
sleep_frailty__1,52.0,0.9561405749574952,2725,422
sleep_frailty__1,52.25,0.9561405749574952,2725,422
sleep_frailty__1,52.5,0.9561405749574952,2725,422
sleep_frailty__1,52.75,0.9540205293367466,2725,422
sleep_frailty__1,53.0,0.9518910192266204,2725,422
sleep_frailty__1,53.25,0.9518910192266204,2725,422
sleep_frailty__1,53.5,0.9497519382845382,2725,422
sleep_frailty__1,53.75,0.9497519382845382,2725,422
sleep_frailty__1,54.0,0.9497519382845382,2725,422
sleep_frailty__1,54.25,0.9497519382845382,2725,422
sleep_frailty__1,54.5,0.9475635697631448,2725,422
sleep_frailty__1,54.75,0.9453902588233213,2725,422
sleep_frailty__1,55.0,0.9453902588233213,2725,422
sleep_frailty__1,55.25,0.9453902588233213,2725,422
sleep_frailty__1,55.5,0.9453902588233213,2725,422
sleep_frailty__1,55.75,0.9431393296356465,2725,422
sleep_frailty__1,56.0,0.9431393296356465,2725,422
sleep_frailty__1,56.25,0.9431393296356465,2725,422
sleep_frailty__1,56.5,0.9431393296356465,2725,422
sleep_frailty__1,56.75,0.9408333655045075,2725,422
sleep_frailty__1,57.0,0.9385160419441513,2725,422
sleep_frailty__1,57.25,0.9385160419441513,2725,422
sleep_frailty__1,57.5,0.9385160419441513,2725,422
sleep_frailty__1,57.75,0.9361520216873647,2725,422
sleep_frailty__1,58.0,0.9361520216873647,2725,422
sleep_frailty__1,58.25,0.9361520216873647,2725,422
sleep_frailty__1,58.5,0.9361520216873647,2725,422
sleep_frailty__1,58.75,0.9338290638171731,2725,422
sleep_frailty__1,59.0,0.9338290638171731,2725,422
sleep_frailty__1,59.25,0.9291420843939924,2725,422
sleep_frailty__1,59.5,0.9244193665990601,2725,422
sleep_frailty__1,59.75,0.9244193665990601,2725,422
sleep_frailty__1,60.0,0.922042967199063,2725,422
sleep_frailty__1,60.25,0.9196480504011431,2725,422
sleep_frailty__1,60.5,0.9196480504011431,2725,422
sleep_frailty__1,60.75,0.9196480504011431,2725,422
sleep_frailty__1,61.0,0.9173020094562425,2725,422
sleep_frailty__1,61.25,0.914985590240444,2725,422
sleep_frailty__1,61.5,0.9126691710246454,2725,422
sleep_frailty__1,61.75,0.9103874980970843,2725,422
sleep_frailty__1,62.0,0.9103874980970843,2725,422
sleep_frailty__1,62.25,0.9103874980970843,2725,422
sleep_frailty__1,62.5,0.9081884944784928,2725,422
sleep_frailty__1,62.75,0.9060465404820809,2725,422
sleep_frailty__1,63.0,0.9039588756422601,2725,422
sleep_frailty__1,63.25,0.9039588756422601,2725,422
sleep_frailty__1,63.5,0.901950078140833,2725,422
sleep_frailty__1,63.75,0.901950078140833,2725,422
sleep_frailty__1,64.0,0.8999764455847261,2725,422
sleep_frailty__1,64.25,0.8980114315113971,2725,422
sleep_frailty__1,64.5,0.8960718819832945,2725,422
sleep_frailty__1,64.75,0.8960718819832945,2725,422
sleep_frailty__1,65.0,0.8881855741379525,2725,422
sleep_frailty__1,65.25,0.8862248995813568,2725,422
sleep_frailty__1,65.5,0.8842728623576092,2725,422
sleep_frailty__1,65.75,0.8804281613201633,2725,422
sleep_frailty__1,66.0,0.8785100171778538,2725,422
sleep_frailty__1,66.25,0.87479144374003,2725,422
sleep_frailty__1,66.5,0.87479144374003,2725,422
sleep_frailty__1,66.75,0.8672824001245552,2725,422
sleep_frailty__1,67.0,0.8617504224772201,2725,422
sleep_frailty__1,67.25,0.8562692363928839,2725,422
sleep_frailty__1,67.5,0.8544703514424783,2725,422
sleep_frailty__1,67.75,0.8526600329012869,2725,422
sleep_frailty__1,68.0,0.850857368983948,2725,422
sleep_frailty__1,68.25,0.8472289793507545,2725,422
sleep_frailty__1,68.5,0.8417824517241042,2725,422
sleep_frailty__1,68.75,0.8399404769938544,2725,422
sleep_frailty__1,69.0,0.8381065458213788,2725,422
sleep_frailty__1,69.25,0.8326166249095117,2725,422
sleep_frailty__1,69.5,0.8326166249095117,2725,422
sleep_frailty__1,69.75,0.8290431630000291,2725,422
sleep_frailty__1,70.0,0.827286715620792,2725,422
sleep_frailty__1,70.25,0.8203127107478068,2725,422
sleep_frailty__1,70.5,0.818582093214583,2725,422
sleep_frailty__1,70.75,0.8100694375740302,2725,422
sleep_frailty__1,71.0,0.8033012055079801,2725,422
sleep_frailty__1,71.25,0.7982805729735555,2725,422
sleep_frailty__1,71.5,0.7916213199342765,2725,422
sleep_frailty__1,71.75,0.7899991450983453,2725,422
sleep_frailty__1,72.0,0.7802826415841513,2725,422
sleep_frailty__1,72.25,0.7786604323500886,2725,422
sleep_frailty__1,72.5,0.7640875722025958,2725,422
sleep_frailty__1,72.75,0.7545693237339836,2725,422
sleep_frailty__1,73.0,0.7482810805561165,2725,422
sleep_frailty__1,73.25,0.7467090614793177,2725,422
sleep_frailty__1,73.5,0.7435649953970853,2725,422
sleep_frailty__1,73.75,0.7404374771338154,2725,422
sleep_frailty__1,74.0,0.7373198456511464,2725,422
sleep_frailty__1,74.25,0.7264309440032579,2725,422
sleep_frailty__1,74.5,0.7248585826526017,2725,422
sleep_frailty__1,74.75,0.7185274852936673,2725,422
sleep_frailty__1,75.0,0.7152908420887757,2725,422
sleep_frailty__1,75.25,0.710417461408054,2725,422
sleep_frailty__1,75.5,0.7071397192269258,2725,422
sleep_frailty__1,75.75,0.7038506972770331,2725,422
sleep_frailty__1,76.0,0.7005461974058084,2725,422
sleep_frailty__1,76.25,0.6923622465015348,2725,422
sleep_frailty__1,76.5,0.6825102909018257,2725,422
sleep_frailty__1,76.75,0.6776078819248372,2725,422
sleep_frailty__1,77.0,0.671158333219572,2725,422
sleep_frailty__1,77.25,0.6631222570228267,2725,422
sleep_frailty__1,77.5,0.6583401253616046,2725,422
sleep_frailty__1,77.75,0.6551481027200792,2725,422
sleep_frailty__1,78.0,0.6519907624660071,2725,422
sleep_frailty__1,78.25,0.6488748496531683,2725,422
sleep_frailty__1,78.5,0.6441841334194546,2725,422
sleep_frailty__1,78.75,0.6333483361757255,2725,422
sleep_frailty__1,79.0,0.6241128604774946,2725,422
sleep_frailty__1,79.25,0.6225641933299081,2725,422
sleep_frailty__1,79.5,0.6132604597938545,2725,422
sleep_frailty__1,79.75,0.605501509140246,2725,422
sleep_frailty__1,80.0,0.6024122157262655,2725,422
sleep_frailty__1,80.25,0.5962291163874904,2725,422
sleep_frailty__1,80.5,0.5946723824021448,2725,422
sleep_frailty__1,80.75,0.5868351836936225,2725,422
sleep_frailty__1,81.0,0.5774704599321827,2725,422
sleep_frailty__1,81.25,0.5712143503854781,2725,422
sleep_frailty__1,81.5,0.561638992578914,2725,422
sleep_frailty__1,81.75,0.5535175987448852,2725,422
sleep_frailty__1,82.0,0.546995965315791,2725,422
sleep_frailty__1,82.25,0.5388609748111746,2725,422
sleep_frailty__1,82.5,0.5307407249875431,2725,422
sleep_frailty__1,82.75,0.5241268762476837,2725,422
sleep_frailty__1,83.0,0.5141222088851337,2725,422
sleep_frailty__1,83.25,0.5074235481830472,2725,422
sleep_frailty__1,83.5,0.5040460248155811,2725,422
sleep_frailty__1,83.75,0.4989139625405485,2725,422
sleep_frailty__1,84.0,0.486714724093484,2725,422
sleep_frailty__1,84.25,0.4725659282805949,2725,422
sleep_frailty__1,84.5,0.46346315746324857,2725,422
sleep_frailty__1,84.75,0.4522482621022673,2725,422
sleep_frailty__1,85.0,0.44253091403037287,2725,422
sleep_frailty__1,85.25,0.4325640015522115,2725,422
sleep_frailty__1,85.5,0.42244501014419306,2725,422
sleep_frailty__1,85.75,0.4142320424135706,2725,422
sleep_frailty__1,86.0,0.401560127210908,2725,422
sleep_frailty__1,86.25,0.39510606996217645,2725,422
sleep_frailty__1,86.5,0.3863496383513875,2725,422
sleep_frailty__1,86.75,0.37741669873632644,2725,422
sleep_frailty__1,87.0,0.3634478202896515,2725,422
sleep_frailty__1,87.25,0.35866561212794545,2725,422
sleep_frailty__1,87.5,0.35381877953162194,2725,422
sleep_frailty__1,87.75,0.35381877953162194,2725,422
sleep_frailty__1,88.0,0.3435787345596717,2725,422
sleep_frailty__1,88.25,0.33543685635856785,2725,422
sleep_frailty__1,88.5,0.32432161967676815,2725,422
sleep_frailty__1,88.75,0.3126343541028305,2725,422
sleep_frailty__1,89.0,0.297940988970212,2725,422
sleep_frailty__1,89.25,0.28872432904830525,2725,422
sleep_frailty__1,89.5,0.28558602112386705,2725,422
sleep_frailty__1,89.75,0.2723755659835704,2725,422
sleep_frailty__1,90.0,0.2723755659835704,2725,422
sleep_frailty__1,90.25,0.2687438917704563,2725,422
sleep_frailty__1,90.5,0.2536979070781065,2725,422
sleep_frailty__1,90.75,0.23735417441549564,2725,422
sleep_frailty__1,91.0,0.23735417441549564,2725,422
sleep_frailty__1,91.25,0.23735417441549564,2725,422
sleep_frailty__1,91.5,0.23735417441549564,2725,422
sleep_frailty__1,91.75,0.23735417441549564,2725,422
sleep_frailty__1,92.0,0.22025539994600327,2725,422
sleep_frailty__1,92.25,0.21396238851897467,2725,422
sleep_frailty__1,92.5,0.20747867977597542,2725,422
sleep_frailty__1,92.75,0.20747867977597542,2725,422
sleep_frailty__1,93.0,0.20078581913804075,2725,422
sleep_frailty__1,93.25,0.1938621702022462,2725,422
sleep_frailty__1,93.5,0.1789496955713042,2725,422
sleep_frailty__1,93.75,0.17149345825583315,2725,422
sleep_frailty__1,94.0,0.1640372209403622,2725,422
sleep_frailty__1,94.25,0.15622592470510682,2725,422
sleep_frailty__1,94.5,0.14841462846985148,2725,422
sleep_frailty__1,94.75,0.14016937133263754,2725,422
sleep_frailty__1,95.0,0.13192411419542355,2725,422
sleep_frailty__1,95.25,0.12367885705820958,2725,422
sleep_frailty__1,95.5,0.11416509882296269,2725,422
sleep_frailty__1,95.75,0.11416509882296269,2725,422
sleep_frailty__1,96.0,0.11416509882296269,2725,422
sleep_frailty__1,96.25,0.09785579899111087,2725,422
sleep_frailty__1,96.5,0.09785579899111087,2725,422
sleep_frailty__1,96.75,0.09785579899111087,2725,422
sleep_frailty__1,97.0,0.09785579899111087,2725,422
sleep_frailty__1,97.25,0.03261859966370361,2725,422
sleep_frailty__1,97.5,0.03261859966370361,2725,422
sleep_frailty__1,97.75,0.03261859966370361,2725,422
sleep_frailty__1,98.0,0.03261859966370361,2725,422
sleep_frailty__1,98.25,0.03261859966370361,2725,422
sleep_frailty__1,98.5,0.03261859966370361,2725,422
sleep_frailty__1,98.75,0.03261859966370361,2725,422
sleep_frailty__1,99.0,0.03261859966370361,2725,422
sleep_frailty__1,99.25,0.03261859966370361,2725,422
sleep_frailty__1,99.5,0.03261859966370361,2725,422
sleep_frailty__1,99.75,0.03261859966370361,2725,422
sleep_frailty__1,100.0,0.03261859966370361,2725,422
sleep_frailty__1,100.25,0.03261859966370361,2725,422
sleep_frailty__1,100.5,0.03261859966370361,2725,422
sleep_frailty__1,100.75,0.03261859966370361,2725,422
sleep_frailty__1,101.0,0.03261859966370361,2725,422
sleep_frailty__1,101.25,0.03261859966370361,2725,422
sleep_frailty__1,101.5,0.03261859966370361,2725,422
sleep_frailty__1,101.75,0.03261859966370361,2725,422
sleep_frailty__1,102.0,0.03261859966370361,2725,422
sleep_frailty__1,102.25,0.03261859966370361,2725,422
sleep_frailty__1,102.5,0.03261859966370361,2725,422
sleep_frailty__1,102.75,0.03261859966370361,2725,422
sleep_frailty__1,103.0,0.03261859966370361,2725,422
sleep_frailty__1,103.25,0.03261859966370361,2725,422
sleep_frailty__1,103.5,0.03261859966370361,2725,422
sleep_frailty__1,103.75,0.03261859966370361,2725,422
sleep_frailty__1,104.0,0.03261859966370361,2725,422
sleep_frailty__1,104.25,0.03261859966370361,2725,422
sleep_frailty__1,104.5,0.03261859966370361,2725,422
sleep_frailty__1,104.75,0.03261859966370361,2725,422
sleep_frailty__1,105.0,0.03261859966370361,2725,422
sleep_frailty__1,105.25,0.03261859966370361,2725,422
sleep_frailty__1,105.5,0.03261859966370361,2725,422
sleep_frailty__1,105.75,0.03261859966370361,2725,422
sleep_frailty__1,106.0,0.03261859966370361,2725,422
sleep_frailty__1,106.25,0.03261859966370361,2725,422
sleep_frailty__1,106.5,0.03261859966370361,2725,422
sleep_frailty__1,106.75,0.03261859966370361,2725,422
sleep_frailty__1,107.0,0.03261859966370361,2725,422
sleep_frailty__1,107.25,0.03261859966370361,2725,422
sleep_frailty__1,107.5,0.03261859966370361,2725,422
sleep_frailty__1,107.75,0.03261859966370361,2725,422
sleep_frailty__1,108.0,0.03261859966370361,2725,422
sleep_frailty__1,108.25,0.03261859966370361,2725,422
sleep_frailty__1,108.5,0.03261859966370361,2725,422
sleep_frailty__1,108.75,0.03261859966370361,2725,422
sleep_frailty__1,109.0,0.03261859966370361,2725,422
sleep_frailty__1,109.25,0.03261859966370361,2725,422
sleep_frailty__1,109.5,0.03261859966370361,2725,422
sleep_frailty__1,109.75,0.03261859966370361,2725,422
sleep_frailty__1,110.0,0.03261859966370361,2725,422
church_frequency__0,20.0,,2187,621
church_frequency__0,20.25,,2187,621
church_frequency__0,20.5,,2187,621
church_frequency__0,20.75,,2187,621
church_frequency__0,21.0,,2187,621
church_frequency__0,21.25,,2187,621
church_frequency__0,21.5,,2187,621
church_frequency__0,21.75,,2187,621
church_frequency__0,22.0,,2187,621
church_frequency__0,22.25,,2187,621
church_frequency__0,22.5,,2187,621
church_frequency__0,22.75,,2187,621
church_frequency__0,23.0,,2187,621
church_frequency__0,23.25,,2187,621
church_frequency__0,23.5,,2187,621
church_frequency__0,23.75,,2187,621
church_frequency__0,24.0,,2187,621
church_frequency__0,24.25,,2187,621
church_frequency__0,24.5,,2187,621
church_frequency__0,24.75,,2187,621
church_frequency__0,25.0,,2187,621
church_frequency__0,25.25,,2187,621
church_frequency__0,25.5,,2187,621
church_frequency__0,25.75,,2187,621
church_frequency__0,26.0,,2187,621
church_frequency__0,26.25,,2187,621
church_frequency__0,26.5,,2187,621
church_frequency__0,26.75,,2187,621
church_frequency__0,27.0,,2187,621
church_frequency__0,27.25,,2187,621
church_frequency__0,27.5,,2187,621
church_frequency__0,27.75,,2187,621
church_frequency__0,28.0,,2187,621
church_frequency__0,28.25,,2187,621
church_frequency__0,28.5,,2187,621
church_frequency__0,28.75,,2187,621
church_frequency__0,29.0,,2187,621
church_frequency__0,29.25,,2187,621
church_frequency__0,29.5,,2187,621
church_frequency__0,29.75,,2187,621
church_frequency__0,30.0,,2187,621
church_frequency__0,30.25,,2187,621
church_frequency__0,30.5,,2187,621
church_frequency__0,30.75,,2187,621
church_frequency__0,31.0,,2187,621
church_frequency__0,31.25,,2187,621
church_frequency__0,31.5,,2187,621
church_frequency__0,31.75,,2187,621
church_frequency__0,32.0,,2187,621
church_frequency__0,32.25,,2187,621
church_frequency__0,32.5,,2187,621
church_frequency__0,32.75,,2187,621
church_frequency__0,33.0,,2187,621
church_frequency__0,33.25,,2187,621
church_frequency__0,33.5,,2187,621
church_frequency__0,33.75,,2187,621
church_frequency__0,34.0,,2187,621
church_frequency__0,34.25,,2187,621
church_frequency__0,34.5,,2187,621
church_frequency__0,34.75,,2187,621
church_frequency__0,35.0,,2187,621
church_frequency__0,35.25,,2187,621
church_frequency__0,35.5,,2187,621
church_frequency__0,35.75,,2187,621
church_frequency__0,36.0,,2187,621
church_frequency__0,36.25,,2187,621
church_frequency__0,36.5,,2187,621
church_frequency__0,36.75,,2187,621
church_frequency__0,37.0,,2187,621
church_frequency__0,37.25,,2187,621
church_frequency__0,37.5,,2187,621
church_frequency__0,37.75,,2187,621
church_frequency__0,38.0,,2187,621
church_frequency__0,38.25,,2187,621
church_frequency__0,38.5,,2187,621
church_frequency__0,38.75,,2187,621
church_frequency__0,39.0,,2187,621
church_frequency__0,39.25,,2187,621
church_frequency__0,39.5,,2187,621
church_frequency__0,39.75,,2187,621
church_frequency__0,40.0,1.0,2187,621
church_frequency__0,40.25,1.0,2187,621
church_frequency__0,40.5,1.0,2187,621
church_frequency__0,40.75,1.0,2187,621
church_frequency__0,41.0,1.0,2187,621
church_frequency__0,41.25,1.0,2187,621
church_frequency__0,41.5,1.0,2187,621
church_frequency__0,41.75,1.0,2187,621
church_frequency__0,42.0,1.0,2187,621
church_frequency__0,42.25,0.9920634920634924,2187,621
church_frequency__0,42.5,0.9920634920634924,2187,621
church_frequency__0,42.75,0.9920634920634924,2187,621
church_frequency__0,43.0,0.9920634920634924,2187,621
church_frequency__0,43.25,0.9920634920634924,2187,621
church_frequency__0,43.5,0.9920634920634924,2187,621
church_frequency__0,43.75,0.9920634920634924,2187,621
church_frequency__0,44.0,0.9920634920634924,2187,621
church_frequency__0,44.25,0.9878951580632257,2187,621
church_frequency__0,44.5,0.9878951580632257,2187,621
church_frequency__0,44.75,0.9878951580632257,2187,621
church_frequency__0,45.0,0.9845463609172481,2187,621
church_frequency__0,45.25,0.9845463609172481,2187,621
church_frequency__0,45.5,0.9845463609172481,2187,621
church_frequency__0,45.75,0.9816335018612796,2187,621
church_frequency__0,46.0,0.9816335018612796,2187,621
church_frequency__0,46.25,0.9791100224220481,2187,621
church_frequency__0,46.5,0.9791100224220481,2187,621
church_frequency__0,46.75,0.9791100224220481,2187,621
church_frequency__0,47.0,0.9791100224220481,2187,621
church_frequency__0,47.25,0.9791100224220481,2187,621
church_frequency__0,47.5,0.9791100224220481,2187,621
church_frequency__0,47.75,0.9749435967947205,2187,621
church_frequency__0,48.0,0.9708643348834456,2187,621
church_frequency__0,48.25,0.9688500935247663,2187,621
church_frequency__0,48.5,0.9688500935247663,2187,621
church_frequency__0,48.75,0.9613900823474839,2187,621
church_frequency__0,49.0,0.9613900823474839,2187,621
church_frequency__0,49.25,0.9613900823474839,2187,621
church_frequency__0,49.5,0.9596733143432922,2187,621
church_frequency__0,49.75,0.9580243911227703,2187,621
church_frequency__0,50.0,0.9580243911227703,2187,621
church_frequency__0,50.25,0.9580243911227703,2187,621
church_frequency__0,50.5,0.9580243911227703,2187,621
church_frequency__0,50.75,0.9580243911227703,2187,621
church_frequency__0,51.0,0.9580243911227703,2187,621
church_frequency__0,51.25,0.9552965666702284,2187,621
church_frequency__0,51.5,0.953956739788503,2187,621
church_frequency__0,51.75,0.9513714911711905,2187,621
church_frequency__0,52.0,0.9475369584276112,2187,621
church_frequency__0,52.25,0.9450401548480912,2187,621
church_frequency__0,52.5,0.9425806774904592,2187,621
church_frequency__0,52.75,0.9377047229703284,2187,621
church_frequency__0,53.0,0.9365009941860273,2187,621
church_frequency__0,53.25,0.9353155498895886,2187,621
church_frequency__0,53.5,0.9329595838421257,2187,621
church_frequency__0,53.75,0.9306257234796635,2187,621
church_frequency__0,54.0,0.9294595258311926,2187,621
church_frequency__0,54.25,0.9282889218943768,2187,621
church_frequency__0,54.5,0.9259868902007847,2187,621
church_frequency__0,54.75,0.9237004818826432,2187,621
church_frequency__0,55.0,0.9237004818826432,2187,621
church_frequency__0,55.25,0.9202409187116299,2187,621
church_frequency__0,55.5,0.9167928550179144,2187,621
church_frequency__0,55.75,0.9145008728803702,2187,621
church_frequency__0,56.0,0.9110714299818874,2187,621
church_frequency__0,56.25,0.9110714299818874,2187,621
church_frequency__0,56.5,0.9064917072956045,2187,621
church_frequency__0,56.75,0.9042155062351639,2187,621
church_frequency__0,57.0,0.9008048047153587,2187,621
church_frequency__0,57.25,0.8985068332747587,2187,621
church_frequency__0,57.5,0.8973534227057279,2187,621
church_frequency__0,57.75,0.8973534227057279,2187,621
church_frequency__0,58.0,0.8926673913785347,2187,621
church_frequency__0,58.25,0.8926673913785347,2187,621
church_frequency__0,58.5,0.8914928290214579,2187,621
church_frequency__0,58.75,0.8879028087657208,2187,621
church_frequency__0,59.0,0.8866996884286398,2187,621
church_frequency__0,59.25,0.8854916507059851,2187,621
church_frequency__0,59.5,0.8854916507059851,2187,621
church_frequency__0,59.75,0.8854916507059851,2187,621
church_frequency__0,60.0,0.8854916507059851,2187,621
church_frequency__0,60.25,0.8817951173497758,2187,621
church_frequency__0,60.5,0.8781362164479096,2187,621
church_frequency__0,60.75,0.8757153686739311,2187,621
church_frequency__0,61.0,0.8757153686739311,2187,621
church_frequency__0,61.25,0.8733243336038243,2187,621
church_frequency__0,61.5,0.8709250365290166,2187,621
church_frequency__0,61.75,0.8697303519795939,2187,621
church_frequency__0,62.0,0.8661047814520231,2187,621
church_frequency__0,62.25,0.8649035265540314,2187,621
church_frequency__0,62.5,0.8649035265540314,2187,621
church_frequency__0,62.75,0.8612829938774081,2187,621
church_frequency__0,63.0,0.858880521494463,2187,621
church_frequency__0,63.25,0.8576792899958693,2187,621
church_frequency__0,63.5,0.8541006559625067,2187,621
church_frequency__0,63.75,0.848136012586014,2187,621
church_frequency__0,64.0,0.8421444306645492,2187,621
church_frequency__0,64.25,0.8372851275356349,2187,621
church_frequency__0,64.5,0.8372851275356349,2187,621
church_frequency__0,64.75,0.8360483695924509,2187,621
church_frequency__0,65.0,0.8323617103104818,2187,621
church_frequency__0,65.25,0.8286659354856608,2187,621
church_frequency__0,65.5,0.8262033324084376,2187,621
church_frequency__0,65.75,0.8249609213822592,2187,621
church_frequency__0,66.0,0.823709083868781,2187,621
church_frequency__0,66.25,0.8199781343008943,2187,621
church_frequency__0,66.5,0.8174762897005925,2187,621
church_frequency__0,66.75,0.8087340715854768,2187,621
church_frequency__0,67.0,0.8025129160967567,2187,621
church_frequency__0,67.25,0.7950010947292365,2187,621
church_frequency__0,67.5,0.7937491245013163,2187,621
church_frequency__0,67.75,0.7912332794157343,2187,621
church_frequency__0,68.0,0.7849432960455097,2187,621
church_frequency__0,68.25,0.7760667028088294,2187,621
church_frequency__0,68.5,0.7735367329579091,2187,621
church_frequency__0,68.75,0.7646244278035336,2187,621
church_frequency__0,69.0,0.760792731477739,2187,621
church_frequency__0,69.25,0.7556235136238757,2187,621
church_frequency__0,69.5,0.7543184643775477,2187,621
church_frequency__0,69.75,0.7452004426285809,2187,621
church_frequency__0,70.0,0.7425695516803457,2187,621
church_frequency__0,70.25,0.7346931124279399,2187,621
church_frequency__0,70.5,0.7307665942050631,2187,621
church_frequency__0,70.75,0.7243087899533514,2187,621
church_frequency__0,71.0,0.7191420108043209,2187,621
church_frequency__0,71.25,0.7114298311136571,2187,621
church_frequency__0,71.5,0.6998350753275588,2187,621
church_frequency__0,71.75,0.6960177930984996,2187,621
church_frequency__0,72.0,0.6794508289820489,2187,621
church_frequency__0,72.25,0.6731502799328081,2187,621
church_frequency__0,72.5,0.6643778132692217,2187,621
church_frequency__0,72.75,0.6543418133868422,2187,621
church_frequency__0,73.0,0.6480955777446032,2187,621
church_frequency__0,73.25,0.6430860630252987,2187,621
church_frequency__0,73.5,0.6393053902357119,2187,621
church_frequency__0,73.75,0.6291475373513236,2187,621
church_frequency__0,74.0,0.6253523977985421,2187,621
church_frequency__0,74.25,0.6152934958343159,2187,621
church_frequency__0,74.5,0.6127613593794433,2187,621
church_frequency__0,74.75,0.6076997883754783,2187,621
church_frequency__0,75.0,0.6038909925294563,2187,621
church_frequency__0,75.25,0.5987892052420037,2187,621
church_frequency__0,75.5,0.5962247975107742,2187,621
church_frequency__0,75.75,0.5936465190565618,2187,621
church_frequency__0,76.0,0.585828382205645,2187,621
church_frequency__0,76.25,0.5806034152803893,2187,621
church_frequency__0,76.5,0.572821626236835,2187,621
church_frequency__0,76.75,0.5662735471839623,2187,621
church_frequency__0,77.0,0.555912818199216,2187,621
church_frequency__0,77.25,0.5468022053241105,2187,621
church_frequency__0,77.5,0.537740955507961,2187,621
church_frequency__0,77.75,0.5338441909755387,2187,621
church_frequency__0,78.0,0.5325515900288665,2187,621
church_frequency__0,78.25,0.5287232209009116,2187,621
church_frequency__0,78.5,0.5222941115677227,2187,621
church_frequency__0,78.75,0.5120619362837378,2187,621
church_frequency__0,79.0,0.5069603755816365,2187,621
church_frequency__0,79.25,0.5030837165590129,2187,621
church_frequency__0,79.5,0.4953108065399586,2187,621
church_frequency__0,79.75,0.48886462152387733,2187,621
church_frequency__0,80.0,0.48629164983164647,2187,621
church_frequency__0,80.25,0.4774038479677567,2187,621
church_frequency__0,80.5,0.4735570911963846,2187,621
church_frequency__0,80.75,0.4593365379144837,2187,621
church_frequency__0,81.0,0.44750449177387425,2187,621
church_frequency__0,81.25,0.4421846768380618,2187,621
church_frequency__0,81.5,0.4381766894484818,2187,621
church_frequency__0,81.75,0.4302095944402008,2187,621
church_frequency__0,82.0,0.41683510860877115,2187,621
church_frequency__0,82.25,0.4154948027933091,2187,621
church_frequency__0,82.5,0.4046140318374285,2187,621
church_frequency__0,82.75,0.3923786145533511,2187,621
church_frequency__0,83.0,0.38417077831576796,2187,621
church_frequency__0,83.25,0.37870187459301785,2187,621
church_frequency__0,83.5,0.37321304342231604,2187,621
church_frequency__0,83.75,0.3635725467230114,2187,621
church_frequency__0,84.0,0.3538957933106655,2187,621
church_frequency__0,84.25,0.3455289852579217,2187,621
church_frequency__0,84.5,0.3355572642011272,2187,621
church_frequency__0,84.75,0.32687742495864364,2187,621
church_frequency__0,85.0,0.3179823554724807,2187,621
church_frequency__0,85.25,0.3088301378405118,2187,621
church_frequency__0,85.5,0.30246779678259905,2187,621
church_frequency__0,85.75,0.2976065816111046,2187,621
church_frequency__0,86.0,0.28925501736993436,2187,621
church_frequency__0,86.25,0.27904166017188314,2187,621
church_frequency__0,86.5,0.2650955718593614,2187,621
church_frequency__0,86.75,0.2575751301044859,2187,621
church_frequency__0,87.0,0.24613976892546774,2187,621
church_frequency__0,87.25,0.2401021983729315,2187,621
church_frequency__0,87.5,0.23394573174798453,2187,621
church_frequency__0,87.75,0.22773478311750708,2187,621
church_frequency__0,88.0,0.2169846176005023,2187,621
church_frequency__0,88.25,0.20791611154576994,2187,621
church_frequency__0,88.5,0.2054984823417495,2187,621
church_frequency__0,88.75,0.1979175932065814,2187,621
church_frequency__0,89.0,0.18749717004525746,2187,621
church_frequency__0,89.25,0.17685627845611065,2187,621
church_frequency__0,89.5,0.17149699729077394,2187,621
church_frequency__0,89.75,0.16040882936249135,2187,621
church_frequency__0,90.0,0.15114076366599188,2187,621
church_frequency__0,90.25,0.14484323184657555,2187,621
church_frequency__0,90.5,0.14484323184657555,2187,621
church_frequency__0,90.75,0.14484323184657555,2187,621
church_frequency__0,91.0,0.14122215105041114,2187,621
church_frequency__0,91.25,0.13397998945808237,2187,621
church_frequency__0,91.5,0.13015198975928005,2187,621
church_frequency__0,91.75,0.1262079900696049,2187,621
church_frequency__0,92.0,0.11779412406496455,2187,621
church_frequency__0,92.25,0.11343137872922512,2187,621
church_frequency__0,92.5,0.09925245638807198,2187,621
church_frequency__0,92.75,0.09373843103317911,2187,621
church_frequency__0,93.0,0.08271038032339333,2187,621
church_frequency__0,93.25,0.07168232961360756,2187,621
church_frequency__0,93.5,0.07168232961360756,2187,621
church_frequency__0,93.75,0.06616830425871466,2187,621
church_frequency__0,94.0,0.06616830425871466,2187,621
church_frequency__0,94.25,0.06616830425871466,2187,621
church_frequency__0,94.5,0.06616830425871466,2187,621
church_frequency__0,94.75,0.060153003871558794,2187,621
church_frequency__0,95.0,0.060153003871558794,2187,621
church_frequency__0,95.25,0.05413770348440291,2187,621
church_frequency__0,95.5,0.05413770348440291,2187,621
church_frequency__0,95.75,0.046403745843773936,2187,621
church_frequency__0,96.0,0.038669788203144935,2187,621
church_frequency__0,96.25,0.038669788203144935,2187,621
church_frequency__0,96.5,0.038669788203144935,2187,621
church_frequency__0,96.75,0.038669788203144935,2187,621
church_frequency__0,97.0,0.038669788203144935,2187,621
church_frequency__0,97.25,0.019334894101572467,2187,621
church_frequency__0,97.5,0.019334894101572467,2187,621
church_frequency__0,97.75,0.019334894101572467,2187,621
church_frequency__0,98.0,0.019334894101572467,2187,621
church_frequency__0,98.25,0.019334894101572467,2187,621
church_frequency__0,98.5,0.019334894101572467,2187,621
church_frequency__0,98.75,0.019334894101572467,2187,621
church_frequency__0,99.0,0.019334894101572467,2187,621
church_frequency__0,99.25,0.019334894101572467,2187,621
church_frequency__0,99.5,0.019334894101572467,2187,621
church_frequency__0,99.75,0.019334894101572467,2187,621
church_frequency__0,100.0,0.019334894101572467,2187,621
church_frequency__0,100.25,0.019334894101572467,2187,621
church_frequency__0,100.5,0.019334894101572467,2187,621
church_frequency__0,100.75,0.019334894101572467,2187,621
church_frequency__0,101.0,0.019334894101572467,2187,621
church_frequency__0,101.25,0.019334894101572467,2187,621
church_frequency__0,101.5,0.019334894101572467,2187,621
church_frequency__0,101.75,0.019334894101572467,2187,621
church_frequency__0,102.0,0.019334894101572467,2187,621
church_frequency__0,102.25,0.019334894101572467,2187,621
church_frequency__0,102.5,0.019334894101572467,2187,621
church_frequency__0,102.75,0.019334894101572467,2187,621
church_frequency__0,103.0,0.019334894101572467,2187,621
church_frequency__0,103.25,0.019334894101572467,2187,621
church_frequency__0,103.5,0.019334894101572467,2187,621
church_frequency__0,103.75,0.019334894101572467,2187,621
church_frequency__0,104.0,0.019334894101572467,2187,621
church_frequency__0,104.25,0.019334894101572467,2187,621
church_frequency__0,104.5,0.019334894101572467,2187,621
church_frequency__0,104.75,0.019334894101572467,2187,621
church_frequency__0,105.0,0.019334894101572467,2187,621
church_frequency__0,105.25,0.019334894101572467,2187,621
church_frequency__0,105.5,0.019334894101572467,2187,621
church_frequency__0,105.75,0.019334894101572467,2187,621
church_frequency__0,106.0,0.019334894101572467,2187,621
church_frequency__0,106.25,0.019334894101572467,2187,621
church_frequency__0,106.5,0.019334894101572467,2187,621
church_frequency__0,106.75,0.019334894101572467,2187,621
church_frequency__0,107.0,0.019334894101572467,2187,621
church_frequency__0,107.25,0.019334894101572467,2187,621
church_frequency__0,107.5,0.019334894101572467,2187,621
church_frequency__0,107.75,0.019334894101572467,2187,621
church_frequency__0,108.0,0.019334894101572467,2187,621
church_frequency__0,108.25,0.019334894101572467,2187,621
church_frequency__0,108.5,0.019334894101572467,2187,621
church_frequency__0,108.75,0.019334894101572467,2187,621
church_frequency__0,109.0,0.019334894101572467,2187,621
church_frequency__0,109.25,0.019334894101572467,2187,621
church_frequency__0,109.5,0.019334894101572467,2187,621
church_frequency__0,109.75,0.019334894101572467,2187,621
church_frequency__0,110.0,0.019334894101572467,2187,621
church_frequency__1,20.0,,1776,351
church_frequency__1,20.25,,1776,351
church_frequency__1,20.5,,1776,351
church_frequency__1,20.75,,1776,351
church_frequency__1,21.0,,1776,351
church_frequency__1,21.25,,1776,351
church_frequency__1,21.5,,1776,351
church_frequency__1,21.75,,1776,351
church_frequency__1,22.0,,1776,351
church_frequency__1,22.25,,1776,351
church_frequency__1,22.5,,1776,351
church_frequency__1,22.75,,1776,351
church_frequency__1,23.0,,1776,351
church_frequency__1,23.25,,1776,351
church_frequency__1,23.5,,1776,351
church_frequency__1,23.75,,1776,351
church_frequency__1,24.0,,1776,351
church_frequency__1,24.25,,1776,351
church_frequency__1,24.5,,1776,351
church_frequency__1,24.75,,1776,351
church_frequency__1,25.0,,1776,351
church_frequency__1,25.25,,1776,351
church_frequency__1,25.5,,1776,351
church_frequency__1,25.75,,1776,351
church_frequency__1,26.0,,1776,351
church_frequency__1,26.25,,1776,351
church_frequency__1,26.5,,1776,351
church_frequency__1,26.75,,1776,351
church_frequency__1,27.0,,1776,351
church_frequency__1,27.25,,1776,351
church_frequency__1,27.5,,1776,351
church_frequency__1,27.75,,1776,351
church_frequency__1,28.0,,1776,351
church_frequency__1,28.25,,1776,351
church_frequency__1,28.5,,1776,351
church_frequency__1,28.75,,1776,351
church_frequency__1,29.0,,1776,351
church_frequency__1,29.25,,1776,351
church_frequency__1,29.5,,1776,351
church_frequency__1,29.75,,1776,351
church_frequency__1,30.0,,1776,351
church_frequency__1,30.25,,1776,351
church_frequency__1,30.5,,1776,351
church_frequency__1,30.75,,1776,351
church_frequency__1,31.0,,1776,351
church_frequency__1,31.25,,1776,351
church_frequency__1,31.5,,1776,351
church_frequency__1,31.75,,1776,351
church_frequency__1,32.0,,1776,351
church_frequency__1,32.25,,1776,351
church_frequency__1,32.5,,1776,351
church_frequency__1,32.75,,1776,351
church_frequency__1,33.0,,1776,351
church_frequency__1,33.25,,1776,351
church_frequency__1,33.5,,1776,351
church_frequency__1,33.75,,1776,351
church_frequency__1,34.0,,1776,351
church_frequency__1,34.25,,1776,351
church_frequency__1,34.5,,1776,351
church_frequency__1,34.75,,1776,351
church_frequency__1,35.0,,1776,351
church_frequency__1,35.25,,1776,351
church_frequency__1,35.5,,1776,351
church_frequency__1,35.75,,1776,351
church_frequency__1,36.0,,1776,351
church_frequency__1,36.25,,1776,351
church_frequency__1,36.5,,1776,351
church_frequency__1,36.75,,1776,351
church_frequency__1,37.0,,1776,351
church_frequency__1,37.25,,1776,351
church_frequency__1,37.5,,1776,351
church_frequency__1,37.75,,1776,351
church_frequency__1,38.0,,1776,351
church_frequency__1,38.25,,1776,351
church_frequency__1,38.5,,1776,351
church_frequency__1,38.75,,1776,351
church_frequency__1,39.0,,1776,351
church_frequency__1,39.25,,1776,351
church_frequency__1,39.5,,1776,351
church_frequency__1,39.75,,1776,351
church_frequency__1,40.0,1.0,1776,351
church_frequency__1,40.25,1.0,1776,351
church_frequency__1,40.5,1.0,1776,351
church_frequency__1,40.75,1.0,1776,351
church_frequency__1,41.0,1.0,1776,351
church_frequency__1,41.25,1.0,1776,351
church_frequency__1,41.5,1.0,1776,351
church_frequency__1,41.75,1.0,1776,351
church_frequency__1,42.0,1.0,1776,351
church_frequency__1,42.25,0.9930555555555551,1776,351
church_frequency__1,42.5,0.9930555555555551,1776,351
church_frequency__1,42.75,0.9930555555555551,1776,351
church_frequency__1,43.0,0.9930555555555551,1776,351
church_frequency__1,43.25,0.9930555555555551,1776,351
church_frequency__1,43.5,0.9930555555555551,1776,351
church_frequency__1,43.75,0.9930555555555551,1776,351
church_frequency__1,44.0,0.9930555555555551,1776,351
church_frequency__1,44.25,0.9892065030146425,1776,351
church_frequency__1,44.5,0.9892065030146425,1776,351
church_frequency__1,44.75,0.9892065030146425,1776,351
church_frequency__1,45.0,0.9892065030146425,1776,351
church_frequency__1,45.25,0.9892065030146425,1776,351
church_frequency__1,45.5,0.9862269653549602,1776,351
church_frequency__1,45.75,0.9862269653549602,1776,351
church_frequency__1,46.0,0.9862269653549602,1776,351
church_frequency__1,46.25,0.9862269653549602,1776,351
church_frequency__1,46.5,0.9862269653549602,1776,351
church_frequency__1,46.75,0.9862269653549602,1776,351
church_frequency__1,47.0,0.9862269653549602,1776,351
church_frequency__1,47.25,0.9862269653549602,1776,351
church_frequency__1,47.5,0.9862269653549602,1776,351
church_frequency__1,47.75,0.9840402093342173,1776,351
church_frequency__1,48.0,0.9840402093342173,1776,351
church_frequency__1,48.25,0.9819509519895587,1776,351
church_frequency__1,48.5,0.9799052208395802,1776,351
church_frequency__1,48.75,0.9799052208395802,1776,351
church_frequency__1,49.0,0.9799052208395802,1776,351
church_frequency__1,49.25,0.9779609644490254,1776,351
church_frequency__1,49.5,0.9779609644490254,1776,351
church_frequency__1,49.75,0.9779609644490254,1776,351
church_frequency__1,50.0,0.9743253966624305,1776,351
church_frequency__1,50.25,0.9725506691639566,1776,351
church_frequency__1,50.5,0.9708592766958455,1776,351
church_frequency__1,50.75,0.9708592766958455,1776,351
church_frequency__1,51.0,0.9708592766958455,1776,351
church_frequency__1,51.25,0.9708592766958455,1776,351
church_frequency__1,51.5,0.967825341456171,1776,351
church_frequency__1,51.75,0.967825341456171,1776,351
church_frequency__1,52.0,0.9663522435239699,1776,351
church_frequency__1,52.25,0.9663522435239699,1776,351
church_frequency__1,52.5,0.9663522435239699,1776,351
church_frequency__1,52.75,0.9663522435239699,1776,351
church_frequency__1,53.0,0.9649435667841396,1776,351
church_frequency__1,53.25,0.9649435667841396,1776,351
church_frequency__1,53.5,0.9621963923063087,1776,351
church_frequency__1,53.75,0.9608198595562282,1776,351
church_frequency__1,54.0,0.9594684954780905,1776,351
church_frequency__1,54.25,0.9581209273664637,1776,351
church_frequency__1,54.5,0.9581209273664637,1776,351
church_frequency__1,54.75,0.9567541357439721,1776,351
church_frequency__1,55.0,0.9553635047327161,1776,351
church_frequency__1,55.25,0.9553635047327161,1776,351
church_frequency__1,55.5,0.9553635047327161,1776,351
church_frequency__1,55.75,0.9539093745885263,1776,351
church_frequency__1,56.0,0.9524618641566774,1776,351
church_frequency__1,56.25,0.9524618641566774,1776,351
church_frequency__1,56.5,0.9480500396543158,1776,351
church_frequency__1,56.75,0.9465663932698802,1776,351
church_frequency__1,57.0,0.9421292181802254,1776,351
church_frequency__1,57.25,0.9406361449342985,1776,351
church_frequency__1,57.5,0.9391238681739541,1776,351
church_frequency__1,57.75,0.9360821654424305,1776,351
church_frequency__1,58.0,0.9345576016550654,1776,351
church_frequency__1,58.25,0.9330128783465443,1776,351
church_frequency__1,58.5,0.9314552608534781,1776,351
church_frequency__1,58.75,0.925164221100042,1776,351
church_frequency__1,59.0,0.925164221100042,1776,351
church_frequency__1,59.25,0.918889254509578,1776,351
church_frequency__1,59.5,0.9157476424366011,1776,351
church_frequency__1,59.75,0.9141522632685931,1776,351
church_frequency__1,60.0,0.9109390146406419,1776,351
church_frequency__1,60.25,0.9093324202585601,1776,351
church_frequency__1,60.5,0.9093324202585601,1776,351
church_frequency__1,60.75,0.9077482174358099,1776,351
church_frequency__1,61.0,0.9046341583708498,1776,351
church_frequency__1,61.25,0.9046341583708498,1776,351
church_frequency__1,61.5,0.9031364196980506,1776,351
church_frequency__1,61.75,0.8986282512137006,1776,351
church_frequency__1,62.0,0.8971255283855846,1776,351
church_frequency__1,62.25,0.895622805557468,1776,351
church_frequency__1,62.5,0.8926497858471848,1776,351
church_frequency__1,62.75,0.8911444742353004,1776,351
church_frequency__1,63.0,0.8881082068614151,1776,351
church_frequency__1,63.25,0.8851078412976939,1776,351
church_frequency__1,63.5,0.8760063752472652,1776,351
church_frequency__1,63.75,0.8745012096540562,1776,351
church_frequency__1,64.0,0.8714514293024053,1776,351
church_frequency__1,64.25,0.8699384927931997,1776,351
church_frequency__1,64.5,0.8669283249980675,1776,351
church_frequency__1,64.75,0.8654232411005014,1776,351
church_frequency__1,65.0,0.8609622261363242,1776,351
church_frequency__1,65.25,0.8594829095965704,1776,351
church_frequency__1,65.5,0.8564959943601493,1776,351
church_frequency__1,65.75,0.8519906314341881,1776,351
church_frequency__1,66.0,0.8489693880603075,1776,351
church_frequency__1,66.25,0.8444021778822121,1776,351
church_frequency__1,66.5,0.8397879276282488,1776,351
church_frequency__1,66.75,0.8336214671176418,1776,351
church_frequency__1,67.0,0.8336214671176418,1776,351
church_frequency__1,67.25,0.8305762363776491,1776,351
church_frequency__1,67.5,0.8305762363776491,1776,351
church_frequency__1,67.75,0.8290409753122567,1776,351
church_frequency__1,68.0,0.8290409753122567,1776,351
church_frequency__1,68.25,0.8290409753122567,1776,351
church_frequency__1,68.5,0.8228592747684198,1776,351
church_frequency__1,68.75,0.8212768530861726,1776,351
church_frequency__1,69.0,0.818133200976614,1776,351
church_frequency__1,69.25,0.8149895139553018,1776,351
church_frequency__1,69.5,0.8134161751252725,1776,351
church_frequency__1,69.75,0.8086593311457291,1776,351
church_frequency__1,70.0,0.8039699015553821,1776,351
church_frequency__1,70.25,0.8008446452526612,1776,351
church_frequency__1,70.5,0.7977163458571429,1776,351
church_frequency__1,70.75,0.7946184183004158,1776,351
church_frequency__1,71.0,0.7899925517202576,1776,351
church_frequency__1,71.25,0.7838863462652359,1776,351
church_frequency__1,71.5,0.7808626682041508,1776,351
church_frequency__1,71.75,0.7732959971300108,1776,351
church_frequency__1,72.0,0.7687678985136274,1776,351
church_frequency__1,72.25,0.7641797449722002,1776,351
church_frequency__1,72.5,0.7565589959560894,1776,351
church_frequency__1,72.75,0.7534551543625131,1776,351
church_frequency__1,73.0,0.7534551543625131,1776,351
church_frequency__1,73.25,0.7502556826999989,1776,351
church_frequency__1,73.5,0.7453834359990716,1776,351
church_frequency__1,73.75,0.7437270283635182,1776,351
church_frequency__1,74.0,0.7420706207279645,1776,351
church_frequency__1,74.25,0.7353885700523812,1776,351
church_frequency__1,74.5,0.7320534744965882,1776,351
church_frequency__1,74.75,0.7269420271816224,1776,351
church_frequency__1,75.0,0.7235130171175255,1776,351
church_frequency__1,75.25,0.7165136376144248,1776,351
church_frequency__1,75.5,0.7147133520927808,1776,351
church_frequency__1,75.75,0.7129085203955768,1776,351
church_frequency__1,76.0,0.7092619294984124,1776,351
church_frequency__1,76.25,0.7055868488430214,1776,351
church_frequency__1,76.5,0.7018732338491108,1776,351
church_frequency__1,76.75,0.6981298565537537,1776,351
church_frequency__1,77.0,0.6886849703759631,1776,351
church_frequency__1,77.25,0.6886849703759631,1776,351
church_frequency__1,77.5,0.6790930178649223,1776,351
church_frequency__1,77.75,0.6753043825046426,1776,351
church_frequency__1,78.0,0.6657324334088469,1776,351
church_frequency__1,78.25,0.6638083512313646,1776,351
church_frequency__1,78.5,0.6579334275336337,1776,351
church_frequency__1,78.75,0.648024427583,1776,351
church_frequency__1,79.0,0.6421569555844397,1776,351
church_frequency__1,79.25,0.6421569555844397,1776,351
church_frequency__1,79.5,0.6320537781379579,1776,351
church_frequency__1,79.75,0.6279356379035238,1776,351
church_frequency__1,80.0,0.6195690710282121,1776,351
church_frequency__1,80.25,0.6152955689988762,1776,351
church_frequency__1,80.5,0.6109777053567786,1776,351
church_frequency__1,80.75,0.6043843057758048,1776,351
church_frequency__1,81.0,0.6022024129751699,1776,351
church_frequency__1,81.25,0.5891736194057889,1776,351
church_frequency__1,81.5,0.5692202359467458,1776,351
church_frequency__1,81.75,0.5624338792476095,1776,351
church_frequency__1,82.0,0.5624338792476095,1776,351
church_frequency__1,82.25,0.5484880394808545,1776,351
church_frequency__1,82.5,0.5391514710436912,1776,351
church_frequency__1,82.75,0.5223859109083393,1776,351
church_frequency__1,83.0,0.5150277048565518,1776,351
church_frequency__1,83.25,0.502489119593099,1776,351
church_frequency__1,83.5,0.4999766739951336,1776,351
church_frequency__1,83.75,0.49738612128013293,1776,351
church_frequency__1,84.0,0.48932040039450925,1776,351
church_frequency__1,84.25,0.4811174166640472,1776,351
church_frequency__1,84.5,0.46974448689665943,1776,351
church_frequency__1,84.75,0.4610615171939399,1776,351
church_frequency__1,85.0,0.45213774589341194,1776,351
church_frequency__1,85.25,0.45213774589341194,1776,351
church_frequency__1,85.5,0.4397913936523339,1776,351
church_frequency__1,85.75,0.4335532178558467,1776,351
church_frequency__1,86.0,0.4176790446683596,1776,351
church_frequency__1,86.25,0.4046492718094154,1776,351
church_frequency__1,86.5,0.3908400929693859,1776,351
church_frequency__1,86.75,0.38370101046312644,1776,351
church_frequency__1,87.0,0.37628597396756297,1776,351
church_frequency__1,87.25,0.36079050165154786,1776,351
church_frequency__1,87.5,0.36079050165154786,1776,351
church_frequency__1,87.75,0.35230131337739384,1776,351
church_frequency__1,88.0,0.3477259716452198,1776,351
church_frequency__1,88.25,0.3477259716452198,1776,351
church_frequency__1,88.5,0.3332373894933357,1776,351
church_frequency__1,88.75,0.3332373894933357,1776,351
church_frequency__1,89.0,0.3180054565780621,1776,351
church_frequency__1,89.25,0.3127053656350946,1776,351
church_frequency__1,89.5,0.3127053656350946,1776,351
church_frequency__1,89.75,0.30066915910876263,1776,351
church_frequency__1,90.0,0.30066915910876263,1776,351
church_frequency__1,90.25,0.28759658697359897,1776,351
church_frequency__1,90.5,0.26736450149464236,1776,351
church_frequency__1,90.75,0.26736450149464236,1776,351
church_frequency__1,91.0,0.26736450149464236,1776,351
church_frequency__1,91.25,0.2584523514448209,1776,351
church_frequency__1,91.5,0.2481142573870282,1776,351
church_frequency__1,91.75,0.23777616332923532,1776,351
church_frequency__1,92.0,0.23777616332923532,1776,351
church_frequency__1,92.25,0.2252616284171703,1776,351
church_frequency__1,92.5,0.2252616284171703,1776,351
church_frequency__1,92.75,0.2252616284171703,1776,351
church_frequency__1,93.0,0.2252616284171703,1776,351
church_frequency__1,93.25,0.2252616284171703,1776,351
church_frequency__1,93.5,0.21118277664109716,1776,351
church_frequency__1,93.75,0.19710392486502398,1776,351
church_frequency__1,94.0,0.18302507308895088,1776,351
church_frequency__1,94.25,0.18302507308895088,1776,351
church_frequency__1,94.5,0.16777298366487164,1776,351
church_frequency__1,94.75,0.13345578246069342,1776,351
church_frequency__1,95.0,0.13345578246069342,1776,351
church_frequency__1,95.25,0.13345578246069342,1776,351
church_frequency__1,95.5,0.13345578246069342,1776,351
church_frequency__1,95.75,0.13345578246069342,1776,351
church_frequency__1,96.0,0.13345578246069342,1776,351
church_frequency__1,96.25,0.13345578246069342,1776,351
church_frequency__1,96.5,0.0667278912303467,1776,351
church_frequency__1,96.75,0.0667278912303467,1776,351
church_frequency__1,97.0,0.0667278912303467,1776,351
church_frequency__1,97.25,0.0667278912303467,1776,351
church_frequency__1,97.5,0.0667278912303467,1776,351
church_frequency__1,97.75,0.0667278912303467,1776,351
church_frequency__1,98.0,0.0667278912303467,1776,351
church_frequency__1,98.25,0.0,1776,351
church_frequency__1,98.5,0.0,1776,351
church_frequency__1,98.75,0.0,1776,351
church_frequency__1,99.0,0.0,1776,351
church_frequency__1,99.25,0.0,1776,351
church_frequency__1,99.5,0.0,1776,351
church_frequency__1,99.75,0.0,1776,351
church_frequency__1,100.0,0.0,1776,351
church_frequency__1,100.25,0.0,1776,351
church_frequency__1,100.5,0.0,1776,351
church_frequency__1,100.75,0.0,1776,351
church_frequency__1,101.0,0.0,1776,351
church_frequency__1,101.25,0.0,1776,351
church_frequency__1,101.5,0.0,1776,351
church_frequency__1,101.75,0.0,1776,351
church_frequency__1,102.0,0.0,1776,351
church_frequency__1,102.25,0.0,1776,351
church_frequency__1,102.5,0.0,1776,351
church_frequency__1,102.75,0.0,1776,351
church_frequency__1,103.0,0.0,1776,351
church_frequency__1,103.25,0.0,1776,351
church_frequency__1,103.5,0.0,1776,351
church_frequency__1,103.75,0.0,1776,351
church_frequency__1,104.0,0.0,1776,351
church_frequency__1,104.25,0.0,1776,351
church_frequency__1,104.5,0.0,1776,351
church_frequency__1,104.75,0.0,1776,351
church_frequency__1,105.0,0.0,1776,351
church_frequency__1,105.25,0.0,1776,351
church_frequency__1,105.5,0.0,1776,351
church_frequency__1,105.75,0.0,1776,351
church_frequency__1,106.0,0.0,1776,351
church_frequency__1,106.25,0.0,1776,351
church_frequency__1,106.5,0.0,1776,351
church_frequency__1,106.75,0.0,1776,351
church_frequency__1,107.0,0.0,1776,351
church_frequency__1,107.25,0.0,1776,351
church_frequency__1,107.5,0.0,1776,351
church_frequency__1,107.75,0.0,1776,351
church_frequency__1,108.0,0.0,1776,351
church_frequency__1,108.25,0.0,1776,351
church_frequency__1,108.5,0.0,1776,351
church_frequency__1,108.75,0.0,1776,351
church_frequency__1,109.0,0.0,1776,351
church_frequency__1,109.25,0.0,1776,351
church_frequency__1,109.5,0.0,1776,351
church_frequency__1,109.75,0.0,1776,351
church_frequency__1,110.0,0.0,1776,351
church_frequency__2,20.0,,1689,415
church_frequency__2,20.25,,1689,415
church_frequency__2,20.5,,1689,415
church_frequency__2,20.75,,1689,415
church_frequency__2,21.0,,1689,415
church_frequency__2,21.25,,1689,415
church_frequency__2,21.5,,1689,415
church_frequency__2,21.75,,1689,415
church_frequency__2,22.0,,1689,415
church_frequency__2,22.25,,1689,415
church_frequency__2,22.5,,1689,415
church_frequency__2,22.75,,1689,415
church_frequency__2,23.0,,1689,415
church_frequency__2,23.25,,1689,415
church_frequency__2,23.5,,1689,415
church_frequency__2,23.75,,1689,415
church_frequency__2,24.0,,1689,415
church_frequency__2,24.25,,1689,415
church_frequency__2,24.5,,1689,415
church_frequency__2,24.75,,1689,415
church_frequency__2,25.0,,1689,415
church_frequency__2,25.25,,1689,415
church_frequency__2,25.5,,1689,415
church_frequency__2,25.75,,1689,415
church_frequency__2,26.0,,1689,415
church_frequency__2,26.25,,1689,415
church_frequency__2,26.5,,1689,415
church_frequency__2,26.75,,1689,415
church_frequency__2,27.0,,1689,415
church_frequency__2,27.25,,1689,415
church_frequency__2,27.5,,1689,415
church_frequency__2,27.75,,1689,415
church_frequency__2,28.0,,1689,415
church_frequency__2,28.25,,1689,415
church_frequency__2,28.5,,1689,415
church_frequency__2,28.75,,1689,415
church_frequency__2,29.0,,1689,415
church_frequency__2,29.25,,1689,415
church_frequency__2,29.5,,1689,415
church_frequency__2,29.75,,1689,415
church_frequency__2,30.0,,1689,415
church_frequency__2,30.25,,1689,415
church_frequency__2,30.5,,1689,415
church_frequency__2,30.75,,1689,415
church_frequency__2,31.0,,1689,415
church_frequency__2,31.25,,1689,415
church_frequency__2,31.5,,1689,415
church_frequency__2,31.75,,1689,415
church_frequency__2,32.0,,1689,415
church_frequency__2,32.25,,1689,415
church_frequency__2,32.5,,1689,415
church_frequency__2,32.75,,1689,415
church_frequency__2,33.0,,1689,415
church_frequency__2,33.25,,1689,415
church_frequency__2,33.5,,1689,415
church_frequency__2,33.75,,1689,415
church_frequency__2,34.0,,1689,415
church_frequency__2,34.25,,1689,415
church_frequency__2,34.5,,1689,415
church_frequency__2,34.75,,1689,415
church_frequency__2,35.0,,1689,415
church_frequency__2,35.25,,1689,415
church_frequency__2,35.5,,1689,415
church_frequency__2,35.75,,1689,415
church_frequency__2,36.0,,1689,415
church_frequency__2,36.25,,1689,415
church_frequency__2,36.5,,1689,415
church_frequency__2,36.75,,1689,415
church_frequency__2,37.0,,1689,415
church_frequency__2,37.25,,1689,415
church_frequency__2,37.5,,1689,415
church_frequency__2,37.75,,1689,415
church_frequency__2,38.0,,1689,415
church_frequency__2,38.25,,1689,415
church_frequency__2,38.5,,1689,415
church_frequency__2,38.75,,1689,415
church_frequency__2,39.0,,1689,415
church_frequency__2,39.25,,1689,415
church_frequency__2,39.5,,1689,415
church_frequency__2,39.75,,1689,415
church_frequency__2,40.0,1.0,1689,415
church_frequency__2,40.25,1.0,1689,415
church_frequency__2,40.5,1.0,1689,415
church_frequency__2,40.75,1.0,1689,415
church_frequency__2,41.0,1.0,1689,415
church_frequency__2,41.25,0.9795918367346942,1689,415
church_frequency__2,41.5,0.9795918367346942,1689,415
church_frequency__2,41.75,0.9795918367346942,1689,415
church_frequency__2,42.0,0.9795918367346942,1689,415
church_frequency__2,42.25,0.9795918367346942,1689,415
church_frequency__2,42.5,0.9795918367346942,1689,415
church_frequency__2,42.75,0.9795918367346942,1689,415
church_frequency__2,43.0,0.9795918367346942,1689,415
church_frequency__2,43.25,0.9795918367346942,1689,415
church_frequency__2,43.5,0.9795918367346942,1689,415
church_frequency__2,43.75,0.9795918367346942,1689,415
church_frequency__2,44.0,0.9795918367346942,1689,415
church_frequency__2,44.25,0.9795918367346942,1689,415
church_frequency__2,44.5,0.9795918367346942,1689,415
church_frequency__2,44.75,0.9795918367346942,1689,415
church_frequency__2,45.0,0.9795918367346942,1689,415
church_frequency__2,45.25,0.9795918367346942,1689,415
church_frequency__2,45.5,0.9795918367346942,1689,415
church_frequency__2,45.75,0.9795918367346942,1689,415
church_frequency__2,46.0,0.9795918367346942,1689,415
church_frequency__2,46.25,0.9795918367346942,1689,415
church_frequency__2,46.5,0.9795918367346942,1689,415
church_frequency__2,46.75,0.9795918367346942,1689,415
church_frequency__2,47.0,0.9795918367346942,1689,415
church_frequency__2,47.25,0.9795918367346942,1689,415
church_frequency__2,47.5,0.9795918367346942,1689,415
church_frequency__2,47.75,0.9764621503553506,1689,415
church_frequency__2,48.0,0.9764621503553506,1689,415
church_frequency__2,48.25,0.9764621503553506,1689,415
church_frequency__2,48.5,0.9764621503553506,1689,415
church_frequency__2,48.75,0.9736722584971926,1689,415
church_frequency__2,49.0,0.9709899657740606,1689,415
church_frequency__2,49.25,0.9709899657740606,1689,415
church_frequency__2,49.5,0.9709899657740606,1689,415
church_frequency__2,49.75,0.9709899657740606,1689,415
church_frequency__2,50.0,0.9709899657740606,1689,415
church_frequency__2,50.25,0.9709899657740606,1689,415
church_frequency__2,50.5,0.9709899657740606,1689,415
church_frequency__2,50.75,0.9709899657740606,1689,415
church_frequency__2,51.0,0.9709899657740606,1689,415
church_frequency__2,51.25,0.9687680207722894,1689,415
church_frequency__2,51.5,0.9665910139840371,1689,415
church_frequency__2,51.75,0.9665910139840371,1689,415
church_frequency__2,52.0,0.9644759351788204,1689,415
church_frequency__2,52.25,0.9644759351788204,1689,415
church_frequency__2,52.5,0.9644759351788204,1689,415
church_frequency__2,52.75,0.9624582030968561,1689,415
church_frequency__2,53.0,0.9624582030968561,1689,415
church_frequency__2,53.25,0.9624582030968561,1689,415
church_frequency__2,53.5,0.9624582030968561,1689,415
church_frequency__2,53.75,0.9624582030968561,1689,415
church_frequency__2,54.0,0.9624582030968561,1689,415
church_frequency__2,54.25,0.9624582030968561,1689,415
church_frequency__2,54.5,0.9624582030968561,1689,415
church_frequency__2,54.75,0.9624582030968561,1689,415
church_frequency__2,55.0,0.9605447673054108,1689,415
church_frequency__2,55.25,0.9605447673054108,1689,415
church_frequency__2,55.5,0.9605447673054108,1689,415
church_frequency__2,55.75,0.9586351355612646,1689,415
church_frequency__2,56.0,0.9567140230651495,1689,415
church_frequency__2,56.25,0.9547535435096877,1689,415
church_frequency__2,56.5,0.9547535435096877,1689,415
church_frequency__2,56.75,0.9507959519876487,1689,415
church_frequency__2,57.0,0.9487772769303502,1689,415
church_frequency__2,57.25,0.9467368956896401,1689,415
church_frequency__2,57.5,0.9467368956896401,1689,415
church_frequency__2,57.75,0.9426996381387253,1689,415
church_frequency__2,58.0,0.9426996381387253,1689,415
church_frequency__2,58.25,0.9426996381387253,1689,415
church_frequency__2,58.5,0.9426996381387253,1689,415
church_frequency__2,58.75,0.9426996381387253,1689,415
church_frequency__2,59.0,0.9406938942277915,1689,415
church_frequency__2,59.25,0.9366607461045109,1689,415
church_frequency__2,59.5,0.9366607461045109,1689,415
church_frequency__2,59.75,0.9346333418921637,1689,415
church_frequency__2,60.0,0.9326146953653986,1689,415
church_frequency__2,60.25,0.9305828550704851,1689,415
church_frequency__2,60.5,0.9285901722973144,1689,415
church_frequency__2,60.75,0.9266186432690825,1689,415
church_frequency__2,61.0,0.9206869897732164,1689,415
church_frequency__2,61.25,0.916722714094047,1689,415
church_frequency__2,61.5,0.916722714094047,1689,415
church_frequency__2,61.75,0.9148048841482435,1689,415
church_frequency__2,62.0,0.9148048841482435,1689,415
church_frequency__2,62.25,0.9148048841482435,1689,415
church_frequency__2,62.5,0.9110860727416975,1689,415
church_frequency__2,62.75,0.9092529015691792,1689,415
church_frequency__2,63.0,0.9055865592241421,1689,415
church_frequency__2,63.25,0.9055865592241421,1689,415
church_frequency__2,63.5,0.9055865592241421,1689,415
church_frequency__2,63.75,0.9037717565002458,1689,415
church_frequency__2,64.0,0.90195695377635,1689,415
church_frequency__2,64.25,0.9001709004025352,1689,415
church_frequency__2,64.5,0.8983883837680746,1689,415
church_frequency__2,64.75,0.8983883837680746,1689,415
church_frequency__2,65.0,0.8966023233629687,1689,415
church_frequency__2,65.25,0.8930478933504631,1689,415
church_frequency__2,65.5,0.8930478933504631,1689,415
church_frequency__2,65.75,0.8894395895217386,1689,415
church_frequency__2,66.0,0.8876535662496069,1689,415
church_frequency__2,66.25,0.8858603267218302,1689,415
church_frequency__2,66.5,0.8840850555259946,1689,415
church_frequency__2,66.75,0.8823133419878662,1689,415
church_frequency__2,67.0,0.8787591988587485,1689,415
church_frequency__2,67.25,0.8735180903168471,1689,415
church_frequency__2,67.5,0.8718019447563036,1689,415
church_frequency__2,67.75,0.87008917079804,1689,415
church_frequency__2,68.0,0.8649843277769673,1689,415
church_frequency__2,68.25,0.8616087695232055,1689,415
church_frequency__2,68.5,0.8616087695232055,1689,415
church_frequency__2,68.75,0.8599292202648757,1689,415
church_frequency__2,69.0,0.853259696084577,1689,415
church_frequency__2,69.25,0.8515931732406619,1689,415
church_frequency__2,69.5,0.8515931732406619,1689,415
church_frequency__2,69.75,0.8466611664458322,1689,415
church_frequency__2,70.0,0.8466611664458322,1689,415
church_frequency__2,70.25,0.8384507257675671,1689,415
church_frequency__2,70.5,0.8384507257675671,1689,415
church_frequency__2,70.75,0.830297325470966,1689,415
church_frequency__2,71.0,0.8270412324415137,1689,415
church_frequency__2,71.25,0.8221570545204859,1689,415
church_frequency__2,71.5,0.8172921437237114,1689,415
church_frequency__2,71.75,0.8109070245415201,1689,415
church_frequency__2,72.0,0.8061367613995694,1689,415
church_frequency__2,72.25,0.8045372836983796,1689,415
church_frequency__2,72.5,0.801338302958141,1689,415
church_frequency__2,72.75,0.7934261997571614,1689,415
church_frequency__2,73.0,0.7886719137974701,1689,415
church_frequency__2,73.25,0.7854755599664528,1689,415
church_frequency__2,73.5,0.782262954063896,1689,415
church_frequency__2,73.75,0.7774473637948324,1689,415
church_frequency__2,74.0,0.7726350853356151,1689,415
church_frequency__2,74.25,0.7678293482068959,1689,415
church_frequency__2,74.5,0.7646532219385355,1689,415
church_frequency__2,74.75,0.7599524453180524,1689,415
church_frequency__2,75.0,0.7551894659372369,1689,415
church_frequency__2,75.25,0.7488365996393808,1689,415
church_frequency__2,75.5,0.7440836820572271,1689,415
church_frequency__2,75.75,0.7440836820572271,1689,415
church_frequency__2,76.0,0.7361743035391398,1689,415
church_frequency__2,76.25,0.7282546708679837,1689,415
church_frequency__2,76.5,0.7266749427316108,1689,415
church_frequency__2,76.75,0.7141360268895338,1689,415
church_frequency__2,77.0,0.7062779146591945,1689,415
church_frequency__2,77.25,0.7031036318966813,1689,415
church_frequency__2,77.5,0.6999752392488082,1689,415
church_frequency__2,77.75,0.6968468465485703,1689,415
church_frequency__2,78.0,0.6906697363835749,1689,415
church_frequency__2,78.25,0.6876403955499811,1689,415
church_frequency__2,78.5,0.6801465027749136,1689,415
church_frequency__2,78.75,0.6727211523275919,1689,415
church_frequency__2,79.0,0.6682462887866099,1689,415
church_frequency__2,79.25,0.6652529679044671,1689,415
church_frequency__2,79.5,0.6622897030140241,1689,415
church_frequency__2,79.75,0.6593131200791297,1689,415
church_frequency__2,80.0,0.6548549344905572,1689,415
church_frequency__2,80.25,0.6489047972761084,1689,415
church_frequency__2,80.5,0.6413412779452436,1689,415
church_frequency__2,80.75,0.6367782146153613,1689,415
church_frequency__2,81.0,0.624538895641079,1689,415
church_frequency__2,81.25,0.6199049528650843,1689,415
church_frequency__2,81.5,0.613674314751879,1689,415
church_frequency__2,81.75,0.6058587660099547,1689,415
church_frequency__2,82.0,0.5980754131879645,1689,415
church_frequency__2,82.25,0.5903282176699168,1689,415
church_frequency__2,82.5,0.5841058663182134,1689,415
church_frequency__2,82.75,0.5762154536987389,1689,415
church_frequency__2,83.0,0.5650419062904413,1689,415
church_frequency__2,83.25,0.5538002354037229,1689,415
church_frequency__2,83.5,0.545679659632579,1689,415
church_frequency__2,83.75,0.544036046199951,1689,415
church_frequency__2,84.0,0.5339294320972321,1689,415
church_frequency__2,84.25,0.5270450013485245,1689,415
church_frequency__2,84.5,0.5182897891688908,1689,415
church_frequency__2,84.75,0.5094624397774079,1689,415
church_frequency__2,85.0,0.5005106144194242,1689,415
church_frequency__2,85.25,0.4859629081095786,1689,415
church_frequency__2,85.5,0.4766877340392395,1689,415
church_frequency__2,85.75,0.4671600522095552,1689,415
church_frequency__2,86.0,0.4516421111279059,1689,415
church_frequency__2,86.25,0.44570772083051396,1689,415
church_frequency__2,86.5,0.4436909438131817,1689,415
church_frequency__2,86.75,0.4355682405039007,1689,415
church_frequency__2,87.0,0.4251067982461467,1689,415
church_frequency__2,87.25,0.41650569168107454,1689,415
church_frequency__2,87.5,0.4120860642226588,1689,415
church_frequency__2,87.75,0.4075323475083071,1689,415
church_frequency__2,88.0,0.3958065548395436,1689,415
church_frequency__2,88.25,0.38065284626378504,1689,415
church_frequency__2,88.5,0.3728829525959552,1689,415
church_frequency__2,88.75,0.3648540028920258,1689,415
church_frequency__2,89.0,0.3537958877492937,1689,415
church_frequency__2,89.25,0.3448510337341892,1689,415
church_frequency__2,89.5,0.33877400658896745,1689,415
church_frequency__2,89.75,0.3323785965400923,1689,415
church_frequency__2,90.0,0.31914652782469677,1689,415
church_frequency__2,90.25,0.30570877928470946,1689,415
church_frequency__2,90.5,0.2916803212758975,1689,415
church_frequency__2,90.75,0.26961489437418185,1689,415
church_frequency__2,91.0,0.26570743213687487,1689,415
church_frequency__2,91.25,0.2617999698995677,1689,415
church_frequency__2,91.5,0.25292539464873487,1689,415
church_frequency__2,91.75,0.24840886974429316,1689,415
church_frequency__2,92.0,0.23937581993540974,1689,415
church_frequency__2,92.25,0.2343888236867553,1689,415
church_frequency__2,92.5,0.2292934144761736,1689,415
church_frequency__2,92.75,0.22408220051080605,1689,415
church_frequency__2,93.0,0.21833650306181102,1689,415
church_frequency__2,93.25,0.2124355164925729,1689,415
church_frequency__2,93.5,0.20029634412156874,1689,415
church_frequency__2,93.75,0.17601799937956045,1689,415
church_frequency__2,94.0,0.1697316422588619,1689,415
church_frequency__2,94.25,0.15667536208510327,1689,415
church_frequency__2,94.5,0.14361908191134468,1689,415
church_frequency__2,94.75,0.13709094182446535,1689,415
church_frequency__2,95.0,0.13023639473324208,1689,415
church_frequency__2,95.25,0.13023639473324208,1689,415
church_frequency__2,95.5,0.11491446594109594,1689,415
church_frequency__2,95.75,0.09781409898557575,1689,415
church_frequency__2,96.0,0.08892190816870522,1689,415
church_frequency__2,96.25,0.0800297173518347,1689,415
church_frequency__2,96.5,0.0800297173518347,1689,415
church_frequency__2,96.75,0.0800297173518347,1689,415
church_frequency__2,97.0,0.0800297173518347,1689,415
church_frequency__2,97.25,0.04001485867591735,1689,415
church_frequency__2,97.5,0.04001485867591735,1689,415
church_frequency__2,97.75,0.04001485867591735,1689,415
church_frequency__2,98.0,0.04001485867591735,1689,415
church_frequency__2,98.25,0.04001485867591735,1689,415
church_frequency__2,98.5,0.04001485867591735,1689,415
church_frequency__2,98.75,0.04001485867591735,1689,415
church_frequency__2,99.0,0.04001485867591735,1689,415
church_frequency__2,99.25,0.04001485867591735,1689,415
church_frequency__2,99.5,0.04001485867591735,1689,415
church_frequency__2,99.75,0.04001485867591735,1689,415
church_frequency__2,100.0,0.04001485867591735,1689,415
church_frequency__2,100.25,0.04001485867591735,1689,415
church_frequency__2,100.5,0.04001485867591735,1689,415
church_frequency__2,100.75,0.04001485867591735,1689,415
church_frequency__2,101.0,0.04001485867591735,1689,415
church_frequency__2,101.25,0.04001485867591735,1689,415
church_frequency__2,101.5,0.04001485867591735,1689,415
church_frequency__2,101.75,0.04001485867591735,1689,415
church_frequency__2,102.0,0.04001485867591735,1689,415
church_frequency__2,102.25,0.04001485867591735,1689,415
church_frequency__2,102.5,0.04001485867591735,1689,415
church_frequency__2,102.75,0.04001485867591735,1689,415
church_frequency__2,103.0,0.04001485867591735,1689,415
church_frequency__2,103.25,0.04001485867591735,1689,415
church_frequency__2,103.5,0.04001485867591735,1689,415
church_frequency__2,103.75,0.04001485867591735,1689,415
church_frequency__2,104.0,0.04001485867591735,1689,415
church_frequency__2,104.25,0.04001485867591735,1689,415
church_frequency__2,104.5,0.04001485867591735,1689,415
church_frequency__2,104.75,0.04001485867591735,1689,415
church_frequency__2,105.0,0.04001485867591735,1689,415
church_frequency__2,105.25,0.04001485867591735,1689,415
church_frequency__2,105.5,0.04001485867591735,1689,415
church_frequency__2,105.75,0.04001485867591735,1689,415
church_frequency__2,106.0,0.04001485867591735,1689,415
church_frequency__2,106.25,0.04001485867591735,1689,415
church_frequency__2,106.5,0.04001485867591735,1689,415
church_frequency__2,106.75,0.04001485867591735,1689,415
church_frequency__2,107.0,0.04001485867591735,1689,415
church_frequency__2,107.25,0.04001485867591735,1689,415
church_frequency__2,107.5,0.04001485867591735,1689,415
church_frequency__2,107.75,0.04001485867591735,1689,415
church_frequency__2,108.0,0.04001485867591735,1689,415
church_frequency__2,108.25,0.04001485867591735,1689,415
church_frequency__2,108.5,0.04001485867591735,1689,415
church_frequency__2,108.75,0.04001485867591735,1689,415
church_frequency__2,109.0,0.04001485867591735,1689,415
church_frequency__2,109.25,0.04001485867591735,1689,415
church_frequency__2,109.5,0.04001485867591735,1689,415
church_frequency__2,109.75,0.04001485867591735,1689,415
church_frequency__2,110.0,0.04001485867591735,1689,415
education_level__0,20.0,1.0,13984,2938
education_level__0,20.25,1.0,13984,2938
education_level__0,20.5,1.0,13984,2938
education_level__0,20.75,1.0,13984,2938
education_level__0,21.0,1.0,13984,2938
education_level__0,21.25,1.0,13984,2938
education_level__0,21.5,1.0,13984,2938
education_level__0,21.75,1.0,13984,2938
education_level__0,22.0,1.0,13984,2938
education_level__0,22.25,1.0,13984,2938
education_level__0,22.5,1.0,13984,2938
education_level__0,22.75,0.9984126984126988,13984,2938
education_level__0,23.0,0.9968999518999523,13984,2938
education_level__0,23.25,0.9968999518999523,13984,2938
education_level__0,23.5,0.9968999518999523,13984,2938
education_level__0,23.75,0.9968999518999523,13984,2938
education_level__0,24.0,0.9957407659093708,13984,2938
education_level__0,24.25,0.994709978367022,13984,2938
education_level__0,24.5,0.994709978367022,13984,2938
education_level__0,24.75,0.9937414194786417,13984,2938
education_level__0,25.0,0.9937414194786417,13984,2938
education_level__0,25.25,0.9937414194786417,13984,2938
education_level__0,25.5,0.9928920678380608,13984,2938
education_level__0,25.75,0.9912247404342766,13984,2938
education_level__0,26.0,0.9912247404342766,13984,2938
education_level__0,26.25,0.9912247404342766,13984,2938
education_level__0,26.5,0.9904822499920032,13984,2938
education_level__0,26.75,0.9904822499920032,13984,2938
education_level__0,27.0,0.9904822499920032,13984,2938
education_level__0,27.25,0.9898038374920081,13984,2938
education_level__0,27.5,0.9884621701281711,13984,2938
education_level__0,27.75,0.9877929337232093,13984,2938
education_level__0,28.0,0.9877929337232093,13984,2938
education_level__0,28.25,0.9877929337232093,13984,2938
education_level__0,28.5,0.9877929337232093,13984,2938
education_level__0,28.75,0.9877929337232093,13984,2938
education_level__0,29.0,0.9877929337232093,13984,2938
education_level__0,29.25,0.9877929337232093,13984,2938
education_level__0,29.5,0.9877929337232093,13984,2938
education_level__0,29.75,0.9877929337232093,13984,2938
education_level__0,30.0,0.9877929337232093,13984,2938
education_level__0,30.25,0.9861951237465195,13984,2938
education_level__0,30.5,0.9861951237465195,13984,2938
education_level__0,30.75,0.9851531790757808,13984,2938
education_level__0,31.0,0.9846346774025827,13984,2938
education_level__0,31.25,0.984133335917144,13984,2938
education_level__0,31.5,0.9831326919558661,13984,2938
education_level__0,31.75,0.9826313494306461,13984,2938
education_level__0,32.0,0.9826313494306461,13984,2938
education_level__0,32.25,0.9821580202642535,13984,2938
education_level__0,32.5,0.9821580202642535,13984,2938
education_level__0,32.75,0.9816876380706404,13984,2938
education_level__0,33.0,0.9807511358278268,13984,2938
education_level__0,33.25,0.9803016623466961,13984,2938
education_level__0,33.5,0.9798534219889702,13984,2938
education_level__0,33.75,0.9794037416668089,13984,2938
education_level__0,34.0,0.9794037416668089,13984,2938
education_level__0,34.25,0.9789692235915349,13984,2938
education_level__0,34.5,0.9789692235915349,13984,2938
education_level__0,34.75,0.9789692235915349,13984,2938
education_level__0,35.0,0.9781099107147542,13984,2938
education_level__0,35.25,0.9768603721586896,13984,2938
education_level__0,35.5,0.975601699070835,13984,2938
education_level__0,35.75,0.975183703484258,13984,2938
education_level__0,36.0,0.9743338698686214,13984,2938
education_level__0,36.25,0.9735202256365629,13984,2938
education_level__0,36.5,0.9731139150248613,13984,2938
education_level__0,36.75,0.9731139150248613,13984,2938
education_level__0,37.0,0.9722954841927858,13984,2938
education_level__0,37.25,0.97189354310796,13984,2938
education_level__0,37.5,0.9706885433890006,13984,2938
education_level__0,37.75,0.9694883474876212,13984,2938
education_level__0,38.0,0.968273105274458,13984,2938
education_level__0,38.25,0.9678823574515059,13984,2938
education_level__0,38.5,0.9670948154754446,13984,2938
education_level__0,38.75,0.966699437382446,13984,2938
education_level__0,39.0,0.966302924077531,13984,2938
education_level__0,39.25,0.9651339878859286,13984,2938
education_level__0,39.5,0.9651339878859286,13984,2938
education_level__0,39.75,0.9643379889044076,13984,2938
education_level__0,40.0,0.963933823779134,13984,2938
education_level__0,40.25,0.9627550871464962,13984,2938
education_level__0,40.5,0.9607883186984495,13984,2938
education_level__0,40.75,0.9603901469957149,13984,2938
education_level__0,41.0,0.9599911481810092,13984,2938
education_level__0,41.25,0.9599911481810092,13984,2938
education_level__0,41.5,0.9584368000073349,13984,2938
education_level__0,41.75,0.9576432277256046,13984,2938
education_level__0,42.0,0.9564522935862672,13984,2938
education_level__0,42.25,0.9549156538696192,13984,2938
education_level__0,42.5,0.9545295173334811,13984,2938
education_level__0,42.75,0.9545295173334811,13984,2938
education_level__0,43.0,0.9537456657443515,13984,2938
education_level__0,43.25,0.9529854061463091,13984,2938
education_level__0,43.5,0.9522132891788933,13984,2938
education_level__0,43.75,0.9522132891788933,13984,2938
education_level__0,44.0,0.9510389990847155,13984,2938
education_level__0,44.25,0.9498937673834892,13984,2938
education_level__0,44.5,0.9495074746761345,13984,2938
education_level__0,44.75,0.9495074746761345,13984,2938
education_level__0,45.0,0.9487270920722646,13984,2938
education_level__0,45.25,0.9479645998999727,13984,2938
education_level__0,45.5,0.9468167822072651,13984,2938
education_level__0,45.75,0.9441433550910627,13984,2938
education_level__0,46.0,0.9433788402182895,13984,2938
education_level__0,46.25,0.9430038883740061,13984,2938
education_level__0,46.5,0.942621796036739,13984,2938
education_level__0,46.75,0.942621796036739,13984,2938
education_level__0,47.0,0.9418480406705155,13984,2938
education_level__0,47.25,0.9410929008394981,13984,2938
education_level__0,47.5,0.9407152552131584,13984,2938
education_level__0,47.75,0.9387964928421498,13984,2938
education_level__0,48.0,0.9384122126567868,13984,2938
education_level__0,48.25,0.9372841448210985,13984,2938
education_level__0,48.5,0.9357647171660586,13984,2938
education_level__0,48.75,0.9342403423160892,13984,2938
education_level__0,49.0,0.9338528515063359,13984,2938
education_level__0,49.25,0.933478111196743,13984,2938
education_level__0,49.5,0.9308247234835244,13984,2938
education_level__0,49.75,0.9296822635785633,13984,2938
education_level__0,50.0,0.9289089674640024,13984,2938
education_level__0,50.25,0.9266828178541577,13984,2938
education_level__0,50.5,0.9255572889687937,13984,2938
education_level__0,50.75,0.9244290162313836,13984,2938
education_level__0,51.0,0.9221491877410445,13984,2938
education_level__0,51.25,0.919581079069045,13984,2938
education_level__0,51.5,0.9173586641884829,13984,2938
education_level__0,51.75,0.9162453602153643,13984,2938
education_level__0,52.0,0.9147601930555239,13984,2938
education_level__0,52.25,0.9143979117909476,13984,2938
education_level__0,52.5,0.911857173330632,13984,2938
education_level__0,52.75,0.9111271035361322,13984,2938
education_level__0,53.0,0.9092822428912359,13984,2938
education_level__0,53.25,0.9089270545151061,13984,2938
education_level__0,53.5,0.9067683566170918,13984,2938
education_level__0,53.75,0.9064046308422758,13984,2938
education_level__0,54.0,0.9038496759883436,13984,2938
education_level__0,54.25,0.9017260074484595,13984,2938
education_level__0,54.5,0.899937122098578,13984,2938
education_level__0,54.75,0.8981276713620745,13984,2938
education_level__0,55.0,0.8955682628861359,13984,2938
education_level__0,55.25,0.8941447400018284,13984,2938
education_level__0,55.5,0.8927089300413971,13984,2938
education_level__0,55.75,0.8901780603918552,13984,2938
education_level__0,56.0,0.887983206397458,13984,2938
education_level__0,56.25,0.8872592079529389,13984,2938
education_level__0,56.5,0.8858055537168045,13984,2938
education_level__0,56.75,0.8839562364965279,13984,2938
education_level__0,57.0,0.8820870442912961,13984,2938
education_level__0,57.25,0.8809944328065389,13984,2938
education_level__0,57.5,0.8802559557717046,13984,2938
education_level__0,57.75,0.8772576907523029,13984,2938
education_level__0,58.0,0.8753555198250245,13984,2938
education_level__0,58.25,0.8723846830479972,13984,2938
education_level__0,58.5,0.8701232621560337,13984,2938
education_level__0,58.75,0.8674517431288431,13984,2938
education_level__0,59.0,0.8651271383215471,13984,2938
education_level__0,59.25,0.8593781736407609,13984,2938
education_level__0,59.5,0.8562596501291138,13984,2938
education_level__0,59.75,0.8539056683691358,13984,2938
education_level__0,60.0,0.8519097318509364,13984,2938
education_level__0,60.25,0.8500089597215928,13984,2938
education_level__0,60.5,0.8488730902876662,13984,2938
education_level__0,60.75,0.8446973785588004,13984,2938
education_level__0,61.0,0.8424352609069722,13984,2938
education_level__0,61.25,0.8395722141451432,13984,2938
education_level__0,61.5,0.8377803658186039,13984,2938
education_level__0,61.75,0.8331178688038718,13984,2938
education_level__0,62.0,0.8273607285961591,13984,2938
education_level__0,62.25,0.8253038869848693,13984,2938
education_level__0,62.5,0.8236066978359822,13984,2938
education_level__0,62.75,0.8212131769618156,13984,2938
education_level__0,63.0,0.8187945858353299,13984,2938
education_level__0,63.25,0.8171594426201547,13984,2938
education_level__0,63.5,0.813870515968552,13984,2938
education_level__0,63.75,0.809919069214111,13984,2938
education_level__0,64.0,0.8069362190004549,13984,2938
education_level__0,64.25,0.8024457319950107,13984,2938
education_level__0,64.5,0.7985538685483617,13984,2938
education_level__0,64.75,0.7959502914158303,13984,2938
education_level__0,65.0,0.7917149181127924,13984,2938
education_level__0,65.25,0.789213166654504,13984,2938
education_level__0,65.5,0.7844971369321743,13984,2938
education_level__0,65.75,0.7807093745902205,13984,2938
education_level__0,66.0,0.7781792628755896,13984,2938
education_level__0,66.25,0.7729852706217485,13984,2938
education_level__0,66.5,0.7702281653748526,13984,2938
education_level__0,66.75,0.7662420490703385,13984,2938
education_level__0,67.0,0.762551206875777,13984,2938
education_level__0,67.25,0.7557643152211551,13984,2938
education_level__0,67.5,0.751012833323166,13984,2938
education_level__0,67.75,0.7477394007705573,13984,2938
education_level__0,68.0,0.7429511521836962,13984,2938
education_level__0,68.25,0.7394881400112252,13984,2938
education_level__0,68.5,0.7360261453771024,13984,2938
education_level__0,68.75,0.7301968672147102,13984,2938
education_level__0,69.0,0.7261203718634577,13984,2938
education_level__0,69.25,0.7224591077438655,13984,2938
education_level__0,69.5,0.719638493192512,13984,2938
education_level__0,69.75,0.7142698428647484,13984,2938
education_level__0,70.0,0.7108487146878275,13984,2938
education_level__0,70.25,0.7066888670195026,13984,2938
education_level__0,70.5,0.7030958786488162,13984,2938
education_level__0,70.75,0.6994999250842509,13984,2938
education_level__0,71.0,0.6961801081753518,13984,2938
education_level__0,71.25,0.6905234149993624,13984,2938
education_level__0,71.5,0.6842952798075292,13984,2938
education_level__0,71.75,0.6786020116403073,13984,2938
education_level__0,72.0,0.6734314758961273,13984,2938
education_level__0,72.25,0.6691998382660281,13984,2938
education_level__0,72.5,0.6641590435758086,13984,2938
education_level__0,72.75,0.6585926913571134,13984,2938
education_level__0,73.0,0.6551445021322055,13984,2938
education_level__0,73.25,0.6483900390024734,13984,2938
education_level__0,73.5,0.6442087099501582,13984,2938
education_level__0,73.75,0.6381852125563063,13984,2938
education_level__0,74.0,0.6342744204558457,13984,2938
education_level__0,74.25,0.6289789791253262,13984,2938
education_level__0,74.5,0.6227409647678676,13984,2938
education_level__0,74.75,0.6137428543253143,13984,2938
education_level__0,75.0,0.6079519905513743,13984,2938
education_level__0,75.25,0.6032824886156012,13984,2938
education_level__0,75.5,0.5980850065161465,13984,2938
education_level__0,75.75,0.5926140795889719,13984,2938
education_level__0,76.0,0.5838856392025765,13984,2938
education_level__0,76.25,0.5770870669243273,13984,2938
education_level__0,76.5,0.5717319575884067,13984,2938
education_level__0,76.75,0.566598125782298,13984,2938
education_level__0,77.0,0.5597051385500577,13984,2938
education_level__0,77.25,0.5565773207408901,13984,2938
education_level__0,77.5,0.5481578719519955,13984,2938
education_level__0,77.75,0.5409471619822777,13984,2938
education_level__0,78.0,0.5358607574191652,13984,2938
education_level__0,78.25,0.5321173554144598,13984,2938
education_level__0,78.5,0.525563693422453,13984,2938
education_level__0,78.75,0.5199280467128675,13984,2938
education_level__0,79.0,0.512840798727643,13984,2938
education_level__0,79.25,0.5074920342715946,13984,2938
education_level__0,79.5,0.5014014417342806,13984,2938
education_level__0,79.75,0.4950410824585611,13984,2938
education_level__0,80.0,0.4893378217379738,13984,2938
education_level__0,80.25,0.48288134579259095,13984,2938
education_level__0,80.5,0.4770907923970499,13984,2938
education_level__0,80.75,0.4698572916423589,13984,2938
education_level__0,81.0,0.4632860819057376,13984,2938
education_level__0,81.25,0.4544649947314653,13984,2938
education_level__0,81.5,0.44775869170482174,13984,2938
education_level__0,81.75,0.44176187245404935,13984,2938
education_level__0,82.0,0.43645447875555243,13984,2938
education_level__0,82.25,0.4300936505466642,13984,2938
education_level__0,82.5,0.42243067429031844,13984,2938
education_level__0,82.75,0.4136830960444526,13984,2938
education_level__0,83.0,0.40904599414880405,13984,2938
education_level__0,83.25,0.4028488098862992,13984,2938
education_level__0,83.5,0.3968386876109013,13984,2938
education_level__0,83.75,0.38843093597362416,13984,2938
education_level__0,84.0,0.3799350126002788,13984,2938
education_level__0,84.25,0.371868566229157,13984,2938
education_level__0,84.5,0.3650875293529028,13984,2938
education_level__0,84.75,0.3579700709618837,13984,2938
education_level__0,85.0,0.3504732479117441,13984,2938
education_level__0,85.25,0.34167853034262674,13984,2938
education_level__0,85.5,0.3349983934923334,13984,2938
education_level__0,85.75,0.32849303955542336,13984,2938
education_level__0,86.0,0.320690929759192,13984,2938
education_level__0,86.25,0.31397315439674967,13984,2938
education_level__0,86.5,0.3048868460710532,13984,2938
education_level__0,86.75,0.29682776948615974,13984,2938
education_level__0,87.0,0.2885421180748128,13984,2938
education_level__0,87.25,0.28003822753907676,13984,2938
education_level__0,87.5,0.27378324241175284,13984,2938
education_level__0,87.75,0.26636852415023443,13984,2938
education_level__0,88.0,0.26168879840379006,13984,2938
education_level__0,88.25,0.252125739030109,13984,2938
education_level__0,88.5,0.24532747129857752,13984,2938
education_level__0,88.75,0.23651845726344514,13984,2938
education_level__0,89.0,0.22640707906669572,13984,2938
education_level__0,89.25,0.2204450782808772,13984,2938
education_level__0,89.5,0.21355867769667733,13984,2938
education_level__0,89.75,0.20653439623454822,13984,2938
education_level__0,90.0,0.19516130163005407,13984,2938
education_level__0,90.25,0.18822916347584967,13984,2938
education_level__0,90.5,0.18021132148180324,13984,2938
education_level__0,90.75,0.17387302847493705,13984,2938
education_level__0,91.0,0.16914863285491993,13984,2938
education_level__0,91.25,0.16476208060887504,13984,2938
education_level__0,91.5,0.15874025797595423,13984,2938
education_level__0,91.75,0.15719055425814907,13984,2938
education_level__0,92.0,0.14871015723356482,13984,2938
education_level__0,92.25,0.14168164978743444,13984,2938
education_level__0,92.5,0.13385469801668395,13984,2938
education_level__0,92.75,0.1315589320065694,13984,2938
education_level__0,93.0,0.12686783924873252,13984,2938
education_level__0,93.25,0.12152652018409116,13984,2938
education_level__0,93.5,0.11720831895927573,13984,2938
education_level__0,93.75,0.11282992985999055,13984,2938
education_level__0,94.0,0.10636834092238964,13984,2938
education_level__0,94.25,0.10040814289427476,13984,2938
education_level__0,94.5,0.09427120952910621,13984,2938
education_level__0,94.75,0.0885980171594499,13984,2938
education_level__0,95.0,0.08638306673046368,13984,2938
education_level__0,95.25,0.08185499417125378,13984,2938
education_level__0,95.5,0.0787120288523466,13984,2938
education_level__0,95.75,0.07291689462893079,13984,2938
education_level__0,96.0,0.07114901513696052,13984,2938
education_level__0,96.25,0.06657188931490186,13984,2938
education_level__0,96.5,0.06469662482715817,13984,2938
education_level__0,96.75,0.0627352066304393,13984,2938
education_level__0,97.0,0.0617233484589806,13984,2938
education_level__0,97.25,0.06062114580792737,13984,2938
education_level__0,97.5,0.05830856135673606,13984,2938
education_level__0,97.75,0.05195837852820261,13984,2938
education_level__0,98.0,0.05059105277746044,13984,2938
education_level__0,98.25,0.04905799057208285,13984,2938
education_level__0,98.5,0.04431044309736515,13984,2938
education_level__0,98.75,0.04253802537347056,13984,2938
education_level__0,99.0,0.040512405117591,13984,2938
education_level__0,99.25,0.040512405117591,13984,2938
education_level__0,99.5,0.03505881212099222,13984,2938
education_level__0,99.75,0.03505881212099222,13984,2938
education_level__0,100.0,0.0318716473827202,13984,2938
education_level__0,100.25,0.02833035322908461,13984,2938
education_level__0,100.5,0.02833035322908461,13984,2938
education_level__0,100.75,0.020235966592203284,13984,2938
education_level__0,101.0,0.020235966592203284,13984,2938
education_level__0,101.25,0.020235966592203284,13984,2938
education_level__0,101.5,0.020235966592203284,13984,2938
education_level__0,101.75,0.020235966592203284,13984,2938
education_level__0,102.0,0.010117983296101642,13984,2938
education_level__0,102.25,0.010117983296101642,13984,2938
education_level__0,102.5,0.010117983296101642,13984,2938
education_level__0,102.75,0.010117983296101642,13984,2938
education_level__0,103.0,0.010117983296101642,13984,2938
education_level__0,103.25,0.010117983296101642,13984,2938
education_level__0,103.5,0.010117983296101642,13984,2938
education_level__0,103.75,0.010117983296101642,13984,2938
education_level__0,104.0,0.010117983296101642,13984,2938
education_level__0,104.25,0.010117983296101642,13984,2938
education_level__0,104.5,0.010117983296101642,13984,2938
education_level__0,104.75,0.010117983296101642,13984,2938
education_level__0,105.0,0.010117983296101642,13984,2938
education_level__0,105.25,0.010117983296101642,13984,2938
education_level__0,105.5,0.010117983296101642,13984,2938
education_level__0,105.75,0.010117983296101642,13984,2938
education_level__0,106.0,0.010117983296101642,13984,2938
education_level__0,106.25,0.010117983296101642,13984,2938
education_level__0,106.5,0.010117983296101642,13984,2938
education_level__0,106.75,0.010117983296101642,13984,2938
education_level__0,107.0,0.010117983296101642,13984,2938
education_level__0,107.25,0.010117983296101642,13984,2938
education_level__0,107.5,0.010117983296101642,13984,2938
education_level__0,107.75,0.010117983296101642,13984,2938
education_level__0,108.0,0.010117983296101642,13984,2938
education_level__0,108.25,0.010117983296101642,13984,2938
education_level__0,108.5,0.010117983296101642,13984,2938
education_level__0,108.75,0.010117983296101642,13984,2938
education_level__0,109.0,0.010117983296101642,13984,2938
education_level__0,109.25,0.010117983296101642,13984,2938
education_level__0,109.5,0.010117983296101642,13984,2938
education_level__0,109.75,0.010117983296101642,13984,2938
education_level__0,110.0,0.010117983296101642,13984,2938
education_level__1,20.0,1.0,25746,2444
education_level__1,20.25,1.0,25746,2444
education_level__1,20.5,1.0,25746,2444
education_level__1,20.75,1.0,25746,2444
education_level__1,21.0,1.0,25746,2444
education_level__1,21.25,1.0,25746,2444
education_level__1,21.5,1.0,25746,2444
education_level__1,21.75,1.0,25746,2444
education_level__1,22.0,1.0,25746,2444
education_level__1,22.25,0.9991087344028524,25746,2444
education_level__1,22.5,0.9991087344028524,25746,2444
education_level__1,22.75,0.9991087344028524,25746,2444
education_level__1,23.0,0.9983489558976024,25746,2444
education_level__1,23.25,0.9983489558976024,25746,2444
education_level__1,23.5,0.9983489558976024,25746,2444
education_level__1,23.75,0.9977728745612509,25746,2444
education_level__1,24.0,0.9972163921995322,25746,2444
education_level__1,24.25,0.9967339459527018,25746,2444
education_level__1,24.5,0.9967339459527018,25746,2444
education_level__1,24.75,0.9962697009848618,25746,2444
education_level__1,25.0,0.9962697009848618,25746,2444
education_level__1,25.25,0.9962697009848618,25746,2444
education_level__1,25.5,0.9958762295389755,25746,2444
education_level__1,25.75,0.995490828521352,25746,2444
education_level__1,26.0,0.995490828521352,25746,2444
education_level__1,26.25,0.995490828521352,25746,2444
education_level__1,26.5,0.995490828521352,25746,2444
education_level__1,26.75,0.9951559846503395,25746,2444
education_level__1,27.0,0.9948275503319732,25746,2444
education_level__1,27.25,0.9945245264055846,25746,2444
education_level__1,27.5,0.9945245264055846,25746,2444
education_level__1,27.75,0.9945245264055846,25746,2444
education_level__1,28.0,0.9945245264055846,25746,2444
education_level__1,28.25,0.9942475000751091,25746,2444
education_level__1,28.5,0.9942475000751091,25746,2444
education_level__1,28.75,0.9942475000751091,25746,2444
education_level__1,29.0,0.9942475000751091,25746,2444
education_level__1,29.25,0.993735331071961,25746,2444
education_level__1,29.5,0.993735331071961,25746,2444
education_level__1,29.75,0.9934796091648407,25746,2444
education_level__1,30.0,0.9932270081963266,25746,2444
education_level__1,30.25,0.9932270081963266,25746,2444
education_level__1,30.5,0.9929884237600566,25746,2444
education_level__1,30.75,0.99226914995229,25746,2444
education_level__1,31.0,0.99226914995229,25746,2444
education_level__1,31.25,0.99226914995229,25746,2444
education_level__1,31.5,0.9920431720087803,25746,2444
education_level__1,31.75,0.9915933162398197,25746,2444
education_level__1,32.0,0.9915933162398197,25746,2444
education_level__1,32.25,0.9913798867701172,25746,2444
education_level__1,32.5,0.9911637586064452,25746,2444
education_level__1,32.75,0.9907340723212456,25746,2444
education_level__1,33.0,0.9903022380595297,25746,2444
education_level__1,33.25,0.989892126873279,25746,2444
education_level__1,33.5,0.989892126873279,25746,2444
education_level__1,33.75,0.989892126873279,25746,2444
education_level__1,34.0,0.9896841226440564,25746,2444
education_level__1,34.25,0.9894863045104079,25746,2444
education_level__1,34.5,0.9890841560428166,25746,2444
education_level__1,34.75,0.9888835711399491,25746,2444
education_level__1,35.0,0.9886826602152954,25746,2444
education_level__1,35.25,0.9882956194569706,25746,2444
education_level__1,35.5,0.9881005354420757,25746,2444
education_level__1,35.75,0.9881005354420757,25746,2444
education_level__1,36.0,0.9879035064220476,25746,2444
education_level__1,36.25,0.9879035064220476,25746,2444
education_level__1,36.5,0.9877132688895186,25746,2444
education_level__1,36.75,0.9875231046097948,25746,2444
education_level__1,37.0,0.9875231046097948,25746,2444
education_level__1,37.25,0.9873358254319807,25746,2444
education_level__1,37.5,0.986959982873484,25746,2444
education_level__1,37.75,0.9867703652014632,25746,2444
education_level__1,38.0,0.9867703652014632,25746,2444
education_level__1,38.25,0.9863996768787396,25746,2444
education_level__1,38.5,0.9856543699799424,25746,2444
education_level__1,38.75,0.9852760916232542,25746,2444
education_level__1,39.0,0.9848928598695863,25746,2444
education_level__1,39.25,0.984519863563869,25746,2444
education_level__1,39.5,0.9839549764363651,25746,2444
education_level__1,39.75,0.9837643613692517,25746,2444
education_level__1,40.0,0.9835740781272067,25746,2444
education_level__1,40.25,0.9832077200543645,25746,2444
education_level__1,40.5,0.9832077200543645,25746,2444
education_level__1,40.75,0.9824641325603806,25746,2444
education_level__1,41.0,0.9822778481211397,25746,2444
education_level__1,41.25,0.9817371013015561,25746,2444
education_level__1,41.5,0.9817371013015561,25746,2444
education_level__1,41.75,0.9815516229147627,25746,2444
education_level__1,42.0,0.9808025219376163,25746,2444
education_level__1,42.25,0.9797178796402329,25746,2444
education_level__1,42.5,0.979356726601947,25746,2444
education_level__1,42.75,0.9789904748676241,25746,2444
education_level__1,43.0,0.9782478889427443,25746,2444
education_level__1,43.25,0.9780674336966739,25746,2444
education_level__1,43.5,0.9775225410440633,25746,2444
education_level__1,43.75,0.9771541126762732,25746,2444
education_level__1,44.0,0.9767812167580302,25746,2444
education_level__1,44.25,0.9758687685543763,25746,2444
education_level__1,44.5,0.9753163473970441,25746,2444
education_level__1,44.75,0.9753163473970441,25746,2444
education_level__1,45.0,0.9749382810464121,25746,2444
education_level__1,45.25,0.974754503802105,25746,2444
education_level__1,45.5,0.9742026084631635,25746,2444
education_level__1,45.75,0.9734578325495452,25746,2444
education_level__1,46.0,0.9732669584647304,25746,2444
education_level__1,46.25,0.9727152698027943,25746,2444
education_level__1,46.5,0.9719698828383497,25746,2444
education_level__1,46.75,0.9717801190970685,25746,2444
education_level__1,47.0,0.9710177513625764,25746,2444
education_level__1,47.25,0.9706508087312635,25746,2444
education_level__1,47.5,0.9699083509090444,25746,2444
education_level__1,47.75,0.9691574642215217,25746,2444
education_level__1,48.0,0.9687765728378396,25746,2444
education_level__1,48.25,0.9682210794069721,25746,2444
education_level__1,48.5,0.9672732589011721,25746,2444
education_level__1,48.75,0.9659258549884495,25746,2444
education_level__1,49.0,0.9649544994577604,25746,2444
education_level__1,49.25,0.9641952054066043,25746,2444
education_level__1,49.5,0.9638085476415243,25746,2444
education_level__1,49.75,0.9626319894311969,25746,2444
education_level__1,50.0,0.9614389856794319,25746,2444
education_level__1,50.25,0.9608582896945229,25746,2444
education_level__1,50.5,0.9600795565758362,25746,2444
education_level__1,50.75,0.9598830203308867,25746,2444
education_level__1,51.0,0.9596799993874994,25746,2444
education_level__1,51.25,0.9585028252144013,25746,2444
education_level__1,51.5,0.9579081208485455,25746,2444
education_level__1,51.75,0.9575060605642982,25746,2444
education_level__1,52.0,0.9558852011802392,25746,2444
education_level__1,52.25,0.9549031866367879,25746,2444
education_level__1,52.5,0.9541102684968867,25746,2444
education_level__1,52.75,0.9533108844610088,25746,2444
education_level__1,53.0,0.9523012885485527,25746,2444
education_level__1,53.25,0.9521033872001423,25746,2444
education_level__1,53.5,0.9511019272574808,25746,2444
education_level__1,53.75,0.9496888104029166,25746,2444
education_level__1,54.0,0.9486684999299949,25746,2444
education_level__1,54.25,0.9472857167298417,25746,2444
education_level__1,54.5,0.9464908002109144,25746,2444
education_level__1,54.75,0.9450859936252878,25746,2444
education_level__1,55.0,0.9442736194630704,25746,2444
education_level__1,55.25,0.9428943804049235,25746,2444
education_level__1,55.5,0.9422911354273243,25746,2444
education_level__1,55.75,0.9408604172987447,25746,2444
education_level__1,56.0,0.9398265106350052,25746,2444
education_level__1,56.25,0.9386242658993593,25746,2444
education_level__1,56.5,0.9368018227121383,25746,2444
education_level__1,56.75,0.9351618798314532,25746,2444
education_level__1,57.0,0.9339181924697901,25746,2444
education_level__1,57.25,0.9322987622063058,25746,2444
education_level__1,57.5,0.9314741938649053,25746,2444
education_level__1,57.75,0.9302190541802884,25746,2444
education_level__1,58.0,0.9289485087928144,25746,2444
education_level__1,58.25,0.9268716881008388,25746,2444
education_level__1,58.5,0.9251794702326683,25746,2444
education_level__1,58.75,0.9234586180397993,25746,2444
education_level__1,59.0,0.9223608986664559,25746,2444
education_level__1,59.25,0.9206640899497837,25746,2444
education_level__1,59.5,0.9195838217883362,25746,2444
education_level__1,59.75,0.9184951932365906,25746,2444
education_level__1,60.0,0.91626869012354,25746,2444
education_level__1,60.25,0.9145684630314028,25746,2444
education_level__1,60.5,0.9130695894809516,25746,2444
education_level__1,60.75,0.9100498706659934,25746,2444
education_level__1,61.0,0.9087398970785887,25746,2444
education_level__1,61.25,0.9081153761942817,25746,2444
education_level__1,61.5,0.9055888642111993,25746,2444
education_level__1,61.75,0.904312847951653,25746,2444
education_level__1,62.0,0.9027961947189663,25746,2444
education_level__1,62.25,0.9015472070222561,25746,2444
education_level__1,62.5,0.8996487414593256,25746,2444
education_level__1,62.75,0.8973020893052811,25746,2444
education_level__1,63.0,0.8949077080551001,25746,2444
education_level__1,63.25,0.8926302212187641,25746,2444
education_level__1,63.5,0.8900920750694207,25746,2444
education_level__1,63.75,0.8888065322568607,25746,2444
education_level__1,64.0,0.8855250693990618,25746,2444
education_level__1,64.25,0.8834118129318616,25746,2444
education_level__1,64.5,0.8810593381003835,25746,2444
education_level__1,64.75,0.8791004104499478,25746,2444
education_level__1,65.0,0.8779920863732223,25746,2444
education_level__1,65.25,0.875851250480892,25746,2444
education_level__1,65.5,0.8736698402906841,25746,2444
education_level__1,65.75,0.8705829995055087,25746,2444
education_level__1,66.0,0.8687888620742509,25746,2444
education_level__1,66.25,0.8649115376240948,25746,2444
education_level__1,66.5,0.8622723969364295,25746,2444
education_level__1,66.75,0.8591438367654166,25746,2444
education_level__1,67.0,0.8559751053209892,25746,2444
education_level__1,67.25,0.8513408994243107,25746,2444
education_level__1,67.5,0.8497772006369494,25746,2444
education_level__1,67.75,0.8479525377389246,25746,2444
education_level__1,68.0,0.8449440276588247,25746,2444
education_level__1,68.25,0.8413093263133882,25746,2444
education_level__1,68.5,0.837631336444548,25746,2444
education_level__1,68.75,0.8359945292202439,25746,2444
education_level__1,69.0,0.8322003494959491,25746,2444
education_level__1,69.25,0.8298929230922103,25746,2444
education_level__1,69.5,0.827777956235896,25746,2444
education_level__1,69.75,0.8256225055192933,25746,2444
education_level__1,70.0,0.821708425493042,25746,2444
education_level__1,70.25,0.8167421136877693,25746,2444
education_level__1,70.5,0.8129070415570321,25746,2444
education_level__1,70.75,0.8095045478072516,25746,2444
education_level__1,71.0,0.8057499414771851,25746,2444
education_level__1,71.25,0.8023601652498513,25746,2444
education_level__1,71.5,0.7986468253567409,25746,2444
education_level__1,71.75,0.7946339209867557,25746,2444
education_level__1,72.0,0.7897586925581458,25746,2444
education_level__1,72.25,0.7867386452132556,25746,2444
education_level__1,72.5,0.7839042198526849,25746,2444
education_level__1,72.75,0.7797284679528216,25746,2444
education_level__1,73.0,0.7762667160442195,25746,2444
education_level__1,73.25,0.7734083010485684,25746,2444
education_level__1,73.5,0.7705078543055656,25746,2444
education_level__1,73.75,0.766201551007579,25746,2444
education_level__1,74.0,0.7629288382118553,25746,2444
education_level__1,74.25,0.7573050008251716,25746,2444
education_level__1,74.5,0.7545786566949731,25746,2444
education_level__1,74.75,0.7485298065757623,25746,2444
education_level__1,75.0,0.7443403760650865,25746,2444
education_level__1,75.25,0.7405357121084235,25746,2444
education_level__1,75.5,0.7385958342562688,25746,2444
education_level__1,75.75,0.7343802977907476,25746,2444
education_level__1,76.0,0.7303791125563048,25746,2444
education_level__1,76.25,0.7264668854356405,25746,2444
education_level__1,76.5,0.7201891399039765,25746,2444
education_level__1,76.75,0.7155496102544121,25746,2444
education_level__1,77.0,0.708168791028332,25746,2444
education_level__1,77.25,0.7038110794365818,25746,2444
education_level__1,77.5,0.6993893849229169,25746,2444
education_level__1,77.75,0.6954620365305584,25746,2444
education_level__1,78.0,0.6884399080333241,25746,2444
education_level__1,78.25,0.6854269117000397,25746,2444
education_level__1,78.5,0.6802140961341903,25746,2444
education_level__1,78.75,0.6742840147490274,25746,2444
education_level__1,79.0,0.6682591722712844,25746,2444
education_level__1,79.25,0.662308199772196,25746,2444
education_level__1,79.5,0.6578447160038521,25746,2444
education_level__1,79.75,0.6516791841688565,25746,2444
education_level__1,80.0,0.6460599097128296,25746,2444
education_level__1,80.25,0.6389826042764385,25746,2444
education_level__1,80.5,0.6327957429832738,25746,2444
education_level__1,80.75,0.6247749540133066,25746,2444
education_level__1,81.0,0.6156281901318659,25746,2444
education_level__1,81.25,0.6084624027510764,25746,2444
education_level__1,81.5,0.5996962307548999,25746,2444
education_level__1,81.75,0.5900595287582193,25746,2444
education_level__1,82.0,0.583644056643222,25746,2444
education_level__1,82.25,0.5756428221209252,25746,2444
education_level__1,82.5,0.5706188666490193,25746,2444
education_level__1,82.75,0.5612148020294137,25746,2444
education_level__1,83.0,0.5524509469466307,25746,2444
education_level__1,83.25,0.5443916004643118,25746,2444
education_level__1,83.5,0.5370530311823234,25746,2444
education_level__1,83.75,0.5271432992892751,25746,2444
education_level__1,84.0,0.5187383120786313,25746,2444
education_level__1,84.25,0.511023363477607,25746,2444
education_level__1,84.5,0.4985331317258256,25746,2444
education_level__1,84.75,0.49159379876564835,25746,2444
education_level__1,85.0,0.4849742323725964,25746,2444
education_level__1,85.25,0.473323801436107,25746,2444
education_level__1,85.5,0.46366235894162483,25746,2444
education_level__1,85.75,0.45324049810459643,25746,2444
education_level__1,86.0,0.4401378038067631,25746,2444
education_level__1,86.25,0.43069994943081447,25746,2444
education_level__1,86.5,0.4220194423450732,25746,2444
education_level__1,86.75,0.41674159535660743,25746,2444
education_level__1,87.0,0.4069981258169915,25746,2444
education_level__1,87.25,0.39865837594227016,25746,2444
education_level__1,87.5,0.3934669917087981,25746,2444
education_level__1,87.75,0.384010310767087,25746,2444
education_level__1,88.0,0.37189752021519995,25746,2444
education_level__1,88.25,0.3600149711082151,25746,2444
education_level__1,88.5,0.3490957761253315,25746,2444
education_level__1,88.75,0.3385353128006238,25746,2444
education_level__1,89.0,0.3257938514992762,25746,2444
education_level__1,89.25,0.3175370754615977,25746,2444
education_level__1,89.5,0.30688012454019736,25746,2444
education_level__1,89.75,0.2994939955511145,25746,2444
education_level__1,90.0,0.2902685158306268,25746,2444
education_level__1,90.25,0.2753624757152231,25746,2444
education_level__1,90.5,0.2650354286054217,25746,2444
education_level__1,90.75,0.25770267004617603,25746,2444
education_level__1,91.0,0.2501948460345024,25746,2444
education_level__1,91.25,0.23612331419942947,25746,2444
education_level__1,91.5,0.22692987694777442,25746,2444
education_level__1,91.75,0.21841486432755067,25746,2444
education_level__1,92.0,0.20687095363740168,25746,2444
education_level__1,92.25,0.20085760913887107,25746,2444
education_level__1,92.5,0.19568494206779458,25746,2444
education_level__1,92.75,0.1830067059581269,25746,2444
education_level__1,93.0,0.17658390031315205,25746,2444
education_level__1,93.25,0.16546761731252468,25746,2444
education_level__1,93.5,0.15979222387156386,25746,2444
education_level__1,93.75,0.150560709197542,25746,2444
education_level__1,94.0,0.14353906071908706,25746,2444
education_level__1,94.25,0.13643073974768424,25746,2444
education_level__1,94.5,0.12671128320664682,25746,2444
education_level__1,94.75,0.1192671431211204,25746,2444
education_level__1,95.0,0.11419077112616188,25746,2444
education_level__1,95.25,0.11029790392867907,25746,2444
education_level__1,95.5,0.1075736580767821,25746,2444
education_level__1,95.75,0.09909815774345991,25746,2444
education_level__1,96.0,0.09189469111401,25746,2444
education_level__1,96.25,0.08146458877729444,25746,2444
education_level__1,96.5,0.07679310847374998,25746,2444
education_level__1,96.75,0.0717089797506855,25746,2444
education_level__1,97.0,0.0717089797506855,25746,2444
education_level__1,97.25,0.06628235425603904,25746,2444
education_level__1,97.5,0.056813446505176335,25746,2444
education_level__1,97.75,0.0511321018546587,25746,2444
education_level__1,98.0,0.049238320304486154,25746,2444
education_level__1,98.25,0.047344538754313596,25746,2444
education_level__1,98.5,0.045450757204141067,25746,2444
education_level__1,98.75,0.03787563100345088,25746,2444
education_level__1,99.0,0.035981849453278335,25746,2444
education_level__1,99.25,0.035981849453278335,25746,2444
education_level__1,99.5,0.03198386618069186,25746,2444
education_level__1,99.75,0.025833122684404956,25746,2444
education_level__1,100.0,0.025833122684404956,25746,2444
education_level__1,100.25,0.025833122684404956,25746,2444
education_level__1,100.5,0.025833122684404956,25746,2444
education_level__1,100.75,0.025833122684404956,25746,2444
education_level__1,101.0,0.022603982348854346,25746,2444
education_level__1,101.25,0.022603982348854346,25746,2444
education_level__1,101.5,0.022603982348854346,25746,2444
education_level__1,101.75,0.022603982348854346,25746,2444
education_level__1,102.0,0.022603982348854346,25746,2444
education_level__1,102.25,0.022603982348854346,25746,2444
education_level__1,102.5,0.022603982348854346,25746,2444
education_level__1,102.75,0.022603982348854346,25746,2444
education_level__1,103.0,0.022603982348854346,25746,2444
education_level__1,103.25,0.022603982348854346,25746,2444
education_level__1,103.5,0.022603982348854346,25746,2444
education_level__1,103.75,0.022603982348854346,25746,2444
education_level__1,104.0,0.022603982348854346,25746,2444
education_level__1,104.25,0.022603982348854346,25746,2444
education_level__1,104.5,0.022603982348854346,25746,2444
education_level__1,104.75,0.022603982348854346,25746,2444
education_level__1,105.0,0.022603982348854346,25746,2444
education_level__1,105.25,0.022603982348854346,25746,2444
education_level__1,105.5,0.022603982348854346,25746,2444
education_level__1,105.75,0.022603982348854346,25746,2444
education_level__1,106.0,0.022603982348854346,25746,2444
education_level__1,106.25,0.022603982348854346,25746,2444
education_level__1,106.5,0.022603982348854346,25746,2444
education_level__1,106.75,0.022603982348854346,25746,2444
education_level__1,107.0,0.022603982348854346,25746,2444
education_level__1,107.25,0.022603982348854346,25746,2444
education_level__1,107.5,0.022603982348854346,25746,2444
education_level__1,107.75,0.022603982348854346,25746,2444
education_level__1,108.0,0.022603982348854346,25746,2444
education_level__1,108.25,0.022603982348854346,25746,2444
education_level__1,108.5,0.022603982348854346,25746,2444
education_level__1,108.75,0.022603982348854346,25746,2444
education_level__1,109.0,0.022603982348854346,25746,2444
education_level__1,109.25,0.022603982348854346,25746,2444
education_level__1,109.5,0.022603982348854346,25746,2444
education_level__1,109.75,0.022603982348854346,25746,2444
education_level__1,110.0,0.022603982348854346,25746,2444
