model,age,survival
Xc+eta,0.0,1.0
Xc+eta,0.1,0.9982581972416497
Xc+eta,0.2,0.9963416661330166
Xc+eta,0.30000000000000004,0.9945897934714778
Xc+eta,0.4,0.992966077269802
Xc+eta,0.5,0.9914333401737881
Xc+eta,0.6000000000000001,0.9899678430502951
Xc+eta,0.7000000000000001,0.9885538681374793
Xc+eta,0.8,0.9871803475660252
Xc+eta,0.9,0.9858390896899707
Xc+eta,1.0,0.9845237940197317
Xc+eta,1.1,0.9832294652464814
Xc+eta,1.2000000000000002,0.981952043861475
Xc+eta,1.3,0.9806881621680393
Xc+eta,1.4000000000000001,0.9794349768753936
Xc+eta,1.5,0.9781900505656208
Xc+eta,1.6,0.976951265512711
Xc+eta,1.7000000000000002,0.9757167595894689
Xc+eta,1.8,0.9744848776589241
Xc+eta,1.9000000000000001,0.9732541340727453
Xc+eta,2.0,0.9720231832981632
Xc+eta,2.1,0.9707907965999375
Xc+eta,2.2,0.9695558433044108
Xc+eta,2.3000000000000003,0.9683172755803386
Xc+eta,2.4000000000000004,0.9670741159533346
Xc+eta,2.5,0.9658254469698282
Xc+eta,2.6,0.9645704025690498
Xc+eta,2.7,0.9633081608252959
Xc+eta,2.8000000000000003,0.9620379377992571
Xc+eta,2.9000000000000004,0.9607589822942938
Xc+eta,3.0,0.9594705713566772
Xc+eta,3.1,0.9581720063917286
Xc+eta,3.2,0.9568626097931715
Xc+eta,3.3000000000000003,0.9555417220027129
Xc+eta,3.4000000000000004,0.9542086989323749
Xc+eta,3.5,0.9528629096943226
Xc+eta,3.6,0.9515037345926574
Xc+eta,3.7,0.9501305633395076
Xc+eta,3.8000000000000003,0.9487427934639945
Xc+eta,3.9000000000000004,0.9473398288878517
Xc+eta,4.0,0.9459210786455888
Xc+eta,4.1000000000000005,0.9444859557305878
Xc+eta,4.2,0.9430338760513308
Xc+eta,4.3,0.9415642574843345
Xc+eta,4.4,0.9400765190123255
Xc+eta,4.5,0.9385700799378397
Xc+eta,4.6000000000000005,0.9370443591638254
Xc+eta,4.7,0.9354987745340039
Xc+eta,4.800000000000001,0.9339327422267238
Xc+eta,4.9,0.9323456761969241
Xc+eta,5.0,0.9307369876615078
Xc+eta,5.1000000000000005,0.929106084624109
Xc+eta,5.2,0.9274523714357089
Xc+eta,5.300000000000001,0.9257752483880912
Xc+eta,5.4,0.9240741113374751
Xc+eta,5.5,0.9223483513560599
Xc+eta,5.6000000000000005,0.9205973544095111
Xc+eta,5.7,0.9188205010586671
Xc+eta,5.800000000000001,0.9170171661840494
Xc+eta,5.9,0.9151867187318847
Xc+eta,6.0,0.9133285214806305
Xc+eta,6.1000000000000005,0.9114419308270817
Xc+eta,6.2,0.9095262965913555
Xc+eta,6.300000000000001,0.9075809618401506
Xc+eta,6.4,0.9056052627278003
Xc+eta,6.5,0.9035985283547845
Xc+eta,6.6000000000000005,0.9015600806434301
Xc+eta,6.7,0.8994892342306594
Xc+eta,6.800000000000001,0.897385296377697
Xc+eta,6.9,0.8952475668967702
Xc+eta,7.0,0.8930753380948685
Xc+eta,7.1000000000000005,0.8908678947347377
Xc+eta,7.2,0.8886245140133276
Xc+eta,7.300000000000001,0.8863444655579749
Xc+eta,7.4,0.8840270114406815
Xc+eta,7.5,0.8816714062108794
Xc+eta,7.6000000000000005,0.8792768969471475
Xc+eta,7.7,0.8768427233283919
Xc+eta,7.800000000000001,0.8743681177250339
Xc+eta,7.9,0.8718523053108385
Xc+eta,8.0,0.8692945041960025
Xc+eta,8.1,0.8666939255822328
Xc+eta,8.200000000000001,0.8640497739405295
Xc+eta,8.3,0.8613612472124708
Xc+eta,8.4,0.8586275370358122
Xc+eta,8.5,0.8558478289952738
Xc+eta,8.6,0.8530213028993954
Xc+eta,8.700000000000001,0.8501471330844129
Xc+eta,8.8,0.8472244887461218
Xc+eta,8.9,0.844252534300723
Xc+eta,9.0,0.8412304297757002
Xc+eta,9.1,0.8381573312317928
Xc+eta,9.200000000000001,0.8350323912171559
Xc+eta,9.3,0.8318547592548396
Xc+eta,9.4,0.8286235823647358
Xc+eta,9.5,0.8253380056211556
Xc+eta,9.600000000000001,0.8219971727472617
Xc+eta,9.700000000000001,0.8186002267475274
Xc+eta,9.8,0.8151463105794963
Xc+eta,9.9,0.8116345678660518
Xc+eta,10.0,0.8080641436494765
Xc+eta,10.100000000000001,0.8044341851885447
Xc+eta,10.200000000000001,0.8007438427999316
Xc+eta,10.3,0.796992270745183
Xc+eta,10.4,0.7931786281645282
Xc+eta,10.5,0.7893020800587706
Xc+eta,10.600000000000001,0.7853617983204967
Xc+eta,10.700000000000001,0.781356962815829
Xc+eta,10.8,0.7772867625179064
Xc+eta,10.9,0.7731503966932538
Xc+eta,11.0,0.7689470761421677
Xc+eta,11.100000000000001,0.7646760244941934
Xc+eta,11.200000000000001,0.7603364795597166
Xc+eta,11.3,0.7559276947386381
Xc+eta,11.4,0.7514489404870229
Xc+eta,11.5,0.746899505842551
Xc+eta,11.600000000000001,0.742278700009476
Xc+eta,11.700000000000001,0.7375858540037555
Xc+eta,11.8,0.7328203223588488
Xc+eta,11.9,0.7279814848926005
Xc+eta,12.0,0.7230687485354678
Xc+eta,12.100000000000001,0.7180815492202377
Xc+eta,12.200000000000001,0.7130193538331825
Xc+eta,12.3,0.7078816622264648
Xc+eta,12.4,0.7026680092914005
Xc+eta,12.5,0.6973779670919961
Xc+eta,12.600000000000001,0.6920111470579475
Xc+eta,12.700000000000001,0.6865672022360799
Xc+eta,12.8,0.6810458295989369
Xc+eta,12.9,0.675446772408975
Xc+eta,13.0,0.6697698226365347
Xc+eta,13.100000000000001,0.6640148234294521
Xc+eta,13.200000000000001,0.6581816716318782
Xc+eta,13.3,0.6522703203494985
Xc+eta,13.4,0.6462807815580326
Xc+eta,13.5,0.6402131287514904
Xc+eta,13.600000000000001,0.6340674996262715
Xc+eta,13.700000000000001,0.6278440987967966
Xc+eta,13.8,0.6215432005379145
Xc+eta,13.9,0.6151651515488722
Xc+eta,14.0,0.6087103737332028
Xc+eta,14.100000000000001,0.6021793669883492
Xc+eta,14.200000000000001,0.5955727119983807
Xc+eta,14.3,0.5888910730226291
Xc+eta,14.4,0.5821352006725193
Xc+eta,14.5,0.5753059346683633
Xc+eta,14.600000000000001,0.5684042065672762
Xc+eta,14.700000000000001,0.5614310424528562
Xc+eta,14.8,0.5543875655766494
Xc+eta,14.9,0.5472749989408666
Xc+eta,15.0,0.5400946678112231
Xc+eta,15.100000000000001,0.5328480021481714
Xc+eta,15.200000000000001,0.5255365389442512
Xc+eta,15.3,0.5181619244546489
Xc+eta,15.4,0.5107259163075433
Xc+eta,15.5,0.5032303854802257
Xc+eta,15.600000000000001,0.4956773181264661
Xc+eta,15.700000000000001,0.48806881724007284
Xc+eta,15.8,0.4804071041391322
Xc+eta,15.9,0.4726945197549413
Xc+eta,16.0,0.4649335257092688
Xc+eta,16.1,0.4571267051631947
Xc+eta,16.2,0.44927676342050127
Xc+eta,16.3,0.4413865282683207
Xc+eta,16.400000000000002,0.43345895003759055
Xc+eta,16.5,0.42549710136575175
Xc+eta,16.6,0.4175041766441296
Xc+eta,16.7,0.4094834911324971
Xc+eta,16.8,0.40143847972351576
Xc+eta,16.900000000000002,0.393372695340019
Xc+eta,17.0,0.3852898069485307
Xc+eta,17.1,0.37719359717292095
Xc+eta,17.2,0.36908795949277806
Xc+eta,17.3,0.36097689501188224
Xc+eta,17.400000000000002,0.352864508783116
Xc+eta,17.5,0.3447550056772703
Xc+eta,17.6,0.33665268578447266
Xc+eta,17.7,0.32856193933841843
Xc+eta,17.8,0.3204872411552071
Xc+eta,17.900000000000002,0.3124331445803822
Xc+eta,18.0,0.3044042749397638
Xc+eta,18.1,0.2964053224918305
Xc+eta,18.2,0.28844103488176076
Xc+eta,18.3,0.28051620909977676
Xc+eta,18.400000000000002,0.27263568294915624
Xc+eta,18.5,0.26480432603217713
Xc+eta,18.6,0.25702703026530843
Xc+eta,18.7,0.24930869993819843
Xc+eta,18.8,0.24165424133437094
Xc+eta,18.900000000000002,0.23406855193505144
Xc+eta,19.0,0.2265565092311597
Xc+eta,19.1,0.21912295917223087
Xc+eta,19.200000000000003,0.21177270428480877
Xc+eta,19.3,0.20451049149670797
Xc+eta,19.400000000000002,0.19734099970738977
Xc+eta,19.5,0.19026882714856005
Xc+eta,19.6,0.1832984785828887
Xc+eta,19.700000000000003,0.1764343523924878
Xc+eta,19.8,0.1696807276123719
Xc+eta,19.900000000000002,0.1630417509675719
Xc+eta,20.0,0.15652142397580207
Xc+eta,20.1,0.1501235901805513
Xc+eta,20.200000000000003,0.1438519225821524
Xc+eta,20.3,0.13770991133671148
Xc+eta,20.400000000000002,0.131700851794705
Xc+eta,20.5,0.1258278329525501
Xc+eta,20.6,0.12009372639144064
Xc+eta,20.700000000000003,0.11450117577820793
Xc+eta,20.8,0.10905258700283944
Xc+eta,20.900000000000002,0.10375011902654858
Xc+eta,21.0,0.0985956755128961
Xc+eta,21.1,0.09359089731237344
Xc+eta,21.200000000000003,0.08873715586806653
Xc+eta,21.3,0.08403554760648986
Xc+eta,21.400000000000002,0.07948688937341107
Xc+eta,21.5,0.07509171496947396
Xc+eta,21.6,0.07085027283467392
Xc+eta,21.700000000000003,0.06676252492426554
Xc+eta,21.8,0.06282814681151236
Xc+eta,21.900000000000002,0.05904652904485665
Xc+eta,22.0,0.05541677977865085
Xc+eta,22.1,0.05193772868759785
Xc+eta,22.200000000000003,0.048607932165579404
Xc+eta,22.3,0.045425679799681436
Xc+eta,22.400000000000002,0.04238900210005276
Xc+eta,22.5,0.039495679455854464
Xc+eta,22.6,0.036743252277089224
Xc+eta,22.700000000000003,0.034129032271657776
Xc+eta,22.8,0.03165011479670091
Xc+eta,22.900000000000002,0.029303392213278472
Xc+eta,23.0,0.027085568163849893
Xc+eta,23.1,0.024993172682980205
Xc+eta,23.200000000000003,0.02302257804334271
Xc+eta,23.3,0.021170015231547466
Xc+eta,23.400000000000002,0.019431590941720096
Xc+eta,23.5,0.017803304969203033
Xc+eta,23.6,0.01628106788235251
Xc+eta,23.700000000000003,0.014860718847253462
Xc+eta,23.8,0.013538043478342915
Xc+eta,23.900000000000002,0.012308791587479523
Xc+eta,24.0,0.011168694704958938
Xc+eta,24.1,0.010113483248369552
Xc+eta,24.200000000000003,0.009138903219003281
Xc+eta,24.3,0.008240732310754458
Xc+eta,24.400000000000002,0.0074147953230026525
Xc+eta,24.5,0.0066569787768083815
Xc+eta,24.6,0.0059632446427551255
Xc+eta,24.700000000000003,0.005329643098828202
Xc+eta,24.8,0.004752324247692236
Xc+eta,24.900000000000002,0.004227548734457245
Xc+eta,25.0,0.003751697218339005
Xc+eta,25.1,0.0033212786643390313
Xc+eta,25.200000000000003,0.0029329374340034573
Xc+eta,25.3,0.0025834591672726634
Xc+eta,25.400000000000002,0.0022697754602102093
Xc+eta,25.5,0.001988967355807749
Xc+eta,25.6,0.001738267676918211
Xc+eta,25.700000000000003,0.0015150622414997345
Xc+eta,25.8,0.0013168900105990143
Xc+eta,25.900000000000002,0.0011414422287259205
Xc+eta,26.0,0.0009865606243522553
Xc+eta,26.1,0.0008502347451118201
Xc+eta,26.200000000000003,0.000730598507816617
Xc+eta,26.3,0.0006259260475920117
Xc+eta,26.400000000000002,0.0005346269532558898
Xc+eta,26.5,0.0004552409775337134
Xc+eta,26.6,0.0003864323108496313
Xc+eta,26.700000000000003,0.00032698350632416346
Xc+eta,26.8,0.00027578914132479196
Xc+eta,26.900000000000002,0.00023184929755972137
Xc+eta,27.0,0.00019426293739653773
Xc+eta,27.1,0.0001622212489589471
Xc+eta,27.200000000000003,0.00013500102674806252
Xc+eta,27.3,0.00011195814819751257
Xc+eta,27.400000000000002,9.252119985335858e-05
Xc+eta,27.5,7.618529991828356e-05
Xc+eta,27.6,6.250615685723071e-05
Xc+eta,27.700000000000003,5.1094396762968186e-05
Xc+eta,27.8,4.161018534813709e-05
Xc+eta,27.900000000000002,3.3758163875245484e-05
Xc+eta,28.0,2.7282712152755336e-05
Xc+eta,28.1,2.1963545992691905e-05
Xc+eta,28.200000000000003,1.7611651304982567e-05
Xc+eta,28.3,1.4065552340945056e-05
Xc+eta,28.400000000000002,1.1187907521265462e-05
Xc+eta,28.5,8.862422804897575e-06
Xc+eta,28.6,6.99106967240407e-06
Xc+eta,28.700000000000003,5.491592495059473e-06
Xc+eta,28.8,4.295288312901713e-06
Xc+eta,28.900000000000002,3.3450408147653093e-06
Xc+eta,29.0,2.5935895576257627e-06
Xc+eta,29.1,2.0020151323666135e-06
Xc+eta,29.200000000000003,1.5384210258948284e-06
Xc+eta,29.3,1.1767932912639332e-06
Xc+eta,29.400000000000002,8.960197640037189e-07
Xc+eta,29.5,6.790514015430468e-07
Xc+eta,29.6,5.121893234669204e-07
Xc+eta,29.700000000000003,3.8448224705028195e-07
Xc+eta,29.8,2.8722020312782034e-07
Xc+eta,29.900000000000002,2.1351164484647056e-07
Xc+eta,30.0,1.5793229431264364e-07
beta,0.0,1.0
beta,0.1,0.9996447178302641
beta,0.2,0.9988532211594212
beta,0.30000000000000004,0.997637906928257
beta,0.4,0.9960746283174041
beta,0.5,0.994246187453363
beta,0.6000000000000001,0.9922233023247907
beta,0.7000000000000001,0.9900606919549068
beta,0.8,0.9877987127588306
beta,0.9,0.9854663794577703
beta,1.0,0.983084249274399
beta,1.1,0.9806667481006751
beta,1.2000000000000002,0.9782239191574497
beta,1.3,0.9757626939156396
beta,1.4000000000000001,0.9732878005536577
beta,1.5,0.970802408338453
beta,1.6,0.9683085834317852
beta,1.7000000000000002,0.9658076113143893
beta,1.8,0.9633002252144816
beta,1.9000000000000001,0.960786768317829
beta,2.0,0.9582673092511125
beta,2.1,0.955741724501492
beta,2.2,0.9532097573616497
beta,2.3000000000000003,0.9506710601486219
beta,2.4000000000000004,0.948125224462042
beta,2.5,0.945571802860532
beta,2.6,0.9430103243616007
beta,2.7,0.9404403054845357
beta,2.8000000000000003,0.9378612580704276
beta,2.9000000000000004,0.9352726947685096
beta,3.0,0.9326741328317327
beta,3.1,0.9300650966879106
beta,3.2,0.9274451196256924
beta,3.3000000000000003,0.9248137448426689
beta,3.4000000000000004,0.9221705260363294
beta,3.5,0.9195150276699774
beta,3.6,0.9168468250103323
beta,3.7,0.9141655040075644
beta,3.8000000000000003,0.9114706610694425
beta,3.9000000000000004,0.9087619027672843
beta,4.0,0.9060388455010665
beta,4.1000000000000005,0.9033011151434295
beta,4.2,0.9005483466767052
beta,4.3,0.8977801838329613
beta,4.4,0.8949962787439771
beta,4.5,0.8921962916058617
beta,4.6000000000000005,0.8893798903613505
beta,4.7,0.8865467504016359
beta,4.800000000000001,0.8836965542887223
beta,4.9,0.8808289914986585
beta,5.0,0.877943758185591
beta,5.1000000000000005,0.8750405569662423
beta,5.2,0.872119096724252
beta,5.300000000000001,0.8691790924336471
beta,5.4,0.8662202650006744
beta,5.5,0.8632423411231483
beta,5.6000000000000005,0.8602450531664784
beta,5.7,0.8572281390555474
beta,5.800000000000001,0.8541913421816255
beta,5.9,0.8511344113235357
beta,6.0,0.8480571005823304
beta,6.1000000000000005,0.8449591693287654
beta,6.2,0.8418403821629119
beta,6.300000000000001,0.8387005088852697
beta,6.4,0.8355393244787948
beta,6.5,0.8323566091013087
beta,6.6000000000000005,0.8291521480877414
beta,6.7,0.8259257319617633
beta,6.800000000000001,0.822677156456333
beta,6.9,0.8194062225427583
beta,7.0,0.8161127364678665
beta,7.1000000000000005,0.8127965097989355
beta,7.2,0.8094573594760262
beta,7.300000000000001,0.8060951078714035
beta,7.4,0.8027095828557514
beta,7.5,0.7993006178708888
beta,7.6000000000000005,0.7958680520087161
beta,7.7,0.7924117300961597
beta,7.800000000000001,0.7889315027858441
beta,7.9,0.7854272266522933
beta,8.0,0.7818987642934226
beta,8.1,0.7783459844371176
beta,8.200000000000001,0.7747687620527077
beta,8.3,0.7711669784671248
beta,8.4,0.7675405214855757
beta,8.5,0.7638892855165281
beta,8.6,0.7602131717008497
beta,8.700000000000001,0.7565120880449094
beta,8.8,0.7527859495574762
beta,8.9,0.7490346783902454
beta,9.0,0.7452582039818216
beta,9.1,0.7414564632049857
beta,9.200000000000001,0.7376294005170874
beta,9.3,0.7337769681133878
beta,9.4,0.7298991260831853
beta,9.5,0.7259958425685508
beta,9.600000000000001,0.7220670939255087
beta,9.700000000000001,0.7181128648874813
beta,9.8,0.7141331487308205
beta,9.9,0.7101279474422562
beta,10.0,0.7060972718880648
beta,10.100000000000001,0.7020411419847831
beta,10.200000000000001,0.6979595868712725
beta,10.3,0.6938526450819399
beta,10.4,0.6897203647209209
beta,10.5,0.6855628036370063
beta,10.600000000000001,0.6813800295991377
beta,10.700000000000001,0.6771721204722152
beta,10.8,0.672939164393038
beta,10.9,0.6686812599461329
beta,11.0,0.6643985163392436
beta,11.100000000000001,0.6600910535782606
beta,11.200000000000001,0.6557590026413272
beta,11.3,0.6514025056519012
beta,11.4,0.6470217160505023
beta,11.5,0.6426167987648898
beta,11.600000000000001,0.6381879303784169
beta,11.700000000000001,0.6337352992962765
beta,11.8,0.6292591059093745
beta,11.9,0.6247595627555391
beta,12.0,0.6202368946777832
beta,12.100000000000001,0.6156913389793244
beta,12.200000000000001,0.6111231455750588
beta,12.3,0.6065325771391837
beta,12.4,0.6019199092486658
beta,12.5,0.597285430522218
beta,12.600000000000001,0.592629442754482
beta,12.700000000000001,0.587952261045078
beta,12.8,0.5832542139221878
beta,12.9,0.5785356434603358
beta,13.0,0.5737969053920251
beta,13.100000000000001,0.569038369212884
beta,13.200000000000001,0.5642604182799615
beta,13.3,0.5594634499028348
beta,13.4,0.5546478754271519
beta,13.5,0.5498141203102654
beta,13.600000000000001,0.5449626241885794
beta,13.700000000000001,0.5400938409362586
beta,13.8,0.5352082387149156
beta,13.9,0.5303063000139332
beta,14.0,0.5253885216810216
beta,14.100000000000001,0.5204554149426699
beta,14.200000000000001,0.515507505414112
beta,14.3,0.510545333098436
beta,14.4,0.5055694523744819
beta,14.5,0.5005804319731612
beta,14.600000000000001,0.49557885494183385
beta,14.700000000000001,0.4905653185963988
beta,14.8,0.4855404344607392
beta,14.9,0.48050482819317475
beta,15.0,0.4754591394995935
beta,15.100000000000001,0.4704040220329237
beta,15.200000000000001,0.465340143278618
beta,15.3,0.4602681844258462
beta,15.4,0.455188840224081
beta,15.5,0.450102818824792
beta,15.600000000000001,0.44501084160795074
beta,15.700000000000001,0.43991364299309654
beta,15.8,0.4348119702346837
beta,15.9,0.42970658320148847
beta,16.0,0.4245982541398315
beta,16.1,0.4194877674204211
beta,16.2,0.4143759192686113
beta,16.3,0.40926351747791045
beta,16.400000000000002,0.40415138110658166
beta,16.5,0.3990403401571991
beta,16.6,0.3939312352390573
beta,16.7,0.3888249172133346
beta,16.8,0.38372224682095035
beta,16.900000000000002,0.37862409429307886
beta,17.0,0.37353133894429524
beta,17.1,0.3684448687483816
beta,17.2,0.36336557989681995
beta,17.3,0.3582943763400469
beta,17.400000000000002,0.3532321693115735
beta,17.5,0.3481798768350918
beta,17.6,0.3431384232147378
beta,17.7,0.3381087385086981
beta,17.8,0.33309175798639373
beta,17.900000000000002,0.32808842156949763
beta,18.0,0.3230996732570835
beta,18.1,0.3181264605352382
beta,18.2,0.3131697337715039
beta,18.3,0.30823044559455215
beta,18.400000000000002,0.3033095502595338
beta,18.5,0.29840800299957865
beta,18.6,0.2935267593639633
beta,18.7,0.28866677454349793
beta,18.8,0.283829002683724
beta,18.900000000000002,0.2790143961865521
beta,19.0,0.2742239050010073
beta,19.1,0.269458475903783
beta,19.200000000000003,0.2647190517703528
beta,19.3,0.2600065708374104
beta,19.400000000000002,0.2553219659574639
beta,19.5,0.25066616384642904
beta,19.6,0.24604008432511176
beta,19.700000000000003,0.2414446395555061
beta,19.8,0.23688073327285836
beta,19.900000000000002,0.2323492600144916
beta,20.0,0.22785110434640862
beta,20.1,0.22338714008872637
beta,20.200000000000003,0.21895822954102087
beta,20.3,0.21456522270869188
beta,20.400000000000002,0.21020895653147964
beta,20.5,0.20589025411529194
beta,20.6,0.20160992396851976
beta,20.700000000000003,0.1973687592440445
beta,20.8,0.19316753698815065
beta,20.900000000000002,0.18900701739757902
beta,21.0,0.18488794308596782
beta,21.1,0.18081103836093662
beta,21.200000000000003,0.17677700851308098
beta,21.3,0.17278653911814798
beta,21.400000000000002,0.16884029535366454
beta,21.5,0.1649389213312933
beta,21.6,0.16108303944618763
beta,21.700000000000003,0.1572732497446036
beta,21.8,0.15351012931103036
beta,21.900000000000002,0.1497942316760727
beta,22.0,0.14612608624631787
beta,22.1,0.14250619775738632
beta,22.200000000000003,0.13893504575135318
beta,22.3,0.13541308407969566
beta,22.400000000000002,0.1319407404328948
beta,22.5,0.12851841589778373
beta,22.6,0.1251464845437021
beta,22.700000000000003,0.12182529303847368
beta,22.8,0.11855516029518204
beta,22.900000000000002,0.11533637715067196
beta,23.0,0.11216920607665491
beta,23.1,0.10905388092424438
beta,23.200000000000003,0.1059906067026882
beta,23.3,0.10297955939300882
beta,23.400000000000002,0.10002088579719796
beta,23.5,0.0971147034235484
beta,23.6,0.09426110040863606
beta,23.700000000000003,0.0914601354763972
beta,23.8,0.08871183793467183
beta,23.900000000000002,0.08601620770950946
beta,24.0,0.08337321541745563
beta,24.1,0.08078280247596105
beta,24.200000000000003,0.07824488125197185
beta,24.3,0.07575933524867873
beta,24.400000000000002,0.07332601933032175
beta,24.5,0.07094475998485855
beta,24.6,0.0686153556242245
beta,24.700000000000003,0.06633757692182425
beta,24.8,0.06411116718681041
beta,24.900000000000002,0.06193584277461932
beta,25.0,0.059811293533149186
beta,25.1,0.0577371832838816
beta,25.200000000000003,0.05571315033716397
beta,25.3,0.053738808040787095
beta,25.400000000000002,0.051813745360915237
beta,25.5,0.04993752749434187
beta,25.6,0.04810969651097148
beta,25.700000000000003,0.04632977202535261
beta,25.8,0.044597251896014066
beta,25.900000000000002,0.042911612951289126
beta,26.0,0.04127231174024588
beta,26.1,0.0396787853072794
beta,26.200000000000003,0.03813045198886467
beta,26.3,0.03662671223091126
beta,26.400000000000002,0.03516694942511375
beta,26.5,0.03375053076264324
beta,26.6,0.03237680810348489
beta,26.700000000000003,0.031045118859689105
beta,26.8,0.029754786890772256
beta,26.900000000000002,0.028505123409475894
beta,27.0,0.0272954278960713
beta,27.1,0.02612498901938051
beta,27.200000000000003,0.024993085562673094
beta,27.3,0.023898987352593007
beta,27.400000000000002,0.022841956189269114
beta,27.5,0.021821246775769226
beta,27.6,0.020836107645067322
beta,27.700000000000003,0.019885782082710957
beta,27.8,0.018969509043397184
beta,27.900000000000002,0.018086524059693146
beta,28.0,0.017236060141169005
beta,28.1,0.01641734866224996
beta,28.200000000000003,0.01562962023713587
beta,28.3,0.014872105580184914
beta,28.400000000000002,0.014144036350210415
beta,28.5,0.013444645977196629
beta,28.6,0.01277317047000026
beta,28.700000000000003,0.012128849203670118
beta,28.8,0.01151092568508631
beta,28.900000000000002,0.010918648295692463
beta,29.0,0.01035127101017109
beta,29.1,0.009808054089990144
beta,29.200000000000003,0.009288264750830822
beta,29.3,0.00879117780299
beta,29.400000000000002,0.008316076263936434
beta,29.5,0.007862251942287237
beta,29.6,0.007429005992559525
beta,29.700000000000003,0.007015649440141775
beta,29.8,0.006621503676019467
beta,29.900000000000002,0.006245900920879806
beta,30.0,0.005888184658310551
epsilon,0.0,1.0
epsilon,0.1,0.9959194178443306
epsilon,0.2,0.9889402877893466
epsilon,0.30000000000000004,0.9814580057517005
epsilon,0.4,0.9741485783435395
epsilon,0.5,0.9671405241785906
epsilon,0.6000000000000001,0.9604307559949682
epsilon,0.7000000000000001,0.9539901923914565
epsilon,0.8,0.9477886835315905
epsilon,0.9,0.9418000581215522
epsilon,1.0,0.9360024258950786
epsilon,1.1,0.9303775086215157
epsilon,1.2000000000000002,0.924909913266335
epsilon,1.3,0.9195865338650553
epsilon,1.4000000000000001,0.914396090743207
epsilon,1.5,0.9093287800029514
epsilon,1.6,0.9043760054495525
epsilon,1.7000000000000002,0.8995301711710105
epsilon,1.8,0.8947845188981188
epsilon,1.9000000000000001,0.8901329987872038
epsilon,2.0,0.8855701654824221
epsilon,2.1,0.8810910935608093
epsilon,2.2,0.876691308034247
epsilon,2.3000000000000003,0.8723667266912912
epsilon,2.4000000000000004,0.8681136118541071
epsilon,2.5,0.8639285296997387
epsilon,2.6,0.8598083157161623
epsilon,2.7,0.8557500451769818
epsilon,2.8000000000000003,0.8517510077543481
epsilon,2.9000000000000004,0.8478086855692911
epsilon,3.0,0.8439207341166914
epsilon,3.1,0.8400849656094308
epsilon,3.2,0.836299334370349
epsilon,3.3000000000000003,0.8325619239670994
epsilon,3.4000000000000004,0.8288709358379887
epsilon,3.5,0.8252246791993644
epsilon,3.6,0.8216215620595032
epsilon,3.7,0.8180600831918797
epsilon,3.8000000000000003,0.8145388249435515
epsilon,3.9000000000000004,0.8110564467732502
epsilon,4.0,0.8076116794293104
epsilon,4.1000000000000005,0.8042033196905285
epsilon,4.2,0.800830225603869
epsilon,4.3,0.7974913121620228
epsilon,4.4,0.794185547371466
epsilon,4.5,0.790911948668183
epsilon,4.6000000000000005,0.7876695796436978
epsilon,4.7,0.7844575470487725
epsilon,4.800000000000001,0.78127499804617
epsilon,4.9,0.7781211176873128
epsilon,5.0,0.7749951265906668
epsilon,5.1000000000000005,0.7718962788022505
epsilon,5.2,0.768823859820906
epsilon,5.300000000000001,0.7657771847729031
epsilon,5.4,0.7627555967221576
epsilon,5.5,0.7597584651038166
epsilon,5.6000000000000005,0.7567851842702509
epsilon,5.7,0.7538351721396638
epsilon,5.800000000000001,0.7509078689385037
epsilon,5.9,0.7480027360297651
epsilon,6.0,0.7451192548200508
epsilon,6.1000000000000005,0.7422569257389579
epsilon,6.2,0.7394152672849659
epsilon,6.300000000000001,0.736593815132563
epsilon,6.4,0.7337921212958318
epsilon,6.5,0.7310097533441556
epsilon,6.6000000000000005,0.728246293666091
epsilon,6.7,0.7255013387778211
epsilon,6.800000000000001,0.7227744986728958
epsilon,6.9,0.720065396210275
epsilon,7.0,0.7173736665379206
epsilon,7.1000000000000005,0.7146989565494365
epsilon,7.2,0.7120409243714477
epsilon,7.300000000000001,0.7093992388796094
epsilon,7.4,0.7067735792412962
epsilon,7.5,0.7041636344831942
epsilon,7.6000000000000005,0.701569103082136
epsilon,7.7,0.6989896925776681
epsilon,7.800000000000001,0.6964251192049494
epsilon,7.9,0.6938751075466763
epsilon,8.0,0.6913393902028431
epsilon,8.1,0.6888177074772238
epsilon,8.200000000000001,0.6863098070795519
epsilon,8.3,0.6838154438424345
epsilon,8.4,0.6813343794521228
epsilon,8.5,0.678866382192309
epsilon,8.6,0.6764112267001902
epsilon,8.700000000000001,0.6739686937340822
epsilon,8.8,0.6715385699519194
epsilon,8.9,0.6691206477000181
epsilon,9.0,0.6667147248115343
epsilon,9.1,0.6643206044140675
epsilon,9.200000000000001,0.6619380947459088
epsilon,9.3,0.6595670089804622
epsilon,9.4,0.6572071650584025
epsilon,9.5,0.6548583855271407
epsilon,9.600000000000001,0.6525204973872312
epsilon,9.700000000000001,0.6501933319453396
epsilon,9.8,0.647876724673441
epsilon,9.9,0.6455705150739238
epsilon,10.0,0.6432745465502933
epsilon,10.100000000000001,0.6409886662832093
epsilon,10.200000000000001,0.6387127251115715
epsilon,10.3,0.6364465774184151
epsilon,10.4,0.6341900810213763
epsilon,10.5,0.6319430970675065
epsilon,10.600000000000001,0.6297054899322255
epsilon,10.700000000000001,0.6274771271222144
epsilon,10.8,0.6252578791820672
epsilon,10.9,0.6230476196045185
epsilon,11.0,0.6208462247440792
epsilon,11.100000000000001,0.618653573733937
epsilon,11.200000000000001,0.6164695484059516
epsilon,11.3,0.6142940332136232
epsilon,11.4,0.6121269151578899
epsilon,11.5,0.6099680837156262
epsilon,11.600000000000001,0.6078174307707375
epsilon,11.700000000000001,0.6056748505477167
epsilon,11.8,0.6035402395475723
epsilon,11.9,0.6014134964860115
epsilon,12.0,0.5992945222338008
epsilon,12.100000000000001,0.597183219759187
epsilon,12.200000000000001,0.5950794940723141
epsilon,12.3,0.592983252171539
epsilon,12.4,0.590894402991572
epsilon,12.5,0.5888128573533653
epsilon,12.600000000000001,0.58673852791568
epsilon,12.700000000000001,0.5846713291282635
epsilon,12.8,0.5826111771865645
epsilon,12.9,0.5805579899879425
epsilon,13.0,0.5785116870892874
epsilon,13.100000000000001,0.5764721896660179
epsilon,13.200000000000001,0.5744394204723866
epsilon,13.3,0.5724133038030501
epsilon,13.4,0.5703937654558546
epsilon,13.5,0.5683807326957884
epsilon,13.600000000000001,0.5663741342200559
epsilon,13.700000000000001,0.5643739001242322
epsilon,13.8,0.5623799618694618
epsilon,13.9,0.560392252250655
epsilon,14.0,0.5584107053656463
epsilon,14.100000000000001,0.556435256585287
epsilon,14.200000000000001,0.5544658425244294
epsilon,14.3,0.5525024010137732
epsilon,14.4,0.5505448710725427
epsilon,14.5,0.5485931928819683
epsilon,14.600000000000001,0.5466473077595344
epsilon,14.700000000000001,0.5447071581339809
epsilon,14.8,0.5427726875210174
epsilon,14.9,0.5408438404997349
epsilon,15.0,0.5389205626896836
epsilon,15.100000000000001,0.5370028007286026
epsilon,15.200000000000001,0.5350905022507728
epsilon,15.3,0.5331836158659687
epsilon,15.4,0.5312820911389976
epsilon,15.5,0.5293858785698007
epsilon,15.600000000000001,0.5274949295740998
epsilon,15.700000000000001,0.5256091964645676
epsilon,15.8,0.5237286324325068
epsilon,15.9,0.5218531915300244
epsilon,16.0,0.5199828286526793
epsilon,16.1,0.5181174995225916
epsilon,16.2,0.5162571606719939
epsilon,16.3,0.5144017694272203
epsilon,16.400000000000002,0.5125512838931087
epsilon,16.5,0.510705662937804
epsilon,16.6,0.5088648661779606
epsilon,16.7,0.5070288539643175
epsilon,16.8,0.5051975873676424
epsilon,16.900000000000002,0.5033710281650327
epsilon,17.0,0.5015491388265583
epsilon,17.1,0.49973188250224143
epsilon,17.2,0.49791922300936114
epsilon,17.3,0.4961111248200647
epsilon,17.400000000000002,0.4943075530492944
epsilon,17.5,0.49250847344299964
epsilon,17.6,0.49071385236664056
epsilon,17.7,0.4889236567939679
epsilon,17.8,0.4871378542960741
epsilon,17.900000000000002,0.48535641303070437
epsilon,18.0,0.48357930173182057
epsilon,18.1,0.4818064896994138
epsilon,18.2,0.4800379467895568
epsilon,18.3,0.4782736434046853
epsilon,18.400000000000002,0.476513550484108
epsilon,18.5,0.47475763949473515
epsilon,18.6,0.4730058824220178
epsilon,18.7,0.47125825176109754
epsilon,18.8,0.4695147205081545
epsilon,18.900000000000002,0.46777526215195014
epsilon,19.0,0.4660398506655635
epsilon,19.1,0.4643084604983071
epsilon,19.200000000000003,0.4625810665678255
epsilon,19.3,0.4608576442523674
epsilon,19.400000000000002,0.459138169383228
epsilon,19.5,0.45742261823735286
epsilon,19.6,0.45571096753010826
epsilon,19.700000000000003,0.45400319440820136
epsilon,19.8,0.45229927644275575
epsilon,19.900000000000002,0.45059919162253337
epsilon,20.0,0.4489029183473018
epsilon,20.1,0.4472104354213395
epsilon,20.200000000000003,0.4455217220470769
epsilon,20.3,0.4438367578188728
epsilon,20.400000000000002,0.44215552271691644
epsilon,20.5,0.44047799710125746
epsilon,20.6,0.4388041617059572
epsilon,20.700000000000003,0.4371339976333591
epsilon,20.8,0.43546748634847504
epsilon,20.900000000000002,0.43380460967348533
epsilon,21.0,0.4321453497823481
epsilon,21.1,0.43048968919551567
epsilon,21.200000000000003,0.42883761077475646
epsilon,21.3,0.4271890977180774
epsilon,21.400000000000002,0.4255441335547462
epsilon,21.5,0.42390270214041076
epsilon,21.6,0.4222647876523108
epsilon,21.700000000000003,0.42063037458458435
epsilon,21.8,0.41899944774366105
epsilon,21.900000000000002,0.4173719922437435
epsilon,22.0,0.41574799350237523
epsilon,22.1,0.4141274372360884
epsilon,22.200000000000003,0.4125103094561365
epsilon,22.3,0.4108965964643018
epsilon,22.400000000000002,0.40928628484878354
epsilon,22.5,0.407679361480157
epsilon,22.6,0.40607581350740996
epsilon,22.700000000000003,0.4044756283540475
epsilon,22.8,0.4028787937142689
epsilon,22.900000000000002,0.40128529754920916
epsilon,23.0,0.3996951280832507
epsilon,23.1,0.39810827380039787
epsilon,23.200000000000003,0.39652472344071277
epsilon,23.3,0.39494446599681565
epsilon,23.400000000000002,0.3933674907104454
epsilon,23.5,0.39179378706907525
epsilon,23.6,0.39022334480259063
epsilon,23.700000000000003,0.38865615388001806
epsilon,23.8,0.3870922045063125
epsilon,23.900000000000002,0.38553148711919616
epsilon,24.0,0.3839739923860489
epsilon,24.1,0.38241971120085116
epsilon,24.200000000000003,0.38086863468117477
epsilon,24.3,0.37932075416522226
epsilon,24.400000000000002,0.3777760612089157
epsilon,24.5,0.3762345475830277
epsilon,24.6,0.37469620527036174
epsilon,24.700000000000003,0.37316102646297367
epsilon,24.8,0.3716290035594361
epsilon,24.900000000000002,0.3701001291621479
epsilon,25.0,0.368574396074681
epsilon,25.1,0.3670517972991692
epsilon,25.200000000000003,0.3655323260337352
epsilon,25.3,0.36401597566995736
epsilon,25.400000000000002,0.3625027397903714
epsilon,25.5,0.3609926121660118
epsilon,25.6,0.3594855867539844
epsilon,25.700000000000003,0.3579816576950787
epsilon,25.8,0.3564808193114107
epsilon,25.900000000000002,0.35498306610409947
epsilon,26.0,0.3534883927509778
epsilon,26.1,0.35199679410433393
epsilon,26.200000000000003,0.3505082651886817
epsilon,26.3,0.34902280119856516
epsilon,26.400000000000002,0.3475403974963898
epsilon,26.5,0.3460610496102837
epsilon,26.6,0.3445847532319863
epsilon,26.700000000000003,0.3431115042147658
epsilon,26.8,0.34164129857136294
epsilon,26.900000000000002,0.34017413247196043
epsilon,27.0,0.33871000224217956
epsilon,27.1,0.33724890436110083
epsilon,27.200000000000003,0.3357908354593086
epsilon,27.3,0.33433579231696287
epsilon,27.400000000000002,0.33288377186188967
epsilon,27.5,0.33143477116769865
epsilon,27.6,0.3299887874519213
epsilon,27.700000000000003,0.32854581807417044
epsilon,27.8,0.3271058605343224
epsilon,27.900000000000002,0.3256689124707191
epsilon,28.0,0.3242349716583915
epsilon,28.1,0.3228040360073017
epsilon,28.200000000000003,0.3213761035606062
epsilon,28.3,0.3199511724929366
epsilon,28.400000000000002,0.3185292411087002
epsilon,28.5,0.31711030784039773
epsilon,28.6,0.3156943712469597
epsilon,28.700000000000003,0.31428143001209896
epsilon,28.8,0.3128714829426828
epsilon,28.900000000000002,0.3114645289671177
epsilon,29.0,0.31006056713375385
epsilon,29.1,0.30865959660930364
epsilon,29.200000000000003,0.3072616166772757
epsilon,29.3,0.3058666267364251
epsilon,29.400000000000002,0.30447462629921673
epsilon,29.5,0.3030856149903043
epsilon,29.6,0.3016995925450231
epsilon,29.700000000000003,0.30031655880789665
epsilon,29.8,0.2989365137311555
epsilon,29.900000000000002,0.2975594573732718
epsilon,30.0,0.29618538989750354
Xc+epsilon,0.0,1.0
Xc+epsilon,0.1,0.9832125347057762
Xc+epsilon,0.2,0.9709467788625261
Xc+epsilon,0.30000000000000004,0.9612341448016631
Xc+epsilon,0.4,0.9529907720027851
Xc+epsilon,0.5,0.9457308494706216
Xc+epsilon,0.6000000000000001,0.9391861457237866
Xc+epsilon,0.7000000000000001,0.9331898802455838
Xc+epsilon,0.8,0.9276300069212512
Xc+epsilon,0.9,0.922427005865283
Xc+epsilon,1.0,0.9175220737689649
Xc+epsilon,1.1,0.9128703121783722
Xc+epsilon,1.2000000000000002,0.9084365474070606
Xc+epsilon,1.3,0.9041926366712963
Xc+epsilon,1.4000000000000001,0.9001156616402419
Xc+epsilon,1.5,0.8961866764875772
Xc+epsilon,1.6,0.8923898157853243
Xc+epsilon,1.7000000000000002,0.8887116435185469
Xc+epsilon,1.8,0.8851406681729277
Xc+epsilon,1.9000000000000001,0.8816669749687902
Xc+epsilon,2.0,0.8782819424768852
Xc+epsilon,2.1,0.8749780211505568
Xc+epsilon,2.2,0.8717485580454087
Xc+epsilon,2.3000000000000003,0.8685876565066576
Xc+epsilon,2.4000000000000004,0.8654900626854725
Xc+epsilon,2.5,0.8624510728904111
Xc+epsilon,2.6,0.859466457298425
Xc+epsilon,2.7,0.8565323966413824
Xc+epsilon,2.8000000000000003,0.853645429279716
Xc+epsilon,2.9000000000000004,0.850802406662382
Xc+epsilon,3.0,0.8480004556113159
Xc+epsilon,3.1,0.8452369462003021
Xc+epsilon,3.2,0.8425094642512111
Xc+epsilon,3.3000000000000003,0.8398157876655791
Xc+epsilon,3.4000000000000004,0.8371538659609484
Xc+epsilon,3.5,0.8345218025000781
Xc+epsilon,3.6,0.8319178389947745
Xc+epsilon,3.7,0.8293403419405256
Xc+epsilon,3.8000000000000003,0.8267877906977488
Xc+epsilon,3.9000000000000004,0.8242587669833908
Xc+epsilon,4.0,0.8217519455755427
Xc+epsilon,4.1000000000000005,0.8192660860654098
Xc+epsilon,4.2,0.8168000255169452
Xc+epsilon,4.3,0.8143526719158517
Xc+epsilon,4.4,0.8119229983073855
Xc+epsilon,4.5,0.8095100375370966
Xc+epsilon,4.6000000000000005,0.8071128775209919
Xc+epsilon,4.7,0.8047306569818906
Xc+epsilon,4.800000000000001,0.8023625615974848
Xc+epsilon,4.9,0.8000078205129302
Xc+epsilon,5.0,0.7976657031770624
Xc+epsilon,5.1000000000000005,0.795335516466611
Xc+epsilon,5.2,0.7930166020673535
Xc+epsilon,5.300000000000001,0.7907083340849895
Xc+epsilon,5.4,0.7884101168618741
Xc+epsilon,5.5,0.7861213829786192
Xc+epsilon,5.6000000000000005,0.7838415914220163
Xc+epsilon,5.7,0.7815702259029381
Xc+epsilon,5.800000000000001,0.779306793309664
Xc+epsilon,5.9,0.777050822283764
Xc+epsilon,6.0,0.7748018619070401
Xc+epsilon,6.1000000000000005,0.7725594804892996
Xc+epsilon,6.2,0.7703232644477878
Xc+epsilon,6.300000000000001,0.7680928172700902
Xc+epsilon,6.4,0.7658677585531506
Xc+epsilon,6.5,0.763647723111781
Xc+epsilon,6.6000000000000005,0.7614323601507246
Xc+epsilon,6.7,0.7592213324949125
Xc+epsilon,6.800000000000001,0.7570143158730607
Xc+epsilon,6.9,0.7548109982502437
Xc+epsilon,7.0,0.7526110792054879
Xc+epsilon,7.1000000000000005,0.7504142693507886
Xc+epsilon,7.2,0.7482202897883159
Xc+epsilon,7.300000000000001,0.7460288716028364
Xc+epsilon,7.4,0.7438397553866829
Xc+epsilon,7.5,0.7416526907948194
Xc+epsilon,7.6000000000000005,0.7394674361277749
Xc+epsilon,7.7,0.7372837579404158
Xc+epsilon,7.800000000000001,0.7351014306746965
Xc+epsilon,7.9,0.7329202363146893
Xc+epsilon,8.0,0.7307399640623383
Xc+epsilon,8.1,0.7285604100325007
Xc+epsilon,8.200000000000001,0.7263813769659703
Xc+epsilon,8.3,0.7242026739592613
Xc+epsilon,8.4,0.7220241162100531
Xc+epsilon,8.5,0.7198455247772485
Xc+epsilon,8.6,0.7176667263547029
Xc+epsilon,8.700000000000001,0.7154875530577433
Xc+epsilon,8.8,0.7133078422216474
Xc+epsilon,8.9,0.711127436211345
Xc+epsilon,9.0,0.7089461822416145
Xc+epsilon,9.1,0.7067639322071249
Xc+epsilon,9.200000000000001,0.7045805425217269
Xc+epsilon,9.3,0.7023958739663994
Xc+epsilon,9.4,0.7002097915453438
Xc+epsilon,9.5,0.6980221643497231
Xc+epsilon,9.600000000000001,0.6958328654285797
Xc+epsilon,9.700000000000001,0.6936417716665221
Xc+epsilon,9.8,0.6914487636677524
Xc+epsilon,9.9,0.6892537256460968
Xc+epsilon,10.0,0.687056545320658
Xc+epsilon,10.100000000000001,0.6848571138167946
Xc+epsilon,10.200000000000001,0.6826553255721113
Xc+epsilon,10.3,0.6804510782471778
Xc+epsilon,10.4,0.6782442726407354
Xc+epsilon,10.5,0.6760348126091208
Xc+epsilon,10.600000000000001,0.6738226049897045
Xc+epsilon,10.700000000000001,0.6716075595281239
Xc+epsilon,10.8,0.6693895888091133
Xc+epsilon,10.9,0.6671686081907489
Xc+epsilon,11.0,0.6649445357419445
Xc+epsilon,11.100000000000001,0.6627172921830269
Xc+epsilon,11.200000000000001,0.6604868008292492
Xc+epsilon,11.3,0.6582529875370976
Xc+epsilon,11.4,0.656015780653259
Xc+epsilon,11.5,0.6537751109661253
Xc+epsilon,11.600000000000001,0.6515309116597142
Xc+epsilon,11.700000000000001,0.6492831182698945
Xc+epsilon,11.8,0.6470316686428075
Xc+epsilon,11.9,0.6447765028953879
Xc+epsilon,12.0,0.6425175633778741
Xc+epsilon,12.100000000000001,0.6402547946382262
Xc+epsilon,12.200000000000001,0.6379881433883586
Xc+epsilon,12.3,0.6357175584720915
Xc+epsilon,12.4,0.6334429908347515
Xc+epsilon,12.5,0.6311643934943332
Xc+epsilon,12.600000000000001,0.6288817215141413
Xc+epsilon,12.700000000000001,0.6265949319768477
Xc+epsilon,12.8,0.6243039839598864
Xc+epsilon,12.9,0.6220088385121139
Xc+epsilon,13.0,0.6197094586316801
Xc+epsilon,13.100000000000001,0.6174058092450333
Xc+epsilon,13.200000000000001,0.6150978571870096
Xc+epsilon,13.3,0.6127855711819433
Xc+epsilon,13.4,0.6104689218257482
Xc+epsilon,13.5,0.6081478815689125
Xc+epsilon,13.600000000000001,0.6058224247003651
Xc+epsilon,13.700000000000001,0.6034925273321637
Xc+epsilon,13.8,0.6011581673849623
Xc+epsilon,13.9,0.5988193245742216
Xc+epsilon,14.0,0.5964759803971161
Xc+epsilon,14.100000000000001,0.594128118120119
Xc+epsilon,14.200000000000001,0.5917757227672115
Xc+epsilon,14.3,0.5894187811087079
Xc+epsilon,14.4,0.5870572816506534
Xc+epsilon,14.5,0.5846912146247748
Xc+epsilon,14.600000000000001,0.5823205719789631
Xc+epsilon,14.700000000000001,0.5799453473682569
Xc+epsilon,14.8,0.5775655361463137
Xc+epsilon,14.9,0.575181135357345
Xc+epsilon,15.0,0.5727921437284956
Xc+epsilon,15.100000000000001,0.5703985616626513
Xc+epsilon,15.200000000000001,0.5680003912316531
Xc+epsilon,15.3,0.5655976361699033
Xc+epsilon,15.4,0.563190301868344
Xc+epsilon,15.5,0.5607783953687921
Xc+epsilon,15.600000000000001,0.5583619253586118
Xc+epsilon,15.700000000000001,0.5559409021657006
Xc+epsilon,15.8,0.5535153377537871
Xc+epsilon,15.9,0.5510852457179992
Xc+epsilon,16.0,0.5486506412807033
Xc+epsilon,16.1,0.5462115412875819
Xc+epsilon,16.2,0.5437679642039376
Xc+epsilon,16.3,0.5413199301111983
Xc+epsilon,16.400000000000002,0.5388674607036051
Xc+epsilon,16.5,0.5364105792850637
Xc+epsilon,16.6,0.5339493107661379
Xc+epsilon,16.7,0.5314836816611618
Xc+epsilon,16.8,0.5290137200854572
Xc+epsilon,16.900000000000002,0.5265394557526306
Xc+epsilon,17.0,0.5240609199719326
Xc+epsilon,17.1,0.5215781456456636
Xc+epsilon,17.2,0.5190911672666038
Xc+epsilon,17.3,0.5166000209154529
Xc+epsilon,17.400000000000002,0.5141047442582666
Xc+epsilon,17.5,0.5116053765438685
Xc+epsilon,17.6,0.5091019586012273
Xc+epsilon,17.7,0.5065945328367901
Xc+epsilon,17.8,0.5040831432317526
Xc+epsilon,17.900000000000002,0.5015678353392607
Xc+epsilon,18.0,0.49904865628153533
Xc+epsilon,18.1,0.4965256547469076
Xc+epsilon,18.2,0.49399888098675987
Xc+epsilon,18.3,0.49146838681236615
Xc+epsilon,18.400000000000002,0.4889342255916248
Xc+epsilon,18.5,0.48639645224567607
Xc+epsilon,18.6,0.48385512324540675
Xc+epsilon,18.7,0.4813102966078283
Xc+epsilon,18.8,0.4787620318923294
Xc+epsilon,18.900000000000002,0.476210390196799
Xc+epsilon,19.0,0.47365543415361017
Xc+epsilon,19.1,0.4710972279254657
Xc+epsilon,19.200000000000003,0.46853583720109687
Xc+epsilon,19.3,0.46597132919080986
Xc+epsilon,19.400000000000002,0.4634037726218763
Xc+epsilon,19.5,0.46083323773375506
Xc+epsilon,19.6,0.4582597962731449
Xc+epsilon,19.700000000000003,0.4556835214888551
Xc+epsilon,19.8,0.4531044881264862
Xc+epsilon,19.900000000000002,0.45052277242291155
Xc+epsilon,20.0,0.44793845210054917
Xc+epsilon,20.1,0.4453516063614132
Xc+epsilon,20.200000000000003,0.4427623158809351
Xc+epsilon,20.3,0.44017066280153905
Xc+epsilon,20.400000000000002,0.43757673072596504
Xc+epsilon,20.5,0.4349806047103242
Xc+epsilon,20.6,0.4323823712568754
Xc+epsilon,20.700000000000003,0.42978211830651136
Xc+epsilon,20.8,0.4271799352309432
Xc+epsilon,20.900000000000002,0.42457591282457136
Xc+epsilon,21.0,0.4219701432960347
Xc+epsilon,21.1,0.41936272025942517
Xc+epsilon,21.200000000000003,0.41675373872516014
Xc+epsilon,21.3,0.4141432950905057
Xc+epsilon,21.400000000000002,0.4115314871297398
Xc+epsilon,21.5,0.4089184139839516
Xc+epsilon,21.6,0.40630417615047376
Xc+epsilon,21.700000000000003,0.40368887547193505
Xc+epsilon,21.8,0.4010726151249377
Xc+epsilon,21.900000000000002,0.39845549960835375
Xc+epsilon,22.0,0.3958376347312356
Xc+epsilon,22.1,0.39321912760034333
Xc+epsilon,22.200000000000003,0.39060008660728657
Xc+epsilon,22.3,0.3879806214152778
Xc+epsilon,22.400000000000002,0.38536084294550027
Xc+epsilon,22.5,0.3827408633630908
Xc+epsilon,22.6,0.3801207960627361
Xc+epsilon,22.700000000000003,0.37750075565388
Xc+epsilon,22.8,0.37488085794555054
Xc+epsilon,22.900000000000002,0.3722612199307953
Xc+epsilon,23.0,0.3696419597707337
Xc+epsilon,23.1,0.3670231967782201
Xc+epsilon,23.200000000000003,0.36440505140111723
Xc+epsilon,23.3,0.3617876452051813
Xc+epsilon,23.400000000000002,0.3591711008565483
Xc+epsilon,23.5,0.35655554210382795
Xc+epsilon,23.6,0.35394109375979543
Xc+epsilon,23.700000000000003,0.35132788168267903
Xc+epsilon,23.8,0.3487160327570355
Xc+epsilon,23.900000000000002,0.3461056748742169
Xc+epsilon,24.0,0.3434969369124137
Xc+epsilon,24.1,0.3408899487162759
Xc+epsilon,24.200000000000003,0.33828484107610535
Xc+epsilon,24.3,0.3356817457066103
Xc+epsilon,24.400000000000002,0.3330807952252256
Xc+epsilon,24.5,0.33048212312998626
Xc+epsilon,24.6,0.3278858637769522
Xc+epsilon,24.700000000000003,0.32529215235718717
Xc+epsilon,24.8,0.32270112487327984
Xc+epsilon,24.900000000000002,0.3201129181154127
Xc+epsilon,25.0,0.3175276696369729
Xc+epsilon,25.1,0.314945517729709
Xc+epsilon,25.200000000000003,0.3123666013984322
Xc+epsilon,25.3,0.30979106033526405
Xc+epsilon,25.400000000000002,0.30721903489343305
Xc+epsilon,25.5,0.3046506660606282
Xc+epsilon,25.6,0.3020860954319042
Xc+epsilon,25.700000000000003,0.2995254651821557
Xc+epsilon,25.8,0.29696891803815567
Xc+epsilon,25.900000000000002,0.2944165972501707
Xc+epsilon,26.0,0.2918686465631591
Xc+epsilon,26.1,0.2893252101875555
Xc+epsilon,26.200000000000003,0.2867864327696549
Xc+epsilon,26.3,0.2842524593615957
Xc+epsilon,26.400000000000002,0.28172343539095984
Xc+epsilon,26.5,0.27919950662998677
Xc+epsilon,26.6,0.2766808191644158
Xc+epsilon,26.700000000000003,0.2741675193619592
Xc+epsilon,26.8,0.27165975384041563
Xc+epsilon,26.900000000000002,0.26915766943542896
Xc+epsilon,27.0,0.2666614131678998
Xc+epsilon,27.1,0.2641711322110507
Xc+epsilon,27.200000000000003,0.2616869738571592
Xc+epsilon,27.3,0.25920908548395577
Xc+epsilon,27.400000000000002,0.25673761452069366
Xc+epsilon,27.5,0.25427270841390137
Xc+epsilon,27.6,0.25181451459281345
Xc+epsilon,27.700000000000003,0.24936318043449388
Xc+epsilon,27.8,0.24691885322864882
Xc+epsilon,27.900000000000002,0.2444816801421428
Xc+epsilon,28.0,0.24205180818321867
Xc+epsilon,28.1,0.23962938416543056
Xc+epsilon,28.200000000000003,0.23721455467129654
Xc+epsilon,28.3,0.2348074660156796
Xc+epsilon,28.400000000000002,0.23240826420890484
Xc+epsilon,28.5,0.23001709491962452
Xc+epsilon,28.6,0.22763410343743912
Xc+epsilon,28.700000000000003,0.22525943463528675
Xc+epsilon,28.8,0.22289323293161464
Xc+epsilon,28.900000000000002,0.22053564225234412
Xc+epsilon,29.0,0.21818680599264098
Xc+epsilon,29.1,0.2158468669785115
Xc+epsilon,29.200000000000003,0.21351596742823184
Xc+epsilon,29.3,0.2111942489136346
Xc+epsilon,29.400000000000002,0.20888185232125894
Xc+epsilon,29.5,0.20657891781339133
Xc+epsilon,29.6,0.2042855847890031
Xc+epsilon,29.700000000000003,0.20200199184461035
Xc+epsilon,29.8,0.19972827673506763
Xc+epsilon,29.900000000000002,0.19746457633431314
Xc+epsilon,30.0,0.19521102659608477
Xc,0.0,1.0
Xc,0.1,0.9906787374698307
Xc,0.2,0.9802104299606388
Xc,0.30000000000000004,0.9708583711236435
Xc,0.4,0.9623819533886125
Xc,0.5,0.9545649694031133
Xc,0.6000000000000001,0.9472683829873368
Xc,0.7000000000000001,0.9403978343645941
Xc,0.8,0.9338854397791393
Xc,0.9,0.927680165966634
Xc,1.0,0.9217423494044522
Xc,1.1,0.9160403520482299
Xc,1.2000000000000002,0.9105484053433367
Xc,1.3,0.9052451581543594
Xc,1.4000000000000001,0.9001126634285137
Xc,1.5,0.8951356499092972
Xc,1.6,0.8903009855664354
Xc,1.7000000000000002,0.8855972737966367
Xc,1.8,0.8810145439098452
Xc,1.9000000000000001,0.8765440100453141
Xc,2.0,0.8721778807092441
Xc,2.1,0.8679092063974818
Xc,2.2,0.8637317563053615
Xc,2.3000000000000003,0.859639917554066
Xc,2.4000000000000004,0.8556286120603086
Xc,2.5,0.8516932273840698
Xc,2.6,0.8478295587623237
Xc,2.7,0.8440337601770318
Xc,2.8000000000000003,0.8403023027814294
Xc,2.9000000000000004,0.8366319393663665
Xc,3.0,0.8330196738204529
Xc,3.1,0.8294627347466329
Xc,3.2,0.8259585525598053
Xc,3.3000000000000003,0.8225047395167925
Xc,3.4000000000000004,0.8190990722298522
Xc,3.5,0.815739476294359
Xc,3.6,0.8124240127247897
Xc,3.7,0.8091508659443839
Xc,3.8000000000000003,0.8059183331153392
Xc,3.9000000000000004,0.8027248146302953
Xc,4.0,0.7995688056136182
Xc,4.1000000000000005,0.7964488883039182
Xc,4.2,0.7933637252082247
Xc,4.3,0.7903120529340285
Xc,4.4,0.7872926766186726
Xc,4.5,0.7843044648866391
Xc,4.6000000000000005,0.7813463452746758
Xc,4.7,0.7784173000726524
Xc,4.800000000000001,0.7755163625347682
Xc,4.9,0.7726426134214931
Xc,5.0,0.7697951778375546
Xc,5.1000000000000005,0.7669732223355242
Xc,5.2,0.7641759522581733
Xc,5.300000000000001,0.7614026092959542
Xc,5.4,0.7586524692386607
Xc,5.5,0.7559248399027126
Xc,5.6000000000000005,0.7532190592175632
Xc,5.7,0.7505344934565454
Xc,5.800000000000001,0.7478705355990388
Xc,5.9,0.7452266038122248
Xc,6.0,0.7426021400419471
Xc,6.1000000000000005,0.7399966087032228
Xc,6.2,0.7374094954619335
Xc,6.300000000000001,0.7348403061000639
Xc,6.4,0.7322885654575831
Xc,6.5,0.7297538164447434
Xc,6.6000000000000005,0.7272356191191629
Xc,6.7,0.7247335498225643
Xc,6.800000000000001,0.722247200372546
Xc,6.9,0.7197761773051501
Xc,7.0,0.7173201011643877
Xc,7.1000000000000005,0.7148786058352251
Xc,7.2,0.7124513379168171
Xc,7.300000000000001,0.7100379561330807
Xc,7.4,0.7076381307779182
Xc,7.5,0.7052515431926418
Xc,7.6000000000000005,0.7028778852733584
Xc,7.7,0.7005168590062315
Xc,7.800000000000001,0.6981681760287357
Xc,7.9,0.6958315572151457
Xc,8.0,0.6935067322846566
Xc,8.1,0.6911934394306336
Xc,8.200000000000001,0.6888914249696392
Xc,8.3,0.6866004430089528
Xc,8.4,0.6843202551314208
Xc,8.5,0.682050630096541
Xc,8.6,0.6797913435567801
Xc,8.700000000000001,0.6775421777881954
Xc,8.8,0.675302921434479
Xc,8.9,0.6730733692636353
Xc,9.0,0.6708533219365269
Xc,9.1,0.6686425857866083
Xc,9.200000000000001,0.6664409726101838
Xc,9.3,0.6642482994665895
Xc,9.4,0.6620643884877356
Xc,9.5,0.6598890666964861
Xc,9.600000000000001,0.657722165833368
Xc,9.700000000000001,0.6555635221911672
Xc,9.8,0.6534129764569748
Xc,9.9,0.6512703735612706
Xc,10.0,0.6491355625336825
Xc,10.100000000000001,0.6470083963650546
Xc,10.200000000000001,0.6448887318755
Xc,10.3,0.6427764295881196
Xc,10.4,0.6406713536081037
Xc,10.5,0.6385733715069303
Xc,10.600000000000001,0.6364823542114122
Xc,10.700000000000001,0.6343981758973347
Xc,10.8,0.6323207138874815
Xc,10.9,0.6302498485537957
Xc,11.0,0.6281854632235104
Xc,11.100000000000001,0.6261274440890292
Xc,11.200000000000001,0.624075680121392
Xc,11.3,0.6220300629871452
Xc,11.4,0.6199904869684663
Xc,11.5,0.6179568488863778
Xc,11.600000000000001,0.6159290480269193
Xc,11.700000000000001,0.6139069860701291
Xc,11.8,0.6118905670217154
Xc,11.9,0.6098796971472983
Xc,12.0,0.6078742849090889
Xc,12.100000000000001,0.6058742409049238
Xc,12.200000000000001,0.603879477809522
Xc,12.3,0.6018899103178924
Xc,12.4,0.5999054550907758
Xc,12.5,0.597926030702054
Xc,12.600000000000001,0.5959515575880231
Xc,12.700000000000001,0.5939819579984627
Xc,12.8,0.5920171559494217
Xc,12.9,0.5900570771776522
Xc,13.0,0.5881016490966108
Xc,13.100000000000001,0.5861508007539841
Xc,13.200000000000001,0.584204462790649
Xc,13.3,0.5822625674010319
Xc,13.4,0.5803250482948004
Xc,13.5,0.5783918406598298
Xc,13.600000000000001,0.5764628811264064
Xc,13.700000000000001,0.5745381077326014
Xc,13.8,0.5726174598907839
Xc,13.9,0.5707008783552259
Xc,14.0,0.5687883051907446
Xc,14.100000000000001,0.5668796837423608
Xc,14.200000000000001,0.5649749586059177
Xc,14.3,0.5630740755996355
Xc,14.4,0.5611769817365588
Xc,14.5,0.5592836251978666
Xc,14.600000000000001,0.5573939553070124
Xc,14.700000000000001,0.5555079225046627
Xc,14.8,0.5536254783244046
Xc,14.9,0.551746575369195
Xc,15.0,0.5498711672885227
Xc,15.100000000000001,0.5479992087562624
Xc,15.200000000000001,0.5461306554491848
Xc,15.3,0.5442654640261159
Xc,15.4,0.5424035921077038
Xc,15.5,0.5405449982567886
Xc,15.600000000000001,0.5386896419593385
Xc,15.700000000000001,0.5368374836059486
Xc,15.8,0.5349884844738656
Xc,15.9,0.533142606709535
Xc,16.0,0.5312998133116446
Xc,16.1,0.5294600681146496
Xc,16.2,0.5276233357727604
Xc,16.3,0.5257895817443852
Xc,16.400000000000002,0.5239587722769999
Xc,16.5,0.5221308743924431
Xc,16.6,0.520305855872613
Xc,16.7,0.5184836852455603
Xc,16.8,0.5166643317719543
Xc,16.900000000000002,0.5148477654319221
Xc,17.0,0.5130339569122389
Xc,17.1,0.5112228775938615
Xc,17.2,0.5094144995397978
Xc,17.3,0.5076087954832891
Xc,17.400000000000002,0.5058057388163147
Xc,17.5,0.5040053035783897
Xc,17.6,0.5022074644456548
Xc,17.7,0.5004121967202538
Xc,17.8,0.4986194763199789
Xc,17.900000000000002,0.49682927976818336
Xc,18.0,0.4950415841839507
Xc,18.1,0.49325636727251243
Xc,18.2,0.4914736073159063
Xc,18.3,0.4896932831638679
Xc,18.400000000000002,0.48791537422494985
Xc,18.5,0.48613986045785773
Xc,18.6,0.4843667223630023
Xc,18.7,0.48259594097425423
Xc,18.8,0.48082749785090195
Xc,18.900000000000002,0.4790613750697991
Xc,19.0,0.4772975552177068
Xc,19.1,0.47553602138381074
Xc,19.200000000000003,0.47377675715242124
Xc,19.3,0.47201974659583973
Xc,19.400000000000002,0.47026497426739766
Xc,19.5,0.46851242519465147
Xc,19.6,0.46676208487273824
Xc,19.700000000000003,0.465013939257881
Xc,19.8,0.46326797476104314
Xc,19.900000000000002,0.46152417824172587
Xc,20.0,0.4597825370019057
Xc,20.1,0.4580430387801039
Xc,20.200000000000003,0.45630567174559095
Xc,20.3,0.4545704244927168
Xc,20.400000000000002,0.45283728603536333
Xc,20.5,0.45110624580151887
Xc,20.6,0.4493772936279682
Xc,20.700000000000003,0.4476504197550957
Xc,20.8,0.44592561482179904
Xc,20.900000000000002,0.4442028698605088
Xc,21.0,0.44248217629231185
Xc,21.1,0.44076352592217577
Xc,21.200000000000003,0.43904691093427034
Xc,21.3,0.4373323238873846
Xc,21.400000000000002,0.43561975771043504
Xc,21.5,0.43390920569806574
Xc,21.6,0.43220066150633096
Xc,21.700000000000003,0.4304941191484667
Xc,21.8,0.42878957299074155
Xc,21.900000000000002,0.4270870177483883
Xc,22.0,0.42538644848161195
Xc,22.1,0.4236878605916737
Xc,22.200000000000003,0.42199124981704617
Xc,22.3,0.4202966122296418
Xc,22.400000000000002,0.41860394423110836
Xc,22.5,0.416913242549191
Xc,22.6,0.41522450423415946
Xc,22.700000000000003,0.41353772665529864
Xc,22.8,0.4118529074974592
Xc,22.900000000000002,0.4101700447576676
Xc,23.0,0.4084891367417946
Xc,23.1,0.4068101820612778
Xc,23.200000000000003,0.40513317962989986
Xc,23.3,0.4034581286606171
Xc,23.400000000000002,0.40178502866244287
Xc,23.5,0.4001138794373749
Xc,23.6,0.3984446810773753
Xc,23.700000000000003,0.39677743396139503
Xc,23.8,0.395112138752442
Xc,23.900000000000002,0.39344879639469515
Xc,24.0,0.39178740811066043
Xc,24.1,0.3901279753983654
Xc,24.200000000000003,0.3884705000285966
Xc,24.3,0.38681498404217324
Xc,24.400000000000002,0.38516142974725864
Xc,24.5,0.38350983971670866
Xc,24.6,0.38186021678545234
Xc,24.700000000000003,0.38021256404790976
Xc,24.8,0.37856688485543893
Xc,24.900000000000002,0.3769231828138174
Xc,25.0,0.3752814617807516
Xc,25.1,0.37364172586341765
Xc,25.200000000000003,0.3720039794160292
Xc,25.3,0.3703682270374336
Xc,25.400000000000002,0.3687344735687334
Xc,25.5,0.36710272409093464
Xc,25.6,0.36547298392261873
Xc,25.700000000000003,0.3638452586176396
Xc,25.8,0.36221955396284083
Xc,25.900000000000002,0.36059587597579806
Xc,26.0,0.35897423090257913
Xc,26.1,0.3573546252155285
Xc,26.200000000000003,0.35573706561106666
Xc,26.3,0.35412155900751235
Xc,26.400000000000002,0.35250811254291997
Xc,26.5,0.3508967335729356
Xc,26.6,0.34928742966866927
Xc,26.700000000000003,0.3476802086145817
Xc,26.8,0.3460750784063885
Xc,26.900000000000002,0.3444720472489763
Xc,27.0,0.3428711235543344
Xc,27.1,0.34127231593949897
Xc,27.200000000000003,0.33967563322450783
Xc,27.3,0.3380810844303703
Xc,27.400000000000002,0.3364886787770452
Xc,27.5,0.33489842568143136
Xc,27.6,0.3333103347553668
Xc,27.700000000000003,0.33172441580363865
Xc,27.8,0.3301406788220003
Xc,27.900000000000002,0.328559133995198
Xc,28.0,0.32697979169500324
Xc,28.1,0.3254026624782564
Xc,28.200000000000003,0.3238277570849125
Xc,28.3,0.32225508643609535
Xc,28.400000000000002,0.32068466163215803
Xc,28.5,0.31911649395074576
Xc,28.6,0.31755059484486753
Xc,28.700000000000003,0.3159869759409672
Xc,28.8,0.3144256490370032
Xc,28.900000000000002,0.31286662610052685
Xc,29.0,0.3113099192667683
Xc,29.1,0.3097555408367207
Xc,29.200000000000003,0.3082035032752289
Xc,29.3,0.3066538192090788
Xc,29.400000000000002,0.3051065014250892
Xc,29.5,0.3035615628682019
Xc,29.6,0.3020190166395749
Xc,29.700000000000003,0.3004788759946746
Xc,29.8,0.2989411543413668
Xc,29.900000000000002,0.29740586523800955
Xc,30.0,0.29587302239154145
eta+beta,0.0,1.0
eta+beta,0.1,0.9997316288185368
eta+beta,0.2,0.9992507269962597
eta+beta,0.30000000000000004,0.9986083027981242
eta+beta,0.4,0.9978588924667561
eta+beta,0.5,0.9970418827634084
eta+beta,0.6000000000000001,0.9961828562561792
eta+beta,0.7000000000000001,0.9952975817865429
eta+beta,0.8,0.9943954499083806
eta+beta,0.9,0.9934818670465264
eta+beta,1.0,0.9925597982275239
eta+beta,1.1,0.9916307278586608
eta+beta,1.2000000000000002,0.9906952490470577
eta+beta,1.3,0.989753422730311
eta+beta,1.4000000000000001,0.988804995930493
eta+beta,1.5,0.9878495341501714
eta+beta,1.6,0.9868865014495353
eta+beta,1.7000000000000002,0.9859153085927457
eta+beta,1.8,0.98493534167155
eta+beta,1.9000000000000001,0.9839459787807001
eta+beta,2.0,0.9829465993864649
eta+beta,2.1,0.9819365892425583
eta+beta,2.2,0.9809153426139956
eta+beta,2.3000000000000003,0.9798822628965348
eta+beta,2.4000000000000004,0.9788367623036044
eta+beta,2.5,0.9777782610345691
eta+beta,2.6,0.9767061861776815
eta+beta,2.7,0.9756199705009456
eta+beta,2.8000000000000003,0.9745190512217448
eta+beta,2.9000000000000004,0.9734028688073275
eta+beta,3.0,0.9722708658342174
eta+beta,3.1,0.971122485920004
eta+beta,3.2,0.9699571727321223
eta+beta,3.3000000000000003,0.9687743690730971
eta+beta,3.4000000000000004,0.967573516038861
eta+beta,3.5,0.9663540522453178
eta+beta,3.6,0.9651154131177473
eta+beta,3.7,0.9638570302375538
eta+beta,3.8000000000000003,0.9625783307411112
eta+beta,3.9000000000000004,0.9612787367658056
eta+beta,4.0,0.9599576649388505
eta+beta,4.1000000000000005,0.9586145259049024
eta+beta,4.2,0.9572487238889567
eta+beta,4.3,0.9558596562914713
eta+beta,4.4,0.9544467133130237
eta+beta,4.5,0.95300927760621
eta+beta,4.6000000000000005,0.9515467239528034
eta+beta,4.7,0.9500584189644914
eta+beta,4.800000000000001,0.9485437208057969
eta+beta,4.9,0.9470019789379723
eta+beta,5.0,0.9454325338829446
eta+beta,5.1000000000000005,0.943834717006512
eta+beta,5.2,0.9422078503201962
eta+beta,5.300000000000001,0.9405512463013119
eta+beta,5.4,0.9388642077309317
eta+beta,5.5,0.9371460275495734
eta+beta,5.6000000000000005,0.9353959887305343
eta+beta,5.7,0.933613364170914
eta+beta,5.800000000000001,0.9317974166004563
eta+beta,5.9,0.9299473985084331
eta+beta,6.0,0.9280625520888753
eta+beta,6.1000000000000005,0.9261421092045263
eta+beta,6.2,0.9241852913699875
eta+beta,6.300000000000001,0.9221913097545543
eta+beta,6.4,0.9201593652053492
eta+beta,6.5,0.9180886482913853
eta+beta,6.6000000000000005,0.9159783393692611
eta+beta,6.7,0.9138276086712573
eta+beta,6.800000000000001,0.9116356164166257
eta+beta,6.9,0.909401512946949
eta+beta,7.0,0.907124438886457
eta+beta,7.1000000000000005,0.9048035253282704
eta+beta,7.2,0.9024378940475416
eta+beta,7.300000000000001,0.9000266577425575
eta+beta,7.4,0.8975689203048461
eta+beta,7.5,0.895063777119414
eta+beta,7.6000000000000005,0.892510315396261
eta+beta,7.7,0.8899076145343378
eta+beta,7.800000000000001,0.8872547465191513
eta+beta,7.9,0.8845507763552601
eta+beta,8.0,0.8817947625349131
eta+beta,8.1,0.878985757544097
eta+beta,8.200000000000001,0.8761228084073054
eta+beta,8.3,0.873204957272336
eta+beta,8.4,0.8702312420364257
eta+beta,8.5,0.8672006970150719
eta+beta,8.6,0.8641123536548632
eta+beta,8.700000000000001,0.8609652412916504
eta+beta,8.8,0.8577583879553906
eta+beta,8.9,0.8544908212229758
eta+beta,9.0,0.8511615691203472
eta+beta,9.1,0.8477696610751787
eta+beta,9.200000000000001,0.8443141289213673
eta+beta,9.3,0.8407940079565651
eta+beta,9.4,0.8372083380539085
eta+beta,9.5,0.8335561648290872
eta+beta,9.600000000000001,0.8298365408638165
eta+beta,9.700000000000001,0.8260485269867165
eta+beta,9.8,0.8221911936125393
eta+beta,9.9,0.8182636221405919
eta+beta,10.0,0.8142649064131152
eta+beta,10.100000000000001,0.8101941542342824
eta+beta,10.200000000000001,0.8060504889503641
eta+beta,10.3,0.8018330510914835
eta+beta,10.4,0.7975410000752686
eta+beta,10.5,0.7931735159725308
eta+beta,10.600000000000001,0.788729801334985
eta+beta,10.700000000000001,0.7842090830848232
eta+beta,10.8,0.7796106144657886
eta+beta,10.9,0.7749336770552017
eta+beta,11.0,0.7701775828361825
eta+beta,11.100000000000001,0.7653416763290873
eta+beta,11.200000000000001,0.7604253367809538
eta+beta,11.3,0.7554279804114868
eta+beta,11.4,0.7503490627138761
eta+beta,11.5,0.7451880808084353
eta+beta,11.600000000000001,0.7399445758467866
eta+beta,11.700000000000001,0.7346181354639916
eta+beta,11.8,0.7292083962757343
eta+beta,11.9,0.7237150464173083
eta+beta,12.0,0.7181378281208304
eta+beta,12.100000000000001,0.7124765403267564
eta+beta,12.200000000000001,0.7067310413253789
eta+beta,12.3,0.7009012514236436
eta+beta,12.4,0.6949871556322028
eta+beta,12.5,0.6889888063672441
eta+beta,12.600000000000001,0.6829063261612165
eta+beta,12.700000000000001,0.6767399103761702
eta+beta,12.8,0.6704898299129959
eta+beta,12.9,0.6641564339094411
eta+beta,13.0,0.657740152419338
eta+beta,13.100000000000001,0.6512414990650628
eta+beta,13.200000000000001,0.6446610736548161
eta+beta,13.3,0.6379995647558957
eta+beta,13.4,0.6312577522147069
eta+beta,13.5,0.6244365096138599
eta+beta,13.600000000000001,0.6175368066563051
eta+beta,13.700000000000001,0.6105597114660591
eta+beta,13.8,0.6035063927947362
eta+beta,13.9,0.5963781221227215
eta+beta,14.0,0.589176275643537
eta+beta,14.100000000000001,0.5819023361196092
eta+beta,14.200000000000001,0.5745578945974373
eta+beta,14.3,0.567144651969877
eta+beta,14.4,0.5596644203731034
eta+beta,14.5,0.5521191244056409
eta+beta,14.600000000000001,0.5445108021567494
eta+beta,14.700000000000001,0.5368416060314103
eta+beta,14.8,0.52911380335914
eta+beta,14.9,0.5213297767739228
eta+beta,15.0,0.5134920243526732
eta+beta,15.100000000000001,0.5056031594998254
eta+beta,15.200000000000001,0.4976659105658856
eta+beta,15.3,0.48968312018813565
eta+beta,15.4,0.481657744342046
eta+beta,15.5,0.47359285109247273
eta+beta,15.600000000000001,0.4654916190342521
eta+beta,15.700000000000001,0.4573573354124692
eta+beta,15.8,0.4491933939134089
eta+beta,15.9,0.44100329211802364
eta+beta,16.0,0.432790628610681
eta+beta,16.1,0.4245590997369273
eta+beta,16.2,0.4163124960051565
eta+beta,16.3,0.4080546981281994
eta+beta,16.400000000000002,0.3997896727021814
eta+beta,16.5,0.391521467521332
eta+beta,16.6,0.3832542065288875
eta+beta,16.7,0.37499208440577114
eta+beta,16.8,0.3667393608003375
eta+beta,16.900000000000002,0.3585003542041538
eta+beta,17.0,0.35027943548054397
eta+beta,17.1,0.34208102105443516
eta+beta,17.2,0.33390956577390213
eta+beta,17.3,0.32576955545572095
eta+beta,17.400000000000002,0.31766549912917913
eta+beta,17.5,0.3096019209943594
eta+beta,17.6,0.30158335211308546
eta+beta,17.7,0.2936143218527069
eta+beta,17.8,0.28569934910485334
eta+beta,17.900000000000002,0.2778429333032416
eta+beta,18.0,0.2700495452665079
eta+beta,18.1,0.2623236178938869
eta+beta,18.2,0.25466953674333337
eta+beta,18.3,0.24709163052337127
eta+beta,18.400000000000002,0.23959416153153454
eta+beta,18.5,0.2321813160737417
eta+beta,18.6,0.22485719490027062
eta+beta,18.7,0.2176258036951918
eta+beta,18.8,0.21049104365712926
eta+beta,18.900000000000002,0.2034567022100621
eta+beta,19.0,0.19652644388351853
eta+beta,19.1,0.18970380140194854
eta+beta,19.200000000000003,0.18299216702327595
eta+beta,19.3,0.17639478416661025
eta+beta,19.400000000000002,0.16991473936883345
eta+beta,19.5,0.16355495460926678
eta+beta,19.6,0.15731818004084938
eta+beta,19.700000000000003,0.15120698716522615
eta+beta,19.8,0.14522376248784183
eta+beta,19.900000000000002,0.13937070168757265
eta+beta,20.0,0.13364980433359125
eta+beta,20.1,0.12806286918007576
eta+beta,20.200000000000003,0.12261149006701326
eta+beta,20.3,0.11729705245276728
eta+beta,20.400000000000002,0.11212073060123819
eta+beta,20.5,0.10708348544340629
eta+beta,20.6,0.10218606312978089
eta+beta,20.700000000000003,0.09742899428685185
eta+beta,20.8,0.09281259398702252
eta+beta,20.900000000000002,0.08833696243776742
eta+beta,21.0,0.08400198639188831
eta+beta,21.1,0.07980734127679721
eta+beta,21.200000000000003,0.07575249403674439
eta+beta,21.3,0.07183670667786876
eta+beta,21.400000000000002,0.06805904050191777
eta+beta,21.5,0.06441836101047917
eta+beta,21.6,0.060913343457638984
eta+beta,21.700000000000003,0.05754247902515109
eta+beta,21.8,0.054304081590506655
eta+beta,21.900000000000002,0.05119629505476915
eta+beta,22.0,0.048217101193711025
eta+beta,22.1,0.04536432799269256
eta+beta,22.200000000000003,0.042635658422884935
eta+beta,22.3,0.040028639613888695
eta+beta,22.400000000000002,0.03754069237555542
eta+beta,22.5,0.035169121019913305
eta+beta,22.6,0.032911123432538596
eta+beta,22.700000000000003,0.03076380134152404
eta+beta,22.8,0.028724170731384967
eta+beta,22.900000000000002,0.02678917234882042
eta+beta,23.0,0.02495568224721538
eta+beta,23.1,0.02322052231713487
eta+beta,23.200000000000003,0.021580470750812836
eta+beta,23.3,0.020032272389777027
eta+beta,23.400000000000002,0.018572648906259454
eta+beta,23.5,0.01719830877090945
eta+beta,23.6,0.01590595696153061
eta+beta,23.700000000000003,0.01469230437008598
eta+beta,23.8,0.013554076868027128
eta+beta,23.900000000000002,0.01248802399308018
eta+beta,24.0,0.011490927223927656
eta+beta,24.1,0.01055960781273164
eta+beta,24.200000000000003,0.009690934149113557
eta+beta,24.3,0.00888182863300118
eta+beta,24.400000000000002,0.008129274037640523
eta+beta,24.5,0.007430319348007318
eta+beta,24.6,0.0067820850638046415
eta+beta,24.700000000000003,0.0061817679601607455
eta+beta,24.8,0.005626645303009012
eta+beta,24.900000000000002,0.005114078519903995
eta+beta,25.0,0.004641516330670899
eta+beta,25.1,0.00420649734576923
eta+beta,25.200000000000003,0.0038066521435459176
eta+beta,25.3,0.003439704840632953
eta+beta,25.400000000000002,0.003103474172587456
eta+beta,25.5,0.0027958741044573133
eta+beta,25.6,0.0025149139932685973
eta+beta,25.700000000000003,0.0022586983264586283
eta+beta,25.8,0.0020254260620121323
eta+beta,25.900000000000002,0.0018133895974930632
eta+beta,26.0,0.0016209733962990506
eta+beta,26.1,0.001446652300301955
eta+beta,26.200000000000003,0.0012889895585815453
eta+beta,26.3,0.0011466346022188593
eta+beta,26.400000000000002,0.001018320595102726
eta+beta,26.5,0.0009028617904314827
eta+beta,26.6,0.000799150722078638
eta+beta,26.700000000000003,0.0007061552592547492
eta+beta,26.8,0.0006229155519582968
eta+beta,26.900000000000002,0.0005485408935875112
eta+beta,27.0,0.000482206525805464
eta+beta,27.1,0.0004231504093354706
eta+beta,27.200000000000003,0.00037066998283649146
eta+beta,27.3,0.0003241189303919593
eta+beta,27.400000000000002,0.0002829039764635696
eta+beta,27.5,0.0002464817254360971
eta+beta,27.6,0.00021435556113182864
eta+beta,27.700000000000003,0.00018607261992376476
eta+beta,27.8,0.00016122084934425249
eta+beta,27.900000000000002,0.00013942616238731204
eta+beta,28.0,0.00012034969605424646
eta+beta,28.1,0.00010368518110684924
eta+beta,28.200000000000003,8.91564284826033e-05
eta+beta,28.3,7.651493640167863e-05
eta+beta,28.400000000000002,6.553762086440606e-05
eta+beta,28.5,5.6024671006524274e-05
eta+beta,28.6,4.779752965230673e-05
eta+beta,28.700000000000003,4.069699838548626e-05
eta+beta,28.8,3.458146554581305e-05
eta+beta,28.900000000000002,2.932525475483991e-05
eta+beta,29.0,2.481709087640388e-05
eta+beta,29.1,2.095867972242909e-05
eta+beta,29.200000000000003,1.7663397319165775e-05
eta+beta,29.3,1.4855084148004453e-05
eta+beta,29.400000000000002,1.2466939463003041e-05
eta+beta,29.5,1.0440510558112794e-05
eta+beta,29.6,8.724771704220574e-06
eta+beta,29.700000000000003,7.27528739268772e-06
eta+beta,29.8,6.053454501048236e-06
eta+beta,29.900000000000002,5.025818030882489e-06
eta+beta,30.0,4.163455150632251e-06
epsilon+eta,0.0,1.0
epsilon+eta,0.1,0.999083463301034
epsilon+eta,0.2,0.9977802837186456
epsilon+eta,0.30000000000000004,0.9964309637669191
epsilon+eta,0.4,0.9951138565644274
epsilon+eta,0.5,0.9938371860233195
epsilon+eta,0.6000000000000001,0.9925952067188035
epsilon+eta,0.7000000000000001,0.9913808615293241
epsilon+eta,0.8,0.9901881406591427
epsilon+eta,0.9,0.9890122274735392
epsilon+eta,1.0,0.9878492605270743
epsilon+eta,1.1,0.9866960939435725
epsilon+eta,1.2000000000000002,0.9855501152880054
epsilon+eta,1.3,0.9844091149020647
epsilon+eta,1.4000000000000001,0.9832711924903041
epsilon+eta,1.5,0.9821346894270965
epsilon+eta,1.6,0.9809981387895963
epsilon+eta,1.7000000000000002,0.9798602277718952
epsilon+eta,1.8,0.9787197689063322
epsilon+eta,1.9000000000000001,0.9775756776693799
epsilon+eta,2.0,0.9764269548002105
epsilon+eta,2.1,0.97527267215615
epsilon+eta,2.2,0.9741119612629678
epsilon+eta,2.3000000000000003,0.9729440039467009
epsilon+eta,2.4000000000000004,0.9717680245932959
epsilon+eta,2.5,0.9705832836956556
epsilon+eta,2.6,0.9693890724293595
epsilon+eta,2.7,0.9681847080580459
epsilon+eta,2.8000000000000003,0.9669695300137593
epsilon+eta,2.9000000000000004,0.9657428965307793
epsilon+eta,3.0,0.9645041817366689
epsilon+eta,3.1,0.9632527731236167
epsilon+eta,3.2,0.961988069338122
epsilon+eta,3.3000000000000003,0.9607094782387694
epsilon+eta,3.4000000000000004,0.9594164151810463
epsilon+eta,3.5,0.9581083014954667
epsilon+eta,3.6,0.9567845631311461
epsilon+eta,3.7,0.9554446294416469
epsilon+eta,3.8000000000000003,0.954087932093754
epsilon+eta,3.9000000000000004,0.9527139040829582
epsilon+eta,4.0,0.951321978841967
epsilon+eta,4.1000000000000005,0.9499115894306877
epsilon+eta,4.2,0.9484821677978685
epsilon+eta,4.3,0.9470331441060448
epsilon+eta,4.4,0.945563946112643
epsilon+eta,4.5,0.9440739986011729
epsilon+eta,4.6000000000000005,0.9425627228572321
epsilon+eta,4.7,0.941029536184864
epsilon+eta,4.800000000000001,0.9394738514593868
epsilon+eta,4.9,0.9378950767133712
epsilon+eta,5.0,0.9362926147529196
epsilon+eta,5.1000000000000005,0.9346658628017801
epsilon+eta,5.2,0.9330142121711996
epsilon+eta,5.300000000000001,0.9313370479537025
epsilon+eta,5.4,0.92963374873927
epsilon+eta,5.5,0.9279036863526244
epsilon+eta,5.6000000000000005,0.9261462256105134
epsilon+eta,5.7,0.9243607240980953
epsilon+eta,5.800000000000001,0.9225465319636851
epsilon+eta,5.9,0.9207029917312578
epsilon+eta,6.0,0.9188294381302567
epsilon+eta,6.1000000000000005,0.9169251979423539
epsilon+eta,6.2,0.914989589864942
epsilon+eta,6.300000000000001,0.913021924391216
epsilon+eta,6.4,0.9110215037068113
epsilon+eta,6.5,0.9089876216030427
epsilon+eta,6.6000000000000005,0.9069195634068673
epsilon+eta,6.7,0.9048166059277791
epsilon+eta,6.800000000000001,0.9026780174218823
epsilon+eta,6.9,0.900503057573511
epsilon+eta,7.0,0.8982909774947629
epsilon+eta,7.1000000000000005,0.8960410197434115
epsilon+eta,7.2,0.8937524183597195
epsilon+eta,7.300000000000001,0.8914243989226961
epsilon+eta,7.4,0.8890561786264443
epsilon+eta,7.5,0.8866469663772377
epsilon+eta,7.6000000000000005,0.8841959629120627
epsilon+eta,7.7,0.8817023609393815
epsilon+eta,7.800000000000001,0.8791653453029163
epsilon+eta,7.9,0.8765840931693176
epsilon+eta,8.0,0.8739577742406074
epsilon+eta,8.1,0.8712855509923177
epsilon+eta,8.200000000000001,0.8685665789383186
epsilon+eta,8.3,0.8658000069233359
epsilon+eta,8.4,0.8629849774442081
epsilon+eta,8.5,0.8601206270009678
epsilon+eta,8.6,0.8572060864788689
epsilon+eta,8.700000000000001,0.8542404815625069
epsilon+eta,8.8,0.8512229331832086
epsilon+eta,8.9,0.8481525580009108
epsilon+eta,9.0,0.8450284689217515
epsilon+eta,9.1,0.84184977565264
epsilon+eta,9.200000000000001,0.8386155852940871
epsilon+eta,9.3,0.8353250029725895
epsilon+eta,9.4,0.83197713251389
epsilon+eta,9.5,0.828571077158437
epsilon+eta,9.600000000000001,0.825105940320386
epsilon+eta,9.700000000000001,0.8215808263914848
epsilon+eta,9.8,0.8179948415911809
epsilon+eta,9.9,0.8143470948643066
epsilon+eta,10.0,0.8106366988276609
epsilon+eta,10.100000000000001,0.806862770766816
epsilon+eta,10.200000000000001,0.8030244336844614
epsilon+eta,10.3,0.7991208174015397
epsilon+eta,10.4,0.795151059712449
epsilon+eta,10.5,0.7911143075955055
epsilon+eta,10.600000000000001,0.7870097184798316
epsilon+eta,10.700000000000001,0.7828364615697914
epsilon+eta,10.8,0.7785937192280225
epsilon+eta,10.9,0.7742806884180371
epsilon+eta,11.0,0.7698965822073068
epsilon+eta,11.100000000000001,0.7654406313316384
epsilon+eta,11.200000000000001,0.7609120858215582
epsilon+eta,11.3,0.756310216691306
epsilon+eta,11.4,0.7516343176909194
epsilon+eta,11.5,0.746883707121759
epsilon+eta,11.600000000000001,0.7420577297156774
epsilon+eta,11.700000000000001,0.7371557585778598
epsilon+eta,11.8,0.7321771971932186
epsilon+eta,11.9,0.7271214814960039
epsilon+eta,12.0,0.7219880820021117
epsilon+eta,12.100000000000001,0.7167765060033483
epsilon+eta,12.200000000000001,0.7114862998226562
epsilon+eta,12.3,0.7061170511290783
epsilon+eta,12.4,0.7006683913109641
epsilon+eta,12.5,0.6951399979056181
epsilon+eta,12.600000000000001,0.6895315970833116
epsilon+eta,12.700000000000001,0.6838429661832406
epsilon+eta,12.8,0.6780739362986812
epsilon+eta,12.9,0.6722243949082364
epsilon+eta,13.0,0.6662942885496869
epsilon+eta,13.100000000000001,0.6602836255325681
epsilon+eta,13.200000000000001,0.6541924786851953
epsilon+eta,13.3,0.6480209881313962
epsilon+eta,13.4,0.6417693640918108
epsilon+eta,13.5,0.6354378897041161
epsilon+eta,13.600000000000001,0.6290269238560653
epsilon+eta,13.700000000000001,0.6225369040247546
epsilon+eta,13.8,0.6159683491149942
epsilon+eta,13.9,0.6093218622891625
epsilon+eta,14.0,0.602598133780373
epsilon+eta,14.100000000000001,0.5957979436802634
epsilon+eta,14.200000000000001,0.5889221646921451
epsilon+eta,14.3,0.5819717648397142
epsilon+eta,14.4,0.574947810120961
epsilon+eta,14.5,0.567851467096359
epsilon+eta,14.600000000000001,0.5606840053998651
epsilon+eta,14.700000000000001,0.553446800160715
epsilon+eta,14.8,0.5461413343234452
epsilon+eta,14.9,0.5387692008530869
epsilon+eta,15.0,0.5313321048119232
epsilon+eta,15.100000000000001,0.523831865293756
epsilon+eta,15.200000000000001,0.516270417201161
epsilon+eta,15.3,0.5086498128507818
epsilon+eta,15.4,0.5009722233913331
epsilon+eta,15.5,0.49323994001864546
epsilon+eta,15.600000000000001,0.4854553749717876
epsilon+eta,15.700000000000001,0.4776210622940681
epsilon+eta,15.8,0.46973965834254583
epsilon+eta,15.9,0.4618139420295724
epsilon+eta,16.0,0.45384681477986033
epsilon+eta,16.1,0.4458413001866317
epsilon+eta,16.2,0.43780054335054
epsilon+eta,16.3,0.429727809885291
epsilon+eta,16.400000000000002,0.42162648457424884
epsilon+eta,16.5,0.4135000696627579
epsilon+eta,16.6,0.40535218277148255
epsilon+eta,16.7,0.39718655441676387
epsilon+eta,16.8,0.3890070251248236
epsilon+eta,16.900000000000002,0.38081754212758867
epsilon+eta,17.0,0.37262215562903533
epsilon+eta,17.1,0.36442501463217264
epsilon+eta,17.2,0.35623036231820204
epsilon+eta,17.3,0.348042530970912
epsilon+eta,17.400000000000002,0.33986593644109014
epsilon+eta,17.5,0.33170507214757106
epsilon+eta,17.6,0.3235645026135487
epsilon+eta,17.7,0.315448856538952
epsilon+eta,17.8,0.3073628194119716
epsilon+eta,17.900000000000002,0.2993111256652954
epsilon+eta,18.0,0.29129855038518615
epsilon+eta,18.1,0.2833299005842627
epsilon+eta,18.2,0.2754100060516743
epsilon+eta,18.3,0.2675437097973128
epsilon+eta,18.400000000000002,0.2597358581097348
epsilon+eta,18.5,0.251991290250584
epsilon+eta,18.6,0.24431482781148123
epsilon+eta,18.7,0.23671126376254956
epsilon+eta,18.8,0.22918535122498188
epsilon+eta,18.900000000000002,0.22174179200326066
epsilon+eta,19.0,0.21438522491583886
epsilon+eta,19.1,0.20712021396619573
epsilon+eta,19.200000000000003,0.19995123639921658
epsilon+eta,19.3,0.19288267069074086
epsilon+eta,19.400000000000002,0.1859187845208714
epsilon+eta,19.5,0.17906372278418448
epsilon+eta,19.6,0.17232149569231314
epsilon+eta,19.700000000000003,0.16569596702643596
epsilon+eta,19.8,0.15919084259897523
epsilon+eta,19.900000000000002,0.15280965898525112
epsilon+eta,20.0,0.14655577258690805
epsilon+eta,20.1,0.14043234908961413
epsilon+eta,20.200000000000003,0.13444235337778263
epsilon+eta,20.3,0.1285885399688612
epsilon+eta,20.400000000000002,0.12287344402905036
epsilon+eta,20.5,0.11729937303112332
epsilon+eta,20.6,0.1118683991133108
epsilon+eta,20.700000000000003,0.10658235219596582
epsilon+eta,20.8,0.10144281390993849
epsilon+eta,20.900000000000002,0.09645111238724936
epsilon+eta,21.0,0.09160831796076979
epsilon+eta,21.1,0.08691523981519707
epsilon+eta,21.200000000000003,0.0823724236266731
epsilon+eta,21.3,0.07798015022295388
epsilon+eta,21.400000000000002,0.07373843529012787
epsilon+eta,21.5,0.06964703014553728
epsilon+eta,21.6,0.06570542358982188
epsilon+eta,21.700000000000003,0.0619128448439267
epsilon+eta,21.8,0.05826826756955947
epsilon+eta,21.900000000000002,0.05477041496399873
epsilon+eta,22.0,0.051417765912424085
epsilon+eta,22.1,0.04820856217312664
epsilon+eta,22.200000000000003,0.045140816563148806
epsilon+eta,22.3,0.04221232210417225
epsilon+eta,22.400000000000002,0.03942066208091139
epsilon+eta,22.5,0.03676322095696028
epsilon+eta,22.6,0.034237196086068025
epsilon+eta,22.700000000000003,0.031839610150272105
epsilon+eta,22.8,0.029567324250277447
epsilon+eta,22.900000000000002,0.027417051568015216
epsilon+eta,23.0,0.025385371516522134
epsilon+eta,23.1,0.023468744288217235
epsilon+eta,23.200000000000003,0.021663525709379426
epsilon+eta,23.3,0.019965982306197855
epsilon+eta,23.400000000000002,0.01837230648622049
epsilon+eta,23.5,0.016878631738396616
epsilon+eta,23.6,0.01548104775521531
epsilon+eta,23.700000000000003,0.01417561538169162
epsilon+eta,23.8,0.012958381298142758
epsilon+eta,23.900000000000002,0.01182539234680632
epsilon+eta,24.0,0.010772709416353221
epsilon+eta,24.1,0.009796420803194426
epsilon+eta,24.200000000000003,0.008892654974116732
epsilon+eta,24.3,0.00805759266114079
epsilon+eta,24.400000000000002,0.0072874782264954405
epsilon+eta,24.5,0.0065786302431583635
epsilon+eta,24.6,0.0059274512444263605
epsilon+eta,24.700000000000003,0.0053304366043476405
epsilon+eta,24.8,0.004784182519462647
epsilon+eta,24.900000000000002,0.004285393071049724
epsilon+eta,25.0,0.003830886355842702
epsilon+eta,25.1,0.003417599681867443
epsilon+eta,25.200000000000003,0.0030425938345233724
epsilon+eta,25.3,0.002703056426208602
epsilon+eta,25.400000000000002,0.0023963043505534076
epsilon+eta,25.5,0.002119785369595819
epsilon+eta,25.6,0.0018710788689220753
epsilon+eta,25.700000000000003,0.0016478958218325238
epsilon+eta,25.8,0.0014480780089207667
epsilon+eta,25.900000000000002,0.00126959654402323
epsilon+eta,26.0,0.0011105497612745826
epsilon+eta,26.1,0.0009691605209712402
epsilon+eta,26.200000000000003,0.0008437729940943164
epsilon+eta,26.3,0.0007328489866815063
epsilon+eta,26.400000000000002,0.0006349638657843116
epsilon+eta,26.5,0.0005488021485343624
epsilon+eta,26.6,0.0004731528149129499
epsilon+eta,26.700000000000003,0.0004069044032236886
epsilon+eta,26.8,0.0003490399450702709
epsilon+eta,26.900000000000002,0.00029863179390702237
epsilon+eta,27.0,0.0002548363980324336
epsilon+eta,27.1,0.00021688906531126448
epsilon+eta,27.200000000000003,0.00018409876301768885
epsilon+eta,27.3,0.0001558429920687855
epsilon+eta,27.400000000000002,0.0001315627706419936
epsilon+eta,27.5,0.000110757757816568
epsilon+eta,27.6,9.298154351839778e-05
epsilon+eta,27.700000000000003,7.78371267453742e-05
epsilon+eta,27.8,6.497259986638492e-05
epsilon+eta,27.900000000000002,5.4077052773742005e-05
epsilon+eta,28.0,4.487670687178794e-05
epsilon+eta,28.1,3.71312853412789e-05
epsilon+eta,28.200000000000003,3.063062285977436e-05
epsilon+eta,28.3,2.519151500473377e-05
epsilon+eta,28.400000000000002,2.0654804932847873e-05
epsilon+eta,28.5,1.6882702623649894e-05
epsilon+eta,28.6,1.3756329998329676e-05
epsilon+eta,28.700000000000003,1.1173483570554543e-05
epsilon+eta,28.8,9.046604944298191e-06
epsilon+eta,28.900000000000002,7.30094842895167e-06
epsilon+eta,29.0,5.872934275348548e-06
epsilon+eta,29.1,4.708675525831672e-06
epsilon+eta,29.200000000000003,3.7626661930351282e-06
epsilon+eta,29.3,2.996618410161636e-06
epsilon+eta,29.400000000000002,2.378436304037707e-06
epsilon+eta,29.5,1.8813146049183941e-06
epsilon+eta,29.6,1.482950398216134e-06
epsilon+eta,29.700000000000003,1.1648569183871733e-06
epsilon+eta,29.8,9.117688608899876e-07
epsilon+eta,29.900000000000002,7.1112932293528e-07
epsilon+eta,30.0,5.526491581480782e-07
epsilon+beta,0.0,1.0
epsilon+beta,0.1,0.9998959612519801
epsilon+beta,0.2,0.9997248717493846
epsilon+beta,0.30000000000000004,0.9994798677864677
epsilon+beta,0.4,0.9991652733291407
epsilon+beta,0.5,0.9987880597277804
epsilon+beta,0.6000000000000001,0.998355857940669
epsilon+beta,0.7000000000000001,0.9978759497734142
epsilon+beta,0.8,0.9973548110899342
epsilon+beta,0.9,0.9967979637970958
epsilon+beta,1.0,0.9962099881294333
epsilon+beta,1.1,0.9955946090292416
epsilon+beta,1.2000000000000002,0.9949548092574847
epsilon+beta,1.3,0.9942929448164234
epsilon+beta,1.4000000000000001,0.9936108512372457
epsilon+beta,1.5,0.9929099363169026
epsilon+beta,1.6,0.9921912585073509
epsilon+beta,1.7000000000000002,0.9914555918798196
epsilon+beta,1.8,0.9907034792828139
epsilon+beta,1.9000000000000001,0.9899352754808272
epsilon+beta,2.0,0.989151181974818
epsilon+beta,2.1,0.9883512750128177
epsilon+beta,2.2,0.9875355280758044
epsilon+beta,2.3000000000000003,0.9867038299073947
epsilon+beta,2.4000000000000004,0.9858559989621118
epsilon+beta,2.5,0.9849917949812012
epsilon+beta,2.6,0.984110928266799
epsilon+beta,2.7,0.9832130671121462
epsilon+beta,2.8000000000000003,0.9822978437540072
epsilon+beta,2.9000000000000004,0.9813648591397842
epsilon+beta,3.0,0.9804136867429964
epsilon+beta,3.1,0.9794438756137817
epsilon+beta,3.2,0.978454952813698
epsilon+beta,3.3000000000000003,0.9774464253543663
epsilon+beta,3.4000000000000004,0.9764177817357818
epsilon+beta,3.5,0.9753684931612822
epsilon+beta,3.6,0.974298014491156
epsilon+beta,3.7,0.9732057849848749
epsilon+beta,3.8000000000000003,0.9720912288723544
epsilon+beta,3.9000000000000004,0.9709537557870317
epsilon+beta,4.0,0.9697927610873696
epsilon+beta,4.1000000000000005,0.9686076260885058
epsilon+beta,4.2,0.9673977182218024
epsilon+beta,4.3,0.966162391136885
epsilon+beta,4.4,0.9649009847581613
epsilon+beta,4.5,0.9636128253057936
epsilon+beta,4.6000000000000005,0.96229722528939
epsilon+beta,4.7,0.9609534834813386
epsilon+beta,4.800000000000001,0.9595808848756412
epsilon+beta,4.9,0.9581787006371912
epsilon+beta,5.0,0.9567461880457407
epsilon+beta,5.1000000000000005,0.9552825904382358
epsilon+beta,5.2,0.9537871371527128
epsilon+beta,5.300000000000001,0.9522590434765985
epsilon+beta,5.4,0.950697510601937
epsilon+beta,5.5,0.9491017255898412
epsilon+beta,5.6000000000000005,0.9474708613462692
epsilon+beta,5.7,0.9458040766110806
epsilon+beta,5.800000000000001,0.944100515962208
epsilon+beta,5.9,0.9423593098366896
epsilon+beta,6.0,0.9405795745702544
epsilon+beta,6.1000000000000005,0.938760412457076
epsilon+beta,6.2,0.9369009118313038
epsilon+beta,6.300000000000001,0.9350001471719529
epsilon+beta,6.4,0.9330571792327004
epsilon+beta,6.5,0.9310710551981747
epsilon+beta,6.6000000000000005,0.9290408088682692
epsilon+beta,6.7,0.9269654608720754
epsilon+beta,6.800000000000001,0.9248440189130062
epsilon+beta,6.9,0.9226754780467002
epsilon+beta,7.0,0.9204588209933183
epsilon+beta,7.1000000000000005,0.9181930184858436
epsilon+beta,7.2,0.9158770296560427
epsilon+beta,7.300000000000001,0.9135098024597189
epsilon+beta,7.4,0.9110902741429401
epsilon+beta,7.5,0.9086173717508939
epsilon+beta,7.6000000000000005,0.9060900126810868
epsilon+beta,7.7,0.9035071052825463
epsilon+beta,7.800000000000001,0.9008675495027467
epsilon+beta,7.9,0.8981702375839151
epsilon+beta,8.0,0.8954140548104523
epsilon+beta,8.1,0.8925978803090869
epsilon+beta,8.200000000000001,0.8897205879034598
epsilon+beta,8.3,0.8867810470247529
epsilon+beta,8.4,0.8837781236799751
epsilon+beta,8.5,0.8807106814794675
epsilon+beta,8.6,0.8775775827251541
epsilon+beta,8.700000000000001,0.8743776895610148
epsilon+beta,8.8,0.8711098651871804
epsilon+beta,8.9,0.8677729751390063
epsilon+beta,9.0,0.8643658886323781
epsilon+beta,9.1,0.8608874799764251
epsilon+beta,9.200000000000001,0.857336630054719
epsilon+beta,9.3,0.8537122278759206
epsilon+beta,9.4,0.8500131721947192
epsilon+beta,9.5,0.8462383732037688
epsilon+beta,9.600000000000001,0.8423867542971886
epsilon+beta,9.700000000000001,0.8384572539060329
epsilon+beta,9.8,0.8344488274059543
epsilon+beta,9.9,0.830360449097129
epsilon+beta,10.0,0.8261911142562578
epsilon+beta,10.100000000000001,0.8219398412603166
epsilon+beta,10.200000000000001,0.8176056737814373
epsilon+beta,10.3,0.8131876830521002
epsilon+beta,10.4,0.808684970199543
epsilon+beta,10.5,0.8040966686480235
epsilon+beta,10.600000000000001,0.7994219465873044
epsilon+beta,10.700000000000001,0.794660009505394
epsilon+beta,10.8,0.7898101027832971
epsilon+beta,10.9,0.7848715143491871
epsilon+beta,11.0,0.7798435773890633
epsilon+beta,11.100000000000001,0.7747256731106056
epsilon+beta,11.200000000000001,0.7695172335565832
epsilon+beta,11.3,0.7642177444637619
epsilon+beta,11.4,0.758826748162909
epsilon+beta,11.5,0.7533438465150297
epsilon+beta,11.600000000000001,0.7477687038786326
epsilon+beta,11.700000000000001,0.7421010501023217
epsilon+beta,11.8,0.7363406835366555
epsilon+beta,11.9,0.7304874740587243
epsilon+beta,12.0,0.7245413661024973
epsilon+beta,12.100000000000001,0.7185023816875347
epsilon+beta,12.200000000000001,0.7123706234382154
epsilon+beta,12.3,0.7061462775852079
epsilon+beta,12.4,0.699829616940458
epsilon+beta,12.5,0.6934210038365524
epsilon+beta,12.600000000000001,0.6869208930208927
epsilon+beta,12.700000000000001,0.6803298344946954
epsilon+beta,12.8,0.6736484762864484
epsilon+beta,12.9,0.6668775671490801
epsilon+beta,13.0,0.6600179591697095
epsilon+beta,13.100000000000001,0.6530706102805535
epsilon+beta,13.200000000000001,0.6460365866592087
epsilon+beta,13.3,0.638917065006291
epsilon+beta,13.4,0.6317133346881265
epsilon+beta,13.5,0.6244267997320041
epsilon+beta,13.600000000000001,0.6170589806613161
epsilon+beta,13.700000000000001,0.6096115161577879
epsilon+beta,13.8,0.6020861645379135
epsilon+beta,13.9,0.5944848050306899
epsilon+beta,14.0,0.5868094388437501
epsilon+beta,14.100000000000001,0.5790621900051042
epsilon+beta,14.200000000000001,0.5712453059678035
epsilon+beta,14.3,0.5633611579650768
epsilon+beta,14.4,0.5554122411037465
epsilon+beta,14.5,0.5474011741840729
epsilon+beta,14.600000000000001,0.5393306992345989
epsilon+beta,14.700000000000001,0.5312036807510424
epsilon+beta,14.8,0.5230231046288641
epsilon+beta,14.9,0.514792076779767
epsilon+beta,15.0,0.5065138214231177
epsilon+beta,15.100000000000001,0.4981916790440802
epsilon+beta,15.200000000000001,0.4898291040111296
epsilon+beta,15.3,0.48142966184659386
epsilon+beta,15.4,0.4729970261448955
epsilon+beta,15.5,0.464534975134311
epsilon+beta,15.600000000000001,0.45604738787924654
epsilon+beta,15.700000000000001,0.447538240121316
epsilon+beta,15.8,0.439011599758857
epsilon+beta,15.9,0.4304716219659226
epsilon+beta,16.0,0.42192254395327566
epsilon+beta,16.1,0.41336867937545396
epsilon+beta,16.2,0.4048144123895576
epsilon+beta,16.3,0.39626419137304536
epsilon+beta,16.400000000000002,0.38772252230952
epsilon+beta,16.5,0.37919396185317444
epsilon+beta,16.6,0.3706831100843131
epsilon+beta,16.7,0.3621946029701113
epsilon+beta,16.8,0.35373310454652146
epsilon+beta,16.900000000000002,0.34530329883898814
epsilon+beta,17.0,0.3369098815413646
epsilon+beta,17.1,0.328557551474122
epsilon+beta,17.2,0.3202510018446209
epsilon+beta,17.3,0.31199491133381113
epsilon+beta,17.400000000000002,0.30379393503529983
epsilon+beta,17.5,0.29565269527418553
epsilon+beta,17.6,0.28757577233446474
epsilon+beta,17.7,0.2795676951250916
epsilon+beta,17.8,0.271632931815968
epsilon+beta,17.900000000000002,0.2637758804761779
epsilon+beta,18.0,0.25600085974772185
epsilon+beta,18.1,0.24831209958876158
epsilon+beta,18.2,0.2407137321210185
epsilon+beta,18.3,0.23320978261640513
epsilon+beta,18.400000000000002,0.22580416065825984
epsilon+beta,18.5,0.218500651512628
epsilon+beta,18.6,0.2113029077449461
epsilon+beta,18.7,0.20421444111717935
epsilon+beta,18.8,0.19723861479996652
epsilon+beta,18.900000000000002,0.19037863593361964
epsilon+beta,19.0,0.18363754857091275
epsilon+beta,19.1,0.1770182270334769
epsilon+beta,19.200000000000003,0.17052336971228962
epsilon+beta,19.3,0.16415549334121216
epsilon+beta,19.400000000000002,0.15791692777080832
epsilon+beta,19.5,0.1518098112677425
epsilon+beta,19.6,0.14583608636295514
epsilon+beta,19.700000000000003,0.13999749626952332
epsilon+beta,19.8,0.13429558188866253
epsilon+beta,19.900000000000002,0.12873167941973038
epsilon+beta,20.0,0.12330691858734147
epsilon+beta,20.1,0.1180222214958499
epsilon+beta,20.200000000000003,0.11287830211848209
epsilon+beta,20.3,0.10787566642535132
epsilon+beta,20.400000000000002,0.103014613151462
epsilon+beta,20.5,0.09829523520264948
epsilon+beta,20.6,0.09371742169420345
epsilon+beta,20.700000000000003,0.08928086061373285
epsilon+beta,20.8,0.08498504209665457
epsilon+beta,20.900000000000002,0.08082926229955749
epsilon+beta,21.0,0.07681262785362541
epsilon+beta,21.1,0.07293406087732916
epsilon+beta,21.200000000000003,0.06919230452472826
epsilon+beta,21.3,0.06558592904299083
epsilon+beta,21.400000000000002,0.06211333831016156
epsilon+beta,21.5,0.05877277682179929
epsilon+beta,21.6,0.055562337092895056
epsilon+beta,21.700000000000003,0.05247996743947511
epsilon+beta,21.8,0.049523480102517704
epsilon+beta,21.900000000000002,0.04669055967527232
epsilon+beta,22.0,0.0439787717937834
epsilon+beta,22.1,0.041385572049394956
epsilon+beta,22.200000000000003,0.03890831508125396
epsilon+beta,22.3,0.036544263806350556
epsilon+beta,22.400000000000002,0.03429059874442481
epsilon+beta,22.5,0.03214442739514456
epsilon+beta,22.6,0.030102793625306722
epsilon+beta,22.700000000000003,0.028162687024435005
epsilon+beta,22.8,0.026321052188033604
epsilon+beta,22.900000000000002,0.024574797888896667
epsilon+beta,23.0,0.022920806098262227
epsilon+beta,23.1,0.021355940820216423
epsilon+beta,23.200000000000003,0.019877056704589273
epsilon+beta,23.3,0.01848100740561731
epsilon+beta,23.400000000000002,0.01716465365586251
epsilon+beta,23.5,0.015924871027251573
epsilon+beta,23.6,0.014758557353613479
epsilon+beta,23.700000000000003,0.013662639791722121
epsilon+beta,23.8,0.012634081500574365
epsilon+beta,23.900000000000002,0.011669887921425827
epsilon+beta,24.0,0.010767112643945389
epsilon+beta,24.1,0.0099228628467086
epsilon+beta,24.200000000000003,0.009134304303108935
epsilon+beta,24.3,0.008398665946598582
epsilon+beta,24.400000000000002,0.007713243991956755
epsilon+beta,24.5,0.0070754056120004225
epsilon+beta,24.6,0.006482592171781064
epsilon+beta,24.700000000000003,0.005932322024831751
epsilon+beta,24.8,0.0054221928784244046
epsilon+beta,24.900000000000002,0.004949883737052197
epsilon+beta,25.0,0.004513156435452779
epsilon+beta,25.1,0.004109856774421971
epsilon+beta,25.200000000000003,0.0037379152744257574
epsilon+beta,25.3,0.0033953475635920384
epsilon+beta,25.400000000000002,0.003080254418047378
epsilon+beta,25.5,0.00279082147375405
epsilon+beta,25.6,0.002525318629997181
epsilon+beta,25.700000000000003,0.0022820991654710072
epsilon+beta,25.8,0.002059598588519285
epsilon+beta,25.900000000000002,0.0018563332435019592
epsilon+beta,26.0,0.0016708986954932618
epsilon+beta,26.1,0.0015019679155733525
epsilon+beta,26.200000000000003,0.00134828928886472
epsilon+beta,26.3,0.0012086844671953963
epsilon+beta,26.400000000000002,0.001082046087855128
epsilon+beta,26.5,0.0009673353793592362
epsilon+beta,26.6,0.0008635796744608282
epsilon+beta,26.700000000000003,0.000769869849868419
epsilon+beta,26.8,0.000685357711246218
epsilon+beta,26.900000000000002,0.000609253341112104
epsilon+beta,27.0,0.0005408224262173799
epsilon+beta,27.1,0.0004793835799062642
epsilon+beta,27.200000000000003,0.00042430567382516855
epsilon+beta,27.3,0.00037500519219487046
epsilon+beta,27.400000000000002,0.00033094362068525086
epsilon+beta,27.5,0.0002916248807538885
epsilon+beta,27.6,0.0002565928191375011
epsilon+beta,27.700000000000003,0.00022542876102918025
epsilon+beta,27.8,0.0001977491343437723
epsilon+beta,27.900000000000002,0.00017320317137694652
epsilon+beta,28.0,0.0001514706931078352
epsilon+beta,28.1,0.0001322599803869808
epsilon+beta,28.200000000000003,0.00011530573529602538
epsilon+beta,28.3,0.00010036713506757806
epsilon+beta,28.400000000000002,8.722598011639186e-05
epsilon+beta,28.5,7.56849369588977e-05
epsilon+beta,28.6,6.556587608892184e-05
epsilon+beta,28.700000000000003,5.670830423385297e-05
epsilon+beta,28.8,4.896788983765692e-05
epsilon+beta,28.900000000000002,4.221508010430245e-05
epsilon+beta,29.0,3.633380748603717e-05
epsilon+beta,29.1,3.1220283113686746e-05
epsilon+beta,29.200000000000003,2.678187433835885e-05
epsilon+beta,29.3,2.293606328284479e-05
epsilon+beta,29.400000000000002,1.9609483083500294e-05
epsilon+beta,29.5,1.6737028336035987e-05
epsilon+beta,29.6,1.4261036137864173e-05
epsilon+beta,29.700000000000003,1.2130534041666416e-05
epsilon+beta,29.8,1.0300551195839142e-05
epsilon+beta,29.900000000000002,8.731488943579783e-06
epsilon+beta,30.0,7.388547179758737e-06
Xc+beta,0.0,1.0
Xc+beta,0.1,0.9999714048408972
Xc+beta,0.2,0.9999385908148046
Xc+beta,0.30000000000000004,0.9998957877891116
Xc+beta,0.4,0.9998413304291022
Xc+beta,0.5,0.9997738753184241
Xc+beta,0.6000000000000001,0.9996922335928723
Xc+beta,0.7000000000000001,0.9995953356777316
Xc+beta,0.8,0.9994822172001606
Xc+beta,0.9,0.9993520091181498
Xc+beta,1.0,0.9992039285110601
Xc+beta,1.1,0.999037269356522
Xc+beta,1.2000000000000002,0.9988513933301176
Xc+beta,1.3,0.9986457208139152
Xc+beta,1.4000000000000001,0.998419722292714
Xc+beta,1.5,0.9981729102701646
Xc+beta,1.6,0.9979048317869629
Xc+beta,1.7000000000000002,0.9976150615811259
Xc+beta,1.8,0.9973031958980495
Xc+beta,1.9000000000000001,0.9969688469350765
Xc+beta,2.0,0.9966116378899155
Xc+beta,2.1,0.9962311985728486
Xc+beta,2.2,0.995827161537585
Xc+beta,2.3000000000000003,0.9953991586837727
Xc+beta,2.4000000000000004,0.9949468182844855
Xc+beta,2.5,0.9944697623937455
Xc+beta,2.6,0.9939676045918612
Xc+beta,2.7,0.993439948029519
Xc+beta,2.8000000000000003,0.9928863837350057
Xc+beta,2.9000000000000004,0.9923064891524298
Xc+beta,3.0,0.9916998268821684
Xc+beta,3.1,0.9910659435980048
Xc+beta,3.2,0.9904043691184204
Xc+beta,3.3000000000000003,0.9897146156122553
Xc+beta,3.4000000000000004,0.9889961769214878
Xc+beta,3.5,0.9882485279861173
Xc+beta,3.6,0.9874711243582062
Xc+beta,3.7,0.986663401793911
Xc+beta,3.8000000000000003,0.9858247759139701
Xc+beta,3.9000000000000004,0.9849546419245205
Xc+beta,4.0,0.984052374391389
Xc+beta,4.1000000000000005,0.9831173270620756
Xc+beta,4.2,0.9821488327306713
Xc+beta,4.3,0.9811462031417475
Xc+beta,4.4,0.9801087289300395
Xc+beta,4.5,0.9790356795933951
Xc+beta,4.6000000000000005,0.9779263034970126
Xc+beta,4.7,0.97677982790752
Xc+beta,4.800000000000001,0.975595459055881
Xc+beta,4.9,0.9743723822284729
Xc+beta,5.0,0.9731097618860555
Xc+beta,5.1000000000000005,0.9718067418106248
Xc+beta,5.2,0.9704624452803909
Xc+beta,5.300000000000001,0.9690759752733713
Xc+beta,5.4,0.9676464147002771
Xc+beta,5.5,0.9661728266675214
Xc+beta,5.6000000000000005,0.9646542547713626
Xc+beta,5.7,0.9630897234243082
Xc+beta,5.800000000000001,0.9614782382149999
Xc+beta,5.9,0.9598187863029344
Xc+beta,6.0,0.9581103368494266
Xc+beta,6.1000000000000005,0.9563518414862996
Xc+beta,6.2,0.9545422348238454
Xc+beta,6.300000000000001,0.9526804349996462
Xc+beta,6.4,0.9507653442698715
Xc+beta,6.5,0.9487958496447063
Xc+beta,6.6000000000000005,0.9467708235695701
Xc+beta,6.7,0.9446891246537932
Xc+beta,6.800000000000001,0.9425495984484208
Xc+beta,6.9,0.9403510782747984
Xc+beta,7.0,0.9380923861055688
Xc+beta,7.1000000000000005,0.9357723334996909
Xc+beta,7.2,0.9333897225930374
Xc+beta,7.300000000000001,0.930943347146104
Xc+beta,7.4,0.9284319936502682
Xc+beta,7.5,0.9258544424940259
Xc+beta,7.6000000000000005,0.9232094691904932
Xc+beta,7.7,0.9204958456674335
Xc+beta,7.800000000000001,0.9177123416209388
Xc+beta,7.9,0.9148577259338069
Xc+beta,8.0,0.9119307681595304
Xc+beta,8.1,0.9089302400727057
Xc+beta,8.200000000000001,0.9058549172865025
Xc+beta,8.3,0.9027035809377358
Xc+beta,8.4,0.8994750194398693
Xc+beta,8.5,0.8961680303041559
Xc+beta,8.6,0.8927814220289262
Xc+beta,8.700000000000001,0.8893140160568338
Xc+beta,8.8,0.8857646487996788
Xc+beta,8.9,0.8821321737302233
Xc+beta,9.0,0.8784154635401716
Xc+beta,9.1,0.8746134123632658
Xc+beta,9.200000000000001,0.8707249380622019
Xc+beta,9.3,0.8667489845778112
Xc+beta,9.4,0.8626845243386936
Xc+beta,9.5,0.8585305607292052
Xc+beta,9.600000000000001,0.8542861306134208
Xc+beta,9.700000000000001,0.8499503069124135
Xc+beta,9.8,0.8455222012318582
Xc+beta,9.9,0.8410009665366998
Xc+beta,10.0,0.8363857998692653
Xc+beta,10.100000000000001,0.8316759451069222
Xc+beta,10.200000000000001,0.8268706957550154
Xc+beta,10.3,0.8219693977705153
Xc+beta,10.4,0.8169714524114644
Xc+beta,10.5,0.8118763191069628
Xc+beta,10.600000000000001,0.8066835183421129
Xc+beta,10.700000000000001,0.8013926345519913
Xc+beta,10.8,0.7960033190183977
Xc+beta,10.9,0.7905152927627829
Xc+beta,11.0,0.7849283494284347
Xc+beta,11.100000000000001,0.7792423581446956
Xc+beta,11.200000000000001,0.7734572663656556
Xc+beta,11.3,0.7675731026754739
Xc+beta,11.4,0.7615899795521807
Xc+beta,11.5,0.7555080960815713
Xc+beta,11.600000000000001,0.7493277406124799
Xc+beta,11.700000000000001,0.7430492933445539
Xc+beta,11.8,0.7366732288393718
Xc+beta,11.9,0.7302001184455705
Xc+beta,12.0,0.7236306326284778
Xc+beta,12.100000000000001,0.7169655431945786
Xc+beta,12.200000000000001,0.710205725401038
Xc+beta,12.3,0.7033521599404018
Xc+beta,12.4,0.6964059347905461
Xc+beta,12.5,0.689368246919908
Xc+beta,12.600000000000001,0.682240403838066
Xc+beta,12.700000000000001,0.6750238249817541
Xc+beta,12.8,0.6677200429265105
Xc+beta,12.9,0.6603307044142854
Xc+beta,13.0,0.6528575711874892
Xc+beta,13.100000000000001,0.6453025206202059
Xc+beta,13.200000000000001,0.6376675461375461
Xc+beta,13.3,0.6299547574144055
Xc+beta,13.4,0.6221663803453029
Xc+beta,13.5,0.6143047567773133
Xc+beta,13.600000000000001,0.6063723439986164
Xc+beta,13.700000000000001,0.5983717139756537
Xc+beta,13.8,0.5903055523324612
Xc+beta,13.9,0.5821766570663182
Xc+beta,14.0,0.5739879369945274
Xc+beta,14.100000000000001,0.5657424099278244
Xc+beta,14.200000000000001,0.5574432005666538
Xc+beta,14.3,0.549093538117346
Xc+beta,14.4,0.540696753626046
Xc+beta,14.5,0.532256277029132
Xc+beta,14.600000000000001,0.52377563391975
Xc+beta,14.700000000000001,0.5152584420310615
Xc+beta,14.8,0.5067084074377518
Xc+beta,14.9,0.49812932047838326
Xc+beta,15.0,0.48952505140218455
Xc+beta,15.100000000000001,0.48089954574494886
Xc+beta,15.200000000000001,0.4722568194397667
Xc+beta,15.3,0.4636009536694217
Xc+beta,15.4,0.45493608946837205
Xc+beta,15.5,0.4462664220833313
Xc+beta,15.600000000000001,0.4375961951025766
Xc+beta,15.700000000000001,0.4289296943651924
Xc+beta,15.8,0.4202712416625454
Xc+beta,15.9,0.41162518824534106
Xc+beta,16.0,0.402995908150661
Xc+beta,16.1,0.39438779136437446
Xc+beta,16.2,0.38580523683529716
Xc+beta,16.3,0.3772526453584063
Xc+beta,16.400000000000002,0.3687344123452829
Xc+beta,16.5,0.3602549205008035
Xc+beta,16.6,0.3518185324258516
Xc+beta,16.7,0.3434295831665376
Xc+beta,16.8,0.33509237273103404
Xc+beta,16.900000000000002,0.3268111585956997
Xc+beta,17.0,0.31859014822262893
Xc+beta,17.1,0.31043349161116474
Xc+beta,17.2,0.30234527390619614
Xc+beta,17.3,0.2943295080862797
Xc+beta,17.400000000000002,0.28639012775472106
Xc+beta,17.5,0.278530980056762
Xc+beta,17.6,0.2707558187459266
Xc+beta,17.7,0.2630682974223684
Xc+beta,17.8,0.25547196296575964
Xc+beta,17.900000000000002,0.24797024918485147
Xc+beta,18.0,0.24056647070530476
Xc+beta,18.1,0.2332638171167655
Xc+beta,18.2,0.2260653473994313
Xc+beta,18.3,0.21897398464951007
Xc+beta,18.400000000000002,0.21199251112203873
Xc+beta,18.5,0.20512356360849454
Xc+beta,18.6,0.1983696291655026
Xc+beta,18.7,0.19173304120971899
Xc+beta,18.8,0.1852159759926775
Xc+beta,18.900000000000002,0.1788204494679952
Xc+beta,19.0,0.17254831456188713
Xc+beta,19.1,0.16640125885641943
Xc+beta,19.200000000000003,0.16038080269335495
Xc+beta,19.3,0.1544882977048204
Xc+beta,19.400000000000002,0.14872492577535948
Xc+beta,19.5,0.14309169843823277
Xc+beta,19.6,0.13758945670711
Xc+beta,19.700000000000003,0.1322188713425554
Xc+beta,19.8,0.1269804435509729
Xc+beta,19.900000000000002,0.12187450611193736
Xc+beta,20.0,0.11690122492811614
Xc+beta,20.1,0.11206060099029258
Xc+beta,20.200000000000003,0.10735247274833412
Xc+beta,20.3,0.1027765188773318
Xc+beta,20.400000000000002,0.09833226142657076
Xc+beta,20.5,0.09401906933748636
Xc+beta,20.6,0.08983616231532365
Xc+beta,20.700000000000003,0.08578261503786738
Xc+beta,20.8,0.08185736168333486
Xc+beta,20.900000000000002,0.07805920075835307
Xc+beta,21.0,0.07438680020586189
Xc+beta,21.1,0.07083870277182018
Xc+beta,21.200000000000003,0.06741333160872996
Xc+beta,21.3,0.06410899609325502
Xc+beta,21.400000000000002,0.060923897834585565
Xc+beta,21.5,0.05785613684970359
Xc+beta,21.6,0.05490371788132627
Xc+beta,21.700000000000003,0.05206455683405714
Xc+beta,21.8,0.04933648730415221
Xc+beta,21.900000000000002,0.04671726717831082
Xc+beta,22.0,0.04420458527702991
Xc+beta,22.1,0.04179606801830978
Xc+beta,22.200000000000003,0.03948928607787129
Xc+beta,22.3,0.037281761022527976
Xc+beta,22.400000000000002,0.03517097189395675
Xc+beta,22.5,0.03315436172081195
Xc+beta,22.6,0.031229343937933758
Xc+beta,22.700000000000003,0.02939330869229831
Xc+beta,22.8,0.027643629016342625
Xc+beta,22.900000000000002,0.025977666850361923
Xc+beta,23.0,0.024392778896812215
Xc+beta,23.1,0.02288632229055063
Xc+beta,23.200000000000003,0.02145566007029912
Xc+beta,23.3,0.020098166437916846
Xc+beta,23.400000000000002,0.01881123179340288
Xc+beta,23.5,0.017592267534914205
Xc+beta,23.6,0.016438710614467115
Xc+beta,23.700000000000003,0.015348027841382443
Xc+beta,23.8,0.014317719926927742
Xc+beta,23.900000000000002,0.013345325264995617
Xc+beta,24.0,0.01242842344502605
Xc+beta,24.1,0.011564638494726219
Xc+beta,24.200000000000003,0.010751641851453882
Xc+beta,24.3,0.009987155062405488
Xc+beta,24.400000000000002,0.009268952214977534
Xc+beta,24.5,0.008594862099847007
Xc+beta,24.6,0.007962770110435205
Xc+beta,24.700000000000003,0.007370619883475336
Xc+beta,24.8,0.006816414686393553
Xc+beta,24.900000000000002,0.006298218558131287
Xc+beta,25.0,0.0058141572108807785
Xc+beta,25.1,0.00536241870097362
Xc+beta,25.200000000000003,0.004941253877851154
Xc+beta,25.3,0.004548976620655463
Xc+beta,25.400000000000002,0.0041839638725091706
Xc+beta,25.5,0.003844655483001683
Xc+beta,25.6,0.003529553869769289
Xc+beta,25.700000000000003,0.0032372235103482615
Xc+beta,25.8,0.0029662902756947503
Xc+beta,25.900000000000002,0.0027154406169059104
Xc+beta,26.0,0.0024834206167451494
Xc+beta,26.1,0.0022690349175744622
Xc+beta,26.200000000000003,0.0020711455372311813
Xc+beta,26.3,0.001888670584259727
Xc+beta,26.400000000000002,0.0017205828837242258
Xc+beta,26.5,0.0015659085245901764
Xc+beta,26.6,0.0014237253393767563
Xc+beta,26.700000000000003,0.0012931613264503539
Xc+beta,26.8,0.0011733930249596615
Xc+beta,26.900000000000002,0.0010636438520071061
Xc+beta,27.0,0.0009631824112161203
Xc+beta,27.1,0.0008713207813927071
Xc+beta,27.200000000000003,0.0007874127934979875
Xc+beta,27.3,0.0007108523036502696
Xc+beta,27.400000000000002,0.0006410714693650347
Xc+beta,27.5,0.0005775390357232312
Xc+beta,27.6,0.0005197586376365235
Xc+beta,27.700000000000003,0.0004672671238562347
Xc+beta,27.8,0.00041963290785436793
Xc+beta,27.900000000000002,0.00037645435019343135
Xc+beta,28.0,0.000337358176499877
Xc+beta,28.1,0.00030199793466655615
Xc+beta,28.200000000000003,0.0002700524944350708
Xc+beta,28.3,0.0002412245920514695
Xc+beta,28.400000000000002,0.00021523942225029337
Xc+beta,28.5,0.0001918432794040244
Xc+beta,28.6,0.00017080224927897808
Xc+beta,28.700000000000003,0.0001519009524655381
Xc+beta,28.8,0.00013494134020122916
Xc+beta,28.900000000000002,0.0001197415429799729
Xc+beta,29.0,0.00010613477204028852
Xc+beta,29.1,9.396827354929235e-05
Xc+beta,29.200000000000003,8.310233504798464e-05
Xc+beta,29.3,7.340934349622772e-05
Xc+beta,29.400000000000002,6.477289405251766e-05
Xc+beta,29.5,5.7086948543550294e-05
Xc+beta,29.6,5.025504242091233e-05
Xc+beta,29.700000000000003,4.418953886613746e-05
Xc+beta,29.8,3.8810928589892584e-05
Xc+beta,29.900000000000002,3.4047173775156104e-05
Xc+beta,30.0,2.9833094536814734e-05
eta,0.0,1.0
eta,0.1,0.9999179132393916
eta,0.2,0.9998647723326569
eta,0.30000000000000004,0.999822085236232
eta,0.4,0.999785118066004
eta,0.5,0.999751741625576
eta,0.6000000000000001,0.9997208233607398
eta,0.7000000000000001,0.9996916818237337
eta,0.8,0.9996638692160915
eta,0.9,0.9996370717577316
eta,1.0,0.9996110586056216
eta,1.1,0.9995856532712838
eta,1.2000000000000002,0.9995607164990292
eta,1.3,0.9995361354423274
eta,1.4000000000000001,0.9995118165194499
eta,1.5,0.9994876805269217
eta,1.6,0.9994636591948756
eta,1.7000000000000002,0.9994396926942267
eta,1.8,0.9994157277903025
eta,1.9000000000000001,0.9993917164466928
eta,2.0,0.9993676147498308
eta,2.1,0.9993433820666994
eta,2.2,0.9993189803750177
eta,2.3000000000000003,0.9992943737230036
eta,2.4000000000000004,0.9992695277877314
eta,2.5,0.9992444095093076
eta,2.6,0.9992189867838667
eta,2.7,0.9991932282024965
eta,2.8000000000000003,0.9991671028262473
eta,2.9000000000000004,0.9991405799896049
eta,3.0,0.999113629126465
eta,3.1,0.9990862196139438
eta,3.2,0.9990583206303079
eta,3.3000000000000003,0.9990299010240398
eta,3.4000000000000004,0.9990009291916448
eta,3.5,0.9989713729621846
eta,3.6,0.998941199486941
eta,3.7,0.9989103751327788
eta,3.8000000000000003,0.9988788653780392
eta,3.9000000000000004,0.9988466347099225
eta,4.0,0.9988136465224321
eta,4.1000000000000005,0.9987798630140642
eta,4.2,0.9987452450844779
eta,4.3,0.998709752229449
eta,4.4,0.9986733424334517
eta,4.5,0.9986359720592318
eta,4.6000000000000005,0.9985975957337959
eta,4.7,0.9985581662301926
eta,4.800000000000001,0.9985176343445528
eta,4.9,0.9984759487677833
eta,5.0,0.9984330559513573
eta,5.1000000000000005,0.9983888999666171
eta,5.2,0.9983434223569898
eta,5.300000000000001,0.9982965619825119
eta,5.4,0.9982482548560138
eta,5.5,0.9981984339703162
eta,5.6000000000000005,0.9981470291157333
eta,5.7,0.998093966687144
eta,5.800000000000001,0.9980391694798648
eta,5.9,0.9979825564735
eta,6.0,0.9979240426028865
eta,6.1000000000000005,0.9978635385152032
eta,6.2,0.9978009503122607
eta,6.300000000000001,0.9977361792769066
eta,6.4,0.9976691215824075
eta,6.5,0.9975996679836141
eta,6.6000000000000005,0.9975277034886103
eta,6.7,0.9974531070094694
eta,6.800000000000001,0.9973757509906431
eta,6.9,0.99729550101341
eta,7.0,0.9972122153746893
eta,7.1000000000000005,0.9971257446384361
eta,7.2,0.997035931157662
eta,7.300000000000001,0.9969426085650475
eta,7.4,0.9968456012299172
eta,7.5,0.9967447236792232
eta,7.6000000000000005,0.99663977998001
eta,7.7,0.9965305630806448
eta,7.800000000000001,0.9964168541079275
eta,7.9,0.9962984216169675
eta,8.0,0.9961750207905101
eta,8.1,0.9960463925841637
eta,8.200000000000001,0.995912262813721
eta,8.3,0.9957723411805002
eta,8.4,0.9956263202303745
eta,8.5,0.9954738742418076
eta,8.6,0.9953146580379579
eta,8.700000000000001,0.995148305717509
eta,8.8,0.9949744292985785
eta,8.9,0.9947926172696351
eta,9.0,0.9946024330409765
eta,9.1,0.9944034132898882
eta,9.200000000000001,0.9941950661921455
eta,9.3,0.9939768695320597
eta,9.4,0.9937482686827771
eta,9.5,0.9935086744480057
eta,9.600000000000001,0.9932574607558267
eta,9.700000000000001,0.9929939621946485
eta,9.8,0.992717471380827
eta,9.9,0.9924272361468133
eta,10.0,0.9921224565381146
eta,10.100000000000001,0.9918022816066968
eta,10.200000000000001,0.9914658059877937
eta,10.3,0.9911120662464649
eta,10.4,0.9907400369795669
eta,10.5,0.99034862665813
eta,10.600000000000001,0.9899366731945376
eta,10.700000000000001,0.989502939218251
eta,10.8,0.9890461070432333
eta,10.9,0.9885647733097243
eta,11.0,0.9880574432824962
eta,11.100000000000001,0.9875225247873515
eta,11.200000000000001,0.9869583217673062
eta,11.3,0.9863630274397556
eta,11.4,0.9857347170358579
eta,11.5,0.9850713401035661
eta,11.600000000000001,0.984370712356102
eta,11.700000000000001,0.9836305070482986
eta,11.8,0.9828482458641922
eta,11.9,0.9820212893005325
eta,12.0,0.981146826532574
eta,12.100000000000001,0.980221864750736
eta,12.200000000000001,0.979243217959406
eta,12.3,0.9782074952325212
eta,12.4,0.9771110884246621
eta,12.5,0.975950159341211
eta,12.600000000000001,0.9747206263769174
eta,12.700000000000001,0.973418150638997
eta,12.8,0.9720381215787887
eta,12.9,0.9705756421651449
eta,13.0,0.969025513643306
eta,13.100000000000001,0.9673822199350118
eta,13.200000000000001,0.9656399117493784
eta,13.3,0.9637923904895042
eta,13.4,0.9618330920572759
eta,13.5,0.9597550706782969
eta,13.600000000000001,0.9575509828905888
eta,13.700000000000001,0.955213071864705
eta,13.8,0.9527331522493002
eta,13.9,0.9501025957650369
eta,14.0,0.9473123178010732
eta,14.100000000000001,0.9443527653021703
eta,14.200000000000001,0.9412139062706703
eta,14.3,0.9378852212460602
eta,14.4,0.9343556971653337
eta,14.5,0.9306138240495496
eta,14.600000000000001,0.926647595005478
eta,14.700000000000001,0.9224445100753967
eta,14.8,0.917991584512271
eta,14.9,0.9132753621008219
eta,15.0,0.9082819341863352
eta,15.100000000000001,0.9029969651111225
eta,15.200000000000001,0.8974057247919558
eta,15.3,0.8914931291987656
eta,15.4,0.8852437895134807
eta,15.5,0.8786420707559813
eta,15.600000000000001,0.8716721606592577
eta,15.700000000000001,0.8643181495554417
eta,15.8,0.8565641219956261
eta,15.9,0.8483942607663222
eta,16.0,0.8397929638810757
eta,16.1,0.830744975014121
eta,16.2,0.8212355277010538
eta,16.3,0.8112505034566996
eta,16.400000000000002,0.8007766037502007
eta,16.5,0.7898015355300796
eta,16.6,0.7783142097064231
eta,16.7,0.7663049516731735
eta,16.8,0.7537657225916582
eta,16.900000000000002,0.7406903497591313
eta,17.0,0.727074763956946
eta,17.1,0.7129172412177285
eta,17.2,0.6982186459768565
eta,17.3,0.6829826720905648
eta,17.400000000000002,0.667216077722725
eta,17.5,0.650928909639137
eta,17.6,0.6341347120181869
eta,17.7,0.6168507145084223
eta,17.8,0.5990979939570066
eta,17.900000000000002,0.5809016040195337
eta,18.0,0.5622906667632676
eta,18.1,0.5432984204145697
eta,18.2,0.5239622175979118
eta,18.3,0.5043234687873785
eta,18.400000000000002,0.48442752625752883
eta,18.5,0.4643235045899699
eta,18.6,0.4440640347703698
eta,18.7,0.4237049500959732
eta,18.8,0.4033049034961365
eta,18.900000000000002,0.3829249174287122
eta,19.0,0.362627869224323
eta,19.1,0.34247791656967147
eta,19.200000000000003,0.3225398697010201
eta,19.3,0.3028785187618567
eta,19.400000000000002,0.28355792659859247
eta,19.5,0.26464069895340975
eta,19.6,0.24618724548908208
eta,19.700000000000003,0.22825504627198603
eta,19.8,0.2108979391751475
eta,19.900000000000002,0.19416544407920394
eta,20.0,0.1781021396931971
eta,20.1,0.16274710825211908
eta,20.200000000000003,0.1481334622559907
eta,20.3,0.13428796579950542
eta,20.400000000000002,0.12123076092916997
eta,20.5,0.10897520690797659
eta,20.6,0.09752783734137878
eta,20.700000000000003,0.08688843691985633
eta,20.8,0.07705023617810684
eta,20.900000000000002,0.06800021928771222
eta,21.0,0.05971953662524731
eta,21.1,0.05218401082791319
eta,21.200000000000003,0.04536472239376119
eta,21.3,0.03922865871903901
eta,21.400000000000002,0.03373940888577306
eta,21.5,0.02885788558611919
eta,21.6,0.02454305533280557
eta,21.700000000000003,0.020752658559917436
eta,21.8,0.01744390233387864
eta,21.900000000000002,0.014574110106794262
eta,22.0,0.012101315160615404
eta,22.1,0.00998478699503991
eta,22.200000000000003,0.008185482772825483
eta,22.3,0.006666418913410349
eta,22.400000000000002,0.005392960879961951
eta,22.5,0.004333032005265896
eta,22.6,0.00345724473309138
eta,22.700000000000003,0.00273895982041374
eta,22.8,0.0021542807846379785
eta,22.900000000000002,0.0016819921493738228
eta,23.0,0.0013034508312945248
eta,23.1,0.0010024403346760196
eta,23.200000000000003,0.0007649973180515518
eta,23.3,0.0005792196262402752
eta,23.400000000000002,0.00043506411106997487
eta,23.5,0.0003241415729107743
eta,23.6,0.00023951502176034219
eta,23.700000000000003,0.0001755062566790963
eta,23.8,0.00012751456379727816
eta,23.900000000000002,9.185019307009402e-05
eta,24.0,6.558423694566356e-05
eta,24.1,4.6415631249086445e-05
eta,24.200000000000003,3.2555247931332524e-05
eta,24.3,2.2626457071899833e-05
eta,24.400000000000002,1.558109779577273e-05
eta,24.5,1.0629502846372901e-05
eta,24.6,7.183052195837322e-06
eta,24.700000000000003,4.807666747844847e-06
eta,24.8,3.186672118900333e-06
eta,24.900000000000002,2.0915433140464797e-06
eta,25.0,1.359164173375604e-06
eta,25.1,8.743836290558439e-07
eta,25.200000000000003,5.568099591685674e-07
eta,25.3,3.509433768081842e-07
eta,25.400000000000002,2.1889848877145509e-07
eta,25.5,1.3510614149402837e-07
eta,25.6,8.250597090960906e-08
eta,25.700000000000003,4.984543214358439e-08
eta,25.8,2.9788400537379103e-08
eta,25.900000000000002,1.7607730174918826e-08
eta,26.0,1.0293116271928373e-08
eta,26.1,5.950193007592781e-09
eta,26.200000000000003,3.4010237870269152e-09
eta,26.3,1.9219271321671756e-09
eta,26.400000000000002,1.0736615792746788e-09
eta,26.5,5.928655198874472e-10
eta,26.6,3.235629088231452e-10
eta,26.700000000000003,1.745142636918415e-10
eta,26.8,9.300988919709225e-11
eta,26.900000000000002,4.8979021234621223e-11
eta,27.0,2.5481856975215835e-11
eta,27.1,1.3096332837186382e-11
eta,27.200000000000003,6.648506542800428e-12
eta,27.3,3.3335948663271213e-12
eta,27.400000000000002,1.6507255103171219e-12
eta,27.5,8.071786918280741e-13
eta,27.6,3.897240470924862e-13
eta,27.700000000000003,1.85779491457036e-13
eta,27.8,8.742833401135711e-14
eta,27.900000000000002,4.0614562115602854e-14
eta,28.0,1.8622938809565306e-14
eta,28.1,8.427790135520036e-15
eta,28.200000000000003,3.7639245464330256e-15
eta,28.3,1.6587957294601403e-15
eta,28.400000000000002,7.213288039465539e-16
eta,28.5,3.0947532589092556e-16
eta,28.6,1.3098924917115868e-16
eta,28.700000000000003,5.4692413310470497e-17
eta,28.8,2.252504836929908e-17
eta,28.900000000000002,9.149923176606638e-18
eta,29.0,3.665629373883899e-18
eta,29.1,1.4481909264368533e-18
eta,29.200000000000003,5.641784496672089e-19
eta,29.3,2.1671464333586067e-19
eta,29.400000000000002,8.207469254862735e-20
eta,29.5,3.06441881195466e-20
eta,29.6,1.1279085365470813e-20
eta,29.700000000000003,4.092192650377368e-21
eta,29.8,1.4634053895336886e-21
eta,29.900000000000002,5.157865836268044e-22
eta,30.0,1.7916085070063843e-22
