{
  "task": "senogenic_tail_constraints",
  "baseline_fit_path": "saved_results/fit_archive/records/joint2019_tail90_sweden_emphasis.json",
  "baseline": {
    "eta": 0.5868368257640714,
    "beta": 57.87173772073557,
    "kappa": 0.5,
    "epsilon": 49.718659304628446,
    "Xc": 21.74056340066893
  },
  "n": 200000,
  "mixture_component_n": 500000,
  "tmax": 320.0,
  "dt": 0.1,
  "save_times": 320.0,
  "top_survival": 0.0001,
  "condition_age": 90,
  "h_ext": 0.0,
  "family_cvs": [
    0.025,
    0.05,
    0.075,
    0.1,
    0.125
  ],
  "family_distributions": [
    "gaussian",
    "lognormal",
    "uniform",
    "student_t4"
  ],
  "truncation_cvs": [
    0.05,
    0.1,
    0.15,
    0.2
  ],
  "truncation_cutoffs": [
    0.0,
    0.02,
    0.05,
    0.1,
    0.15,
    0.2
  ],
  "correlation_cvs": [
    0.05,
    0.1,
    0.15
  ],
  "correlations": [
    -0.75,
    -0.25,
    0.0,
    0.5,
    0.9
  ],
  "mixture_deltas": [
    0.02,
    0.05,
    0.1,
    0.15,
    0.2
  ],
  "random_seed": 20260525,
  "parallel": true
}
