{
  "objective": "Jointly fit Sweden and USA HMD 2019 period both-gender hazard curves with shared eta and beta, separate epsilon, Xc, and Xc heterogeneity.",
  "baseline": {
    "eta": 0.54,
    "beta": 54.75,
    "kappa": 0.5,
    "epsilon": 51.83,
    "Xc": 21.0,
    "xc_std_frac": 0.2
  },
  "age_window": [
    30,
    100
  ],
  "extra_hazard_weight_window": [
    60,
    90
  ],
  "parameter_names": [
    "eta_log2",
    "beta_log2",
    "swe_epsilon_log2",
    "swe_xc_log2",
    "swe_xc_std_log2",
    "swe_h_ext_log2",
    "usa_epsilon_log2",
    "usa_xc_log2",
    "usa_xc_std_log2",
    "usa_h_ext_log2"
  ],
  "best_vector_log2_folds": [
    0.0,
    0.0,
    0.0,
    0.0,
    -0.15,
    0.0,
    0.0,
    0.0,
    0.075,
    0.0
  ],
  "fitted_parameters": {
    "shared": {
      "eta": 0.54,
      "beta": 54.75,
      "kappa": 0.5
    },
    "SWE": {
      "epsilon": 51.83,
      "Xc": 21.0,
      "xc_std_frac": 0.18025009252216606,
      "h_ext_factor": 1.0
    },
    "USA": {
      "epsilon": 51.83,
      "Xc": 21.0,
      "xc_std_frac": 0.21067220719096716,
      "h_ext_factor": 1.0
    }
  },
  "countries": {
    "SWE": {
      "h_ext_initial_from_ggm": 0.0003767783778403702,
      "h_ext_fitted": 0.0003767783778403702,
      "joint_score": 1.9869355304566674,
      "hazard_log_rmse_60_90": 0.29772233702252804,
      "hazard_median_fold_error_60_90": 1.241157837837838,
      "survival_rmse": 0.042973320900145835
    },
    "USA": {
      "h_ext_initial_from_ggm": 0.0008105166160951386,
      "h_ext_fitted": 0.0008105166160951386,
      "joint_score": 0.0807660182380989,
      "hazard_log_rmse_60_90": 0.186226475212137,
      "hazard_median_fold_error_60_90": 1.1498054637096773,
      "survival_rmse": 0.013059780517521559
    }
  },
  "plot_path": "saved_results/joint_usa_sweden_sr_fit_2019.png"
}