estimate,log_se,low,high,truth,covered,standardized_error,kind,year,scenario,label,rep,se
0.5506902674122675,0.018400934275577305,0.5311834036414304,0.5709134896603564,0.5509085391235231,True,-0.02153595444232431,historical,1800,historical,Xc ratio,1,
0.6546713344434453,0.016896513880276826,0.6333459336697391,0.6767147831179632,0.6430095965528855,True,1.063750876227389,historical,1850,historical,Xc ratio,1,
0.723538753779004,0.009082315207064831,0.7107729915101675,0.7365337941552687,0.7118053198737329,True,1.8001645720215282,historical,1900,historical,Xc ratio,1,
0.7746192433595541,0.0077551324956693915,0.7629342307578201,0.786483222265326,0.7595646387863185,False,2.530734878616292,historical,1950,historical,Xc ratio,1,
0.8277366684580222,0.005584705642054849,0.8187258158466707,0.8368466940320578,0.8281938295617597,True,-0.09886825912144209,historical,1980,historical,Xc ratio,1,
0.8431263274923023,0.00548559990303169,0.8341099458344794,0.8522401724864701,0.8430327297983153,True,0.02023822764025408,historical,1985,historical,Xc ratio,1,
0.8682338718556416,0.004370138206232765,0.8608289346350741,0.8757025070921961,0.8648109768540827,True,0.9038974558467342,historical,1990,historical,Xc ratio,1,
0.8784958889779144,0.004271347595945421,0.8711720949973428,0.8858812528349523,0.8810140111632547,True,-0.670116731509014,historical,1995,historical,Xc ratio,1,
0.9093030113446243,0.0035714346232210877,0.9029602217324666,0.9156903554998237,0.9101435409155368,True,-0.2587027329910603,historical,2000,historical,Xc ratio,1,
0.9302441361497047,0.0036275214393316295,0.9236537318371965,0.9368815639597696,0.9278461599106248,True,0.7115383447587613,historical,2005,historical,Xc ratio,1,
0.9503719471588811,0.003031639205282455,0.9447416724512838,0.9560357760053582,0.9542293786430015,True,-1.3361253790096737,historical,2010,historical,Xc ratio,1,
0.9748656385666281,0.002905122979485721,0.9693305886772172,0.9804322945743603,0.9765533965649273,True,-0.5954224701524108,historical,2015,historical,Xc ratio,1,
1.13603332399917,0.003359135076205252,1.1285784936637524,1.1435373972500267,1.1374377209220468,True,-0.3677926321135591,projection,2050,linear,Xc ratio,1,
1.3554419110946059,0.0073563257811481595,1.3360391802531226,1.3751264195738047,1.3591114643447033,True,-0.36752265473168805,projection,2100,linear,Xc ratio,1,
1.1614174154914576,0.004516290162376445,1.1511821869840102,1.171743646017338,1.1631375979171645,True,-0.3277048854185381,projection,2050,exponential,Xc ratio,1,
1.4784553989782114,0.011800629145442746,1.4446529003443231,1.5130488204099715,1.4841838382187762,True,-0.32770488509944323,projection,2100,exponential,Xc ratio,1,
87.11783888832768,,86.94896334910406,87.2867144275513,87.10877515389147,True,0.10519340540422874,contour,2050,linear,Mean,1,0.08616257265730101
98.63958435231639,,98.12043411955364,99.15873458507915,98.42628991075028,True,0.805257124411587,contour,2050,linear,Top 10%,1,0.2648774349211292
104.62818475154658,,103.71180203578884,105.54456746730433,104.16146434350796,True,0.9982239678638161,contour,2050,linear,Top 1%,1,0.4675507932727763
111.26137422743741,,109.8442426847373,112.67850577013753,110.46601224989362,True,1.1000254977658195,contour,2050,linear,Top 0.01%,1,0.7230395833180162
91.55171055399305,,91.28532132085749,91.8180997871286,91.47088929122432,True,0.5946440190063129,contour,2100,linear,Mean,1,0.1359153715256061
101.79540186145647,,101.13638272742942,102.45442099548352,101.41922136822934,True,1.1187842360604305,contour,2100,linear,Top 10%,1,0.3362404305514414
107.25048655552479,,106.20486198345732,108.29611112759225,106.63419065005733,True,1.1552117373708135,contour,2100,linear,Top 1%,1,0.533491727559921
113.4240502065957,,111.89659232166052,114.95150809153087,112.49874754383671,True,1.187305988396226,contour,2100,linear,Top 0.01%,1,0.7793295677796159
87.72318846496847,,87.5372534089897,87.90912352094725,87.70423030490902,True,0.1998402653769474,contour,2050,exponential,Mean,1,0.09486656767441409
99.0683436104249,,98.54840604397788,99.58828117687193,98.83329383458928,True,0.8860469505216182,contour,2050,exponential,Top 10%,1,0.26527914316193446
104.98280960861987,,104.06557991372601,105.90003930351374,104.4959921653633,True,1.0402461467834812,contour,2050,exponential,Top 1%,1,0.4679829334257526
111.55234704024552,,110.1354269068925,112.96926717359854,110.73946122627666,True,1.1244295859867728,contour,2050,exponential,Top 0.01%,1,0.7229317194242024
93.42965565334704,,93.12111044580911,93.73820086088497,93.32632589185134,True,0.6563790527771627,contour,2100,exponential,Mean,1,0.15742391695546787
103.14767085339203,,102.47999844858502,103.81534325819904,102.71190395682973,True,1.2792013220371918,contour,2100,exponential,Top 10%,1,0.3406554457497892
108.3841286185515,,107.33383353189622,109.43442370520678,107.71305648722797,True,1.2522930223459179,contour,2100,exponential,Top 1%,1,0.5358746869533848
114.36796147408951,,112.836975862237,115.89894708594203,113.39514351075819,True,1.2453991447612829,contour,2100,exponential,Top 0.01%,1,0.7811294615251981
0.5718105255272102,0.02180888637071889,0.5478837095602448,0.5967822576183959,0.5509085391235231,True,1.707509595853276,historical,1800,historical,Xc ratio,2,
0.6491921869142137,0.019220023238704014,0.6251916528520933,0.6741140794631902,0.6430095965528855,True,0.49787410369591817,historical,1850,historical,Xc ratio,2,
0.7154000161477424,0.011922913925953878,0.6988760260639352,0.7323146939044798,0.7118053198737329,True,0.42249759979010165,historical,1900,historical,Xc ratio,2,
0.7677416114575962,0.009478906531285984,0.7536099434008623,0.7821382760736437,0.7595646387863185,True,1.1296458771309028,historical,1950,historical,Xc ratio,2,
0.8267801255168342,0.005294749369224566,0.8182445653898494,0.8354047247768155,0.8281938295617597,True,-0.32266512762639976,historical,1980,historical,Xc ratio,2,
0.8505808678096277,0.00481622110101352,0.842589484872567,0.8586480435288122,0.8430327297983153,True,1.8507678874733233,historical,1985,historical,Xc ratio,2,
0.8682331629444481,0.0037758162149793655,0.8618315515207762,0.874682324993004,0.8648109768540827,True,1.0459567105892622,historical,1990,historical,Xc ratio,2,
0.8787792374633452,0.003600591071032647,0.8725994980026393,0.8850027417667878,0.8810140111632547,True,-0.7053884324067193,historical,1995,historical,Xc ratio,2,
0.9171780353295301,0.003231213428876923,0.9113878441875682,0.9230050124717379,0.9101435409155368,False,2.3827825055149137,historical,2000,historical,Xc ratio,2,
0.9347110253936881,0.0036059290479981457,0.9281282528171095,0.9413404864474932,0.9278461599106248,False,2.0442650382153946,historical,2005,historical,Xc ratio,2,
0.9560693793515113,0.003136279441252786,0.9502104517428854,0.96196443267593,0.9542293786430015,True,0.6142314870221208,historical,2010,historical,Xc ratio,2,
0.9805545554559171,0.0030525880037058635,0.9747054492150118,0.9864387615763243,0.9765533965649273,True,1.339471335238859,historical,2015,historical,Xc ratio,2,
1.1376022321586194,0.0028869529080218477,1.1311834872528568,1.144057399348326,1.1374377209220468,True,0.05009528313984964,projection,2050,linear,Xc ratio,2,
1.359541316285425,0.006311913670857587,1.3428258704073026,1.3764648354045104,1.3591114643447033,True,0.05009958133929981,projection,2100,linear,Xc ratio,2,
1.1629999554098225,0.0038676671159298477,1.1542171788363647,1.1718495627026229,1.1631375979171645,True,-0.030598355836071824,projection,2050,exponential,Xc ratio,2,
1.4837249667483798,0.010105839890275876,1.4546258400820378,1.5134062081753783,1.4841838382187762,True,-0.030598355815674844,projection,2100,exponential,Xc ratio,2,
87.1986872649751,,87.04943995545077,87.34793457449945,87.10877515389147,True,1.1807549500190173,contour,2050,linear,Mean,2,0.07614798572911897
98.69509356664703,,98.18166586490662,99.20852126838744,98.42628991075028,True,1.0261337335021212,contour,2050,linear,Top 10%,2,0.2619577225858652
104.6593237135642,,103.70229901572598,105.61634841140243,104.16146434350796,True,1.0196042347498133,contour,2050,linear,Top 1%,2,0.4882868794463275
111.24662362863651,,109.72450064098872,112.7687466162843,110.46601224989362,True,1.005155431377137,contour,2050,linear,Top 0.01%,2,0.7766076313922862
91.68828686998062,,91.43481484499051,91.94175889497072,91.47088929122432,True,1.6810195314657466,contour,2100,linear,Mean,2,0.12932483810389372
101.82924456858439,,101.11137693777205,102.54711219939672,101.41922136822934,True,1.1194692043884438,contour,2100,linear,Top 10%,2,0.36626572553108666
107.25508492298259,,106.1110531648647,108.39911668110048,106.63419065005733,True,1.0637208316163285,contour,2100,linear,Top 1%,2,0.5837003981409332
113.3823592521358,,111.70091634575222,115.06380215851938,112.49874754383671,True,1.029976764604457,contour,2100,linear,Top 0.01%,2,0.8578947978874257
87.80618318374546,,87.64047616337841,87.97189020411251,87.70423030490902,True,1.2058871748280695,contour,2050,exponential,Mean,2,0.08454595169815832
99.1167224405047,,98.59034121983993,99.64310366116948,98.83329383458928,True,1.0553375348023144,contour,2050,exponential,Top 10%,2,0.26856678225560304
105.00679722902666,,104.03775557078367,105.97583888726965,104.4959921653633,True,1.033143951433515,contour,2050,exponential,Top 1%,2,0.49441809435616324
111.53096171659223,,109.99992663284141,113.06199680034305,110.73946122627666,True,1.013244223616204,contour,2050,exponential,Top 0.01%,2,0.7811547027534543
93.58242730392188,,93.28368168766214,93.88117292018161,93.32632589185134,True,1.6801904922738191,contour,2100,exponential,Mean,2,0.15242403361296877
103.16850951659757,,102.40543090971757,103.93158812347757,102.71190395682973,True,1.1727893354850834,contour,2100,exponential,Top 10%,2,0.3893329739215084
108.37485544228572,,107.19198261232397,109.55772827224747,107.71305648722797,True,1.0965693725176928,contour,2100,exponential,Top 1%,2,0.6035176356770531
114.31304057143498,,112.59892799459689,116.02715314827307,113.39514351075819,True,1.04954902306371,contour,2100,exponential,Top 0.01%,2,0.8745633033866156
0.5363498018978232,0.013791355885174867,0.5220461546575013,0.5510453576361778,0.5509085391235231,True,-1.9419585141280356,historical,1800,historical,Xc ratio,3,
0.6404368368256282,0.014998389635911996,0.6218843839356779,0.6595427583620423,0.6430095965528855,True,-0.26730521214798925,historical,1850,historical,Xc ratio,3,
0.7064339915759399,0.00648318399256814,0.6975142617545799,0.7154677858465142,0.7118053198737329,True,-1.1683579105533577,historical,1900,historical,Xc ratio,3,
0.7531930330929572,0.006621666356500065,0.7434810807826945,0.7630318507937656,0.7595646387863185,True,-1.2721689663287963,historical,1950,historical,Xc ratio,3,
0.8208367331880086,0.004883272452225505,0.8130179501354212,0.8287307093755242,0.8281938295617597,True,-1.827257116214457,historical,1980,historical,Xc ratio,3,
0.8445983574700471,0.004554569431446498,0.8370923556696825,0.8521716637472062,0.8430327297983153,True,0.4073744293861588,historical,1985,historical,Xc ratio,3,
0.8633526534538696,0.0034538172443360497,0.8575280474356825,0.8692168220675526,0.8648109768540827,True,-0.48865205408337103,historical,1990,historical,Xc ratio,3,
0.8830659037219459,0.0034209965493092994,0.8771647262155453,0.8890067817485809,0.8810140111632547,True,0.6800078349196057,historical,1995,historical,Xc ratio,3,
0.9162794827722108,0.003392636071595717,0.9102069450692022,0.9223925340247526,0.9101435409155368,False,1.9804971268093912,historical,2000,historical,Xc ratio,3,
0.9264630693326729,0.00379457927240199,0.919598301430746,0.9333790824775217,0.9278461599106248,True,-0.39312884371983897,historical,2005,historical,Xc ratio,3,
0.9561075696204696,0.0035839928344810514,0.9494149287215514,0.9628473884611358,0.9542293786430015,True,0.5486467074884113,historical,2010,historical,Xc ratio,3,
0.9851037432815988,0.00343004502941105,0.9785033339463759,0.9917486751052804,0.9765533965649273,False,2.541520089654254,historical,2015,historical,Xc ratio,3,
1.1431503927184439,0.0028175594011735383,1.136854954907897,1.1494806920889948,1.1374377209220468,True,1.778075674370566,projection,2050,linear,Xc ratio,3,
1.374038122909482,0.006124928079794405,1.3576419042798136,1.3906323583980176,1.3591114643447033,True,1.7833332919498528,projection,2100,linear,Xc ratio,3,
1.1705631389046942,0.003735318064673761,1.1620246358353343,1.1791643824981508,1.1631375979171645,True,1.7036752311420742,projection,2050,exponential,Xc ratio,3,
1.5090690378610383,0.009760024618034737,1.48047596305825,1.5382143431269197,1.4841838382187762,True,1.7036752315896928,projection,2100,exponential,Xc ratio,3,
87.11155341149113,,86.90847217708904,87.31463464589322,87.10877515389147,True,0.026813333349762315,contour,2050,linear,Mean,3,0.10361477864082295
98.2251999496325,,97.76185510496929,98.68854479429571,98.42628991075028,True,-0.8506171720328191,contour,2050,linear,Top 10%,3,0.23640477494384404
103.7728407341724,,103.05101857115095,104.49466289719386,104.16146434350796,True,-1.0552298292578088,contour,2050,linear,Top 1%,3,0.3682833810800157
109.85229945880505,,108.81997455395307,110.88462436365703,110.46601224989362,True,-1.1651903017467182,contour,2050,linear,Top 0.01%,3,0.5267060583739555
91.48824736329617,,91.17868505737279,91.79780966921955,91.47088929122432,True,0.10990096484900591,contour,2100,linear,Mean,3,0.15794285423873944
101.1982381715423,,100.66248469926111,101.73399164382349,101.41922136822934,True,-0.8084298639278087,contour,2100,linear,Top 10%,3,0.273348631151975
106.22707622657995,,105.44923109852286,107.00492135463705,106.63419065005733,True,-1.025820666378038,contour,2100,linear,Top 1%,3,0.3968670517380182
111.87046634446796,,110.79385762559711,112.9470750633388,112.49874754383671,True,-1.1437846464942971,contour,2100,linear,Top 0.01%,3,0.5493002562103284
87.7233196155836,,87.50060840150849,87.94603082965872,87.70423030490902,True,0.16799495960390196,contour,2050,exponential,Mean,3,0.11363025842915911
98.64046825103841,,98.17368507709858,99.10725142497824,98.83329383458928,True,-0.8096504333430284,contour,2050,exponential,Top 10%,3,0.23815905681010785
104.11377176967898,,103.39147606957721,104.83606746978074,104.4959921653633,True,-1.0371627708601407,contour,2050,exponential,Top 1%,3,0.3685249860707445
110.13099444306815,,109.09906290067356,111.16292598546273,110.73946122627666,True,-1.1556706350018466,contour,2050,exponential,Top 0.01%,3,0.5265053595547496
93.41131325291585,,93.05103393219633,93.77159257363536,93.32632589185134,True,0.4623417366693938,contour,2100,exponential,Mean,3,0.18381935768277402
102.51834067007549,,101.96741765021562,103.06926368993535,102.71190395682973,True,-0.6886208364718502,contour,2100,exponential,Top 10%,3,0.28108833846208126
107.32878022849683,,106.54679643625519,108.11076402073846,107.71305648722797,True,-0.9631499203682925,contour,2100,exponential,Top 1%,3,0.39897865389866566
112.78686120574312,,111.7126420755542,113.86108033593204,113.39514351075819,True,-1.1098400473028587,contour,2100,exponential,Top 0.01%,3,0.5480810559082983
0.5521257137110303,0.014460664034772835,0.5366968349254315,0.5679981395516694,0.5509085391235231,True,0.15261801941233955,historical,1800,historical,Xc ratio,4,
0.6415863242171757,0.015098150461187076,0.6228787705625629,0.6608557409184678,0.6430095965528855,True,-0.1467668231437477,historical,1850,historical,Xc ratio,4,
0.7095804589970303,0.00653898981362807,0.7005443726551922,0.718733098778685,0.7118053198737329,True,-0.4787519796101819,historical,1900,historical,Xc ratio,4,
0.7572130320450815,0.006744768638772205,0.747268924527502,0.7672894684620378,0.7595646387863185,True,-0.4597333998313892,historical,1950,historical,Xc ratio,4,
0.8262185619565621,0.004810840331725972,0.8184646994914466,0.8340458819369072,0.8281938295617597,True,-0.49635388534690916,historical,1980,historical,Xc ratio,4,
0.8349407753684056,0.0047568719753584695,0.8271925495489713,0.8427615780061172,0.8430327297983153,False,-2.027590410001225,historical,1985,historical,Xc ratio,4,
0.8671646459810246,0.003397415970189737,0.8614095411616809,0.8729582008405629,0.8648109768540827,True,0.799991135449205,historical,1990,historical,Xc ratio,4,
0.8788511753684795,0.0034214414496561373,0.8729774019852459,0.8847644700654138,0.8810140111632547,True,-0.7183982243086546,historical,1995,historical,Xc ratio,4,
0.9187217352843041,0.003403692387304019,0.9126132353061172,0.9248711219936275,0.9101435409155368,False,2.7561131643099426,historical,2000,historical,Xc ratio,4,
0.9339647640263888,0.0037913510448073094,0.9270502768087909,0.9409308235639334,0.9278461599106248,True,1.7336217280449289,historical,2005,historical,Xc ratio,4,
0.9588330780277375,0.0035610751122563703,0.952164127151682,0.9655487381890087,0.9542293786430015,True,1.3515356570478105,historical,2010,historical,Xc ratio,4,
0.9793218554935682,0.003444425833077317,0.9727327683707073,0.9859555757063426,0.9765533965649273,True,0.821883726387911,historical,2015,historical,Xc ratio,4,
1.1431177472262706,0.0028470505478216477,1.1367567809545167,1.149514307648496,1.1374377209220468,True,1.7496268025078636,projection,2050,linear,Xc ratio,4,
1.373952823397674,0.006189244642532812,1.3573865022240188,1.3907213294293481,1.3591114643447033,True,1.7547709647447645,projection,2100,linear,Xc ratio,4,
1.1706232108831545,0.003775046580663705,1.161993785761456,1.1793167215265172,1.1631375979171645,True,1.6993396728105212,projection,2050,exponential,Xc ratio,4,
1.509271399178795,0.009863831395774798,1.4803732663827718,1.5387336478623856,1.4841838382187762,True,1.6993396715031848,projection,2100,exponential,Xc ratio,4,
87.09310711456989,,86.89031764405297,87.29589658508681,87.10877515389147,True,-0.1514318899318574,contour,2050,linear,Mean,4,0.10346591678036023
98.27837691347486,,97.811718334663,98.74503549228672,98.42628991075028,True,-0.6212339399038043,contour,2050,linear,Top 10%,4,0.23809548669914954
103.85055520614432,,103.11756596378476,104.58354444850389,104.16146434350796,True,-0.8313501433329464,contour,2050,linear,Top 1%,4,0.37398097523286505
109.95815368275375,,108.90546631975417,111.01084104575332,110.46601224989362,True,-0.9455651657087948,contour,2050,linear,Top 0.01%,4,0.5370952585369266
91.47349202934426,,91.16334238671274,91.78364167197577,91.47088929122432,True,0.016447779636226158,contour,2100,linear,Mean,4,0.1582425213309768
101.26013678103317,,100.71747635811532,101.80279720395102,101.41922136822934,True,-0.5745767486108425,contour,2100,linear,Top 10%,4,0.27687265031311453
106.31191947919433,,105.51963492771851,107.10420403067015,106.63419065005733,True,-0.797238677657476,contour,2100,linear,Top 1%,4,0.40423423987648566
111.98200974159771,,110.88431395451134,113.07970552868407,112.49874754383671,True,-0.9226486005991341,contour,2100,linear,Top 0.01%,4,0.5600591621809823
87.70777374194992,,87.48550195164172,87.93004553225812,87.70423030490902,True,0.031245570893301707,contour,2050,exponential,Mean,4,0.11340605850998127
98.69637386926301,,98.22525352461774,99.16749421390828,98.83329383458928,True,-0.5696170922230437,contour,2050,exponential,Top 10%,4,0.2403719396690044
104.19371256865885,,103.45991561533852,104.92750952197919,104.4959921653633,True,-0.8073856400210077,contour,2050,exponential,Top 1%,4,0.3743930802343555
110.2386468786954,,109.18597977812605,111.29131397926476,110.73946122627666,True,-0.9324677133627985,contour,2050,exponential,Top 0.01%,4,0.5370849203723592
93.40066621690895,,93.04106691194295,93.76026552187494,93.32632589185134,True,0.40518532071600477,contour,2100,exponential,Mean,4,0.1834724044944126
102.58677759953326,,102.02930295709317,103.14425224197336,102.71190395682973,True,-0.439918043167519,contour,2100,exponential,Top 10%,4,0.28443106446720223
107.41905645174255,,106.62160819337217,108.21650471011293,107.71305648722797,True,-0.7225916853620933,contour,2100,exponential,Top 1%,4,0.4068688326217045
112.90284772248539,,111.80680905255419,113.9988863924166,113.39514351075819,True,-0.8803357410883886,contour,2100,exponential,Top 0.01%,4,0.5592136787087125
0.5609662405021706,0.019481294883261818,0.5399508354824607,0.5827995852658718,0.5509085391235231,True,0.9286816810109894,historical,1800,historical,Xc ratio,5,
0.6608039442130574,0.017818065667672224,0.6381251500440364,0.6842887365548903,0.6430095965528855,True,1.532014909064695,historical,1850,historical,Xc ratio,5,
0.7219099454128881,0.009875006898418416,0.7080719720042947,0.7360183567368743,0.7118053198737329,True,1.4274374725121985,historical,1900,historical,Xc ratio,5,
0.7649724567967355,0.00836845569985755,0.7525278133580655,0.7776228988086498,0.7595646387863185,True,0.8477554049419358,historical,1950,historical,Xc ratio,5,
0.8325479478870182,0.0055810828967065166,0.8234905661743885,0.8417049496400685,0.8281938295617597,True,0.9395299602894138,historical,1980,historical,Xc ratio,5,
0.850242805028676,0.0054356280436841965,0.8412327087132623,0.8593494047667126,0.8430327297983153,True,1.5667332216426704,historical,1985,historical,Xc ratio,5,
0.8652842259635467,0.004498332012082069,0.8576889195808498,0.8729467929552244,0.8648109768540827,True,0.12161812494345015,historical,1990,historical,Xc ratio,5,
0.8822165079751443,0.0042351900510577516,0.8749236975978945,0.8895701066055235,0.8810140111632547,True,0.3220564478879323,historical,1995,historical,Xc ratio,5,
0.9073319165202453,0.003703070205764117,0.9007704465049651,0.9139411821630669,0.9101435409155368,True,-0.8355205655905187,historical,2000,historical,Xc ratio,5,
0.9280209736677983,0.0037675478977838035,0.9211934662553044,0.9348990837595071,0.9278461599106248,True,0.05000344669074398,historical,2005,historical,Xc ratio,5,
0.9522610481383361,0.0031074363645692766,0.9464789627793948,0.9580784565339353,0.9542293786430015,True,-0.6644943620512797,historical,2010,historical,Xc ratio,5,
0.980521706675838,0.0029485896687566717,0.97487148710166,0.9862046741369516,0.9765533965649273,True,1.3753535816114837,historical,2015,historical,Xc ratio,5,
1.1339605612093304,0.003346326420865997,1.1265476137342778,1.1414222876171136,1.1374377209220468,True,-0.9149416092454262,projection,2050,linear,Xc ratio,5,
1.3500259825147025,0.007344249993297284,1.3307322745563523,1.369599421545861,1.3591114643447033,True,-0.913274006844012,projection,2100,linear,Xc ratio,5,
1.1581590643524546,0.0044654869295132895,1.1480668609348614,1.168339984353801,1.1631375979171645,True,-0.9605779905068247,projection,2050,exponential,Xc ratio,5,
1.4676421061262712,0.011667885196660675,1.4344599957265165,1.501591789308719,1.4841838382187762,True,-0.9605779910222336,projection,2100,exponential,Xc ratio,5,
87.20630289475646,,87.03547594678925,87.37712984272368,87.10877515389147,True,1.1189736857302752,contour,2050,linear,Mean,5,0.08715820765824416
98.7915006693384,,98.25580900672881,99.327192331948,98.42628991075028,True,1.3362163041930954,contour,2050,linear,Top 10%,5,0.2733170950257642
104.82927664972453,,103.87396095384827,105.7845923456008,104.16146434350796,True,1.370110503017013,contour,2050,linear,Top 1%,5,0.487414923647427
111.51482364143534,,110.0284658253234,113.00118145754729,110.46601224989362,True,1.3829997943390437,contour,2050,linear,Top 0.01%,5,0.7583597595854751
91.6255829632016,,91.35359140851982,91.89757451788337,91.47088929122432,True,1.1147185289132675,contour,2100,linear,Mean,5,0.13877375136850034
101.9175706482287,,101.22817558976656,102.60696570669084,101.41922136822934,True,1.4168170028648888,contour,2100,linear,Top 10%,5,0.351738635964749
107.42361943918979,,106.32653616554627,108.52070271283331,106.63419065005733,True,1.410332316816818,contour,2100,linear,Top 1%,5,0.5597466495798902
113.65208936591252,,112.04581719276742,115.25836153905762,112.49874754383671,True,1.4073009985015221,contour,2100,linear,Top 0.01%,5,0.8195416782222619
87.78968404254309,,87.60113830980836,87.97822977527781,87.70423030490902,True,0.888305694739568,contour,2050,exponential,Mean,5,0.09619857008698104
99.20213549453246,,98.66305925719374,99.74121173187118,98.83329383458928,True,1.341028076205741,contour,2050,exponential,Top 10%,5,0.27504395059852876
105.16847017874969,,104.20952430464055,106.12741605285882,104.4959921653633,True,1.3744599379571703,contour,2050,exponential,Top 1%,5,0.48926708943286557
111.79281558173471,,110.30382562275176,113.28180554071767,110.73946122627666,True,1.3865349374594131,contour,2050,exponential,Top 0.01%,5,0.7597027142988155
93.45377785912787,,93.13734200850878,93.77021370974695,93.32632589185134,True,0.7894215055975623,contour,2100,exponential,Mean,5,0.16144982923926254
103.22546472040365,,102.52106829627566,103.92986114453164,102.71190395682973,True,1.4289689243153483,contour,2100,exponential,Top 10%,5,0.35939253459971443
108.5186364800353,,107.40966045749201,109.62761250257859,107.71305648722797,True,1.4237528499014138,contour,2100,exponential,Top 1%,5,0.565814490108382
114.56277214130897,,112.94708770942974,116.1784565731882,113.39514351075819,True,1.4164338146994926,contour,2100,exponential,Top 0.01%,5,0.8243439392884739
0.550744600468208,0.014685301311807994,0.5351186617679513,0.5668268304132092,0.5509085391235231,True,-0.020266727546358866,historical,1800,historical,Xc ratio,6,
0.6374872966186041,0.015123645103780513,0.6188683388127226,0.6566664149110316,0.6430095965528855,True,-0.5703187796569205,historical,1850,historical,Xc ratio,6,
0.715146540010382,0.006959013479517153,0.7054585782613211,0.7249675451524122,0.7118053198737329,True,0.6729439296730135,historical,1900,historical,Xc ratio,6,
0.754075026104187,0.007211572648173109,0.7434915825958086,0.7648091226651581,0.7595646387863185,True,-1.0058219780470656,historical,1950,historical,Xc ratio,6,
0.8292995365191432,0.004462340685834985,0.8220780858896384,0.836584423153195,0.8281938295617597,True,0.298989253775738,historical,1980,historical,Xc ratio,6,
0.8437301776419857,0.004266384383262206,0.8367043556278616,0.8508149956140513,0.8430327297983153,True,0.1938330069981162,historical,1985,historical,Xc ratio,6,
0.8592804974795393,0.0033145092338789477,0.8537164300395884,0.8648808285374632,0.8648109768540827,True,-1.9355960392160658,historical,1990,historical,Xc ratio,6,
0.8787423394728131,0.003376504958150234,0.8729461738834766,0.8845769902935924,0.8810140111632547,True,-0.7646379869886037,historical,1995,historical,Xc ratio,6,
0.9082267769496228,0.0033677361550393968,0.9022516390933174,0.9142414849999351,0.9101435409155368,True,-0.6260058617341872,historical,2000,historical,Xc ratio,6,
0.9238481257382807,0.0037737631360383202,0.917040147100943,0.9307066458631127,0.9278461599106248,True,-1.1442824792695667,historical,2005,historical,Xc ratio,6,
0.9553311024101819,0.0034394976111917505,0.9489125958435216,0.9617930241730646,0.9542293786430015,True,0.335485946198885,historical,2010,historical,Xc ratio,6,
0.9736571727969303,0.003316751454270204,0.967348235086103,0.9800072566985454,0.9765533965649273,True,-0.8955049569473108,historical,2015,historical,Xc ratio,6,
1.137016459396312,0.002345177569722459,1.1318021974206156,1.1422547437038373,1.1374377209220468,True,-0.1579533615636998,projection,2050,linear,Xc ratio,6,
1.3580107487452022,0.005130534366170484,1.3444234798636592,1.3717353358738782,1.3591114643447033,True,-0.15791862970601298,projection,2100,linear,Xc ratio,6,
1.1626859119294084,0.0031016841034710745,1.1556391653217315,1.1697756275184445,1.1631375979171645,True,-0.12522536286069738,projection,2050,exponential,Xc ratio,6,
1.4826783390252902,0.008104400397743393,1.4593130450413114,1.5064177384589619,1.4841838382187762,True,-0.1252253628862535,projection,2100,exponential,Xc ratio,6,
86.98678158566197,,86.76776089354541,87.20580227777853,87.10877515389147,True,-1.0916913729232838,contour,2050,linear,Mean,6,0.11174730446282607
98.22147348920147,,97.73803125507582,98.70491572332712,98.42628991075028,True,-0.8303635498542379,contour,2050,linear,Top 10%,6,0.2466587334966309
103.85411918752798,,103.09763296506972,104.61060540998625,104.16146434350796,True,-0.796293995396342,contour,2050,linear,Top 1%,6,0.38596945067631416
110.0357088905744,,108.94239015418705,111.12902762696174,110.46601224989362,True,-0.7713936097711395,contour,2050,linear,Top 0.01%,6,0.557825932012698
91.27680925416367,,90.9507351862218,91.60288332210553,91.47088929122432,True,-1.166575082643218,contour,2100,linear,Mean,6,0.1663673774181023
101.1615113707317,,100.58285107531344,101.74017166614996,101.41922136822934,True,-0.8728822722944667,contour,2100,linear,Top 10%,6,0.2952402697103964
106.28285194083095,,105.44596887818119,107.11973500348071,106.63419065005733,True,-0.8228284777065318,contour,2100,linear,Top 1%,6,0.42698900043623716
112.03290580732816,,110.8758209498857,113.18999066477062,112.49874754383671,True,-0.7890804379468231,contour,2100,linear,Top 0.01%,6,0.5903602650709036
87.57226746293327,,87.33236105941923,87.81217386644731,87.70423030490902,True,-1.0780971819906937,contour,2050,exponential,Mean,6,0.12240347547526413
98.62164215829397,,98.12887274417758,99.11441157241035,98.83329383458928,True,-0.8418332204124248,contour,2050,exponential,Top 10%,6,0.2514175862430653
104.18297913158362,,103.41979452502477,104.94616373814247,104.4959921653633,True,-0.803860910751305,contour,2050,exponential,Top 1%,6,0.3893870563840881
110.30461759723538,,109.2074225295128,111.40181266495796,110.73946122627666,True,-0.7767787851950847,contour,2050,exponential,Top 0.01%,6,0.5598036884234331
93.10621414691721,,92.73265315047502,93.4797751433594,93.32632589185134,True,-1.1548611786399747,contour,2100,exponential,Mean,6,0.19059584736699248
102.4331109486368,,101.82573319688868,103.04048870038491,102.71190395682973,True,-0.899644831617605,contour,2100,exponential,Top 10%,6,0.3098923023785412
107.34402180424156,,106.48656768521094,108.20147592327218,107.71305648722797,True,-0.8435374810691953,contour,2100,exponential,Top 1%,6,0.4374846302249109
112.9148950766814,,111.7442603216641,114.08552983169871,113.39514351075819,True,-0.8040677336701078,contour,2100,exponential,Top 0.01%,6,0.5972736051535438
0.5524528698174395,0.014904130294907956,0.5365482901699664,0.5688288993947646,0.5509085391235231,True,0.18782186726745137,historical,1800,historical,Xc ratio,7,
0.6466467045143187,0.015475997749679123,0.6273268491953302,0.6665615555839679,0.6430095965528855,True,0.3644640504258578,historical,1850,historical,Xc ratio,7,
0.7138974025159108,0.006957745547124795,0.7042281126845558,0.7236994549623315,0.7118053198737329,True,0.4218049020489875,historical,1900,historical,Xc ratio,7,
0.7577700232077104,0.007127444470422485,0.7472579242676702,0.7684300017761044,0.7595646387863185,True,-0.3318840721973684,historical,1950,historical,Xc ratio,7,
0.8307850869448288,0.004545806544568024,0.8234159865996526,0.8382201365073884,0.8281938295617597,True,0.6872093900320618,historical,1980,historical,Xc ratio,7,
0.8418452447519492,0.0043963210656953935,0.8346225373485103,0.8491304564611086,0.8430327297983153,True,-0.32062719989348354,historical,1985,historical,Xc ratio,7,
0.8659870302188356,0.0033451442740656465,0.8603278775011208,0.8716834082901858,0.8648109768540827,True,0.4062523175031956,historical,1990,historical,Xc ratio,7,
0.8786141563496119,0.0034114616178585492,0.8727590381719335,0.8845085550243981,0.8810140111632547,True,-0.7995651169925507,historical,1995,historical,Xc ratio,7,
0.9111274854410052,0.003390511437351122,0.9050928609981626,0.917202345194207,0.9101435409155368,True,0.31868443997050966,historical,2000,historical,Xc ratio,7,
0.9305603888722801,0.0038147043297377613,0.9236288285709907,0.9375439684769131,0.9278461599106248,True,0.7657291411345252,historical,2005,historical,Xc ratio,7,
0.9606269336265411,0.0034866785363386766,0.9540846153187696,0.967214113708785,0.9542293786430015,True,1.9164502056583863,historical,2010,historical,Xc ratio,7,
0.9760571013242642,0.003375263108067568,0.969621409694429,0.9825355087257811,0.9765533965649273,True,-0.1506075913721964,historical,2015,historical,Xc ratio,7,
1.1382316600040323,0.00241384260273848,1.132859353625487,1.1436294432219865,1.1374377209220468,True,0.2890673758286562,projection,2050,linear,Xc ratio,7,
1.3611859503331167,0.005274064984152522,1.347187875435323,1.3753294734675057,1.3591114643447033,True,0.2891869695931714,projection,2100,linear,Xc ratio,7,
1.1639692615740134,0.003191438738391243,1.156711235165832,1.1712728299858866,1.1631375979171645,True,0.2239622897832584,projection,2050,exponential,Xc ratio,7,
1.4869582955020424,0.00833892057127171,1.4628529978200102,1.5114608069691955,1.4841838382187762,True,0.22396228987009734,projection,2100,exponential,Xc ratio,7,
87.09546999118994,,86.86736298846762,87.32357699391227,87.10877515389147,True,-0.11432196027398617,contour,2050,linear,Mean,7,0.11638326240768004
98.30259901059942,,97.80753085107828,98.79766717012056,98.42628991075028,True,-0.4896895606162916,contour,2050,linear,Top 10%,7,0.2525904370826137
103.96804095241058,,103.19954215969122,104.73653974512993,104.16146434350796,True,-0.49330315663476965,contour,2050,linear,Top 1%,7,0.39209842567577424
110.18791141584497,,109.08454975524853,111.2912730764414,110.46601224989362,True,-0.49400630660962547,contour,2050,linear,Top 0.01%,7,0.5629499670910462
91.45168935740953,,91.11387475025238,91.78950396456669,91.47088929122432,True,-0.11139594909533256,contour,2100,linear,Mean,7,0.17235755851730455
101.27312862758261,,100.68460522148713,101.86165203367808,101.41922136822934,True,-0.48653376756929306,contour,2100,linear,Top 10%,7,0.30027256150505416
106.42106057185342,,105.57400517589852,107.26811596780831,106.63419065005733,True,-0.4931522534378754,contour,2100,linear,Top 1%,7,0.43217906177684445
112.20426234608759,,111.03957383950157,113.3689508526736,112.49874754383671,True,-0.4955663066172789,contour,2100,linear,Top 0.01%,7,0.5942397491856796
87.68683969629278,,87.43689873554634,87.93678065703922,87.70423030490902,True,-0.13637207144945682,contour,2050,exponential,Mean,7,0.12752324160951392
98.70495068841679,,98.20126102292718,99.20864035390639,98.83329383458928,True,-0.4994105724129489,contour,2050,exponential,Top 10%,7,0.25698924544667806
104.29856309398804,,103.52449277359818,105.07263341437789,104.4959921653633,True,-0.4998949826700751,contour,2050,exponential,Top 1%,7,0.39494109406888944
110.45804515493208,,109.35098433957175,111.56510597029241,110.73946122627666,True,-0.49822499076221977,contour,2050,exponential,Top 0.01%,7,0.5648373256308359
93.30707786543691,,92.91879687171966,93.69535885915415,93.32632589185134,True,-0.09716014730618223,contour,2100,exponential,Mean,7,0.1981061880626241
102.55554380129514,,101.93855017642385,103.17253742616644,102.71190395682973,True,-0.4966992544352287,contour,2100,exponential,Top 10%,7,0.3147984502460641
107.49098766283886,,106.62541292774033,108.3565623979374,107.71305648722797,True,-0.5028414996912396,contour,2100,exponential,Top 1%,7,0.44162787782127966
113.0932806693982,,111.91506117811949,114.27150016067691,113.39514351075819,True,-0.5021477761281893,contour,2100,exponential,Top 0.01%,7,0.6011434396613382
0.5665386535702841,0.016442901846756137,0.5485716032607818,0.5850941683480623,0.5509085391235231,True,1.7014336020929417,historical,1800,historical,Xc ratio,8,
0.6504606320182034,0.016056241564241302,0.6303095962876867,0.6712558975738793,0.6430095965528855,True,0.7175482333112407,historical,1850,historical,Xc ratio,8,
0.7197043097665108,0.007973105901935508,0.7085449112788978,0.731039465884477,0.7118053198737329,True,1.3841531811038268,historical,1900,historical,Xc ratio,8,
0.7654076236072065,0.007548595695959425,0.75416679534992,0.7768159959949014,0.7595646387863185,True,1.0151699868091768,historical,1950,historical,Xc ratio,8,
0.8230170106973865,0.004370183326719727,0.8159976439725404,0.8300967593480651,0.8281938295617597,True,-1.4348027523932758,historical,1980,historical,Xc ratio,8,
0.8469052821069807,0.004124762191851855,0.8400861747448705,0.8537797412015844,0.8430327297983153,True,1.1111133329418201,historical,1985,historical,Xc ratio,8,
0.863636007921004,0.0032215484031126807,0.858200087113532,0.8691063603668187,0.8648109768540827,True,-0.42202261291484594,historical,1990,historical,Xc ratio,8,
0.8794536455277494,0.003275222874013207,0.8738262335421908,0.8851172978600036,0.8810140111632547,True,-0.5412371237793552,historical,1995,historical,Xc ratio,8,
0.9076729037713067,0.0032073422631494126,0.901984918846752,0.9133967575577747,0.9101435409155368,True,-0.8475081721435123,historical,2000,historical,Xc ratio,8,
0.9271002445653282,0.0036115817268241477,0.9205608724905762,0.9336860702624424,0.9278461599106248,True,-0.2226848891533438,historical,2005,historical,Xc ratio,8,
0.9524121627283766,0.0032707440759862285,0.9463262138522859,0.9585372511455476,0.9542293786430015,True,-0.5828020144081625,historical,2010,historical,Xc ratio,8,
0.9729948395045689,0.003177296717831257,0.966954451396756,0.9790729608152646,0.9765533965649273,True,-1.1489804860309913,historical,2015,historical,Xc ratio,8,
1.137189786324078,0.002122820672360789,1.1324681646169488,1.1419310939811014,1.1374377209220468,True,-0.1026936374194524,projection,2050,linear,Xc ratio,8,
1.3584636352338813,0.0046432446471390085,1.3461568958092762,1.3708828844526542,1.3591114643447033,True,-0.10268035042440524,projection,2100,linear,Xc ratio,8,
1.1631309977811248,0.0028366820145123697,1.156682172044138,1.1696157775203355,1.1631375979171645,True,-0.002000379383355981,projection,2050,exponential,Xc ratio,8,
1.484161832739668,0.007411975585976715,1.462756962153411,1.5058799258889815,1.4841838382187762,True,-0.0020003793833777137,projection,2100,exponential,Xc ratio,8,
87.0657880429746,,86.85041652439868,87.28115956155052,87.10877515389147,True,-0.3911993087739054,contour,2050,linear,Mean,8,0.10988544701573896
98.35241679902545,,97.85067136996555,98.85416222808534,98.42628991075028,True,-0.2885699201642231,contour,2050,linear,Top 10%,8,0.2559972698568017
104.08813505553218,,103.26959933391319,104.90667077715116,104.16146434350796,True,-0.17558520617795922,contour,2050,linear,Top 1%,8,0.4176279401435475
110.4008212533756,,109.18513046436034,111.61651204239085,110.46601224989362,True,-0.10510238824389216,contour,2050,linear,Top 0.01%,8,0.6202618000149496
91.41053834762465,,91.09443718173829,91.72663951351102,91.47088929122432,True,-0.3742019601752623,contour,2100,linear,Mean,8,0.16127906858480004
101.36111339433147,,100.7226614514803,101.99956533718263,101.41922136822934,True,-0.17838388202849906,contour,2100,linear,Top 10%,8,0.3257467728423599
106.5775037652512,,105.63880717778456,107.51620035271783,106.63419065005733,True,-0.11836013265548517,contour,2100,linear,Top 1%,8,0.4789356308947439
112.44925866338023,,111.13187309774634,113.76664422901413,112.49874754383671,True,-0.07362796880443481,contour,2100,linear,Top 0.01%,8,0.6721478435447296
87.66666783011019,,87.43119891431425,87.90213674590612,87.70423030490902,True,-0.3126573948287396,contour,2050,exponential,Mean,8,0.12013940952654482
98.7661539159544,,98.2497822686393,99.28252556326952,98.83329383458928,True,-0.254839364503311,contour,2050,exponential,Top 10%,8,0.2634597632345258
104.4287225531304,,103.59877935997709,105.25866574628371,104.4959921653633,True,-0.15886149596519605,contour,2050,exponential,Top 1%,8,0.42344818562984826
110.67952468205762,,109.45480010085477,111.90424926326047,110.73946122627666,True,-0.09591827405941042,contour,2050,exponential,Top 0.01%,8,0.6248709623561197
93.26892752790742,,92.89961231261364,93.6382427432012,93.32632589185134,True,-0.3046143820857906,contour,2100,exponential,Mean,8,0.18842959268992177
102.66826143125336,,101.98401040492479,103.35251245758192,102.71190395682973,True,-0.12500935334072075,contour,2100,exponential,Top 10%,8,0.34911408154734874
107.66976163598903,,106.69321527520393,108.64630799677414,107.71305648722797,True,-0.08689433758794443,contour,2100,exponential,Top 1%,8,0.49824709458337385
113.35748452570957,,112.01285843722853,114.7021106141906,113.39514351075819,True,-0.054892772810180124,contour,2100,exponential,Top 0.01%,8,0.6860463248750044
0.5494206368950951,0.015050965247035789,0.533449808014754,0.5658696126812799,0.5509085391235231,True,-0.17968741994848095,historical,1800,historical,Xc ratio,9,
0.6477570978843773,0.01562532984622787,0.6282201694921915,0.6679016023932451,0.6430095965528855,True,0.47078227637850073,historical,1850,historical,Xc ratio,9,
0.7183056514957743,0.007065637213775484,0.7084268322568236,0.72832222817856,0.7118053198737329,True,1.2866114932100912,historical,1900,historical,Xc ratio,9,
0.7636608926797988,0.0072732740147025635,0.7528518617973389,0.7746251136528285,0.7595646387863185,True,0.7394754318565706,historical,1950,historical,Xc ratio,9,
0.8273108004742519,0.004711819757786784,0.8197057580135036,0.8349864007787927,0.8281938295617597,True,-0.2264049813475186,historical,1980,historical,Xc ratio,9,
0.837841788047689,0.004569859737656642,0.8303709470266822,0.8453798441678765,0.8430327297983153,True,-1.3515725662786955,historical,1985,historical,Xc ratio,9,
0.8664979616428926,0.003359255621865811,0.8608116616023718,0.8722218239163537,0.8648109768540827,True,0.5801277977680056,historical,1990,historical,Xc ratio,9,
0.8857236625955531,0.0034145218427049455,0.879815889307298,0.8916711053028873,0.8810140111632547,True,1.561413121693598,historical,1995,historical,Xc ratio,9,
0.9109399580074896,0.0034340409152260904,0.9048293757003905,0.9170918068971452,0.9101435409155368,True,0.2547037098927135,historical,2000,historical,Xc ratio,9,
0.9309610696933336,0.0038209529454739234,0.924015208259197,0.9379591434618895,0.9278461599106248,True,0.8771418500352461,historical,2005,historical,Xc ratio,9,
0.958615855921263,0.003552533352747161,0.9519643531022486,0.9653138336840156,0.9542293786430015,True,1.2910071386255024,historical,2010,historical,Xc ratio,9,
0.9822353070443043,0.003386498083435513,0.9757373929232865,0.9887764939641615,0.9765533965649273,True,1.7131175956360547,historical,2015,historical,Xc ratio,9,
1.1417106508061146,0.002593172454823844,1.135922599733521,1.1475281946762166,1.1374377209220468,True,1.4459466605054647,projection,2050,linear,Xc ratio,9,
1.3702762166224287,0.005645503204049913,1.3551977091992873,1.3855224939470143,1.3591114643447033,True,1.449150944349538,projection,2100,linear,Xc ratio,9,
1.1685581702040873,0.0034412182958495443,1.1607031575593545,1.1764663413357657,1.1631375979171645,True,1.3511134294847573,projection,2050,exponential,Xc ratio,9,
1.502324610411985,0.00899157038851126,1.4760808404760004,1.529034977733131,1.4841838382187762,True,1.3511134290968643,projection,2100,exponential,Xc ratio,9,
87.15321484676365,,86.93042598334205,87.37600371018524,87.10877515389147,True,0.3909540009127688,contour,2050,linear,Mean,9,0.1136698761706495
98.4740548079489,,97.97132159312092,98.97678802277689,98.42628991075028,True,0.18621701425990136,contour,2050,linear,Top 10%,9,0.2565012514482345
104.18928093866143,,103.39576812024775,104.9827937570751,104.16146434350796,True,0.06870654563881785,contour,2050,linear,Top 1%,9,0.4048609181968774
110.46641974718773,,109.31794744183631,111.61489205253915,110.46601224989362,True,0.0006954281931943454,contour,2050,linear,Top 0.01%,9,0.5859660250955872
91.60070037670096,,91.26768071611318,91.93372003728874,91.47088929122432,True,0.7639940893555079,contour,2100,linear,Mean,9,0.16991111225237157
101.5093700371022,,100.90895962328737,102.10978045091703,101.41922136822934,True,0.294278946833046,contour,2100,linear,Top 10%,9,0.30633747280603474
106.69521893941965,,105.82000410801831,107.57043377082098,106.63419065005733,True,0.1366673014403807,contour,2100,linear,Top 1%,9,0.44654638468101293
112.52578692912219,,111.31360802901887,113.73796582922552,112.49874754383671,True,0.04371980185360244,contour,2100,linear,Top 0.01%,9,0.618469987032859
87.76936665997444,,87.5261023311289,88.01263098881998,87.70423030490902,True,0.5247991377046131,contour,2050,exponential,Mean,9,0.12411673416674335
98.89353566915317,,98.38189099474977,99.40518034355657,98.83329383458928,True,0.23076918810012942,contour,2050,exponential,Top 10%,9,0.26104799804445233
104.53374754167471,,103.73574800815014,105.33174707519929,104.4959921653633,True,0.092730853445841,contour,2050,exponential,Top 1%,9,0.4071501006238467
110.74785356946518,,109.59573526192146,111.8999718770089,110.73946122627666,True,0.01427691087598758,contour,2050,exponential,Top 0.01%,9,0.5878262644780782
93.52567604992463,,93.14641236850912,93.90493973134014,93.32632589185134,True,1.0302044442476732,contour,2100,exponential,Mean,9,0.1935054339809863
102.8421351843304,,102.2161744922796,103.4680958763812,102.71190395682973,True,0.407770837378781,contour,2100,exponential,Top 10%,9,0.31937356859019345
107.80731446695457,,106.91779324395019,108.69683568995895,107.71305648722797,True,0.20768728248624574,contour,2100,exponential,Top 1%,9,0.4538456981969246
113.44998554931456,,112.22828029046731,114.67169080816181,113.39514351075819,True,0.08798228511405964,contour,2100,exponential,Top 0.01%,9,0.6233304634595043
0.5625509795839809,0.02069832131013541,0.5401861465739354,0.5858417633218257,0.5509085391235231,True,1.0103696505884756,historical,1800,historical,Xc ratio,10,
0.6506136958384863,0.018559509111584334,0.627372269357578,0.6747161165508109,0.6430095965528855,True,0.6334443467851466,historical,1850,historical,Xc ratio,10,
0.7228284739714979,0.010771028305157306,0.707728909632752,0.7382501911008343,0.7118053198737329,True,1.4267444676825762,historical,1900,historical,Xc ratio,10,
0.7687496722400589,0.008755093680555387,0.7556707190395234,0.7820549925771151,0.7595646387863185,True,1.3729113318813753,historical,1950,historical,Xc ratio,10,
0.8271780912688319,0.005642828568661223,0.8180801193547736,0.8363772428729849,0.8281938295617597,True,-0.21748005541916604,historical,1980,historical,Xc ratio,10,
0.8498314424906253,0.005349330449591277,0.8409679348556278,0.8587883683932396,0.8430327297983153,True,1.50154198016329,historical,1985,historical,Xc ratio,10,
0.8658408737320221,0.004383658892561412,0.8584335969182425,0.8733120666716302,0.8648109768540827,True,0.27150468284097495,historical,1990,historical,Xc ratio,10,
0.8843524137671271,0.0040885256985708695,0.8772940949564028,0.8914675206774412,0.8810140111632547,True,0.9250551585851903,historical,1995,historical,Xc ratio,10,
0.9107595706151412,0.003630499684998469,0.9043019279309414,0.9172633274872563,0.9101435409155368,True,0.1863710368573212,historical,2000,historical,Xc ratio,10,
0.926387095659761,0.0037967657247869055,0.9195189502107648,0.9333065412172517,0.9278461599106248,True,-0.4145017189254208,historical,2005,historical,Xc ratio,10,
0.9549800808098335,0.0031245698888917976,0.9491496115950825,0.9608463656334717,0.9542293786430015,True,0.2516829911864692,historical,2010,historical,Xc ratio,10,
0.9769188985094442,0.0029135732733250996,0.9713561027128772,0.9825135515177875,0.9765533965649273,True,0.12843591724666992,historical,2015,historical,Xc ratio,10,
1.135277435778706,0.0032327726798231722,1.1281069245490316,1.1424935244533692,1.1374377209220468,True,-0.5880591744670159,projection,2050,linear,Xc ratio,10,
1.3534668483250063,0.007085212428406083,1.3348014781577033,1.3723932281249653,1.3591114643447033,True,-0.5873944861804554,projection,2100,linear,Xc ratio,10,
1.1601843378702594,0.004345112470555385,1.1503458548389482,1.1701069658115124,1.1631375979171645,True,-0.5850884223471243,projection,2050,exponential,Xc ratio,10,
1.4743574956530419,0.011353358388760058,1.441912165143566,1.5075328980055307,1.4841838382187762,True,-0.5850884224525581,projection,2100,exponential,Xc ratio,10,
87.17155031105439,,87.01208088997555,87.33101973213323,87.10877515389147,True,0.771540062858352,contour,2050,linear,Mean,10,0.08136344460241278
98.72391545956171,,98.20332516470242,99.244505754421,98.42628991075028,True,1.1205267603135372,contour,2050,linear,Top 10%,10,0.2656121739815884
104.73226603515539,,103.77742520380717,105.68710686650361,104.16146434350796,True,1.1716620416868917,contour,2050,linear,Top 1%,10,0.4871726413750032
111.37862065244066,,109.87571273047233,112.88152857440899,110.46601224989362,True,1.190145833177975,contour,2050,linear,Top 0.01%,10,0.7668038463069292
91.61569430466555,,91.355883958314,91.87550465101711,91.47088929122432,True,1.0923837911428138,contour,2100,linear,Mean,10,0.1325587349568218
101.85504271950147,,101.15992617061487,102.55015926838807,101.41922136822934,True,1.2288502605140503,contour,2100,linear,Top 10%,10,0.35465781737297514
107.32906438312533,,106.21446804096728,108.44366072528338,106.63419065005733,True,1.2219019918719711,contour,2100,linear,Top 1%,10,0.5686820528080463
113.51701199516155,,111.87423548800214,115.15978850232096,112.49874754383671,True,1.2148710689715307,contour,2100,linear,Top 0.01%,10,0.8381666806724337
87.77003567310754,,87.59231358891245,87.94775775730264,87.70423030490902,True,0.7257182034671331,contour,2050,exponential,Mean,10,0.09067619894903926
99.14338656172866,,98.61589893967869,99.67087418377864,98.83329383458928,True,1.152198746766771,contour,2050,exponential,Top 10%,10,0.26913128313109197
105.07850883512003,,104.11878775461969,106.03822991562038,104.4959921653633,True,1.189628649734517,contour,2050,exponential,Top 1%,10,0.48966261016555496
111.66224204855143,,110.15341616214067,113.1710679349622,110.73946122627666,True,1.1986917732337894,contour,2050,exponential,Top 0.01%,10,0.7698232714030627
93.48074182095324,,93.1772304979376,93.78425314396888,93.32632589185134,True,0.9971610174932989,contour,2100,exponential,Mean,10,0.15485556133158715
103.18440769732695,,102.46604082413823,103.90277457051566,102.71190395682973,True,1.2891606621895333,contour,2100,exponential,Top 10%,10,0.36652044570977543
108.44158129026215,,107.30620676172373,109.57695581880057,107.71305648722797,True,1.2576311515718246,contour,2100,exponential,Top 1%,10,0.5792833631097992
114.44207669967439,,112.78371567461079,116.10043772473799,113.39514351075819,True,1.2373369329616706,contour,2100,exponential,Top 0.01%,10,0.8461181114268335
0.5516893862070728,0.01818179794926512,0.5323757369958896,0.5717037004184257,0.5509085391235231,True,0.07790082600173806,historical,1800,historical,Xc ratio,11,
0.6617622382163536,0.01694185550427193,0.640148965608086,0.6841052371507358,0.6430095965528855,True,1.6967849751655568,historical,1850,historical,Xc ratio,11,
0.7230023946256544,0.009017916492129003,0.7103357479389358,0.7358949118795683,0.7118053198737329,True,1.730786413386702,historical,1900,historical,Xc ratio,11,
0.7711229258865103,0.007861808834732698,0.7593318756377201,0.7830970698133485,0.7595646387863185,True,1.920979341910384,historical,1950,historical,Xc ratio,11,
0.832740987002022,0.005566657867602439,0.8237047930908549,0.8418763096314935,0.8281938295617597,True,0.9836123053395698,historical,1980,historical,Xc ratio,11,
0.8468861142826798,0.005491448962466517,0.8378199207380137,0.8560504146679148,0.8430327297983153,True,0.8304630085149677,historical,1985,historical,Xc ratio,11,
0.8682423804439054,0.004447811993336806,0.8607063286216508,0.875844415372336,0.8648109768540827,True,0.8903156529122637,historical,1990,historical,Xc ratio,11,
0.8874982158544117,0.004075881446062062,0.8804366082780318,0.8946164615817883,0.8810140111632547,True,1.7991155105836099,historical,1995,historical,Xc ratio,11,
0.910712785486237,0.0035635879973076345,0.9043740704336749,0.9170959282925696,0.9101435409155368,True,0.1754549963962941,historical,2000,historical,Xc ratio,11,
0.9346442751515157,0.0035848353813488255,0.9281003421671963,0.9412343486843919,0.9278461599106248,False,2.0363722882959685,historical,2005,historical,Xc ratio,11,
0.9579048727201769,0.002986527312696219,0.9523141685028002,0.9635283980113968,0.9542293786430015,True,1.2872455110817753,historical,2010,historical,Xc ratio,11,
0.9747916369508065,0.002877259685884659,0.9693099408147036,0.9803043334834423,0.9765533965649273,True,-0.6275721112918888,historical,2015,historical,Xc ratio,11,
1.1338707841778009,0.0034157256826958127,1.1263052130795554,1.1414871744193638,1.1374377209220468,True,-0.9195315778073407,projection,2050,linear,Xc ratio,11,
1.3497914038194148,0.007497271138264798,1.3301020696794983,1.3697721967035215,1.3591114643447033,True,-0.9178121268155119,projection,2100,linear,Xc ratio,11,
1.1581418185239243,0.004556436111581397,1.1478451355792019,1.1685308673082342,1.1631375979171645,True,-0.9446723694108891,projection,2050,exponential,Xc ratio,11,
1.4675850037572957,0.011905526611704277,1.4337362395084374,1.5022328960532818,1.4841838382187762,True,-0.9446723696035341,projection,2100,exponential,Xc ratio,11,
87.09162822270658,,86.91922815709219,87.26402828832096,87.10877515389147,True,-0.1949382527669982,contour,2050,linear,Mean,11,0.08796083345115267
98.67919185408894,,98.14745884510091,99.21092486307697,98.42628991075028,True,0.9321947146130596,contour,2050,linear,Top 10%,11,0.2712973366767398
104.73665745421808,,103.79886897313139,105.67444593530476,104.16146434350796,True,1.2021450507058995,contour,2050,linear,Top 1%,11,0.47847230279937003
111.44824754209722,,110.00071932329358,112.89577576090086,110.46601224989362,True,1.329953898000186,contour,2050,linear,Top 0.01%,11,0.7385483765118152
91.53166550744591,,91.26085742194851,91.8024735929433,91.47088929122432,True,0.4398657251763024,contour,2100,linear,Mean,11,0.13816992946477877
101.8356882322031,,101.16675273016013,102.50462373424607,101.41922136822934,True,1.2202373048671635,contour,2100,linear,Top 10%,11,0.3412998949569812
107.35888912743077,,106.29583587179249,108.42194238306905,106.63419065005733,True,1.336135238539931,contour,2100,linear,Top 1%,11,0.542384076454233
113.60985092174046,,112.05524536863267,115.16445647484825,112.49874754383671,True,1.4008200340199566,contour,2100,linear,Top 0.01%,11,0.7931806734054151
87.67985251873245,,87.49062970719656,87.86907533026833,87.70423030490902,True,-0.2525043494549238,contour,2050,exponential,Mean,11,0.09654402480272521
99.09543848915908,,98.56296063904027,99.62791633927789,98.83329383458928,True,0.9649116514082943,contour,2050,exponential,Top 10%,11,0.2716773646449323
105.08088187233248,,104.1437976147421,106.01796612992287,104.4959921653633,True,1.2233294405515887,contour,2050,exponential,Top 1%,11,0.47811299849487565
111.73056378617389,,110.28430650046836,113.17682107187942,110.73946122627666,True,1.3431395240552602,contour,2050,exponential,Top 0.01%,11,0.7378999293423013
93.3712057384671,,93.05738376527253,93.68502771166166,93.32632589185134,True,0.2802954876076446,contour,2100,exponential,Mean,11,0.16011619380251815
103.15801144308625,,102.48215188762927,103.83387099854323,102.71190395682973,True,1.2936927490878907,contour,2100,exponential,Top 10%,11,0.34483264018527404
108.46687792450999,,107.39910782115696,109.53464802786301,107.71305648722797,True,1.3836900501403566,contour,2100,exponential,Top 1%,11,0.5447906756325585
114.5317392478578,,112.97575754119974,116.08772095451586,113.39514351075819,True,1.431692095199224,contour,2100,exponential,Top 0.01%,11,0.7938828054655501
0.5520699605413839,0.014987735083989788,0.5360885525374142,0.568527792450659,0.5509085391235231,True,0.14051313771718155,historical,1800,historical,Xc ratio,12,
0.6591098654760544,0.015856007458972594,0.638941584084478,0.679914761519771,0.6430095965528855,True,1.559698261486723,historical,1850,historical,Xc ratio,12,
0.7138927509273355,0.00705881207933881,0.704084040555745,0.7238381080535914,0.7118053198737329,True,0.41484252004901856,historical,1900,historical,Xc ratio,12,
0.7576445248195113,0.00717051277592689,0.7470711021726343,0.768367594891037,0.7595646387863185,True,-0.3529893180034725,historical,1950,historical,Xc ratio,12,
0.8205623615149287,0.004578092978919412,0.8132324740136273,0.8279583153041595,0.8281938295617597,False,-2.0220884066811395,historical,1980,historical,Xc ratio,12,
0.8418773624884472,0.004284247446553462,0.8348377400606204,0.848976345294403,0.8430327297983153,True,-0.3201097195620587,historical,1985,historical,Xc ratio,12,
0.8583958091813071,0.0033238440090040534,0.8528218671102856,0.8640061818733166,0.8648109768540827,False,-2.2400720332323942,historical,1990,historical,Xc ratio,12,
0.8799241572815172,0.0033960540933742783,0.8740867046482966,0.885800594437742,0.8810140111632547,True,-0.364484966659985,historical,1995,historical,Xc ratio,12,
0.9110667664652292,0.0033808837602305746,0.9050496222144052,0.9171239151799483,0.9101435409155368,True,0.29988000453707236,historical,2000,historical,Xc ratio,12,
0.9260676212467378,0.0037491792600904753,0.9192875802428752,0.932897667229458,0.9278461599106248,True,-0.5117616064530603,historical,2005,historical,Xc ratio,12,
0.9560826671794677,0.0034393920354372303,0.9496593076427083,0.962549473400113,0.9542293786430015,True,0.5641403658933425,historical,2010,historical,Xc ratio,12,
0.9723632933829717,0.003323491183423721,0.9660499782877374,0.9787178671587995,0.9765533965649273,True,-1.2938012806423493,historical,2015,historical,Xc ratio,12,
1.1413461097343773,0.00235963844827637,1.136079792205952,1.1466368393688013,1.1374377209220468,True,1.4537160646481324,projection,2050,linear,Xc ratio,12,
1.3693237060801469,0.005139016657973172,1.3556007109362282,1.3831856216260696,1.3591114643447033,True,1.4566641961712354,projection,2100,linear,Xc ratio,12,
1.1688075655954202,0.0031545865384349277,1.1616032679377875,1.1760565445191724,1.1631375979171645,True,1.5415252944929145,projection,2050,exponential,Xc ratio,12,
1.5031625253623238,0.00824262934070318,1.4790736538509504,1.5276437192771022,1.4841838382187762,True,1.5415252948031828,projection,2100,exponential,Xc ratio,12,
87.17421256692127,,86.95035024448454,87.398074889358,87.10877515389147,True,0.5729189770919307,contour,2050,linear,Mean,12,0.11421756940562645
98.35606368327853,,97.86573201858268,98.8463953479744,98.42628991075028,True,-0.28070974510715496,contour,2050,linear,Top 10%,12,0.25017381368410424
103.98717371942801,,103.22147944872462,104.7528679901314,104.16146434350796,True,-0.44613543435016423,contour,2050,linear,Top 1%,12,0.39066752080299105
110.1738108510881,,109.06986540512662,111.27775629704959,110.46601224989362,True,-0.5187794559831918,contour,2050,linear,Top 0.01%,12,0.563247822240255
91.55064374357237,,91.22222941346871,91.87905807367602,91.47088929122432,True,0.47597147834424197,contour,2100,linear,Mean,12,0.1675614106657867
101.35461666023015,,100.76709586711962,101.94213745334068,101.41922136822934,True,-0.21552071415168525,contour,2100,linear,Top 10%,12,0.29976101486804263
106.465629079902,,105.61754011806663,107.31371804173737,106.63419065005733,True,-0.38955182952386747,contour,2100,linear,Top 1%,12,0.43270640099767654
112.21294574311523,,111.04341245144637,113.38247903478408,112.49874754383671,True,-0.47896134305973587,contour,2100,linear,Top 0.01%,12,0.5967116237308562
87.79584647626405,,87.55099840204696,88.04069455048113,87.70423030490902,True,0.7333706700837276,contour,2050,exponential,Mean,12,0.12492478236765105
98.78056009822062,,98.28060613270654,99.2805140637347,98.83329383458928,True,-0.20673148166058347,contour,2050,exponential,Top 10%,12,0.2550832410481389
104.33617544864713,,103.56390248115883,105.10844841613542,104.4959921653633,True,-0.4056014156625125,contour,2050,exponential,Top 1%,12,0.39402406043167565
110.45928990321339,,109.3513313696259,111.56724843680088,110.73946122627666,True,-0.4956193630522473,contour,2050,exponential,Top 0.01%,12,0.5652953535508585
93.47163867013033,,93.0959018732826,93.84737546697806,93.32632589185134,True,0.757998189982153,contour,2100,exponential,Mean,12,0.19170597001348172
102.69185444402311,,102.07393590498626,103.30977298305996,102.71190395682973,True,-0.0635946658435014,contour,2100,exponential,Top 10%,12,0.31527035389983227
107.58273698196281,,106.71533687764178,108.45013708628385,107.71305648722797,True,-0.2944679572095796,contour,2100,exponential,Top 1%,12,0.4425592057624516
113.14235182631066,,111.95915108454531,114.325552568076,113.39514351075819,True,-0.4187477066394719,contour,2100,exponential,Top 0.01%,12,0.6036849406919268
0.5582786562907459,0.016535436746868852,0.5404755289799859,0.5766682141150968,0.5509085391235231,True,0.8036931406235633,historical,1800,historical,Xc ratio,13,
0.6538907792509704,0.016207473343359258,0.6334456920641026,0.6749957518791877,0.6430095965528855,True,1.03536709089188,historical,1850,historical,Xc ratio,13,
0.7111372659437681,0.008042163578209787,0.7000159500695963,0.7224352687445176,0.7118053198737329,True,-0.11675655470100253,historical,1900,historical,Xc ratio,13,
0.7609817946122436,0.007751612080912266,0.7495076723351372,0.7726315728391014,0.7595646387863185,True,0.24046729061989733,historical,1950,historical,Xc ratio,13,
0.832249346689478,0.004333275732110178,0.8252109305846123,0.8393477950835795,0.8281938295617597,True,1.127292861212911,historical,1980,historical,Xc ratio,13,
0.8447990871986054,0.004211406903713521,0.8378546414966531,0.8518010910063661,0.8430327297983153,True,0.4969953921558471,historical,1985,historical,Xc ratio,13,
0.8669912074344343,0.003247286289559686,0.8614907089609865,0.8725268258263462,0.8648109768540827,True,0.7753785632732814,historical,1990,historical,Xc ratio,13,
0.8824535271759687,0.00331130766312134,0.8767449097930186,0.8881993142214522,0.8810140111632547,True,0.49303708665980933,historical,1995,historical,Xc ratio,13,
0.9066049635714234,0.003264563576774539,0.9008226364880564,0.9124244070694372,0.9101435409155368,True,-1.1932715746694436,historical,2000,historical,Xc ratio,13,
0.924667337463026,0.0036582508245203206,0.9180611474185717,0.9313210643703854,0.9278461599106248,True,-0.9381274267435052,historical,2005,historical,Xc ratio,13,
0.9536242836917723,0.0033112136199450015,0.9474554352632022,0.9598332972716712,0.9542293786430015,True,-0.1915672565408945,historical,2010,historical,Xc ratio,13,
0.9777762786622975,0.0032296254682926606,0.9716065517280275,0.9839851835234514,0.9765533965649273,True,0.3874937050892158,historical,2015,historical,Xc ratio,13,
1.1344704051449024,0.002140145008251843,1.1297217138955475,1.1392390571229078,1.1374377209220468,True,-1.2205625565972904,projection,2050,linear,Xc ratio,13,
1.351358155378616,0.004694498776669101,1.3389812708881006,1.3638494457036434,1.3591114643447033,True,-1.2186654447479253,projection,2100,linear,Xc ratio,13,
1.1590310407122955,0.0028343947465581257,1.1526101137408509,1.1654877371973693,1.1631375979171645,True,-1.2478265890512816,projection,2050,exponential,Xc ratio,13,
1.4705310801858562,0.007405999176912187,1.4493397717732055,1.4920322341992323,1.4841838382187762,True,-1.2478265889802744,projection,2100,exponential,Xc ratio,13,
87.07693257087473,,86.8519278016404,87.30193734010906,87.10877515389147,True,-0.2773733023522603,contour,2050,linear,Mean,13,0.11480046113558642
98.433137954434,,97.91679836785475,98.94947754101325,98.42628991075028,True,0.02599436365815698,contour,2050,linear,Top 10%,13,0.2634434054156512
104.22245294974023,,103.38322460907862,105.06168129040184,104.16146434350796,True,0.14243497971995164,contour,2050,linear,Top 1%,13,0.4281855928381091
110.59401140392988,,109.35134498631106,111.8366778215487,110.46601224989362,True,0.2018834084559696,contour,2050,linear,Top 0.01%,13,0.6340251287374937
91.40061506502839,,91.07013025677604,91.73109987328074,91.47088929122432,True,-0.4167663654913811,contour,2100,linear,Mean,13,0.16861779647951863
101.41790935911561,,100.76352767530565,102.07229104292557,101.41922136822934,True,-0.003929649429262704,contour,2100,linear,Top 10%,13,0.3338743410448651
106.69019331430373,,105.7303114572487,107.65007517135875,106.63419065005733,True,0.1143507444738824,contour,2100,linear,Top 1%,13,0.4897446405273155
112.62308962844934,,111.27925727317454,113.96692198372413,112.49874754383671,True,0.18135149570314407,contour,2100,linear,Top 0.01%,13,0.6856413515119721
87.65330195310442,,87.4070832856689,87.89952062053993,87.70423030490902,True,-0.405402792439128,contour,2050,exponential,Mean,13,0.12562407747166027
98.8289857481246,,98.2977778473536,99.36019364889559,98.83329383458928,True,-0.015895272455136333,contour,2050,exponential,Top 10%,13,0.2710294193980621
104.54808055731333,,103.6970229005397,105.39913821408696,104.4959921653633,True,0.11995823246767608,contour,2050,exponential,Top 1%,13,0.4342210691046807
110.86028289734794,,109.6087431960836,112.11182259861229,110.73946122627666,True,0.18921183531966554,contour,2050,exponential,Top 0.01%,13,0.6385523974605504
93.202027574623,,92.81710275421167,93.58695239503433,93.32632589185134,True,-0.6329033935669225,contour,2100,exponential,Mean,13,0.19639382327817181
102.68018175433107,,101.98112010736828,103.37924340129386,102.71190395682973,True,-0.0889397590009121,contour,2100,exponential,Top 10%,13,0.3566706595003366
107.74392789732337,,106.74718974730207,108.74066604734467,107.71305648722797,True,0.06070486209207194,contour,2100,exponential,Top 1%,13,0.5085492171710646
113.49839155431174,,112.1261917626211,114.87059134600237,113.39514351075819,True,0.14747301964668774,contour,2100,exponential,Top 0.01%,13,0.7001147993097865
0.5536872834174671,0.01555677320597011,0.5370597431232248,0.5708296176425091,0.5509085391235231,True,0.32341233417690335,historical,1800,historical,Xc ratio,14,
0.639139552098108,0.01571688497137967,0.61975131543012,0.6591343283759927,0.6430095965528855,True,-0.3840981764744773,historical,1850,historical,Xc ratio,14,
0.7141916412390329,0.007419076914049354,0.7038816335584596,0.7246526633136544,0.7118053198737329,True,0.4511187281805898,historical,1900,historical,Xc ratio,14,
0.761830368984523,0.007446188026956281,0.7507927570344641,0.7730302479202696,0.7595646387863185,True,0.40000233303412636,historical,1950,historical,Xc ratio,14,
0.8274967657825891,0.004492799498109936,0.8202420450707341,0.8348156516673018,0.8281938295617597,True,-0.1874158505937875,historical,1980,historical,Xc ratio,14,
0.8439861887753499,0.004293428246765034,0.836913873137742,0.8511182688045916,0.8430327297983153,True,0.26327395152550465,historical,1985,historical,Xc ratio,14,
0.8657979482850807,0.0033136286377906743,0.8601931632729429,0.8714392525540244,0.8648109768540827,True,0.3442166315848781,historical,1990,historical,Xc ratio,14,
0.8787009847218097,0.0033908423141755743,0.8728805630067875,0.884560217369709,0.8810140111632547,True,-0.7752841658306667,historical,1995,historical,Xc ratio,14,
0.9116554333709641,0.0033543062809104182,0.9056815778089213,0.9176686923515488,0.9101435409155368,True,0.4948206626964671,historical,2000,historical,Xc ratio,14,
0.9306686693853979,0.0037771229700778886,0.9238043457014131,0.9375839983930292,0.9278461599106248,True,0.8041528085896114,historical,2005,historical,Xc ratio,14,
0.9539099273701502,0.003440503681496485,0.9474991007995114,0.9603641299157997,0.9542293786430015,True,-0.09732009361518235,historical,2010,historical,Xc ratio,14,
0.9807235361612184,0.0033210496410627614,0.974360602701953,0.9871280219185701,0.9765533965649273,True,1.2830796030261604,historical,2015,historical,Xc ratio,14,
1.1390418550779957,0.002278045306165063,1.1339674988284678,1.1441389184080826,1.1374377209220468,True,0.6186494600614285,projection,2050,linear,Xc ratio,14,
1.363302911655408,0.004973166541228964,1.3500790410178378,1.3766563086016803,1.3591114643447033,True,0.619166024696839,projection,2100,linear,Xc ratio,14,
1.1650694231790917,0.003025937736782261,1.1581801615483076,1.1719996645532638,1.1631375979171645,True,0.5484238763932229,projection,2050,exponential,Xc ratio,14,
1.4906333861996455,0.007906482470838317,1.467711962564773,1.513912776298545,1.4841838382187762,True,0.5484238765798596,projection,2100,exponential,Xc ratio,14,
87.22028110340041,,86.9841653089353,87.45639689786552,87.10877515389147,True,0.9255951961813802,contour,2050,linear,Mean,14,0.12046945572855755
98.52760520828929,,98.0068679535899,99.04834246298867,98.42628991075028,True,0.38133306666149025,contour,2050,linear,Top 10%,14,0.26568715486963135
104.2803726276929,,103.46250054500942,105.09824471037638,104.16146434350796,True,0.2849540403693193,contour,2050,linear,Top 1%,14,0.4172893426281193
110.60797924160356,,109.42132515213792,111.79463333106919,110.46601224989362,True,0.2344829830488013,contour,2050,linear,Top 0.01%,14,0.6054468851600585
91.62880442120834,,91.28471290153452,91.97289594088217,91.47088929122432,True,0.8994931571577857,contour,2100,linear,Mean,14,0.17556012375124525
101.5481984301672,,100.9146137266206,102.18178313371381,101.41922136822934,True,0.39898437385712204,contour,2100,linear,Top 10%,14,0.3232634418511019
106.7760721933593,,105.86004688327252,107.69209750344608,106.63419065005733,True,0.30357536181664696,contour,2100,linear,Top 1%,14,0.4673684400898665
112.65961864382932,,111.39309784225601,113.92613944540263,112.49874754383671,True,0.24895095425764943,contour,2100,linear,Top 0.01%,14,0.6461959564377191
87.82364980581428,,87.56546849837481,88.08183111325376,87.70423030490902,True,0.9065641627867727,contour,2050,exponential,Mean,14,0.13172757738202612
98.93939616323699,,98.4065943601451,99.47219796632888,98.83329383458928,True,0.39030788112680903,contour,2050,exponential,Top 10%,14,0.2718426498112037
104.6188232095729,,103.79064247057333,105.44700394857246,104.4959921653633,True,0.2906906807867274,contour,2050,exponential,Top 1%,14,0.42254895780339263
110.88462297413912,,109.69085610214296,112.07838984613528,110.73946122627666,True,0.23833112177719368,contour,2050,exponential,Top 0.01%,14,0.6090759225233111
93.51004150248744,,93.11527312827425,93.90480987670063,93.32632589185134,True,0.9121196219484266,contour,2100,exponential,Mean,14,0.20141613689184185
102.85745254853803,,102.18721357053874,103.52769152653732,102.71190395682973,True,0.42562430284246305,contour,2100,exponential,Top 10%,14,0.34196494593067767
107.86899593888846,,106.92504012705854,108.81295175071838,107.71305648722797,True,0.32378179697943105,contour,2100,exponential,Top 1%,14,0.481618957937877
113.5678592091734,,112.2805565327213,114.8551618856255,113.39514351075819,True,0.262965776930935,contour,2100,exponential,Top 0.01%,14,0.6567991486610033
0.5725143527669607,0.01813598309062035,0.5525212707620119,0.5932308880563513,0.5509085391235231,False,2.121142293952287,historical,1800,historical,Xc ratio,15,
0.6608267287264162,0.01724203141634096,0.6388680316655513,0.6835401737989383,0.6430095965528855,True,1.5851973000813497,historical,1850,historical,Xc ratio,15,
0.723256041549968,0.00901507413179642,0.7105889097194734,0.7361489807729176,0.7118053198737329,True,1.7702406040496594,historical,1900,historical,Xc ratio,15,
0.7679897000483675,0.008076560113834801,0.7559283183753481,0.7802435297674858,0.7595646387863185,True,1.3657913847461076,historical,1950,historical,Xc ratio,15,
0.8364298159511592,0.0056657602661751485,0.827192906835998,0.8457698696766001,0.8281938295617597,True,1.7465253995755508,historical,1980,historical,Xc ratio,15,
0.844726358744673,0.00569934437444099,0.835342841659846,0.8542152821231677,0.8430327297983153,True,0.35213813069744565,historical,1985,historical,Xc ratio,15,
0.8695174415701502,0.004486367054723876,0.8619051889994437,0.8771969247248463,0.8648109768540827,True,1.2097614067514209,historical,1990,historical,Xc ratio,15,
0.8827364101919027,0.00426046958979651,0.8753959277582231,0.8901384449822368,0.8810140111632547,True,0.45842606789027257,historical,1995,historical,Xc ratio,15,
0.9119224267465736,0.0035241481667230793,0.90564529664832,0.9182430643443044,0.9101435409155368,True,0.5540640265022125,historical,2000,historical,Xc ratio,15,
0.9286706297837846,0.003659247001533506,0.9220340383853389,0.9353549898583922,0.9278461599106248,True,0.24272483144182716,historical,2005,historical,Xc ratio,15,
0.9439363705916063,0.0030737953482730773,0.9382666950367411,0.9496403063638142,0.9542293786430015,False,-3.5283160745583144,historical,2010,historical,Xc ratio,15,
0.9740891339528165,0.0029000666720333003,0.9685680915047147,0.9796416475075767,0.9765533965649273,True,-0.8712274356291204,historical,2015,historical,Xc ratio,15,
1.129355398216661,0.003471871835494542,1.121696512054075,1.1370665788605272,1.1374377209220468,False,-2.053962225891075,projection,2050,linear,Xc ratio,15,
1.3379931372757916,0.0076570900838557575,1.3180629699169977,1.3582246647213307,1.3591114643447033,False,-2.045204956179381,projection,2100,linear,Xc ratio,15,
1.152499571312452,0.00461526518917413,1.1421213543872493,1.1629720929156409,1.1631375979171645,False,-1.990796876995076,projection,2050,exponential,Xc ratio,15,
1.4489766046566106,0.012059241294529083,1.4151306213394543,1.4836320896334945,1.4841838382187762,False,-1.9907968780212395,projection,2100,exponential,Xc ratio,15,
87.0960309847816,,86.92027304193445,87.27178892762876,87.10877515389147,True,-0.14211654997547182,contour,2050,linear,Mean,15,0.08967406760201294
98.80293409490669,,98.25057725835302,99.35529093146036,98.42628991075028,True,1.3364712574916842,contour,2050,linear,Top 10%,15,0.28181989103401883
104.93436746886822,,103.96191932646443,105.90681561127201,104.16146434350796,True,1.5577820792581631,contour,2050,linear,Top 1%,15,0.4961561284158086
111.73241317638553,,110.2328312882141,113.23199506455697,110.46601224989362,True,1.6551948416360616,contour,2050,linear,Top 0.01%,15,0.765106859105572
91.4615662060214,,91.18420503868245,91.73892737336035,91.47088929122432,True,-0.06588128899888542,contour,2100,linear,Mean,15,0.14151340000466553
101.91256713095464,,101.22485330666098,102.60028095524831,101.41922136822934,True,1.4060207788612082,contour,2100,linear,Top 10%,15,0.3508808476677549
107.51751120292377,,106.41978424904835,108.6152381567992,106.63419065005733,True,1.5771467251578921,contour,2100,linear,Top 1%,15,0.5600750638961667
113.86117032490469,,112.25414399846834,115.46819665134105,112.49874754383671,True,1.6616402224919107,contour,2100,linear,Top 0.01%,15,0.8199264573800419
87.66454433082518,,87.47237748596845,87.85671117568191,87.70423030490902,True,-0.4047684706157509,contour,2050,exponential,Mean,15,0.09804611022065535
99.20610733089546,,98.65557579921253,99.7566388625784,98.83329383458928,True,1.3272646227489564,contour,2050,exponential,Top 10%,15,0.2808885959259794
105.26781153538285,,104.29545331924204,106.24016975152365,104.4959921653633,True,1.5557416420180619,contour,2050,exponential,Top 1%,15,0.4961102468263057
112.0058536095147,,110.50696126071377,113.50474595831564,110.73946122627666,True,1.6559451140223118,contour,2050,exponential,Top 0.01%,15,0.7647550468396617
93.2405128799444,,92.9192426649831,93.5617830949057,93.32632589185134,True,-0.5235169801307492,contour,2100,exponential,Mean,15,0.16391638698233602
103.19321230971022,,102.49964229857949,103.88678232084095,102.71190395682973,True,1.3601323903351519,contour,2100,exponential,Top 10%,15,0.35386875299829434
108.59010273290109,,107.4904100933648,109.68979537243737,107.71305648722797,True,1.5631450029711673,contour,2100,exponential,Top 1%,15,0.5610779831724231
114.7530071321995,,113.1466251282402,116.3593891361588,113.39514351075819,True,1.6567440293669133,contour,2100,exponential,Top 0.01%,15,0.8195977153816497
0.5552405990598057,0.01615053048701997,0.5379400235413822,0.5730975747346969,0.5509085391235231,True,0.48498264249433626,historical,1800,historical,Xc ratio,16,
0.6357418160581455,0.015984224101191654,0.6161337260808836,0.6559739218558073,0.6430095965528855,True,-0.7111460263996898,historical,1850,historical,Xc ratio,16,
0.7105568760216197,0.007669388674492813,0.6999558554743891,0.721318451889252,0.7118053198737329,True,-0.22889071379606543,historical,1900,historical,Xc ratio,16,
0.7579620502721482,0.007831404273484608,0.746416718746715,0.7696859612381064,0.7595646387863185,True,-0.2696970532671868,historical,1950,historical,Xc ratio,16,
0.8275006423377264,0.004565849676674684,0.8201284567519124,0.8349390969572072,0.8281938295617597,True,-0.1833913143594204,historical,1980,historical,Xc ratio,16,
0.8429981913295674,0.004340621146748859,0.8358568374616986,0.8502005591567418,0.8430327297983153,True,-0.009438775531800154,historical,1985,historical,Xc ratio,16,
0.8651395763968527,0.0033135006878155294,0.8595392689400135,0.8707763725223826,0.8648109768540827,True,0.11465056535714684,historical,1990,historical,Xc ratio,16,
0.8795823637073962,0.0033586686786865666,0.8738112039010334,0.8853916396255253,0.8810140111632547,True,-0.4842160823633097,historical,1995,historical,Xc ratio,16,
0.9105116566531781,0.0033527142584298133,0.9045481184439973,0.9165145114970932,0.9101435409155368,True,0.1206118946324399,historical,2000,historical,Xc ratio,16,
0.9289832435947102,0.0037677310547114167,0.9221483256693764,0.9358688215947256,0.9278461599106248,True,0.32506527487173364,historical,2005,historical,Xc ratio,16,
0.9551565380740038,0.0034171227143051652,0.948780811252606,0.961575109240501,0.9542293786430015,True,0.2842039828328296,historical,2010,historical,Xc ratio,16,
0.9723698348817424,0.003301943065198109,0.9660972781564268,0.9786831172863057,0.9765533965649273,True,-1.3002070794681568,historical,2015,historical,Xc ratio,16,
1.1368023880437805,0.002314889137845472,1.131656285697716,1.1419718918145454,1.1374377209220468,True,-0.24135973804311028,projection,2050,linear,Xc ratio,16,
1.35745140101762,0.005065405403207842,1.3440412850500756,1.3709953158589514,1.3591114643447033,True,-0.24127967337521733,projection,2100,linear,Xc ratio,16,
1.1624641549178814,0.003074920713458768,1.155479361728033,1.1694911707016773,1.1631375979171645,True,-0.1883482469219266,projection,2050,exponential,Xc ratio,16,
1.4819395534365096,0.008034470252834124,1.4587858301673522,1.5054607706106244,1.4841838382187762,True,-0.18834824688576435,projection,2100,exponential,Xc ratio,16,
87.221050833097,,86.98571537574163,87.45638629045236,87.10877515389147,True,0.9350749353944896,contour,2050,linear,Mean,16,0.12007131723422496
98.64158341774133,,98.1087995017008,99.17436733378186,98.42628991075028,True,0.7920049894592927,contour,2050,linear,Top 10%,16,0.2718335235969005
104.45133608648567,,103.60151655857605,105.30115561439528,104.16146434350796,True,0.6685397989966799,contour,2050,linear,Top 1%,16,0.4335893590968529
110.84431515217233,,109.60144486747424,112.08718543687041,110.46601224989362,True,0.5965707546812319,contour,2050,linear,Top 0.01%,16,0.6341291444647583
91.60017160473642,,91.2554700340418,91.94487317543103,91.47088929122432,True,0.7350958042085781,contour,2100,linear,Mean,16,0.17587137999145716
101.6480759355099,,100.9931559111201,102.30299595989969,101.41922136822934,True,0.6848877616549963,contour,2100,linear,Top 10%,16,0.33414900965310634
106.9347699201472,,105.97949292123505,107.89004691905936,106.63419065005733,True,0.6167054629666037,contour,2100,linear,Top 1%,16,0.4873951799355906
112.88510013955944,,111.555923015269,114.21427726384988,112.49874754383671,True,0.5697037355757452,contour,2100,linear,Top 0.01%,16,0.6781640554494119
87.82068299266668,,87.56372670583464,88.07763927949871,87.70423030490902,True,0.8882564296124156,contour,2050,exponential,Mean,16,0.1311025553831015
99.05155380021984,,98.50513588171594,99.59797171872373,98.83329383458928,True,0.7828836819152885,contour,2050,exponential,Top 10%,16,0.2787897751254547
104.78821819309961,,103.9289354106726,105.64750097552663,104.4959921653633,True,0.6665471500436987,contour,2050,exponential,Top 1%,16,0.43841763889793367
111.11959775234344,,109.8691403295401,112.37005517514677,110.73946122627666,True,0.5958250850546679,contour,2050,exponential,Top 0.01%,16,0.6380002044255988
93.46372811818635,,93.06854702436178,93.85890921201093,93.32632589185134,True,0.6814683678460134,contour,2100,exponential,Mean,16,0.20162671199151033
102.94739090058427,,102.25307737862245,103.64170442254608,102.71190395682973,True,0.6647514616799823,contour,2100,exponential,Top 10%,16,0.35424810222967684
108.01894048444747,,107.03356134171703,109.0043196271779,107.71305648722797,True,0.608417199024633,contour,2100,exponential,Top 1%,16,0.5027536987939614
113.78555758070004,,112.43471374763237,115.13640141376771,113.39514351075819,True,0.5664589032516132,contour,2100,exponential,Top 0.01%,16,0.6892187018348236
0.5665707434424827,0.018029661817330525,0.5468991756042444,0.5869498833497167,0.5509085391235231,True,1.5548348260703588,historical,1800,historical,Xc ratio,17,
0.6512025893896322,0.01688529056617485,0.6300040384717549,0.6731144350382987,0.6430095965528855,True,0.7498326537776696,historical,1850,historical,Xc ratio,17,
0.7115498988121823,0.009184802313619175,0.6988552681267982,0.7244751260968739,0.7118053198737329,True,-0.03907541458285963,historical,1900,historical,Xc ratio,17,
0.7572011740275941,0.008474875293343774,0.7447276041236031,0.769883665885449,0.7595646387863185,True,-0.3677287881204769,historical,1950,historical,Xc ratio,17,
0.8244986169824478,0.004466957314627116,0.817311576823871,0.8317488564736973,0.8281938295617597,True,-1.0010742775318269,historical,1980,historical,Xc ratio,17,
0.8451667266310725,0.004256443476838265,0.8381452724472347,0.8522470021439524,0.8430327297983153,True,0.5939547650095889,historical,1985,historical,Xc ratio,17,
0.8651612254410423,0.0032697505096950996,0.859634487286053,0.8707234959473805,0.8648109768540827,True,0.12383763586767005,historical,1990,historical,Xc ratio,17,
0.8822326007215696,0.0032500989804590927,0.8766305727867295,0.8878704279063526,0.8810140111632547,True,0.4252828521242691,historical,1995,historical,Xc ratio,17,
0.9071708194770366,0.0031871430230735825,0.9015216712337487,0.9128553666207536,0.9101435409155368,True,-1.0264858969635697,historical,2000,historical,Xc ratio,17,
0.9257984594272041,0.003578309652526389,0.9193282189318814,0.9323142375348888,0.9278461599106248,True,-0.617436373359506,historical,2005,historical,Xc ratio,17,
0.9514437481386013,0.0032077191979781676,0.9454807721764544,0.9574443315099854,0.9542293786430015,True,-0.911400078149713,historical,2010,historical,Xc ratio,17,
0.9774916129174507,0.003154003895252388,0.9714676581645814,0.9835529214932286,0.9765533965649273,True,0.30446420332550495,historical,2015,historical,Xc ratio,17,
1.1375971901177986,0.0022485704155850482,1.1325946975484456,1.142621777909706,1.1374377209220468,True,0.06234652360640548,projection,2050,linear,Xc ratio,17,
1.3595281419206993,0.004916206608388448,1.3464911991872708,1.3726913104147844,1.3591114643447033,True,0.06235170909535682,projection,2100,linear,Xc ratio,17,
1.1634790090011735,0.003005703973754266,1.1566450204496588,1.1703533758871785,1.1631375979171645,True,0.09764198193056982,projection,2050,exponential,Xc ratio,17,
1.4853224098091646,0.007853613609929797,1.462634204753927,1.5083625515598218,1.4841838382187762,True,0.09764198191714363,projection,2100,exponential,Xc ratio,17,
87.16824509414745,,86.97071490975675,87.36577527853815,87.10877515389147,True,0.5900816699179372,contour,2050,linear,Mean,17,0.10078255822494916
98.51992185219845,,98.00980747290627,99.03003623149063,98.42628991075028,True,0.3597531073239039,contour,2050,linear,Top 10%,17,0.2602672208856401
104.32683715745158,,103.45831221123733,105.19536210366583,104.16146434350796,True,0.3731899247849283,contour,2050,linear,Top 1%,17,0.4431331152332826
110.72728955326744,,109.40819808869789,112.04638101783699,110.46601224989362,True,0.38821728314155846,contour,2050,linear,Top 0.01%,17,0.6730182161378556
91.55355689988522,,91.2544216612208,91.85269213854964,91.47088929122432,True,0.5416464351937288,contour,2100,linear,Mean,17,0.15262282420695883
101.56728857402216,,100.89324249346771,102.2413346545766,101.41922136822934,True,0.43054384413402463,contour,2100,linear,Top 10%,17,0.3439073808862103
106.84932394631052,,105.8349670592313,107.86368083338974,106.63419065005733,True,0.41568556185953787,contour,2100,linear,Top 1%,17,0.517538533912034
112.80316497239183,,111.36039618111155,114.2459337636721,112.49874754383671,True,0.41354318158271824,contour,2100,linear,Top 0.01%,17,0.736120052542135
87.77238869429962,,87.55690673305872,87.98787065554052,87.70423030490902,True,0.6199497520838378,contour,2050,exponential,Mean,17,0.10994179634962806
98.93714334242898,,98.41120339386741,99.46308329099055,98.83329383458928,True,0.38700482010291914,contour,2050,exponential,Top 10%,17,0.26834163929038457
104.67044432851156,,103.78759518337498,105.55329347364815,104.4959921653633,True,0.3872914853905053,contour,2050,exponential,Top 1%,17,0.4504415142831246
111.00849698120787,,109.67742461444674,112.339569347969,110.73946122627666,True,0.39614704909077947,contour,2050,exponential,Top 0.01%,17,0.6791310336620948
93.42488995427604,,93.07292250288275,93.77685740566933,93.32632589185134,True,0.5488632876637676,contour,2100,exponential,Mean,17,0.1795785301003405
102.88709717694441,,102.16381374082002,103.6103806130688,102.71190395682973,True,0.47474113827390896,contour,2100,exponential,Top 10%,17,0.3690289422813793
107.95256303049395,,106.89762560663135,109.00750045435655,107.71305648722797,True,0.44497824064692776,contour,2100,exponential,Top 1%,17,0.5382432698681409
113.72054644669792,,112.24258271580244,115.1985101775934,113.39514351075819,True,0.43152482132902925,contour,2100,exponential,Top 0.01%,17,0.7540769843494626
0.5520168084873657,0.017820027469503084,0.5330695395892056,0.5716375336084716,0.5509085391235231,True,0.11277711561812925,historical,1800,historical,Xc ratio,18,
0.6499707324241129,0.0168257704988983,0.6288856418088047,0.6717627576817465,0.6430095965528855,True,0.6399520340540032,historical,1850,historical,Xc ratio,18,
0.7184574289485761,0.00872921140470941,0.7062699387351151,0.730855228152349,0.7118053198737329,True,1.0656182505551282,historical,1900,historical,Xc ratio,18,
0.770772973490774,0.007996193518209535,0.758787391597067,0.7829478761018803,0.7595646387863185,True,1.831927593798255,historical,1950,historical,Xc ratio,18,
0.8341252376601982,0.004489091860208588,0.8268184130148833,0.8414966347503896,0.8281938295617597,True,1.5897058256515317,historical,1980,historical,Xc ratio,18,
0.8483797433891399,0.004238389776187867,0.8413613668994007,0.855456665006442,0.8430327297983153,True,1.4917371589755442,historical,1985,historical,Xc ratio,18,
0.8697623501536202,0.0032679940618067903,0.864209194644153,0.875351188616131,0.8648109768540827,True,1.746959847096258,historical,1990,historical,Xc ratio,18,
0.8873265080848305,0.003290624287739975,0.8816221063114303,0.893067819322455,0.8810140111632547,False,2.1696457127854707,historical,1995,historical,Xc ratio,18,
0.9145065849952357,0.00321612916557746,0.9087601255979019,0.9202893815894547,0.9101435409155368,True,1.4869875767325837,historical,2000,historical,Xc ratio,18,
0.9298708993550442,0.0036605382315736622,0.9232233939643548,0.9365662689227119,0.9278461599106248,True,0.5954904415783648,historical,2005,historical,Xc ratio,18,
0.9570569066018384,0.0033001217008638752,0.9508865248869846,0.9632673284366335,0.9542293786430015,True,0.8965644634982796,historical,2010,historical,Xc ratio,18,
0.978818482257164,0.0032182109165988385,0.9726639393637664,0.9850119680954921,0.9765533965649273,True,0.7198979849435729,historical,2015,historical,Xc ratio,18,
1.1331140692438895,0.0022487146010138847,1.1281309720317874,1.1381191774267398,1.1374377209220468,True,-1.6936180261497205,projection,2050,linear,Xc ratio,18,
1.3478141809275819,0.004939707974871511,1.3348280810057669,1.3609266183108117,1.3591114643447033,True,-1.689775229989942,projection,2100,linear,Xc ratio,18,
1.156963081867189,0.002965165961740447,1.1502587541918445,1.1637064859759136,1.1631375979171645,True,-1.7950564370796522,projection,2050,exponential,Xc ratio,18,
1.4636853585299157,0.007747691710860965,1.4416269132152513,1.4860813218287687,1.4841838382187762,True,-1.7950564360652939,projection,2100,exponential,Xc ratio,18,
87.01071916378781,,86.79412735034444,87.22731097723118,87.10877515389147,True,-0.8873198207088899,contour,2050,linear,Mean,18,0.11050805787852445
98.54742600621779,,98.01684115452862,99.07801085790696,98.42628991075028,True,0.4474729792760851,contour,2050,linear,Top 10%,18,0.2707115313721913
104.44991346774273,,103.55940839810897,105.3404185373765,104.16146434350796,True,0.63486431930676,contour,2050,linear,Top 1%,18,0.45434766998678633
110.94876163008439,,109.60630431456431,112.29121894560447,110.46601224989362,True,0.7048055739234868,contour,2050,linear,Top 0.01%,18,0.6849397877253094
91.37208876644023,,91.04723450984439,91.69694302303607,91.47088929122432,True,-0.5960995317090653,contour,2100,linear,Mean,18,0.16574501325445923
101.5628797354511,,100.87415114320571,102.2516083276965,101.41922136822934,True,0.4088188424332947,contour,2100,linear,Top 10%,18,0.3513985959323805
106.94176887571793,,105.91076314442631,107.97277460700954,106.63419065005733,True,0.5847127968612299,contour,2100,linear,Top 1%,18,0.5260329982714395
112.99599612714019,,111.53506996542136,114.45692228885902,112.49874754383671,True,0.6671037456757614,contour,2100,linear,Top 0.01%,18,0.7453841872822525
87.58085626102971,,87.34418684348883,87.81752567857059,87.70423030490902,True,-1.0217149522021978,contour,2050,exponential,Mean,18,0.12075192167188076
98.9395850957838,,98.39239402950757,99.48677616206002,98.83329383458928,True,0.38072084259397926,contour,2050,exponential,Top 10%,18,0.27918424552308607
104.77236808684853,,103.86801116824378,105.67672500545328,104.4959921653633,True,0.5989746317646549,contour,2050,exponential,Top 1%,18,0.4614150697350693
111.21223659085466,,109.85928052635654,112.56519265535277,110.73946122627666,True,0.6848874931458903,contour,2050,exponential,Top 0.01%,18,0.6902963907347786
93.16280237297346,,92.78434968314494,93.54125506280198,93.32632589185134,True,-0.8468699423727628,contour,2100,exponential,Mean,18,0.1930916551598467
102.81852745910008,,102.08068880497237,103.5563661132278,102.71190395682973,True,0.2832302471364383,contour,2100,exponential,Top 10%,18,0.3764552103751455
107.98921182900807,,106.9187893178163,109.05963434019984,107.71305648722797,True,0.5056456851086896,contour,2100,exponential,Top 1%,18,0.5461439698051347
113.86519048926962,,112.3734314782678,115.35694950027144,113.39514351075819,True,0.6175763927885117,contour,2100,exponential,Top 0.01%,18,0.7611155219017587
0.5528288816842105,0.014749634452673948,0.5370760824154863,0.5690437210491621,0.5509085391235231,True,0.23591856455244106,historical,1800,historical,Xc ratio,19,
0.6218400466794269,0.014634292714077736,0.6042573681160519,0.6399343459557224,0.6430095965528855,False,-2.2875549537169113,historical,1850,historical,Xc ratio,19,
0.7031057959557715,0.006856967819860259,0.6937196821021022,0.7126189051009785,0.7118053198737329,True,-1.7933691103774365,historical,1900,historical,Xc ratio,19,
0.7536454413031197,0.007209290380708408,0.74307135088884,0.7643700036578875,0.7595646387863185,True,-1.0851837856479922,historical,1950,historical,Xc ratio,19,
0.8198196985915889,0.00465109361012674,0.8123802025764456,0.827327322929879,0.8281938295617597,False,-2.185031134669643,historical,1980,historical,Xc ratio,19,
0.8410334829266675,0.004361811834387636,0.8338741388396247,0.848254294572625,0.8430327297983153,True,-0.5443403592690141,historical,1985,historical,Xc ratio,19,
0.8633643836417119,0.003294313348612319,0.8578078260771009,0.8689569345034578,0.8648109768540827,True,-0.5081872972907748,historical,1990,historical,Xc ratio,19,
0.8760837688321167,0.0033387816734219396,0.8703694886204217,0.8818355652926745,0.8810140111632547,True,-1.6807977212993055,historical,1995,historical,Xc ratio,19,
0.9039561677746836,0.0034424484014645602,0.8978776370279674,0.9100758494917714,0.9101435409155368,False,-1.9815698898672505,historical,2000,historical,Xc ratio,19,
0.9273231818162161,0.003771432326324601,0.9204938000423332,0.9342032325412764,0.9278461599106248,True,-0.14949395358951267,historical,2005,historical,Xc ratio,19,
0.949441924482897,0.003495919756906274,0.9429587018580593,0.9559697218865881,0.9542293786430015,True,-1.438739347490146,historical,2010,historical,Xc ratio,19,
0.9756650317247626,0.003319346930513157,0.9693381527575952,0.9820332062886742,0.9765533965649273,True,-0.2741828794153446,historical,2015,historical,Xc ratio,19,
1.1410352715601,0.0024867489656150775,1.1354874667334982,1.1466101820477468,1.1374377209220468,True,1.2698763678810188,projection,2050,linear,Xc ratio,19,
1.3685115160118742,0.005417586872995814,1.354057160154792,1.3831201699365647,1.3591114643447033,True,1.2722478652332776,projection,2100,linear,Xc ratio,19,
1.1684121537893948,0.00331502064807002,1.1608452139134624,1.1760284185696293,1.1631375979171645,True,1.364852465907554,projection,2050,exponential,Xc ratio,19,
1.501834160471376,0.008661828151378153,1.4765529207136008,1.5275482604908623,1.4841838382187762,True,1.3648524648957496,projection,2100,exponential,Xc ratio,19,
87.07818786461594,,86.86619728354077,87.29017844569111,87.10877515389147,True,-0.2827955141247048,contour,2050,linear,Mean,19,0.10816044720582876
98.31312167293773,,97.83513139402648,98.79111195184898,98.42628991075028,True,-0.46403803611172817,contour,2050,linear,Top 10%,19,0.24387707257969468
103.9161906043288,,103.16250721147304,104.66987399718457,104.16146434350796,True,-0.6378377176695982,contour,2050,linear,Top 1%,19,0.38453940929565245
110.06653602054617,,108.97607842431322,111.15699361677912,110.46601224989362,True,-0.718009599736503,contour,2050,linear,Top 0.01%,19,0.5563661398037816
91.41418944952171,,91.09786538082082,91.73051351822261,91.47088929122432,True,-0.35131581394558975,contour,2100,linear,Mean,19,0.1613927966003583
101.28879306606281,,100.71848334496602,101.8591027871596,101.41922136822934,True,-0.4482385015627755,contour,2100,linear,Top 10%,19,0.29097969431853715
106.37514405264072,,105.54474760822464,107.2055404970568,106.63419065005733,True,-0.6114212129258553,contour,2100,linear,Top 1%,19,0.42367944052347956
112.0896039776637,,110.93838179715371,113.24082615817369,112.49874754383671,True,-0.6965698435814754,contour,2100,linear,Top 0.01%,19,0.5873690484063546
87.69292930350342,,87.46130369317837,87.92455491382847,87.70423030490902,True,-0.09562654023069855,contour,2050,exponential,Mean,19,0.11817850335623505
98.73378604331842,,98.24837773651994,99.2191943501169,98.83329383458928,True,-0.40178893591327025,contour,2050,exponential,Top 10%,19,0.24766185023160087
104.26195448638344,,103.50373398043499,105.0201749923319,104.4959921653633,True,-0.6049762809462212,contour,2050,exponential,Top 1%,19,0.38685430545113264
110.34937231173252,,109.2560710312053,111.44267359225975,110.73946122627666,True,-0.6993133886261528,contour,2050,exponential,Top 0.01%,19,0.5578170257979648
93.31754181285477,,92.95711477242651,93.67796885328303,93.32632589185134,True,-0.04776688910513969,contour,2100,exponential,Mean,19,0.18389472626603334
102.61504252669258,,102.02033012824758,103.20975492513757,102.71190395682973,True,-0.3192213834052351,contour,2100,exponential,Top 10%,19,0.3034302686865826
107.48281428150595,,106.63795115918232,108.32767740382958,107.71305648722797,True,-0.5341296347449622,contour,2100,exponential,Top 1%,19,0.43106053426891017
113.01117136200503,,111.85150973652685,114.17083298748321,113.39514351075819,True,-0.6489579081417929,contour,2100,exponential,Top 0.01%,19,0.5916749667980991
0.560622682591991,0.014714639099015154,0.5446851582820421,0.5770265399335417,0.5509085391235231,True,1.1878846907625535,historical,1800,historical,Xc ratio,20,
0.6436775491302064,0.014763648207242075,0.625318851368309,0.6625752387724464,0.6430095965528855,True,0.0703248823349144,historical,1850,historical,Xc ratio,20,
0.7179346150996524,0.00688636482785169,0.7083097319488795,0.7276902861974031,0.7118053198737329,True,1.245076744366615,historical,1900,historical,Xc ratio,20,
0.7601849293566241,0.006974457469652643,0.7498641421557406,0.7706477671536858,0.7595646387863185,True,0.11704227099309739,historical,1950,historical,Xc ratio,20,
0.8323281366632329,0.004331321577506694,0.8252922151467479,0.8394240420141437,0.8281938295617597,True,1.1496577530706709,historical,1980,historical,Xc ratio,20,
0.8365733017377353,0.004238078669729049,0.8296531020814885,0.8435512233059017,0.8430327297983153,True,-1.814887723590749,historical,1985,historical,Xc ratio,20,
0.8610095876976112,0.0032658268496422683,0.8555159497191661,0.866538502701865,0.8648109768540827,True,-1.348913914834041,historical,1990,historical,Xc ratio,20,
0.8794606444348493,0.0033462444821910032,0.8737115587306814,0.8852475595417572,0.8810140111632547,True,-0.5273715069740572,historical,1995,historical,Xc ratio,20,
0.9131532665820016,0.003318697421337336,0.9072329115490162,0.9191122562404181,0.9101435409155368,True,0.9947919736901106,historical,2000,historical,Xc ratio,20,
0.92995133926259,0.0037159577131540833,0.9232029748922869,0.9367490323535677,0.9278461599106248,True,0.6098880811628474,historical,2005,historical,Xc ratio,20,
0.9519862473832938,0.0034217904710073578,0.9456230312416568,0.9583922824055287,0.9542293786430015,True,-0.6877956834347704,historical,2010,historical,Xc ratio,20,
0.9774273081325784,0.0032892408512497995,0.9711463039358688,0.9837489354707849,0.9765533965649273,True,0.27194530566000863,historical,2015,historical,Xc ratio,20,
1.138726878519778,0.0022660636461637844,1.1336805480829668,1.143795671590283,1.1374377209220468,True,0.49987369853751723,projection,2050,linear,Xc ratio,20,
1.3624799083903874,0.004948628973953219,1.3493289121584076,1.375759078487416,1.3591114643447033,True,0.5002092767734133,projection,2100,linear,Xc ratio,20,
1.1648503940843284,0.0030030251104314907,1.1580144304658813,1.1717267116028338,1.1631375979171645,True,0.48999997396964806,projection,2050,exponential,Xc ratio,20,
1.4899012728485235,0.00784661399451035,1.4671632538184596,1.5129916845029705,1.4841838382187762,True,0.48999997420167024,projection,2100,exponential,Xc ratio,20,
86.93406464915901,,86.71737772573115,87.15075157258687,87.10877515389147,True,-1.5802813182237183,contour,2050,linear,Mean,20,0.11055658427250102
98.08929747539757,,97.61860576744245,98.5599891833527,98.42628991075028,True,-1.4032391588608584,contour,2050,linear,Top 10%,20,0.24015324346156436
103.67109793576732,,102.93549109347308,104.40670477806157,104.16146434350796,True,-1.306540998724792,contour,2050,linear,Top 1%,20,0.37531650994438304
109.79551209091879,,108.73485370960172,110.85617047223586,110.46601224989362,True,-1.2390004042462368,contour,2050,linear,Top 0.01%,20,0.5411621793479077
91.23416102228792,,90.91300557923573,91.55531646534011,91.47088929122432,True,-1.4447174764602826,contour,2100,linear,Mean,20,0.16385782880983318
101.04209152177773,,100.4758872371174,101.60829580643806,101.41922136822934,True,-1.3054668369097127,contour,2100,linear,Top 10%,20,0.28888504540210846
106.11189535956673,,105.29694381016533,106.92684690896813,106.63419065005733,True,-1.2561237038058948,contour,2100,linear,Top 1%,20,0.4157992472462032
111.80391547942872,,110.68071112232889,112.92711983652856,112.49874754383671,True,-1.2124648670875742,contour,2100,linear,Top 0.01%,20,0.573073977868757
87.52497188831532,,87.28721816114607,87.76272561548457,87.70423030490902,True,-1.4777477713281568,contour,2050,exponential,Mean,20,0.12130515103574473
98.49381618439946,,98.01291684741015,98.97471552138877,98.83329383458928,True,-1.38358262686294,contour,2050,exponential,Top 10%,20,0.24536131315809726
104.00373461441986,,103.2625323008307,104.74493692800901,104.4959921653633,True,-1.3016784395816337,contour,2050,exponential,Top 1%,20,0.37817139469688354
110.06766979736928,,109.00236943108006,111.1329701636585,110.73946122627666,True,-1.2359772393278894,contour,2050,exponential,Top 0.01%,20,0.5435305825475362
93.0779184602257,,92.70884043365425,93.44699648679716,93.32632589185134,True,-1.3191509231831033,contour,2100,exponential,Mean,20,0.18830857581195576
102.32730073243226,,101.73146734483652,102.92313412002801,102.71190395682973,True,-1.2651329781949447,contour,2100,exponential,Top 10%,20,0.30400221243636144
107.18518933959717,,106.34946549522225,108.0209131839721,107.71305648722797,True,-1.237969461972273,contour,2100,exponential,Top 1%,20,0.4263975516729049
112.69663452190592,,111.55753963844309,113.83572940536875,113.39514351075819,True,-1.2018774563063581,contour,2100,exponential,Top 0.01%,20,0.5811815382567741
0.5601988525359706,0.014677889474103213,0.5443125812774459,0.576548779464381,0.5509085391235231,True,1.1393334081525988,historical,1800,historical,Xc ratio,21,
0.6454450758029061,0.014933433058052878,0.6268273399768931,0.6646157870101461,0.6430095965528855,True,0.25315478608502595,historical,1850,historical,Xc ratio,21,
0.7119350961514447,0.006952638559595198,0.702299414160506,0.7217029815381976,0.7118053198737329,True,0.02622073395015592,historical,1900,historical,Xc ratio,21,
0.7583407671467648,0.00698282698657116,0.7480327467515689,0.7687908338426463,0.7595646387863185,True,-0.23093511321892657,historical,1950,historical,Xc ratio,21,
0.8301363296835449,0.004279474303410624,0.8232025847747966,0.8371284767637013,0.8281938295617597,True,0.5474315544629578,historical,1980,historical,Xc ratio,21,
0.8472612211725935,0.004147427899723497,0.840401913042661,0.8541765145487411,0.8430327297983153,True,1.2063553887428133,historical,1985,historical,Xc ratio,21,
0.8631101021002866,0.003265569701045819,0.8576034941056563,0.8686520676136477,0.8648109768540827,True,-0.602864360352383,historical,1990,historical,Xc ratio,21,
0.8825055736174253,0.0033657601189032472,0.8767030485481724,0.8883465031352941,0.8810140111632547,True,0.5025833475332978,historical,1995,historical,Xc ratio,21,
0.9098329145941862,0.003362777603452652,0.9038559942669823,0.9158493584481737,0.9101435409155368,True,-0.10150895044489727,historical,2000,historical,Xc ratio,21,
0.9284704330523056,0.0037180083947018967,0.921729110474367,0.9352610601705732,0.9278461599106248,True,0.18090153411657875,historical,2005,historical,Xc ratio,21,
0.9496758245745593,0.00340312719175673,0.9433625586018595,0.9560313408219586,0.9542293786430015,True,-1.405587284035606,historical,2010,historical,Xc ratio,21,
0.9760400084074426,0.003278977278304866,0.9697874273526431,0.9823329021830963,0.9765533965649273,True,-0.160370922257295,historical,2015,historical,Xc ratio,21,
1.1344094808474148,0.002153781594550376,1.1296308523227832,1.139208324197562,1.1374377209220468,True,-1.2377694955853111,projection,2050,linear,Xc ratio,21,
1.3511989660851809,0.004724714054743125,1.3387442556557978,1.3637695461522672,1.3591114643447033,True,-1.235805975729809,projection,2100,linear,Xc ratio,21,
1.159126324925086,0.0028443185876612475,1.1526824497682266,1.165606223469866,1.1631375979171645,True,-1.214570789969191,projection,2050,exponential,Xc ratio,21,
1.4708469820645345,0.0074319292133044655,1.4495774490940316,1.4924286011764618,1.4841838382187762,True,-1.2145707899066138,projection,2100,exponential,Xc ratio,21,
86.908075353545,,86.68548730848563,87.13066339860437,87.10877515389147,True,-1.7672304919993453,contour,2050,linear,Mean,21,0.11356741593984704
98.0500960560227,,97.57430282904352,98.52588928300187,98.42628991075028,True,-1.549678231345702,contour,2050,linear,Top 10%,21,0.24275610711838647
103.64905306171715,,102.91112863108168,104.38697749235263,104.16146434350796,True,-1.3609898465037704,contour,2050,linear,Top 1%,21,0.3764989747036916
109.79270707028773,,108.72974699701943,110.85566714355603,110.46601224989362,True,-1.2414896248870548,contour,2050,linear,Top 0.01%,21,0.5423365335551189
91.13548837756575,,90.8076700923609,91.4633066627706,91.47088929122432,False,-2.0052990965461954,contour,2100,linear,Mean,21,0.16725730053748517
100.95002240841464,,100.3776467284567,101.52239808837258,101.41922136822934,True,-1.6066599176401475,contour,2100,linear,Top 10%,21,0.2920337743309494
106.04573955328125,,105.22497830992076,106.86650079664174,106.63419065005733,True,-1.4052112787660134,contour,2100,linear,Top 1%,21,0.4187634312847472
111.76420305441579,,110.63584374388459,112.89256236494698,112.49874754383671,True,-1.2759062923224138,contour,2100,linear,Top 0.01%,21,0.5757041044792587
87.47350461175432,,87.22922601492301,87.71778320858563,87.70423030490902,True,-1.8512225580021466,contour,2050,exponential,Mean,21,0.1246342273420095
98.43681017306749,,97.95026507147783,98.92335527465714,98.83329383458928,True,-1.5971668289380376,contour,2050,exponential,Top 10%,21,0.24824185823181824
103.96704277090964,,103.22039582588725,104.71368971593203,104.4959921653633,True,-1.388503320993749,contour,2050,exponential,Top 1%,21,0.38094931892211364
110.0528474356348,,108.98555983911683,111.12013503215277,110.73946122627666,True,-1.2608956623659784,contour,2050,exponential,Top 0.01%,21,0.5445444941522574
92.90841700240705,,92.53044228164177,93.28639172317233,93.32632589185134,False,-2.1670400879495904,contour,2100,exponential,Mean,21,0.19284778891179086
102.18349243722542,,101.57823157397544,102.7887533004754,102.71190395682973,True,-1.7111093915430573,contour,2100,exponential,Top 10%,21,0.3088122373799782
107.07521266077806,,106.23120497663115,107.91922034492498,107.71305648722797,True,-1.481207992634099,contour,2100,exponential,Top 1%,21,0.43062407819958026
112.61983074064942,,111.4742580020105,113.76540347928834,113.39514351075819,True,-1.3264850453517045,contour,2100,exponential,Top 0.01%,21,0.5844866271396242
0.5526994297371884,0.014645319271934094,0.5370601120502286,0.5687941680599872,0.5509085391235231,True,0.22160816903389638,historical,1800,historical,Xc ratio,22,
0.6453173495867843,0.015118652425066055,0.6264758313963957,0.6647255341830061,0.6430095965528855,True,0.23696304259405165,historical,1850,historical,Xc ratio,22,
0.7114118922772568,0.006773688107041012,0.7020294757316456,0.720919702048193,0.7118053198737329,True,-0.08162034821109426,historical,1900,historical,Xc ratio,22,
0.7603507860090587,0.006922128178473763,0.7501046764609282,0.7707368530380141,0.7595646387863185,True,0.14944275302567578,historical,1950,historical,Xc ratio,22,
0.829351562048743,0.004592819497967343,0.8219194389487626,0.8368508893674775,0.8281938295617597,True,0.3041539623099931,historical,1980,historical,Xc ratio,22,
0.8400517805081791,0.00445786389485871,0.8327440072560238,0.8474236833721233,0.8430327297983153,True,-0.794606860067538,historical,1985,historical,Xc ratio,22,
0.8644265305270857,0.0033452052891640213,0.8587774728452003,0.870112747838447,0.8648109768540827,True,-0.13291937703833445,historical,1990,historical,Xc ratio,22,
0.8805812906723801,0.0033898433999520992,0.8747501266265763,0.8864513257890122,0.8810140111632547,True,-0.14492779559925478,historical,1995,historical,Xc ratio,22,
0.9136981765289718,0.0034176680904512272,0.9075982165936809,0.919839134243381,0.9101435409155368,True,1.1405349665289042,historical,2000,historical,Xc ratio,22,
0.9280928054113715,0.003806224547004959,0.9211949358472126,0.9350423259374199,0.9278461599106248,True,0.06983049171654729,historical,2005,historical,Xc ratio,22,
0.9534756840069356,0.003506215426984343,0.9469458082844925,0.9600505879417406,0.9542293786430015,True,-0.22535936706502244,historical,2010,historical,Xc ratio,22,
0.9753640201786672,0.003371936748732914,0.9689392154430908,0.9818314262613996,0.9765533965649273,True,-0.3614169383036497,historical,2015,historical,Xc ratio,22,
1.1375085188169325,0.0025385897091680437,1.1318628514558244,1.1431823464449062,1.1374377209220468,True,0.02451809294191764,projection,2050,linear,Xc ratio,22,
1.3592964523926303,0.005550809397290872,1.3445882938570985,1.3741655002713868,1.3591114643447033,True,0.024518998367237473,projection,2100,linear,Xc ratio,22,
1.1633138982976798,0.003352785721232484,1.1556944304773251,1.170983601100859,1.1631375979171645,True,0.04520468480798512,projection,2050,exponential,Xc ratio,22,
1.484771714940183,0.008760504629036148,1.4594954000325917,1.5104857784664363,1.4841838382187762,True,0.045204684794735016,projection,2100,exponential,Xc ratio,22,
87.01054413772317,,86.79586796631176,87.22522030913458,87.10877515389147,True,-0.8968356971750947,contour,2050,linear,Mean,22,0.10953067153516821
98.19758243369895,,97.72256157109214,98.67260329630577,98.42628991075028,True,-0.9436604858903949,contour,2050,linear,Top 10%,22,0.2423620364219575
103.80215677885974,,103.06109813903974,104.54321541867974,104.16146434350796,True,-0.950302510816612,contour,2050,linear,Top 1%,22,0.3780980904064535
109.94836280602584,,108.8821795960129,111.01454601603878,110.46601224989362,True,-0.9515946762899208,contour,2050,linear,Top 0.01%,22,0.543981021295742
91.30377641708718,,90.98137943636664,91.62617339780772,91.47088929122432,True,-1.0159375994457136,contour,2100,linear,Mean,22,0.1644912780355028
101.12620685507665,,100.56568687941433,101.68672683073896,101.41922136822934,True,-1.0245805995552904,contour,2100,linear,Top 10%,22,0.2859848344580003
106.22023272064023,,105.40930261718623,107.03116282409422,106.63419065005733,True,-1.0005087113137399,contour,2100,linear,Top 1%,22,0.4137474514075465
111.93631963055249,,110.81704362783981,113.05559563326517,112.49874754383671,True,-0.9848674064890443,contour,2100,linear,Top 0.01%,22,0.5710696785968632
87.59687104972849,,87.3615545300683,87.83218756938868,87.70423030490902,True,-0.8942010270453318,contour,2050,exponential,Mean,22,0.12006165496730484
98.59690179635759,,98.11428354974579,99.07952004296938,98.83329383458928,True,-0.9600131872734827,contour,2050,exponential,Top 10%,22,0.24623832397872797
104.13013800531462,,103.38535577792662,104.87492023270262,104.4959921653633,True,-0.9627793882841846,contour,2050,exponential,Top 1%,22,0.37999791489168716
110.21646911521617,,109.14815950945633,111.284778720976,110.73946122627666,True,-0.9595024666543548,contour,2050,exponential,Top 0.01%,22,0.5450659370205544
93.1428912440569,,92.77104499887811,93.51473748923569,93.32632589185134,True,-0.9668654930777334,contour,2100,exponential,Mean,22,0.18972095819712384
102.39609809774028,,101.81244019596156,102.979755999519,102.71190395682973,True,-1.0604981240478377,contour,2100,exponential,Top 10%,22,0.2977901157279234
107.2795668556347,,106.45685286943481,108.10228084183458,107.71305648722797,True,-1.0327089120226796,contour,2100,exponential,Top 1%,22,0.41975974695932056
112.81668322609363,,111.69005777084462,113.94330868134264,113.39514351075819,True,-1.006333843378947,contour,2100,exponential,Top 0.01%,22,0.5748194681819244
0.5507898539704569,0.01591583568612835,0.5338734796658272,0.5682422423880061,0.5509085391235231,True,-0.013537367806015652,historical,1800,historical,Xc ratio,23,
0.6447408440644219,0.01581709844460835,0.6250599096709882,0.6650414617435786,0.6430095965528855,True,0.16999294378165838,historical,1850,historical,Xc ratio,23,
0.7133021450922994,0.007633484114746442,0.702709616107112,0.7240543441143413,0.7118053198737329,True,0.2751888452026364,historical,1900,historical,Xc ratio,23,
0.7612486960452437,0.007587466165952006,0.7500118044632333,0.7726539419540451,0.7595646387863185,True,0.2918867275351722,historical,1950,historical,Xc ratio,23,
0.8252986150400056,0.004423440558467653,0.8181743815693988,0.8324848825997833,0.8281938295617597,True,-0.7916783663924455,historical,1980,historical,Xc ratio,23,
0.8430502383653583,0.004264305674279276,0.8360334844270121,0.8501258832892312,0.8430327297983153,True,0.004870273263433331,historical,1985,historical,Xc ratio,23,
0.866116305254442,0.003277383532209576,0.8605705913332481,0.8716977570258547,0.8648109768540827,True,0.4601969911351803,historical,1990,historical,Xc ratio,23,
0.8770044008295573,0.0033511960445818272,0.8712629161870675,0.8827837209466065,0.8810140111632547,True,-1.3611615207853494,historical,1995,historical,Xc ratio,23,
0.9094559869957687,0.003322168749520537,0.9035534554667928,0.9153970772599691,0.9101435409155368,True,-0.22747793362589108,historical,2000,historical,Xc ratio,23,
0.92617811632917,0.003713086901998856,0.9194623065624641,0.9329429787873247,0.9278461599106248,True,-0.4846039794474517,historical,2005,historical,Xc ratio,23,
0.955287581510157,0.0033814648755274724,0.9489772998497334,0.9616398237682053,0.9542293786430015,True,0.3277710356218925,historical,2010,historical,Xc ratio,23,
0.9749213602256767,0.003270446428663349,0.9686921418602508,0.9811906358598336,0.9765533965649273,True,-0.5114344093908257,historical,2015,historical,Xc ratio,23,
1.1383173302159002,0.002214200546122386,1.1333880175341309,1.1432680813839944,1.1374377209220468,True,0.3491221133342204,projection,2050,linear,Xc ratio,23,
1.3614097983060618,0.004837430680246521,1.3485630111123703,1.3743789675759635,1.3591114643447033,True,0.34928211987669483,projection,2100,linear,Xc ratio,23,
1.1644557845708499,0.0029509327482324563,1.1577403350059978,1.1712101869660514,1.1631375979171645,True,0.38383142332310344,projection,2050,exponential,Xc ratio,23,
1.4885828353072417,0.007710501691344431,1.4662560461113148,1.5112495961725927,1.4841838382187762,True,0.38383142360436473,projection,2100,exponential,Xc ratio,23,
87.17196887718991,,86.94036183042256,87.40357592395726,87.10877515389147,True,0.53477397791935,contour,2050,linear,Mean,23,0.11816903197928265
98.50373589023111,,97.98492764951492,99.02254413094731,98.42628991075028,True,0.2925769458100825,contour,2050,linear,Top 10%,23,0.26470294597681565
104.27100569097928,,103.4430487746607,105.09896260729786,104.16146434350796,True,0.2593095022581575,contour,2050,linear,Top 1%,23,0.4224347604595934
110.61673336396532,,109.40640185553973,111.82706487239092,110.46601224989362,True,0.24407193668331892,contour,2050,linear,Top 0.01%,23,0.617527422938671
91.56815552063121,,91.23112277702225,91.90518826424017,91.47088929122432,True,0.5656373458202911,contour,2100,linear,Mean,23,0.17195864121352855
101.52712398126552,,100.88452407554638,102.16972388698466,101.41922136822934,True,0.32910872458342766,contour,2100,linear,Top 10%,23,0.32786311931642864
106.76995930426679,,105.83480711919735,107.70511148933623,106.63419065005733,True,0.2845544037949705,contour,2100,linear,Top 1%,23,0.47712722909493993
112.67144022550006,,111.37203947007015,113.97084098092998,112.49874754383671,True,0.2604827148509787,contour,2100,linear,Top 0.01%,23,0.6629717513584206
87.77944591074515,,87.52633950952419,88.03255231196611,87.70423030490902,True,0.5824423159708552,contour,2050,exponential,Mean,23,0.12913829193670534
98.91957790367171,,98.38638178673621,99.45277402060721,98.83329383458928,True,0.31716972886652106,contour,2050,exponential,Top 10%,23,0.2720438340404685
104.61293082808103,,103.7751583926467,105.45070326351536,104.4959921653633,True,0.27357735541656675,contour,2050,exponential,Top 1%,23,0.4274427703991453
110.89629296746223,,109.67732753522739,112.11525839969707,110.73946122627666,True,0.25216840135725554,contour,2050,exponential,Top 0.01%,23,0.621932567052211
93.4517222677234,,93.06334641293743,93.84009812250936,93.32632589185134,True,0.6328209580292301,contour,2100,exponential,Mean,23,0.19815458745641804
102.84319469230186,,102.15987377240846,103.52651561219527,102.71190395682973,True,0.3765801770993576,contour,2100,exponential,Top 10%,23,0.3486395287277553
107.86885247419279,,106.90276606097812,108.83493888740746,107.71305648722797,True,0.31607371681259316,contour,2100,exponential,Top 1%,23,0.49291028857421076
113.5846955929474,,112.26327470851194,114.90611647738285,113.39514351075819,True,0.2811483144101653,contour,2100,exponential,Top 0.01%,23,0.674206717500262
0.558050811574394,0.019917388780194698,0.5366857103094518,0.5802664433142354,0.5509085391235231,True,0.6467320527495863,historical,1800,historical,Xc ratio,24,
0.6585121301652399,0.017913308274245456,0.6357932951297889,0.6820427785200853,0.6430095965528855,True,1.3299214624159834,historical,1850,historical,Xc ratio,24,
0.7145624408267258,0.010305031310218921,0.7002748453975076,0.7291415437754424,0.7118053198737329,True,0.3751504963921298,historical,1900,historical,Xc ratio,24,
0.766294183474544,0.008745110844115242,0.7532717445618828,0.7795417521845968,0.7595646387863185,True,1.008646118011924,historical,1950,historical,Xc ratio,24,
0.8301802336337385,0.004639361896359077,0.8226656363499149,0.8377634726230655,0.8281938295617597,True,0.5163653027756129,historical,1980,historical,Xc ratio,24,
0.8488691990219296,0.004436083616367886,0.8415206438761291,0.8562819252170368,0.8430327297983153,True,1.5552743480152424,historical,1985,historical,Xc ratio,24,
0.8675858402117967,0.0033811121406688736,0.861855480137749,0.8733543006719706,0.8648109768540827,True,0.947469016473477,historical,1990,historical,Xc ratio,24,
0.8841573214061944,0.003304404720144391,0.8784495670493604,0.8899021620808092,0.8810140111632547,True,1.077798569842524,historical,1995,historical,Xc ratio,24,
0.9117745560956878,0.0031687945987286382,0.9061293252562895,0.917454957004459,0.9101435409155368,True,0.5650217630920374,historical,2000,historical,Xc ratio,24,
0.9316028659058243,0.0035916258529240797,0.9250679155324041,0.9381839810804078,0.9278461599106248,True,1.1250256602469582,historical,2005,historical,Xc ratio,24,
0.9562204226640839,0.0031930503567428603,0.9502548297012551,0.9622234669486908,0.9542293786430015,True,0.6527841735962061,historical,2010,historical,Xc ratio,24,
0.9776555991057799,0.0031358078161447863,0.9716652862829332,0.9836828421845717,0.9765533965649273,True,0.3597253163385397,historical,2015,historical,Xc ratio,24,
1.135038928161919,0.002426756211262407,1.129653098948871,1.1404504353077232,1.1374377209220468,True,-0.8699560389732443,projection,2050,linear,Xc ratio,24,
1.3528436510037236,0.005320012147922058,1.3388107943484562,1.3670235942127733,1.3591114643447033,True,-0.8688637973763391,projection,2100,linear,Xc ratio,24,
1.1596752836522672,0.00322411303188091,1.152370232039839,1.1670266431070682,1.1631375979171645,True,-0.9246392343856469,projection,2050,exponential,Xc ratio,24,
1.4726677961280734,0.00842429534427443,1.4485517552243332,1.4971853300587448,1.4841838382187762,True,-0.9246392340664371,projection,2100,exponential,Xc ratio,24,
87.11722989411976,,86.93486957836029,87.29959020987923,87.10877515389147,True,0.09086947605389946,contour,2050,linear,Mean,24,0.09304268710950869
98.6041584048057,,98.08491520784304,99.12340160176836,98.42628991075028,True,0.67139221923797,contour,2050,linear,Top 10%,24,0.26492486650693964
104.51948248050601,,103.599150956794,105.43981400421802,104.16146434350796,True,0.7624455277790432,contour,2050,linear,Top 1%,24,0.4695655282298525
111.04278932299934,,109.61666191996443,112.46891672603425,110.46601224989362,True,0.7926797339353354,contour,2050,linear,Top 0.01%,24,0.7276293923174385
91.52140523469609,,91.23360634143849,91.80920412795369,91.47088929122432,True,0.34402296940418764,contour,2100,linear,Mean,24,0.1468388682280543
101.66547607765033,,100.95995010036454,102.37100205493611,101.41922136822934,True,0.6841000573009072,contour,2100,linear,Top 10%,24,0.35996884782113653
107.0524476863286,,105.96646575769613,108.13842961496108,106.63419065005733,True,0.7548640596666473,contour,2100,linear,Top 1%,24,0.5540825939652975
113.1256701268899,,111.55813967673002,114.69320057704978,112.49874754383671,True,0.7838735660629182,contour,2100,linear,Top 0.01%,24,0.7997751298107508
87.70486385181793,,87.5055550839644,87.90417261967147,87.70423030490902,True,0.006230178116914858,contour,2050,exponential,Mean,24,0.10169001544194667
99.01023269655668,,98.4743367901519,99.54612860296147,98.83329383458928,True,0.6471290278146871,contour,2050,exponential,Top 10%,24,0.27342130295856376
104.85380809531675,,103.92062936546114,105.78698682517236,104.4959921653633,True,0.7515241329085532,contour,2050,exponential,Top 1%,24,0.4761203456882015
111.31621374465702,,109.87817694028023,112.75425054903381,110.73946122627666,True,0.7860815248801226,contour,2050,exponential,Top 0.01%,24,0.7337057291459873
93.3572584460605,,93.0182750023948,93.6962418897262,93.32632589185134,True,0.17884853473720735,contour,2100,exponential,Mean,24,0.17295391463290175
102.95893052627802,,102.2029764628739,103.71488458968214,102.71190395682973,True,0.6404664023669708,contour,2100,exponential,Top 10%,24,0.3856979359656634
108.13280750308455,,107.00325371594722,109.26236129022188,107.71305648722797,True,0.728337935671004,contour,2100,exponential,Top 1%,24,0.576313542517688
114.02302523263913,,112.41856007018656,115.6274903950917,113.39514351075819,True,0.7670004872879127,contour,2100,exponential,Top 0.01%,24,0.8186197170501254
0.5526841261619029,0.015512531543704399,0.5361331984448598,0.5697459963258775,0.5509085391235231,True,0.20743443531932748,historical,1800,historical,Xc ratio,25,
0.6451302230716467,0.015758602592965847,0.6255091131114462,0.6653668124037707,0.6430095965528855,True,0.2089362843148444,historical,1850,historical,Xc ratio,25,
0.7003784669133332,0.0072963448714868815,0.6904339291737153,0.7104662389678884,0.7118053198737329,False,-2.2180408424590587,historical,1900,historical,Xc ratio,25,
0.7577978294624266,0.007490473048594879,0.746753823235365,0.7690051694010118,0.7595646387863185,True,-0.31090040732982277,historical,1950,historical,Xc ratio,25,
0.829255999073245,0.0044472944238275755,0.8220591698387838,0.8365158339317905,0.8281938295617597,True,0.2881957774224162,historical,1980,historical,Xc ratio,25,
0.8357001462234102,0.004334849044934507,0.8286299911635611,0.8428306262692039,0.8430327297983153,False,-2.0152744795942423,historical,1985,historical,Xc ratio,25,
0.8631044747949947,0.003313731091389153,0.8575169539201163,0.8687284035675648,0.8648109768540827,True,-0.5960699151025219,historical,1990,historical,Xc ratio,25,
0.878652409834059,0.0033744792737092993,0.8728603029016155,0.8844829519005156,0.8810140111632547,True,-0.7954259023883081,historical,1995,historical,Xc ratio,25,
0.9070518336687086,0.00336130299511637,0.9010957872833245,0.9130472482201029,0.9101435409155368,True,-1.0123239074680008,historical,2000,historical,Xc ratio,25,
0.9236877566819981,0.0037761345632047077,0.9168766982568871,0.9305494113508117,0.9278461599106248,True,-1.1895376468128713,historical,2005,historical,Xc ratio,25,
0.9524116629540317,0.003437926022303263,0.9460156849589659,0.958850883926105,0.9542293786430015,True,-0.5546137321548149,historical,2010,historical,Xc ratio,25,
0.9737680288767651,0.0033033890598478336,0.9674837107441357,0.9800931669776827,0.9765533965649273,True,-0.8646630614351499,historical,2015,historical,Xc ratio,25,
1.1381677501952763,0.002307433009387244,1.133032024815553,1.1433267544184906,1.1374377209220468,True,0.278063647432653,projection,2050,linear,Xc ratio,25,
1.3610189601876572,0.00504190347274858,1.3476356753157817,1.3745351536172705,1.3591114643447033,True,0.2781694373825864,projection,2100,linear,Xc ratio,25,
1.1644082679774919,0.00306926849802422,1.1574246154107866,1.1714340584100447,1.1631375979171645,True,0.355737547121429,projection,2050,exponential,Xc ratio,25,
1.48842412529164,0.008019701560811894,1.4652114990620477,1.5120044977591096,1.4841838382187762,True,0.3557375470567131,projection,2100,exponential,Xc ratio,25,
87.17622587883712,,86.94573433490699,87.40671742276724,87.10877515389147,True,0.57356113534755,contour,2050,linear,Mean,25,0.11759988742049637
98.48870730178794,,97.97598589940719,99.00142870416869,98.42628991075028,True,0.23860099827061523,contour,2050,linear,Top 10%,25,0.26159735914794163
104.21866287215927,,103.4102703410605,105.02705540325805,104.16146434350796,True,0.13867898553302344,contour,2050,linear,Top 1%,25,0.412452747843991
110.5183284111464,,109.34556733566976,111.69108948662304,110.46601224989362,True,0.08743280622879974,contour,2050,linear,Top 0.01%,25,0.598358482465627
91.54489498748624,,91.20738747490637,91.88240250006612,91.47088929122432,True,0.42976376500610175,contour,2100,linear,Mean,25,0.1722008747314235
101.48345642550511,,100.8620419489497,102.10487090206053,101.41922136822934,True,0.20259971976069588,contour,2100,linear,Top 10%,25,0.3170540282663704
106.6927816358158,,105.79111057379055,107.59445269784106,106.63419065005733,True,0.12735932951797632,contour,2100,linear,Top 1%,25,0.4600447095648465
112.55229587513709,,111.30533213570092,113.79925961457326,112.49874754383671,True,0.08416668220714232,contour,2100,linear,Top 0.01%,25,0.6362176801574405
87.78191225625102,,87.5300587671079,88.03376574539413,87.70423030490902,True,0.6045333237078789,contour,2050,exponential,Mean,25,0.1284990393342454
98.90240067083165,,98.37811688607718,99.42668445558613,98.83329383458928,True,0.25834655592863703,contour,2050,exponential,Top 10%,25,0.26749664222912495
104.55864723071946,,103.74275865663134,105.37453580480758,104.4959921653633,True,0.15051279727052375,contour,2050,exponential,Top 1%,25,0.4162773298508354
110.79624646967811,,109.61700359503402,111.9754893443222,110.73946122627666,True,0.0943800758209118,contour,2050,exponential,Top 0.01%,25,0.601665583625944
93.42406654786646,,93.03818196667746,93.80995112905546,93.32632589185134,True,0.4964390259509162,contour,2100,exponential,Mean,25,0.1968835061423702
102.7917025309165,,102.13558870880235,103.44781635303065,102.71190395682973,True,0.2383768272458347,contour,2100,exponential,Top 10%,25,0.33475810131691525
107.78475202128917,,106.85910701062244,108.71039703195589,107.71305648722797,True,0.1518083746933196,contour,2100,exponential,Top 1%,25,0.4722765407773434
113.45975101654732,,112.19439398386606,114.72510804922857,113.39514351075819,True,0.10007324510563312,contour,2100,exponential,Top 0.01%,25,0.645602185888243
0.5551721188546485,0.015440200579065496,0.538623037655508,0.572229667143737,0.5509085391235231,True,0.49930601725901963,historical,1800,historical,Xc ratio,26,
0.6395111380208621,0.015449649998214516,0.6204365108444061,0.6591721932936041,0.6430095965528855,True,-0.3531219898037838,historical,1850,historical,Xc ratio,26,
0.7074878294757753,0.007337399119792115,0.6973862299440131,0.7177357500972272,0.7118053198737329,True,-0.8291793271625919,historical,1900,historical,Xc ratio,26,
0.7540200169742048,0.007517583951492968,0.7429915869496164,0.7652121450418715,0.7595646387863185,True,-0.9745830736416873,historical,1950,historical,Xc ratio,26,
0.8274850815225471,0.004476677801053651,0.8202563812544313,0.8347774863941995,0.8281938295617597,True,-0.19124493298840983,historical,1980,historical,Xc ratio,26,
0.8441299674801337,0.0042910917280846155,0.8370602803286161,0.8512593641622488,0.8430327297983153,True,0.30311400846739994,historical,1985,historical,Xc ratio,26,
0.8620107000250826,0.003317461662417646,0.8564239979615295,0.8676338457660913,0.8648109768540827,True,-0.9776376956814811,historical,1990,historical,Xc ratio,26,
0.8808324891281706,0.003391429078021122,0.8749969422764631,0.8867069545239474,0.8810140111632547,True,-0.06075870957196286,historical,1995,historical,Xc ratio,26,
0.9115701212690949,0.003380893853334542,0.905549634695682,0.9176306346474359,0.9101435409155368,True,0.46324919354965577,historical,2000,historical,Xc ratio,26,
0.9305144688783848,0.003753514600212393,0.9236940222991777,0.9373852768223045,0.9278461599106248,True,0.7650649472741223,historical,2005,historical,Xc ratio,26,
0.9521358413178945,0.003428169161080687,0.945759801302782,0.9585548667572324,0.9542293786430015,True,-0.6406820087985944,historical,2010,historical,Xc ratio,26,
0.9788095876155786,0.0033143736946267158,0.9724717961882252,0.9851886836857339,0.9765533965649273,True,0.6962692214956552,historical,2015,historical,Xc ratio,26,
1.1385636672728825,0.002256664836560044,1.1335389412163088,1.1436106668226955,1.1374377209220468,True,0.4384379560372972,projection,2050,linear,Xc ratio,26,
1.3620534531968866,0.004928940279310868,1.34895862735561,1.3752753952152914,1.3591114643447033,True,0.43869508456133316,projection,2100,linear,Xc ratio,26,
1.164576378919769,0.0030003888300579803,1.1577480054538836,1.1714450259892106,1.1631375979171645,True,0.4120193299412421,projection,2050,exponential,Xc ratio,26,
1.488985678989699,0.007839725650565703,1.4662814292223552,1.5120414867507708,1.4841838382187762,True,0.41201933005503055,projection,2100,exponential,Xc ratio,26,
87.18290605731057,,86.947244294495,87.41856782012616,87.10877515389147,True,0.6165357464314521,contour,2050,linear,Mean,26,0.12023780267109846
98.45008696565935,,97.93602795293559,98.96414597838312,98.42628991075028,True,0.09073154911293631,contour,2050,linear,Top 10%,26,0.2622798259450709
104.17966726235487,,103.37506466618231,104.98426985852743,104.16146434350796,True,0.04434122574692396,contour,2050,linear,Top 1%,26,0.4105190720437614
110.48018300877517,,109.31510254294727,111.64526347460307,110.46601224989362,True,0.02383884878002644,contour,2050,linear,Top 0.01%,26,0.5944397320654561
91.57214977441474,,91.22920068309149,91.91509886573799,91.47088929122432,True,0.5787065927031911,contour,2100,linear,Mean,26,0.17497724143320825
101.45750215437819,,100.83297310570642,102.08203120304997,101.41922136822934,True,0.12013686522858329,contour,2100,linear,Top 10%,26,0.31864312487269747
106.66477089855601,,105.76403688008565,107.56550491702637,106.63419065005733,True,0.06654149223483381,contour,2100,linear,Top 1%,26,0.4595666173334095
112.52340150699868,,111.27894055956904,113.76786245442833,112.49874754383671,True,0.03882876354893619,contour,2100,linear,Top 0.01%,26,0.6349407219958293
87.78501528187519,,87.52705686573282,88.04297369801756,87.70423030490902,True,0.613802983106407,contour,2050,exponential,Mean,26,0.1316138552428098
98.86104199341587,,98.33494301095519,99.38714097587655,98.83329383458928,True,0.1033748282177352,contour,2050,exponential,Top 10%,26,0.2684227805258142
104.5174817971395,,103.702692750678,105.332270843601,104.4959921653633,True,0.05169301735863678,contour,2050,exponential,Top 1%,26,0.4157163360594732
110.75635383333878,,109.58428825307237,111.92841941360518,110.73946122627666,True,0.028248335250330048,contour,2050,exponential,Top 0.01%,26,0.5980036314501361
93.4471804732173,,93.05258123914531,93.84177970728929,93.32632589185134,True,0.600281517020709,contour,2100,exponential,Mean,26,0.20132983931569534
102.76233416413956,,102.10065404595582,103.4240142823233,102.71190395682973,True,0.14937941664540888,contour,2100,exponential,Top 10%,26,0.3375981004768512
107.75407692488766,,106.8272086244768,108.68094522529852,107.71305648722797,True,0.08674218376807909,contour,2100,exponential,Top 1%,26,0.47290067966651483
113.42870113911086,,112.16636850543304,114.69103377278867,113.39514351075819,True,0.052103337284548,contour,2100,exponential,Top 0.01%,26,0.6440590968175801
0.5529091094614093,0.015002312172562872,0.5368880702260179,0.5694082254364716,0.5509085391235231,True,0.24161771050577802,historical,1800,historical,Xc ratio,27,
0.645257892482756,0.015805867200322486,0.625574945535876,0.6655601391686653,0.6430095965528855,True,0.2208307437538376,historical,1850,historical,Xc ratio,27,
0.7081258741439966,0.006848881594293532,0.6986838178849955,0.717695530934334,0.7118053198737329,True,-0.75670466465928,historical,1900,historical,Xc ratio,27,
0.7488068046143154,0.007172571506504039,0.7383537388159036,0.7594078571822682,0.7595646387863185,False,-1.9887446150429535,historical,1950,historical,Xc ratio,27,
0.8269131991902609,0.004795236159602037,0.8191778707596074,0.8347215707389792,0.8281938295617597,True,-0.3227139924011946,historical,1980,historical,Xc ratio,27,
0.8435467428312935,0.004597227477757578,0.8359801890506053,0.8511817823690198,0.8430327297983153,True,0.132587119610683,historical,1985,historical,Xc ratio,27,
0.8611244386194851,0.003443717499908594,0.8553317964869028,0.8669563107947407,0.8648109768540827,True,-1.24050163410848,historical,1990,historical,Xc ratio,27,
0.8814568497924985,0.0034463532343380525,0.8755229119674792,0.8874310054320717,0.8810140111632547,True,0.14581216845077213,historical,1995,historical,Xc ratio,27,
0.9091482350811536,0.0034165663131938925,0.9030806012569091,0.9152566362302347,0.9101435409155368,True,-0.32025386374150727,historical,2000,historical,Xc ratio,27,
0.9271880798998199,0.0038441527718240326,0.9202285240833515,0.9342002698347653,0.9278461599106248,True,-0.18456788868543553,historical,2005,historical,Xc ratio,27,
0.9496118477437636,0.003574576895121448,0.9429820786177537,0.9562882284010643,0.9542293786430015,True,-1.3570169949694297,historical,2010,historical,Xc ratio,27,
0.978131250458152,0.003418566118521752,0.9715994173838953,0.9847069955012164,0.9765533965649273,True,0.47225459243048207,historical,2015,historical,Xc ratio,27,
1.1379849551525176,0.002682671330862514,1.132017202247829,1.1439841687758783,1.1374377209220468,True,0.1792972834658939,projection,2050,linear,Xc ratio,27,
1.3605413344307722,0.005862941668247532,1.3449966280981656,1.3762656976412617,1.3591114643447033,True,0.17934842988581579,projection,2100,linear,Xc ratio,27,
1.1639546495877953,0.00354497512525,1.1558954952646125,1.172069994084459,1.1631375979171645,True,0.198085526603522,projection,2050,exponential,Xc ratio,27,
1.486909521829428,0.009262676939504796,1.460158959716234,1.5141501624841465,1.4841838382187762,True,0.19808552661781434,projection,2100,exponential,Xc ratio,27,
87.1831556586354,,86.96339848358267,87.40291283368813,87.10877515389147,True,0.6633827105532382,contour,2050,linear,Mean,27,0.11212306796765525
98.44601079934338,,97.95022296514314,98.94179863354363,98.42628991075028,True,0.07796123405881865,contour,2050,linear,Top 10%,27,0.2529576247884998
104.10784635289733,,103.33391358101625,104.8817791247784,104.16146434350796,True,-0.13578612295331477,contour,2050,linear,Top 1%,27,0.39487091496873583
110.32187267124925,,109.20728706747475,111.43645827502375,110.46601224989362,True,-0.25346494870652597,contour,2050,linear,Top 0.01%,27,0.568676573940259
91.50877082300984,,91.1774880516358,91.84005359438387,91.47088929122432,True,0.2241180175801837,contour,2100,linear,Mean,27,0.16902492800233088
101.38977040296623,,100.80831171989527,101.9712290860372,101.41922136822934,True,-0.09927245547486073,contour,2100,linear,Top 10%,27,0.2966680447484974
106.5372442161329,,105.69314440691798,107.38134402534783,106.63419065005733,True,-0.22510551103926246,contour,2100,linear,Top 1%,27,0.4306710816489983
112.31819692155007,,111.14969672148999,113.48669712161015,112.49874754383671,True,-0.30284352287651917,contour,2100,linear,Top 0.01%,27,0.5961845264898167
87.77572377469366,,87.53526351962446,88.01618402976285,87.70423030490902,True,0.5827350797219077,contour,2050,exponential,Mean,27,0.12268605799184032
98.84869273269702,,98.34796897707794,99.3494164883161,98.83329383458928,True,0.060275322179279854,contour,2050,exponential,Top 10%,27,0.25547599831870854
104.43840359947883,,103.66063592570771,105.21617127324996,104.4959921653633,True,-0.1451224046219374,contour,2050,exponential,Top 1%,27,0.39682753351901956
110.59193924202597,,109.47608411094326,111.70779437310868,110.73946122627666,True,-0.25911766501326733,contour,2050,exponential,Top 0.01%,27,0.5693243038568366
93.3676254670166,,92.9861209593469,93.74912997468628,93.32632589185134,True,0.21217489773616086,contour,2100,exponential,Mean,27,0.19464873369049748
102.66987856539754,,102.06641795820099,103.27333917259409,102.71190395682973,True,-0.1364931739719371,contour,2100,exponential,Top 10%,27,0.3078937225156095
107.60474990145852,,106.74984025537495,108.45965954754209,107.71305648722797,True,-0.24830344161992776,contour,2100,exponential,Top 1%,27,0.43618640588654145
113.20506945323376,,112.03275104297055,114.37738786349698,113.39514351075819,True,-0.3177791151975663,contour,2100,exponential,Top 0.01%,27,0.5981326287168249
0.5401380278417814,0.014237325139806635,0.5252740201137842,0.555422651700175,0.5509085391235231,True,-1.3867837159610035,historical,1800,historical,Xc ratio,28,
0.620495386989164,0.014664265491062372,0.60291530936568,0.6385880724772133,0.6430095965528855,False,-2.4304987201798736,historical,1850,historical,Xc ratio,28,
0.7104710205855241,0.006683920085902467,0.7012243767028715,0.7198395946604708,0.7118053198737329,True,-0.28071663097714245,historical,1900,historical,Xc ratio,28,
0.7533826808806419,0.006973549429896217,0.7431555682392115,0.7637505363724937,0.7595646387863185,True,-1.1718735883470066,historical,1950,historical,Xc ratio,28,
0.8238259826089921,0.004757917124756817,0.8161792298309248,0.8315443775287749,0.8281938295617597,True,-1.1113895160803438,historical,1980,historical,Xc ratio,28,
0.8413098779047795,0.004486127482797972,0.8339449620463811,0.8487398364075608,0.8430327297983153,True,-0.45601176342346655,historical,1985,historical,Xc ratio,28,
0.8638671979844413,0.0033675317592345034,0.8581842413881641,0.8695877875202642,0.8648109768540827,True,-0.32424585971823794,historical,1990,historical,Xc ratio,28,
0.879961299448724,0.003385387266345355,0.8741418755535635,0.8858194649891696,0.8810140111632547,True,-0.3531651813128573,historical,1995,historical,Xc ratio,28,
0.9115788211456438,0.003426483850068558,0.9054773647937333,0.9177213914679988,0.9101435409155368,True,0.45987087969146245,historical,2000,historical,Xc ratio,28,
0.9250219390215582,0.003862175569143833,0.9180462127822214,0.9320506699526944,0.9278461599106248,True,-0.7893188537360449,historical,2005,historical,Xc ratio,28,
0.9536195264081642,0.003532683506781944,0.9470395352265841,0.9602452350939658,0.9542293786430015,True,-0.18096972325587748,historical,2010,historical,Xc ratio,28,
0.9812014442443203,0.0033686091703958626,0.9747445451046188,0.9877011151509525,0.9765533965649273,True,1.4095888408400263,historical,2015,historical,Xc ratio,28,
1.141189365639706,0.002670884065708138,1.1352310348592338,1.1471789690903218,1.1374377209220468,True,1.2328884928208443,projection,2050,linear,Xc ratio,28,
1.3689141489295547,0.005817814450008442,1.3533934792586435,1.3846128091041334,1.3591114643447033,True,1.2352890284624545,projection,2100,linear,Xc ratio,28,
1.1681378419103396,0.0035410512220665287,1.1600586450457806,1.1762733061216015,1.1631375979171645,True,1.2114236867550754,projection,2050,exponential,Xc ratio,28,
1.5009130502055341,0.009252424165357554,1.4739401732661621,1.5283795266162974,1.4841838382187762,True,1.2114236861693992,projection,2100,exponential,Xc ratio,28,
87.0814336208871,,86.87373803882961,87.28912920294458,87.10877515389147,True,-0.25801425066352407,contour,2050,linear,Mean,28,0.10596908090952983
98.28605487024825,,97.81368851361796,98.75842122687854,98.42628991075028,True,-0.581869612212063,contour,2050,linear,Top 10%,28,0.2410076717512539
103.87595922753451,,103.13388471283203,104.61803374223699,104.16146434350796,True,-0.754074872028494,contour,2050,linear,Top 1%,28,0.3786164034420468
110.00657635929069,,108.93875522217071,111.07439749641067,110.46601224989362,True,-0.8432852352178423,contour,2050,linear,Top 0.01%,28,0.5448167137472159
91.42772741125317,,91.11357865065057,91.74187617185578,91.47088929122432,True,-0.26928557695476163,contour,2100,linear,Mean,28,0.1602829251356542
101.25270095075724,,100.69873069000711,101.80667121150738,101.41922136822934,True,-0.589154407844809,contour,2100,linear,Top 10%,28,0.28264308177078673
106.32569069856288,,105.51753043414189,107.13385096298387,106.63419065005733,True,-0.7481793163818498,contour,2100,linear,Top 1%,28,0.4123342422593843
112.02112438999315,,110.9005998484079,113.1416489315784,112.49874754383671,True,-0.8354338927654542,contour,2100,linear,Top 0.01%,28,0.5717066999311435
87.68674394012149,,87.45956287293139,87.91392500731159,87.70423030490902,True,-0.1508604815884914,contour,2050,exponential,Mean,28,0.11591083763889973
98.69855106448682,,98.2216361026028,99.17546602637084,98.83329383458928,True,-0.5537485666935339,contour,2050,exponential,Top 10%,28,0.24332843136194474
104.21473949383544,,103.47037131891065,104.95910766876023,104.4959921653633,True,-0.7405543725804448,contour,2050,exponential,Top 1%,28,0.379786659753082
110.28355403022672,,109.21448234686322,111.35262571359023,110.73946122627666,True,-0.8358295317851606,contour,2050,exponential,Top 0.01%,28,0.5454547592691669
93.32179668736077,,92.96114241088951,93.68245096383204,93.32632589185134,True,-0.024613815111199377,contour,2100,exponential,Mean,28,0.1840106651530701
102.56195090196422,,101.9888142652074,103.13508753872105,102.71190395682973,True,-0.512796719070744,contour,2100,exponential,Top 10%,28,0.29242202472987905
107.41843088621364,,106.60085954328363,108.23600222914365,107.71305648722797,True,-0.7063060268747439,contour,2100,exponential,Top 1%,28,0.41713590115886184
112.92988801510035,,111.8078777723913,114.0518982578094,113.39514351075819,True,-0.8127234319153531,contour,2100,exponential,Top 0.01%,28,0.5724647246374707
0.5462029241930264,0.013815840699733167,0.5316109966331236,0.5611953783621642,0.5509085391235231,True,-0.6208990195287597,historical,1800,historical,Xc ratio,29,
0.6373986506983661,0.014847782542721214,0.6191169360453155,0.6562202005121062,0.6430095965528855,True,-0.590280983590848,historical,1850,historical,Xc ratio,29,
0.7138234040390103,0.00651924762229467,0.7047605557743382,0.7230027957424369,0.7118053198737329,True,0.43427581719097336,historical,1900,historical,Xc ratio,29,
0.7566100094788761,0.0062753718859669865,0.7473610777113182,0.765973400965293,0.7595646387863185,True,-0.6210761446730374,historical,1950,historical,Xc ratio,29,
0.828771733034608,0.0047390035507645254,0.8211095117039428,0.8365054547374933,0.8281938295617597,True,0.147192201558155,historical,1980,historical,Xc ratio,29,
0.8436406172293035,0.004668933195564355,0.8359557274059625,0.8513961537743079,0.8430327297983153,True,0.15438479876740085,historical,1985,historical,Xc ratio,29,
0.8651377309694273,0.0034907300591256354,0.8592389156479796,0.8710770426203157,0.8648109768540827,True,0.1082185160646072,historical,1990,historical,Xc ratio,29,
0.8812233617140505,0.0034507792932557822,0.8752834026799192,0.8872036312501507,0.8810140111632547,True,0.06885294406055421,historical,1995,historical,Xc ratio,29,
0.9209263904517128,0.0034379810587173622,0.9147417550314493,0.9271528406410859,0.9101435409155368,False,3.4257853703673975,historical,2000,historical,Xc ratio,29,
0.9350315815582002,0.00386462368841779,0.9279759184865393,0.9421408908294974,0.9278461599106248,False,1.9961484797340294,historical,2005,historical,Xc ratio,29,
0.9633030065059657,0.0035920394312490517,0.9565449125654931,0.9701088471158399,0.9542293786430015,False,2.6346953065641814,historical,2010,historical,Xc ratio,29,
0.9814602933726044,0.003474618718520705,0.9747991310179358,0.9881669739089203,0.9765533965649273,True,1.442497106768374,historical,2015,historical,Xc ratio,29,
1.1412364615086736,0.0028874456128242494,1.134796115170463,1.1477133589598125,1.1374377209220468,True,1.1547128276573009,projection,2050,linear,Xc ratio,29,
1.3690372058775018,0.006289230695351032,1.352265126253856,1.3860173088017862,1.3591114643447033,True,1.1569892266437964,projection,2100,linear,Xc ratio,29,
1.1676548244259548,0.0037954960316923113,1.1590008273101968,1.1763734389814202,1.1631375979171645,True,1.02124576440969,projection,2050,exponential,Xc ratio,29,
1.4992919764138204,0.00991726382599715,1.4704309204934831,1.5287195061053687,1.4841838382187762,True,1.0212457642806867,projection,2100,exponential,Xc ratio,29,
87.07001641887,,86.86631647634483,87.27371636139516,87.10877515389147,True,-0.3729295344255439,contour,2050,linear,Mean,29,0.10393045185111956
98.13020140736867,,97.67077992900262,98.58962288573473,98.42628991075028,True,-1.2631599308945054,contour,2050,linear,Top 10%,29,0.23440302066258262
103.6605809572186,,102.95123318816898,104.36992872626821,104.16146434350796,True,-1.3839662862362792,contour,2050,linear,Top 1%,29,0.3619187774086035
109.71525682826275,,108.70555537410519,110.72495828242032,110.46601224989362,True,-1.4573155080006759,contour,2050,linear,Top 0.01%,29,0.5151632693875939
91.41422882907771,,91.10189135667936,91.72656630147607,91.47088929122432,True,-0.355552807359314,contour,2100,linear,Mean,29,0.15935878151947752
101.06825683800892,,100.54066278208417,101.59585089393367,101.41922136822934,True,-1.3038013437762062,contour,2100,linear,Top 10%,29,0.2691855871262743
106.08441050064405,,105.32418483262903,106.84463616865908,106.63419065005733,True,-1.4174071431691706,contour,2100,linear,Top 1%,29,0.38787736612081025
111.70750357952537,,110.6614852165349,112.75352194251583,112.49874754383671,True,-1.4825836026446841,contour,2100,linear,Top 0.01%,29,0.5336926449880467
87.66183271976062,,87.43746337969326,87.886202059828,87.70423030490902,True,-0.37036138670893926,contour,2050,exponential,Mean,29,0.11447625662367615
98.53055442117994,,98.06795948337394,98.99314935898595,98.83329383458928,True,-1.2826736708301736,contour,2050,exponential,Top 10%,29,0.23602216237384988
103.9890695864178,,103.27930524826974,104.69883392456586,104.4959921653633,True,-1.3998308231091694,contour,2050,exponential,Top 1%,29,0.3621313165683682
109.98366326496331,,108.97575290616267,110.99157362376395,110.73946122627666,True,-1.469710843656396,contour,2050,exponential,Top 0.01%,29,0.5142494284338603
93.29431365015694,,92.92453909101968,93.66408820929419,93.32632589185134,True,-0.16967863049261367,contour,2100,exponential,Mean,29,0.1886639561002151
102.34990783134619,,101.80813459356786,102.89168106912452,102.71190395682973,True,-1.309587331039516,contour,2100,exponential,Top 10%,29,0.2764199965161545
107.15313406694982,,106.39005148393058,107.91621664996906,107.71305648722797,True,-1.4381507353234608,contour,2100,exponential,Top 1%,29,0.3893350026012545
112.59588696538044,,111.5512622500284,113.64051168073249,113.39514351075819,True,-1.4995950414789156,contour,2100,exponential,Top 0.01%,29,0.5329815872087105
0.54469064564696,0.014145689623838833,0.5297964989878475,0.5600035108237051,0.5509085391235231,True,-0.8024206763318423,historical,1800,historical,Xc ratio,30,
0.6382778110339474,0.01500394550003526,0.6197811527266669,0.6573264809134276,0.6430095965528855,True,-0.49227183080772313,historical,1850,historical,Xc ratio,30,
0.7035196770226646,0.006445774093582786,0.6946876786113603,0.7124639621468889,0.7118053198737329,True,-1.8164770228646223,historical,1900,historical,Xc ratio,30,
0.7548227978061346,0.006592992870436364,0.7451317051809248,0.764639931607176,0.7595646387863185,True,-0.9498582441400046,historical,1950,historical,Xc ratio,30,
0.8210317452848829,0.004861378062848574,0.8132460021059017,0.8288920265454435,0.8281938295617597,True,-1.7866220726716344,historical,1980,historical,Xc ratio,30,
0.8413046958728069,0.00458996027484195,0.8337701287760814,0.8489073509225253,0.8430327297983153,True,-0.4470379439468552,historical,1985,historical,Xc ratio,30,
0.8603439481202121,0.0034768309026779387,0.8545010963775533,0.8662267517326009,0.8648109768540827,True,-1.4894915402110729,historical,1990,historical,Xc ratio,30,
0.877310046718791,0.0034217647605622515,0.8714460212028902,0.8832135317013879,0.8810140111632547,True,-1.2312560557199044,historical,1995,historical,Xc ratio,30,
0.9102217361178508,0.00341678650666806,0.9041465475693041,0.916337745389542,0.9101435409155368,True,0.02514396232993233,historical,2000,historical,Xc ratio,30,
0.9284220065864793,0.003825517852412719,0.9214868443668291,0.9354093632300726,0.9278461599106248,True,0.16218322191262072,historical,2005,historical,Xc ratio,30,
0.949123372378316,0.0036046597528679673,0.9424414443432049,0.955852675412197,0.9542293786430015,True,-1.4884313854904097,historical,2010,historical,Xc ratio,30,
0.9774872075016297,0.003415485856350033,0.9709655371606214,0.9840526818525733,0.9765533965649273,True,0.2798355652379984,historical,2015,historical,Xc ratio,30,
1.141594541959881,0.002842731549880474,1.1352516616364468,1.1479728612367712,1.1374377209220468,True,1.2832328886754425,projection,2050,linear,Xc ratio,30,
1.36997283544356,0.006189550384042086,1.353453691594543,1.3866935983913313,1.3591114643447033,True,1.2859997601163957,projection,2100,linear,Xc ratio,30,
1.1690385540055803,0.0037736694722286675,1.1604239424967038,1.1777171176001828,1.1631375979171645,True,1.3409978967759058,projection,2050,exponential,Xc ratio,30,
1.5039388540849887,0.009860233133807916,1.4751532273583856,1.5332861935141615,1.4841838382187762,True,1.3409978972255352,projection,2100,exponential,Xc ratio,30,
87.12497031343769,,86.92364599006379,87.32629463681158,87.10877515389147,True,0.15766564567316332,contour,2050,linear,Mean,30,0.10271837899161833
98.23665503804479,,97.77613201086649,98.69717806522308,98.42628991075028,True,-0.8070769511633997,contour,2050,linear,Top 10%,30,0.23496504569005322
103.76798782442764,,103.04947412475275,104.48650152410252,104.16146434350796,True,-1.073326516263429,contour,2050,linear,Top 1%,30,0.36659535855885955
109.82934631352698,,108.80157207762129,110.85712054943268,110.46601224989362,True,-1.2141210217849243,contour,2050,linear,Top 0.01%,30,0.5243842458395571
91.44697446530155,,91.14066960086451,91.75327932973859,91.47088929122432,True,-0.15302465924374634,contour,2100,linear,Mean,30,0.1562808637572614
101.17494861988673,,100.6437073041735,101.70618993559997,101.41922136822934,True,-0.9012209235144679,contour,2100,linear,Top 10%,30,0.27104646815125594
106.19364493038886,,105.42004849705718,106.96724136372053,106.63419065005733,True,-1.1161552805702544,contour,2100,linear,Top 1%,30,0.39469931051475104
111.8242559467077,,110.75441458230883,112.89409731110656,112.49874754383671,True,-1.2356778137762026,contour,2100,linear,Top 0.01%,30,0.5458474608909495
87.73531694634734,,87.514468194834,87.95616569786068,87.70423030490902,True,0.2758842746536207,contour,2050,exponential,Mean,30,0.11268000496712367
98.6513174706153,,98.18669332489333,99.11594161633727,98.83329383458928,True,-0.7676465433632282,contour,2050,exponential,Top 10%,30,0.23705749155947356
104.10844401547355,,103.39031820562512,104.82656982532198,104.4959921653633,True,-1.0577261054290004,contour,2050,exponential,Top 1%,30,0.3663974519495935
110.10769759552859,,109.08059727888234,111.13479791217485,110.73946122627666,True,-1.2055628286159965,contour,2050,exponential,Top 0.01%,30,0.5240404031645054
93.35639546597749,,92.99877450465131,93.71401642730366,93.32632589185134,True,0.16479817653626533,contour,2100,exponential,Mean,30,0.18246302694695102
102.48645334103347,,101.94142925542347,103.03147742664346,102.71190395682973,True,-0.8107441467627722,contour,2100,exponential,Top 10%,30,0.278078622826284
107.28815326881495,,106.51166380506447,108.06464273256543,107.71305648722797,True,-1.0725129494767687,contour,2100,exponential,Top 1%,30,0.3961753735657111
112.73470483385046,,111.66797772291996,113.80143194478096,113.39514351075819,True,-1.2134650066288024,contour,2100,exponential,Top 0.01%,30,0.5442585268631139
0.5655298200273682,0.01774841670634583,0.5461953899511477,0.5855486575395532,0.5509085391235231,True,1.4758624428106122,historical,1800,historical,Xc ratio,31,
0.6471158021843204,0.016705184916505973,0.6262713232850692,0.668654057541836,0.6430095965528855,True,0.3810561223743179,historical,1850,historical,Xc ratio,31,
0.7272909523369234,0.0088088547525334,0.714842021230316,0.7399566808352541,0.7118053198737329,False,2.4432415719391924,historical,1900,historical,Xc ratio,31,
0.7716731368903107,0.007650462547740145,0.760188502018125,0.783331277199368,0.7595646387863185,False,2.0672785490968923,historical,1950,historical,Xc ratio,31,
0.8297701062638175,0.005464912069106047,0.820929841760549,0.8387055680330548,0.8281938295617597,True,0.3479399727148148,historical,1980,historical,Xc ratio,31,
0.8478132885669141,0.005339176640086819,0.8389875263302117,0.8567318937561208,0.8430327297983153,True,1.059086582401991,historical,1985,historical,Xc ratio,31,
0.8656210958827242,0.004370808999023011,0.8582373139870416,0.8730684036053481,0.8648109768540827,True,0.21422121401601846,historical,1990,historical,Xc ratio,31,
0.8798214911200739,0.004204049080640765,0.8726017368408991,0.887100980384467,0.8810140111632547,True,-0.322187869951352,historical,1995,historical,Xc ratio,31,
0.9119379794910107,0.0034755125693341194,0.9057470776738262,0.9181711969460314,0.9101435409155368,True,0.5667246016316747,historical,2000,historical,Xc ratio,31,
0.9301316806072983,0.003618150332189221,0.9235590358799707,0.9367511005347305,0.9278461599106248,True,0.6799676253346509,historical,2005,historical,Xc ratio,31,
0.9489797749700688,0.0030398405440711443,0.9433425841673256,0.9546506522836088,0.9542293786430015,True,-1.8147645748690795,historical,2010,historical,Xc ratio,31,
0.9742495159295411,0.0028732312240313455,0.9687785174825359,0.9797514108337518,0.9765533965649273,True,-0.8220650778581063,historical,2015,historical,Xc ratio,31,
1.1336028232785693,0.003258181723458426,1.1263867926754796,1.1408650823158022,1.1374377209220468,True,-1.0365350553157755,projection,2050,linear,Xc ratio,31,
1.3490912479214234,0.007153494084353428,1.3303081742115708,1.3681395262393732,1.3591114643447033,True,-1.034450438928791,projection,2100,linear,Xc ratio,31,
1.1581300111784805,0.004363814531220257,1.1482668581371092,1.1680778847595312,1.1631375979171645,True,-0.9887071038579088,projection,2050,exponential,Xc ratio,31,
1.4675459094479073,0.011402225064788264,1.4351130202716826,1.5007117668889718,1.4841838382187762,True,-0.9887071039149969,projection,2100,exponential,Xc ratio,31,
87.11146223276357,,86.93808507768117,87.28483938784598,87.10877515389147,True,0.03037642306698861,contour,2050,linear,Mean,31,0.08845935764635872
98.58463115299566,,98.06452394957797,99.10473835641334,98.42628991075028,True,0.5966907015110514,contour,2050,linear,Top 10%,31,0.2653656942271587
104.57138377998787,,103.65996556508227,105.48280199489346,104.16146434350796,True,0.8815133589872117,contour,2050,linear,Top 1%,31,0.46501783813109193
111.20218295797359,,109.80185800213606,112.60250791381112,110.46601224989362,True,1.0303808900178244,contour,2050,linear,Top 0.01%,31,0.7144646365357501
91.50403309352048,,91.23225140460897,91.77581478243198,91.47088929122432,True,0.23901779060738484,contour,2100,linear,Mean,31,0.13866667502836533
101.70439314695669,,101.0503670513769,102.35841924253648,101.41922136822934,True,0.8545934474026093,contour,2100,linear,Top 10%,31,0.33369291514471194
107.16346688662871,,106.12979384328773,108.1971399299697,106.63419065005733,True,1.003569134588114,contour,2100,linear,Top 1%,31,0.5273938967728449
113.3396236148784,,111.83284893908231,114.8463982906745,112.49874754383671,True,1.0937845194620504,contour,2100,linear,Top 0.01%,31,0.7687767161444693
87.7002922146825,,87.51013074942195,87.89045367994306,87.70423030490902,True,-0.04058926976218319,contour,2050,exponential,Mean,31,0.09702293856445175
99.00088168706739,,98.47885167778283,99.52291169635195,98.83329383458928,True,0.6292093352135998,contour,2050,exponential,Top 10%,31,0.2663467356554958
104.91564736228683,,104.00415738714291,105.82713733743076,104.4959921653633,True,0.9023786265617351,contour,2050,exponential,Top 1%,31,0.46505445117035754
111.48462526460654,,110.08323981858254,112.88601071063053,110.73946122627666,True,1.0421791391116886,contour,2050,exponential,Top 0.01%,31,0.7150057128998215
93.33822122972943,,93.02337727126617,93.65306518819268,93.32632589185134,True,0.07405075815582499,contour,2100,exponential,Mean,31,0.16063762443938684
103.02165472825112,,102.35655715656462,103.68675229993762,102.71190395682973,True,0.9127989365980816,contour,2100,exponential,Top 10%,31,0.33934173124237493
108.26742655310181,,107.2273845252402,109.30746858096343,107.71305648722797,True,1.0447129386240177,contour,2100,exponential,Top 1%,31,0.5306434383822184
114.2584840396307,,112.74907550085972,115.76789257840169,113.39514351075819,True,1.1210459590758783,contour,2100,exponential,Top 0.01%,31,0.7701205484779571
0.5560487525102308,0.01783255064094556,0.5369499127265632,0.5758269213568828,0.5509085391235231,True,0.5207987511670638,historical,1800,historical,Xc ratio,32,
0.6578962213200944,0.016711329249058375,0.6366968229023213,0.6798014729432075,0.6430095965528855,True,1.3695829581256271,historical,1850,historical,Xc ratio,32,
0.7203892650785979,0.008792222698429811,0.7080815509536744,0.7329109091198944,0.7118053198737329,True,1.363394148109021,historical,1900,historical,Xc ratio,32,
0.7751499846242184,0.007853802079713257,0.7633093360970383,0.7871743083023681,0.7595646387863185,False,2.5861504440546357,historical,1950,historical,Xc ratio,32,
0.8379056595027914,0.005617278899302694,0.8287311960017214,0.8471816888444361,0.8281938295617597,False,2.0754346599987494,historical,1980,historical,Xc ratio,32,
0.8488518336638557,0.005579147113051535,0.8396202657335728,0.8581849020580146,0.8430327297983153,True,1.232960819531321,historical,1985,historical,Xc ratio,32,
0.8704471733872748,0.004412838762049342,0.8629511347613027,0.8780083264708547,0.8648109768540827,True,1.4720938527979401,historical,1990,historical,Xc ratio,32,
0.8851865773941353,0.004104313484878012,0.8780944291096336,0.8923360071800586,0.8810140111632547,True,1.1512071887409445,historical,1995,historical,Xc ratio,32,
0.9136682731593194,0.0033795760088282177,0.9076362736476918,0.9197403603350969,0.9101435409155368,True,1.14370606649505,historical,2000,historical,Xc ratio,32,
0.9264693794774014,0.003597317120564818,0.9199601772499683,0.9330246377349599,0.9278461599106248,True,-0.4127930705155273,historical,2005,historical,Xc ratio,32,
0.9528938060364028,0.002988995248077806,0.9473277660504301,0.9584925493825386,0.9542293786430015,True,-0.46859062882147035,historical,2010,historical,Xc ratio,32,
0.9778658316759715,0.0028714332198043428,0.9723779521123692,0.9833846835811815,0.9765533965649273,True,0.4677259374836867,historical,2015,historical,Xc ratio,32,
1.129878122924822,0.003523112340417309,1.1221029938781746,1.137707126376958,1.1374377209220468,True,-1.8927436236350836,projection,2050,linear,Xc ratio,32,
1.3393589663519543,0.007765768273217541,1.3191274430806876,1.35990078150292,1.3591114643447033,True,-1.8852011152423318,projection,2100,linear,Xc ratio,32,
1.152752373456944,0.004657365102818975,1.1422776219138742,1.1633231790745961,1.1631375979171645,True,-1.9257086781825818,projection,2050,exponential,Xc ratio,32,
1.44980722296823,0.012169244306726437,1.4156365907139643,1.4848026658527915,1.4841838382187762,True,-1.9257086772627414,projection,2100,exponential,Xc ratio,32,
87.06590681427743,,86.89299357240874,87.23882005614611,87.10877515389147,True,-0.4859107423615634,contour,2050,linear,Mean,32,0.0882226628818747
98.71138680643797,,98.16738891866744,99.2553846942085,98.42628991075028,True,1.0271724582278794,contour,2050,linear,Top 10%,32,0.27755504287911686
104.83600182821328,,103.87749845392682,105.79450520249975,104.16146434350796,True,1.3793057089953686,contour,2050,linear,Top 1%,32,0.48904132006865386
111.63093707518097,,110.15400854838498,113.10786560197695,110.46601224989362,True,1.5459182085221717,contour,2050,linear,Top 0.01%,32,0.7535488092872386
91.45224249230282,,91.18005849396013,91.7244264906455,91.47088929122432,True,-0.13427333912224662,contour,2100,linear,Mean,32,0.1388719387140009
101.8444178227226,,101.16941044652418,102.51942519892103,101.41922136822934,True,1.2346083413997009,contour,2100,linear,Top 10%,32,0.34439784685984426
107.44108036654899,,106.3625119991015,108.51964873399648,106.63419065005733,True,1.4662721729564532,contour,2100,linear,Top 1%,32,0.5503000952849818
113.77930328909086,,112.1997395666917,115.35886701149002,112.49874754383671,True,1.588947065131229,contour,2100,linear,Top 0.01%,32,0.8059146672380735
87.6287532822513,,87.43978343400487,87.81772313049773,87.70423030490902,True,-0.7828351847779129,contour,2050,exponential,Mean,32,0.09641495952833888
99.11166466596441,,98.56941146876248,99.65391786316634,98.83329383458928,True,1.0061661354087437,contour,2050,exponential,Top 10%,32,0.27666487827285363
105.16738450462672,,104.20995303341613,106.12481597583732,104.4959921653633,True,1.3744114790675306,contour,2050,exponential,Top 1%,32,0.48849442069483157
111.9028924749756,,110.42750001664555,113.37828493330565,110.73946122627666,True,1.5455435827015802,contour,2050,exponential,Top 0.01%,32,0.7527650864851616
93.22282134100566,,92.90728732297713,93.53835535903418,93.32632589185134,True,-0.6429265318555585,contour,2100,exponential,Mean,32,0.16098970211566607
103.1225786091062,,102.44521377346258,103.79994344474981,102.71190395682973,True,1.188292461418604,contour,2100,exponential,Top 10%,32,0.3456006543929422
108.51248092791329,,107.43452904221829,109.59043281360829,107.71305648722797,True,1.4535371503098564,contour,2100,exponential,Top 1%,32,0.5499855579989116
114.67067680870855,,113.09071999447316,116.25063362294394,113.39514351075819,True,1.582321303050365,contour,2100,exponential,Top 0.01%,32,0.8061152279827207
0.5199895426568509,0.013567507353420077,0.5063443013397877,0.5340025033500545,0.5509085391235231,False,-4.2572376834563626,historical,1800,historical,Xc ratio,33,
0.6507158299106871,0.015249269582330475,0.6315549888371629,0.6704579946015274,0.6430095965528855,True,0.7812429880519022,historical,1850,historical,Xc ratio,33,
0.706481175929612,0.006690420759269463,0.6972775749789638,0.7158062583010005,0.7118053198737329,True,-1.1221849118752432,historical,1900,historical,Xc ratio,33,
0.7493009423124873,0.006973983169298849,0.7391286106183806,0.759613271742588,0.7595646387863185,True,-1.9507833830945374,historical,1950,historical,Xc ratio,33,
0.8191711887932548,0.004668738310311721,0.8117095058971501,0.8267014636070806,0.8281938295617597,False,-2.3462734894311303,historical,1980,historical,Xc ratio,33,
0.8344128003672118,0.004426174785297189,0.8272054574292149,0.8416829400285127,0.8430327297983153,False,-2.3219910547863707,historical,1985,historical,Xc ratio,33,
0.8626926871764211,0.0033234224977709247,0.8570915516671908,0.8683304263821081,0.8648109768540827,True,-0.7379229723019576,historical,1990,historical,Xc ratio,33,
0.8764655974542882,0.003376750436503938,0.8706840302951803,0.8822855557147051,0.8810140111632547,True,-1.5328570854230659,historical,1995,historical,Xc ratio,33,
0.9106694409579854,0.003465038346719506,0.9045057194048669,0.916875164968987,0.9101435409155368,True,0.1667092997486642,historical,2000,historical,Xc ratio,33,
0.9265521886260726,0.0037623374227806925,0.919744879858063,0.9334098803357846,0.9278461599106248,True,-0.3709316835072477,historical,2005,historical,Xc ratio,33,
0.9420362897508707,0.0035518755729571664,0.9355010328592589,0.9486172008760314,0.9542293786430015,False,-3.6207021125867795,historical,2010,historical,Xc ratio,33,
0.9754071508489787,0.0033357911987224403,0.9690507109818686,0.9818052854667619,0.9765533965649273,True,-0.3520771800158094,historical,2015,historical,Xc ratio,33,
1.1417626404647407,0.002539181435674218,1.1360945415020973,1.1474590181882414,1.1374377209220468,True,1.4946252338839183,projection,2050,linear,Xc ratio,33,
1.3704120605691612,0.005527665008739853,1.3556451200914115,1.3853398562204677,1.3591114643447033,True,1.4979774553237148,projection,2100,linear,Xc ratio,33,
1.169711473924093,0.003395951244918396,1.1619517946761686,1.1775229734130177,1.1631375979171645,True,1.6596043515742598,projection,2050,exponential,Xc ratio,33,
1.5062018805561734,0.008873291956163666,1.4802334895903189,1.5326258464932052,1.4841838382187762,True,1.6596043527648145,projection,2100,exponential,Xc ratio,33,
87.08046921708507,,86.87168799825898,87.28925043591116,87.10877515389147,True,-0.26572608877923914,contour,2050,linear,Mean,33,0.10652298739820229
98.20255065434515,,97.73748405513847,98.66761725355182,98.42628991075028,True,-0.9429206165952932,contour,2050,linear,Top 10%,33,0.23728323728143613
103.75203962840276,,103.02616613234098,104.47791312446454,104.16146434350796,True,-1.105506262923883,contour,2050,linear,Top 1%,33,0.3703504257156733
109.84002819594693,,108.79533751931562,110.88471887257823,110.46601224989362,True,-1.1744205515340957,contour,2050,linear,Top 0.01%,33,0.5330152415410294
91.41442924419248,,91.10363191285374,91.72522657553121,91.47088929122432,True,-0.3560508652735272,contour,2100,linear,Mean,33,0.1585729808252934
101.16763149952608,,100.61962273352337,101.71564026552879,101.41922136822934,True,-0.8998160469774358,contour,2100,linear,Top 10%,33,0.2796014469272653
106.20238082962692,,105.40935709814606,106.99540456110778,106.63419065005733,True,-1.0672211468803015,contour,2100,linear,Top 1%,33,0.4046113794621498
111.85648286954178,,110.75969556159735,112.9532701774862,112.49874754383671,True,-1.1477299391069948,contour,2100,linear,Top 0.01%,33,0.5595956438974287
87.70415187439758,,87.475703349707,87.93260039908816,87.70423030490902,True,-0.0006728910940127445,contour,2050,exponential,Mean,33,0.11655751151171721
98.6282761718242,,98.15738592072512,99.09916642292328,98.83329383458928,True,-0.8533352182939856,contour,2050,exponential,Top 10%,33,0.2402545428453835
104.10198101687324,,103.37260310858792,104.83135892515855,104.4959921653633,True,-1.058775775596542,contour,2050,exponential,Top 1%,33,0.3721384239907352
110.12634247431728,,109.08046658208349,111.17221836655108,110.73946122627666,True,-1.1489801811187224,contour,2050,exponential,Top 0.01%,33,0.5336199544907764
93.34072888305663,,92.98431641604643,93.69714135006683,93.32632589185134,True,0.07920414307842148,contour,2100,exponential,Mean,33,0.18184643688432486
102.50442568950066,,101.93637690894553,103.0724744700558,102.71190395682973,True,-0.7158714981173381,contour,2100,exponential,Top 10%,33,0.289826132028877
107.31904759580007,,106.51314405666818,108.12495113493196,107.71305648722797,True,-0.9582328396510938,contour,2100,exponential,Top 1%,33,0.4111828306483066
112.78584834287868,,111.68329060708683,113.88840607867053,113.39514351075819,True,-1.0831147850415497,contour,2100,exponential,Top 0.01%,33,0.562539793837396
0.5386875199689212,0.0141009246655476,0.524003497011067,0.5537830297421434,0.5509085391235231,True,-1.5908986629176853,historical,1800,historical,Xc ratio,34,
0.6401087895119133,0.015020453888725865,0.621538960518163,0.6592334325571747,0.6430095965528855,True,-0.30102307785133137,historical,1850,historical,Xc ratio,34,
0.7109643219833056,0.006787431583322246,0.7015689099750704,0.7204855573647682,0.7118053198737329,True,-0.174174630453685,historical,1900,historical,Xc ratio,34,
0.7496622624101082,0.007106174955959489,0.7392934563192083,0.7601764940270043,0.7595646387863185,True,-1.8466526930552003,historical,1950,historical,Xc ratio,34,
0.826301112321258,0.004621149510761516,0.8188508568033919,0.8338191534521211,0.8281938295617597,True,-0.4951085881733227,historical,1980,historical,Xc ratio,34,
0.8436089348755685,0.004369005859011187,0.8364158735398649,0.850863855548255,0.8430327297983153,True,0.15638735766115053,historical,1985,historical,Xc ratio,34,
0.8634613076616713,0.003342701566596361,0.8578227672478033,0.869136910670766,0.8648109768540827,True,-0.4672482122641841,historical,1990,historical,Xc ratio,34,
0.8770490822631938,0.0033931992803745664,0.871235577832037,0.8829013785373733,0.8810140111632547,True,-1.3292978815358498,historical,1995,historical,Xc ratio,34,
0.9099452231843449,0.003436015460082374,0.9038378156628585,0.9160938996436729,0.9101435409155368,True,-0.06342257414286537,historical,2000,historical,Xc ratio,34,
0.9290326202836648,0.0038123716685684495,0.9221166558733466,0.9360004550982537,0.9278461599106248,True,0.33520038262499247,historical,2005,historical,Xc ratio,34,
0.9548002074170545,0.0035228894785596186,0.9482302715152883,0.9614156639682347,0.9542293786430015,True,0.1697556303633331,historical,2010,historical,Xc ratio,34,
0.9748449683269416,0.003371152570817003,0.9684250710594261,0.981307424468816,0.9765533965649273,True,-0.5194006667804775,historical,2015,historical,Xc ratio,34,
1.1384518942990411,0.0025202836400355843,1.1328421895724523,1.1440893776407004,1.1374377209220468,True,0.3536239050055339,projection,2050,linear,Xc ratio,34,
1.3617614012329784,0.005505368701055214,1.347146545311146,1.3765348100712396,1.3591114643447033,True,0.35381073412712355,projection,2100,linear,Xc ratio,34,
1.1645928525407498,0.003332786466263124,1.1570103592263243,1.1722250378950134,1.1631375979171645,True,0.3751706563838656,projection,2050,exponential,Xc ratio,34,
1.4890407141065218,0.008708248504334026,1.4638416441815154,1.5146735694260136,1.4841838382187762,True,0.37517065656863213,projection,2100,exponential,Xc ratio,34,
87.00933215187247,,86.79597329873341,87.22269100501153,87.10877515389147,True,-0.9135065154514913,contour,2050,linear,Mean,34,0.1088585580255574
98.23086472944618,,97.7539333161729,98.70779614271946,98.42628991075028,True,-0.8031056591543178,contour,2050,linear,Top 10%,34,0.24333682508212956
103.84800704455836,,103.09993097097066,104.59608311814605,104.16146434350796,True,-0.8212600807909387,contour,2050,linear,Top 1%,34,0.3816784795478144
110.00919425012108,,108.93143717632282,111.08695132391935,110.46601224989362,True,-0.8307501280305818,contour,2050,linear,Top 0.01%,34,0.5498861623476307
91.32478681017052,,91.0042002843801,91.64537333596094,91.47088929122432,True,-0.8932240686390838,contour,2100,linear,Mean,34,0.16356755956700073
101.17882862311251,,100.61497126766565,101.74268597855936,101.41922136822934,True,-0.8356033986650895,contour,2100,linear,Top 10%,34,0.2876876105349415
106.28226179520624,,105.46318279295387,107.1013407974586,106.63419065005733,True,-0.8421261914073995,contour,2100,linear,Top 1%,34,0.4179051292335846
112.010543838876,,110.87649616197763,113.14459151577438,112.49874754383671,True,-0.843757893370944,contour,2100,linear,Top 0.01%,34,0.5786063855477084
87.6029141000113,,87.36946696457375,87.83636123544886,87.70423030490902,True,-0.8506256128506384,contour,2050,exponential,Mean,34,0.11910786998075472
98.6355851891114,,98.15131648562561,99.11985389259718,98.83329383458928,True,-0.8001793669085004,contour,2050,exponential,Top 10%,34,0.2470804092859048
104.18044640669996,,103.42885628752,104.93203652587991,104.4959921653633,True,-0.8228664888906548,contour,2050,exponential,Top 1%,34,0.38347139289722393
110.28095588170522,,109.20100239833273,111.36090936507772,110.73946122627666,True,-0.8321228422475972,contour,2050,exponential,Top 0.01%,34,0.5510068000693188
93.18202569597743,,92.81459908055785,93.549452311397,93.32632589185134,True,-0.769740609432903,contour,2100,exponential,Mean,34,0.18746600361935134
102.46399366136042,,101.87635267898395,103.05163464373689,102.71190395682973,True,-0.8268573246057814,contour,2100,exponential,Top 10%,34,0.299822337048905
107.35452761503875,,106.52220686029969,108.1868483697778,107.71305648722797,True,-0.8442702803066905,contour,2100,exponential,Top 1%,34,0.4246612495455672
112.90177321082089,,111.76128823287655,114.04225818876523,113.39514351075819,True,-0.8478744022229409,contour,2100,exponential,Top 0.01%,34,0.5818907831676343
0.5390410060004348,0.014213148149062509,0.5242320278002229,0.5542683215469065,0.5509085391235231,True,-1.53218403882298,historical,1800,historical,Xc ratio,35,
0.6191336229583575,0.014785273301555008,0.6014494640192837,0.6373377415882963,0.6430095965528855,False,-2.5592039825268245,historical,1850,historical,Xc ratio,35,
0.7183375905641924,0.006668932625315485,0.709009391546098,0.7277885175714485,0.7118053198737329,True,1.3698134356092886,historical,1900,historical,Xc ratio,35,
0.7539933496434772,0.00675845735620174,0.7440715613801355,0.7640474395394199,0.7595646387863185,True,-1.089283720374317,historical,1950,historical,Xc ratio,35,
0.8271393973574811,0.004905605547735868,0.819224719083332,0.8351305407708332,0.8281938295617597,True,-0.2596992282903505,historical,1980,historical,Xc ratio,35,
0.8450518020188366,0.004678245225430839,0.8373387748201132,0.8528358766721353,0.8430327297983153,True,0.5113342493786167,historical,1985,historical,Xc ratio,35,
0.8663100842542433,0.0034843436219188302,0.8604140453090939,0.8722465261605392,0.8648109768540827,True,0.4970664306310461,historical,1990,historical,Xc ratio,35,
0.8835280814422406,0.00344179353241197,0.8775880429945369,0.8895083256072417,0.8810140111632547,True,0.8279247517272388,historical,1995,historical,Xc ratio,35,
0.917515454070908,0.0033997052453972293,0.9114220969713633,0.9236495486079866,0.9101435409155368,False,2.3728819227216458,historical,2000,historical,Xc ratio,35,
0.9318513389074556,0.003896131999105283,0.924762563038846,0.9389944538521955,0.9278461599106248,True,1.1055455175526132,historical,2005,historical,Xc ratio,35,
0.9621532558223189,0.0036321794950832324,0.955328066450105,0.969027206674073,0.9542293786430015,False,2.2767779506603465,historical,2010,historical,Xc ratio,35,
0.9838254065098149,0.0034977036633345583,0.9771039814380408,0.9905930677610065,0.9765533965649273,False,2.1211112234723717,historical,2015,historical,Xc ratio,35,
1.1411531571197735,0.0029102196511903828,1.1346626326273639,1.1476808088665542,1.1374377209220468,True,1.1205934124909511,projection,2050,linear,Xc ratio,35,
1.3688195395710214,0.006339380712357507,1.3519172370910018,1.3859331625529832,1.3591114643447033,True,1.1227543493867957,projection,2100,linear,Xc ratio,35,
1.1675219189777037,0.003830199201728468,1.1587900868184877,1.1763195481209672,1.1631375979171645,True,0.9822740335306327,projection,2050,exponential,Xc ratio,35,
1.498846116957065,0.010007939843756761,1.4697324171391284,1.528536525505928,1.4841838382187762,True,0.9822740341118579,projection,2100,exponential,Xc ratio,35,
87.0894458610564,,86.88194287512574,87.29694884698706,87.10877515389147,True,-0.1825743260196685,contour,2050,linear,Mean,35,0.10587081577387236
98.33127564942686,,97.85137313989502,98.8111781589587,98.42628991075028,True,-0.3880465855310052,contour,2050,linear,Top 10%,35,0.24485271837506226
103.96878250659427,,103.21588020945414,104.72168480373439,104.16146434350796,True,-0.5015915906490572,contour,2050,linear,Top 1%,35,0.38414088375038946
110.14773921122742,,109.06604935030695,111.22942907214788,110.46601224989362,True,-0.5766936675407508,contour,2050,linear,Top 0.01%,35,0.5518927232605961
91.48779975352112,,91.16916522555773,91.8064342814845,91.47088929122432,True,0.10401853582999769,contour,2100,linear,Mean,35,0.16257162400776062
101.31356936680704,,100.75700324459967,101.87013548901442,101.41922136822934,True,-0.3720566333807896,contour,2100,linear,Top 10%,35,0.28396752521858093
106.42850989521708,,105.61706250246539,107.23995728796876,106.63419065005733,True,-0.49679976225306127,contour,2100,linear,Top 1%,35,0.4140113793683512
112.16831354701793,,111.04197212780016,113.2946549662357,112.49874754383671,True,-0.5749932675673071,contour,2100,linear,Top 0.01%,35,0.574674549176532
87.68858496992635,,87.4612143324333,87.9159556074194,87.70423030490902,True,-0.1348647891838023,contour,2050,exponential,Mean,35,0.11600755895849431
98.73733102665612,,98.25371901515757,99.22094303815467,98.83329383458928,True,-0.38891434234960076,contour,2050,exponential,Top 10%,35,0.2467453561969692
104.30187895010584,,103.54902664919467,105.05473125101702,104.4959921653633,True,-0.505351329028842,contour,2050,exponential,Top 1%,35,0.38411537500157833
110.4197502852235,,109.33896472562695,111.50053584482005,110.73946122627666,True,-0.5797837733523181,contour,2050,exponential,Top 0.01%,35,0.551431336556017
93.3843402950442,,93.01354826430976,93.75513232577863,93.32632589185134,True,0.30665745597973104,contour,2100,exponential,Mean,35,0.18918308380113685
102.61204547464833,,102.04100271022442,103.18308823907223,102.71190395682973,True,-0.3427397050093606,contour,2100,exponential,Top 10%,35,0.2913537028885411
107.51096289647234,,106.69467709065819,108.32724870228648,107.71305648722797,True,-0.485242002943272,contour,2100,exponential,Top 1%,35,0.41648000282297054
113.06756474914921,,111.94288282659798,114.19224667170045,113.39514351075819,True,-0.5708659150468055,contour,2100,exponential,Top 0.01%,35,0.5738278516455436
0.5391462617278311,0.014160019978460885,0.5243889932720794,0.5543188267955811,0.5509085391235231,True,-1.524144248568198,historical,1800,historical,Xc ratio,36,
0.6518611828263431,0.01564665593174333,0.6321740472031463,0.672161414337865,0.6430095965528855,True,0.8737957018695222,historical,1850,historical,Xc ratio,36,
0.7121823814067002,0.0066730604378508925,0.7029284258258955,0.721558164033823,0.7118053198737329,True,0.07936169557144115,historical,1900,historical,Xc ratio,36,
0.7550866229904118,0.0068419580208053735,0.7450285082843214,0.7652805253480028,0.7595646387863185,True,-0.8642190316208074,historical,1950,historical,Xc ratio,36,
0.8243742976990288,0.004815201630615752,0.8166307626299439,0.8321912592640408,0.8281938295617597,True,-0.9599907679721469,historical,1980,historical,Xc ratio,36,
0.8422524079782591,0.004542978253731962,0.8347862194878375,0.8497853728112617,0.8430327297983153,True,-0.20384014948082976,historical,1985,historical,Xc ratio,36,
0.8652410669125685,0.0034112487601197414,0.8594754260793619,0.8710453855406356,0.8648109768540827,True,0.1457527809796807,historical,1990,historical,Xc ratio,36,
0.879928616244924,0.003414249409665105,0.8740599626046702,0.885836673469626,0.8810140111632547,True,-0.3610583432307331,historical,1995,historical,Xc ratio,36,
0.9136967778792234,0.0033942566016195524,0.9076384739299612,0.9197955197867651,0.9101435409155368,True,1.1479506886022115,historical,2000,historical,Xc ratio,36,
0.9313126538350117,0.003870359850091211,0.9242746620792156,0.9384042371583222,0.9278461599106248,True,0.9635030786558819,historical,2005,historical,Xc ratio,36,
0.9502512184943156,0.0035837312923576925,0.9436000550683816,0.9569492640443877,0.9542293786430015,True,-1.1657378522958974,historical,2010,historical,Xc ratio,36,
0.9802128463323723,0.0034471382091869535,0.9736125885388236,0.9868578482094035,0.9765533965649273,True,1.0850472439726948,historical,2015,historical,Xc ratio,36,
1.140022838085585,0.002748420480269079,1.1338982679268799,1.1461804891305476,1.1374377209220468,True,0.8259930109377177,projection,2050,linear,Xc ratio,36,
1.3658661253203994,0.005993933476277317,1.3499139608514255,1.3820067992489578,1.3591114643447033,True,0.8271029841369252,projection,2100,linear,Xc ratio,36,
1.166613204411569,0.003634997900818152,1.1583312467935392,1.1749543772343827,1.1631375979171645,True,0.8208187784568205,projection,2050,exponential,Xc ratio,36,
1.495799834445049,0.009497897738857893,1.4682122916809106,1.523905744014911,1.4841838382187762,True,0.8208187786288513,projection,2100,exponential,Xc ratio,36,
87.09894344978134,,86.88963395802374,87.30825294153895,87.10877515389147,True,-0.0920636030439427,contour,2050,linear,Mean,36,0.10679251935679773
98.28559328270794,,97.81049939619928,98.7606871692166,98.42628991075028,True,-0.5804333238967047,contour,2050,linear,Top 10%,36,0.24239929419935866
103.89000225408313,,103.14713667568422,104.63286783248203,104.16146434350796,True,-0.7162209879038627,contour,2050,linear,Top 1%,36,0.37902001478525205
110.03510956099377,,108.96853691494634,111.10168220704121,110.46601224989362,True,-0.7918389377553825,contour,2050,linear,Top 0.01%,36,0.5441797168011517
91.44499602650876,,91.12819837119069,91.76179368182683,91.47088929122432,True,-0.16019647062636966,contour,2100,linear,Mean,36,0.1616344268654627
101.24064682200893,,100.68708551996998,101.79420812404787,101.41922136822934,True,-0.6322690510670296,contour,2100,linear,Top 10%,36,0.28243442553300957
106.32895143401032,,105.52466947959842,107.13323338842223,106.63419065005733,True,-0.7438409712410157,contour,2100,linear,Top 1%,36,0.41035547630262403
112.03984667983711,,110.92523576645621,113.15445759321801,112.49874754383671,True,-0.8069445176930002,contour,2100,linear,Top 0.01%,36,0.5686894872420336
87.70024812313784,,87.47119666544452,87.92929958083116,87.70423030490902,True,-0.034075019342821054,contour,2050,exponential,Mean,36,0.11686513604334109
98.69402397418921,,98.21385440457463,99.17419354380378,98.83329383458928,True,-0.5684739887518673,contour,2050,exponential,Top 10%,36,0.2449889760230821
104.22530254167431,,103.48053675067992,104.9700683326687,104.4959921653633,True,-0.712360744591602,contour,2050,exponential,Top 1%,36,0.37998952882248105
110.30910952560272,,109.24231325745926,111.37590579374618,110.73946122627666,True,-0.7906606530170442,contour,2050,exponential,Top 0.01%,36,0.5442938118038122
93.33201810464766,,92.96576371370705,93.69827249558827,93.32632589185134,True,0.030461155822516843,contour,2100,exponential,Mean,36,0.18686791891564944
102.53798689385047,,101.9674795559862,103.10849423171474,102.71190395682973,True,-0.5974878097315826,contour,2100,exponential,Top 10%,36,0.29108052105261845
107.41110800955519,,106.59911523581286,108.22310078329753,107.71305648722797,True,-0.7288342465140282,contour,2100,exponential,Top 1%,36,0.41428964008892666
112.9393089776633,,111.8235600279762,114.0550579273504,113.39514351075819,True,-0.8007350291713339,contour,2100,exponential,Top 0.01%,36,0.5692701286799225
0.5543412315887816,0.015164767390501025,0.5381073312397582,0.5710648846418513,0.5509085391235231,True,0.4096095769685544,historical,1800,historical,Xc ratio,37,
0.6406435598600346,0.01521941863597081,0.6218156840949569,0.6600415224127126,0.6430095965528855,True,-0.24221788447019194,historical,1850,historical,Xc ratio,37,
0.717650158278303,0.007231358805342272,0.7075504983644737,0.7278939819381982,0.7118053198737329,True,1.1308744190411628,historical,1900,historical,Xc ratio,37,
0.7640618293810516,0.007115708058223652,0.7534797799601959,0.774792495623385,0.7595646387863185,True,0.8296137098919615,historical,1950,historical,Xc ratio,37,
0.8297653273750297,0.004361395311028896,0.82270257571605,0.8368887114696779,0.8281938295617597,True,0.43465494684447953,historical,1980,historical,Xc ratio,37,
0.8464562534688368,0.004209606827755415,0.8395011472986843,0.85346898136112,0.8430327297983153,True,0.9627355873146838,historical,1985,historical,Xc ratio,37,
0.8704075870691915,0.003289427734980931,0.864813980997218,0.8760373725156616,0.8648109768540827,False,1.961020019567836,historical,1990,historical,Xc ratio,37,
0.8803478570776992,0.00339152603413519,0.8745153547461199,0.8862192587645195,0.8810140111632547,True,-0.22302880988972595,historical,1995,historical,Xc ratio,37,
0.9152338595671792,0.003346910924354305,0.9092497345968431,0.9212573683836667,0.9101435409155368,True,1.6664000418347196,historical,2000,historical,Xc ratio,37,
0.9293036397924676,0.0037384452045658594,0.9225193149400609,0.936137857436231,0.9278461599106248,True,0.4198505227882066,historical,2005,historical,Xc ratio,37,
0.9560194485325343,0.0034247770762020607,0.9496237151106971,0.9624582573381812,0.9542293786430015,True,0.5472400332646491,historical,2010,historical,Xc ratio,37,
0.9758284957026262,0.0033019636377708637,0.9695335887785316,0.9821642736740384,0.9765533965649273,True,-0.22489074055336744,historical,2015,historical,Xc ratio,37,
1.134909260259486,0.0021673683016611204,1.1300984321376888,1.1397405680727501,1.1374377209220468,True,-1.0267838074037676,projection,2050,linear,Xc ratio,37,
1.3525048413231726,0.004752021034128114,1.3399663761035574,1.3651606327032555,1.3591114643447033,True,-1.025424737670484,projection,2100,linear,Xc ratio,37,
1.1596438506926925,0.0028676370503372653,1.1531443947169604,1.1661799394857664,1.1631375979171645,True,-1.0490332933671853,projection,2050,exponential,Xc ratio,37,
1.4725635001659874,0.007492858096559572,1.4510958471608355,1.4943487477162902,1.4841838382187762,True,-1.0490332937463658,projection,2100,exponential,Xc ratio,37,
87.0101271160188,,86.77575445147578,87.24449978056181,87.10877515389147,True,-0.8249537195516032,contour,2050,linear,Mean,37,0.11958008738514143
98.22735997412168,,97.72620105948762,98.72851888875574,98.42628991075028,True,-0.7779877796318959,contour,2050,linear,Top 10%,37,0.2556980223040591
103.9286584250304,,103.15059899678813,104.70671785327268,104.16146434350796,True,-0.5864477686936747,contour,2050,linear,Top 1%,37,0.3969763905763218
110.19162300154694,,109.06798617481093,111.31525982828296,110.46601224989362,True,-0.47861820804386807,contour,2050,linear,Top 0.01%,37,0.5732946296968504
91.3241144863628,,90.98264145356583,91.66558751915977,91.47088929122432,True,-0.8424481693625167,contour,2100,linear,Mean,37,0.17422413650989002
101.1798138486099,,100.57431705515546,101.78531064206433,101.41922136822934,True,-0.7749506209688583,contour,2100,linear,Top 10%,37,0.3089326121451918
106.36783530758767,,105.49848499175144,107.2371856234239,106.63419065005733,True,-0.6005023162937576,contour,2100,linear,Top 1%,37,0.44355422992135213
112.1966737200465,,110.99909791988802,113.394249520205,112.49874754383671,True,-0.4943769030926795,contour,2100,linear,Top 0.01%,37,0.6110192889281894
87.5861744235609,,87.32920163141627,87.84314721570554,87.70423030490902,True,-0.9004271373414068,contour,2050,exponential,Mean,37,0.13111097661570206
98.62031043223136,,98.10698789391634,99.13363297054639,98.83329383458928,True,-0.8132115127782231,contour,2050,exponential,Top 10%,37,0.2619040667910526
104.25165106058253,,103.46382990282282,105.03947221834224,104.4959921653633,True,-0.6078787813656311,contour,2050,exponential,Top 1%,37,0.4019569563389726
110.45565839504278,,109.32635403073832,111.58496275934723,110.73946122627666,True,-0.49255395224784077,contour,2050,exponential,Top 0.01%,37,0.5761862836318944
93.1297757737618,,92.73564092077292,93.52391062675069,93.32632589185134,True,-0.9774095076626897,contour,2100,exponential,Mean,37,0.20109290583795278
102.43336435014142,,101.79100311476839,103.07572558551445,102.71190395682973,True,-0.8498763115118558,contour,2100,exponential,Top 10%,37,0.32774134649407355
107.41367367731459,,106.51775922602832,108.30958812860086,107.71305648722797,True,-0.654950396411359,contour,2100,exponential,Top 1%,37,0.45710760929953975
113.06531596036287,,111.84887204047081,114.28175988025492,113.39514351075819,True,-0.5314261589151188,contour,2100,exponential,Top 0.01%,37,0.6206460575231173
0.5321290587823052,0.014295608862752555,0.5174263380673083,0.547249558764648,0.5509085391235231,False,-2.4261123390687143,historical,1800,historical,Xc ratio,38,
0.640018864413151,0.015347858762188114,0.6210529854944961,0.6595639283153073,0.6430095965528855,True,-0.3037555458505385,historical,1850,historical,Xc ratio,38,
0.7089763612603597,0.00678626383740081,0.6996088214256139,0.7184693294771787,0.7118053198737329,True,-0.5868121190135059,historical,1900,historical,Xc ratio,38,
0.758281534687746,0.007063924441614582,0.747855439788927,0.7688529831523154,0.7595646387863185,True,-0.2393415978300569,historical,1950,historical,Xc ratio,38,
0.8260499282112773,0.0048550849818503675,0.8182266903393874,0.833947965709631,0.8281938295617597,True,-0.5338739079445339,historical,1980,historical,Xc ratio,38,
0.8411696238050077,0.004619239035495371,0.8335884292800768,0.8488197666363281,0.8430327297983153,True,-0.4789641732220758,historical,1985,historical,Xc ratio,38,
0.8625707724522509,0.0034429214658556933,0.8567697377998721,0.8684110848726848,0.8648109768540827,True,-0.7533598002109148,historical,1990,historical,Xc ratio,38,
0.8780745730740722,0.0034346262860067618,0.8721834510017793,0.884005486453149,0.8810140111632547,True,-0.9730328842315392,historical,1995,historical,Xc ratio,38,
0.9103406146568354,0.0034430311509475973,0.9042181197926856,0.9165045651637564,0.9101435409155368,True,0.06288265982773515,historical,2000,historical,Xc ratio,38,
0.9322880639822253,0.0038659743099859404,0.9252506539454047,0.9393790002065878,0.9278461599106248,True,1.2353691430187788,historical,2005,historical,Xc ratio,38,
0.9593008961751568,0.0035495493565012278,0.9526502116819553,0.9659980107259866,0.9542293786430015,True,1.4933458057386562,historical,2010,historical,Xc ratio,38,
0.978501019284904,0.0034280889462818885,0.971948575936838,0.9850976362805192,0.9765533965649273,True,0.581197904721382,historical,2015,historical,Xc ratio,38,
1.141901073616452,0.002774871084348149,1.1357075338321179,1.1481283896450372,1.1374377209220468,True,1.411367339766818,projection,2050,linear,Xc ratio,38,
1.3707737729978267,0.006039887246671596,1.3546422762865544,1.3870973685315713,1.3591114643447033,True,1.4146335304790758,projection,2100,linear,Xc ratio,38,
1.1689428315402814,0.003675597352524049,1.1605519827440476,1.1773943465923733,1.1631375979171645,True,1.3545004081307845,projection,2050,exponential,Xc ratio,38,
1.503617110521788,0.009603980174641542,1.4755785602122704,1.5321884418872638,1.4841838382187762,True,1.3545004087702395,projection,2100,exponential,Xc ratio,38,
87.17871794849903,,86.96645699455884,87.39097890243922,87.10877515389147,True,0.6458340823603397,contour,2050,linear,Mean,38,0.10829839507994829
98.45122122008918,,97.96155981228947,98.9408826278889,98.42628991075028,True,0.09979236185108867,contour,2050,linear,Top 10%,38,0.24983183959609156
104.09979197924075,,103.33119295335584,104.86839100512566,104.16146434350796,True,-0.15726745511548734,contour,2050,linear,Top 1%,38,0.39214956598567446
110.29814181119231,,109.18893634000791,111.4073472823767,110.46601224989362,True,-0.2966267499313545,contour,2050,linear,Top 0.01%,38,0.5659315578927483
91.57598279562635,,91.25359855588292,91.89836703536977,91.47088929122432,True,0.6389254133545258,contour,2100,linear,Mean,38,0.16448477741752715
101.44598915317479,,100.87217285356765,102.01980545278194,101.41922136822934,True,0.0914297737357924,contour,2100,linear,Top 10%,38,0.2927687978622846
106.57159451464823,,105.73362914400859,107.40955988528786,106.63419065005733,True,-0.14640959551776422,contour,2100,linear,Top 1%,38,0.4275412085372094
112.329776623496,,111.16928058616122,113.49027266083078,112.49874754383671,True,-0.2853753116322225,contour,2100,linear,Top 0.01%,38,0.5921006949559576
87.7905661893181,,87.55863510975725,88.02249726887895,87.70423030490902,True,0.7295927063143199,contour,2050,exponential,Mean,38,0.11833435787101507
98.86728768455922,,98.37316857549843,99.36140679362,98.83329383458928,True,0.13483939482438617,contour,2050,exponential,Top 10%,38,0.25210621876644307
104.44133745279588,,103.66988232324175,105.21279258235,104.4959921653633,True,-0.1388561228174792,contour,2050,exponential,Top 1%,38,0.3936067885120776
110.57721970650175,,109.46878769274726,111.68565172025625,110.73946122627666,True,-0.2868805047219488,contour,2050,exponential,Top 0.01%,38,0.5655369295036531
93.49285071903444,,93.12332842078499,93.86237301728389,93.32632589185134,True,0.8832556664558353,contour,2100,exponential,Mean,38,0.1885352492006036
102.76778550434184,,102.17604400959726,103.35952699908643,102.71190395682973,True,0.18509065444427264,contour,2100,exponential,Top 10%,38,0.30191447363940216
107.67442180758077,,106.82896808075544,108.5198755344061,107.71305648722797,True,-0.08956442944204054,contour,2100,exponential,Top 1%,38,0.43136186863339615
113.24655038327508,,112.08188605665782,114.41121470989233,113.39514351075819,True,-0.25006104468138907,contour,2100,exponential,Top 0.01%,38,0.5942274122402297
0.5452825702821431,0.014214391312040713,0.5303008265820409,0.5606875692989346,0.5509085391235231,True,-0.722131997501084,historical,1800,historical,Xc ratio,39,
0.6440352590680221,0.015133110150042726,0.625213457759752,0.6634236831834168,0.6430095965528855,True,0.10532044732576289,historical,1850,historical,Xc ratio,39,
0.7072693068900854,0.00654683293115912,0.6982519179296375,0.7164031485255292,0.7118053198737329,True,-0.9764933062693822,historical,1900,historical,Xc ratio,39,
0.7589821122715843,0.006794688009400381,0.7489414921440547,0.7691573411150188,0.7595646387863185,True,-0.11291406112679792,historical,1950,historical,Xc ratio,39,
0.8243215663273853,0.004702046734394499,0.8167596470544202,0.8319534971677645,0.8281938295617597,True,-0.9966971297945668,historical,1980,historical,Xc ratio,39,
0.843207609297849,0.004449973521875542,0.8358853096177699,0.8505940518357914,0.8430327297983153,True,0.04661138392245792,historical,1985,historical,Xc ratio,39,
0.8610490800124692,0.003393009310791648,0.8553419497875326,0.8667942901368101,0.8648109768540827,True,-1.2848337516157555,historical,1990,historical,Xc ratio,39,
0.8818733720421832,0.003400499589317368,0.8760153554734884,0.8877705618490007,0.8810140111632547,True,0.28670701090497186,historical,1995,historical,Xc ratio,39,
0.9104241468879171,0.0034448273783569306,0.9042979066043455,0.9165918898883897,0.9101435409155368,True,0.08948548882316001,historical,2000,historical,Xc ratio,39,
0.9216605255752562,0.0038280949454380393,0.9147712499951537,0.9286016852936271,0.9278461599106248,True,-1.7473393276120563,historical,2005,historical,Xc ratio,39,
0.9577096793255567,0.003539411069586907,0.9510889250855242,0.9643765221967893,0.9542293786430015,True,1.028589749362931,historical,2010,historical,Xc ratio,39,
0.9777326267817179,0.003416550893990364,0.9712072916998689,0.9843018042011341,0.9765533965649273,True,0.35322597040340253,historical,2015,historical,Xc ratio,39,
1.1401716113567908,0.002655941347255473,1.134251812994855,1.146122305867399,1.1374377209220468,True,0.9038858674335869,projection,2050,linear,Xc ratio,39,
1.3662548554806466,0.005791356644452473,1.350834384244487,1.3818513593496136,1.3591114643447033,True,0.9051701539695348,projection,2100,linear,Xc ratio,39,
1.1668298613557035,0.0035138438035361764,1.1588215040413261,1.1748935626438088,1.1631375979171645,True,0.9019671714203497,projection,2050,exponential,Xc ratio,39,
1.4965257858886385,0.009181333809186938,1.4698365371116018,1.5236996572630168,1.4841838382187762,True,0.9019671714255683,projection,2100,exponential,Xc ratio,39,
87.03045522753077,,86.82503743187608,87.23587302318545,87.10877515389147,True,-0.747278172514615,contour,2050,linear,Mean,39,0.10480692363481846
98.18701947566645,,97.72322500049914,98.65081395083375,98.42628991075028,True,-1.0111406246492582,contour,2050,linear,Top 10%,39,0.2366341824776708
103.74536128058425,,103.01931447046175,104.47140809070675,104.16146434350796,True,-1.1232705740414484,contour,2050,linear,Top 1%,39,0.3704388528817245
109.83812242407814,,108.79530628809435,110.88093856006192,110.46601224989362,True,-1.1801135429271783,contour,2050,linear,Top 0.01%,39,0.5320588256771088
91.34218810330441,,91.03125641519904,91.65311979140978,91.47088929122432,True,-0.8112704582398858,contour,2100,linear,Mean,39,0.15864153145566623
101.12813225298396,,100.58658123779371,101.66968326817421,101.41922136822934,True,-1.0535003465410167,contour,2100,linear,Top 10%,39,0.27630661556128033
106.17400992639566,,105.3857179909445,106.96230186184681,106.63419065005733,True,-1.144167032788753,contour,2100,linear,Top 1%,39,0.40219715345236856
111.83549173927668,,110.7447374678039,112.92624601074945,112.49874754383671,True,-1.1917968358900208,contour,2100,linear,Top 0.01%,39,0.556517507503471
87.628060868126,,87.40323605749757,87.85288567875443,87.70423030490902,True,-0.6640252577111939,contour,2050,exponential,Mean,39,0.11470864383316479
98.59411588733745,,98.12485490802104,99.06337686665387,98.83329383458928,True,-0.9989753744125187,contour,2050,exponential,Top 10%,39,0.23942326645688236
104.0797295606781,,103.35261095403835,104.80684816731785,104.4959921653633,True,-1.1220448848973337,contour,2050,exponential,Top 1%,39,0.37098569788791375
110.1115213786399,,109.06808177989606,111.15496097738375,110.73946122627666,True,-1.179502375899097,contour,2050,exponential,Top 0.01%,39,0.5323769247671881
93.21559784180835,,92.85706811626154,93.57412756735515,93.32632589185134,True,-0.6053137988255419,contour,2100,exponential,Mean,39,0.1829266906814836
102.42113925385947,,101.86020788252786,102.98207062519107,102.71190395682973,True,-1.0159680398055229,contour,2100,exponential,Top 10%,39,0.28619473406459006
107.25307226793181,,106.45729508677982,108.0488494490838,107.71305648722797,True,-1.1329207781154376,contour,2100,exponential,Top 1%,39,0.4060162265373253
112.73285524064559,,111.63996626186459,113.8257442194266,113.39514351075819,True,-1.187733779008216,contour,2100,exponential,Top 0.01%,39,0.5576066638987255
0.541885985070372,0.013779860868926875,0.5274465792443002,0.5567206848443328,0.5509085391235231,True,-1.198356439764084,historical,1800,historical,Xc ratio,40,
0.6464905112081353,0.014752115518417784,0.6280657797577802,0.6654557445294067,0.6430095965528855,True,0.36597274095298016,historical,1850,historical,Xc ratio,40,
0.7172953527894089,0.006647710104088885,0.708010137414476,0.7267023393368192,0.7118053198737329,True,1.155772041242727,historical,1900,historical,Xc ratio,40,
0.7609075494308531,0.006653592638293252,0.7510491253746885,0.7708953771725926,0.7595646387863185,True,0.26548655756580264,historical,1950,historical,Xc ratio,40,
0.8269270624316346,0.0045240861654956225,0.8196270746671899,0.8342920673520617,0.8281938295617597,True,-0.33835007553203533,historical,1980,historical,Xc ratio,40,
0.8392689625378231,0.004387340251282842,0.8320830048985387,0.8465169788742443,0.8430327297983153,True,-1.0198781373158412,historical,1985,historical,Xc ratio,40,
0.867165105806823,0.0033078560345935915,0.8615612181639354,0.8728054430438336,0.8648109768540827,True,0.8218111352366146,historical,1990,historical,Xc ratio,40,
0.8800692240852231,0.0033707404050240886,0.874274184164146,0.8859026758550029,0.8810140111632547,True,-0.3183162371452726,historical,1995,historical,Xc ratio,40,
0.9099639589234947,0.0034241528624147713,0.9038774407956994,0.9160914623677144,0.9101435409155368,True,-0.057629200982972854,historical,2000,historical,Xc ratio,40,
0.9264897248712621,0.003797055484485434,0.919620296269499,0.9334104670961654,0.9278461599106248,True,-0.3852953138566444,historical,2005,historical,Xc ratio,40,
0.9569734928040039,0.0035129082166830863,0.950407195178552,0.9635851565259298,0.9542293786430015,True,0.8174456308412661,historical,2010,historical,Xc ratio,40,
0.9743863279869057,0.0033667535465496615,0.9679777969215556,0.9808372869576749,0.9765533965649273,True,-0.6598536923097533,historical,2015,historical,Xc ratio,40,
1.1385118439304385,0.0024860277296403725,1.1329779097834798,1.14407280810762,1.1374377209220468,True,0.37967801039469606,projection,2050,linear,Xc ratio,40,
1.3619180438182426,0.00543020059064678,1.347500014985915,1.3764903431909026,1.3591114643447033,True,0.37989044481644063,projection,2100,linear,Xc ratio,40,
1.1647033316132256,0.0032890311483912385,1.157219356528376,1.1722357071009502,1.1631375979171645,True,0.4090031688938536,projection,2050,exponential,Xc ratio,40,
1.4894098353340113,0.00859392009967107,1.4645326538226673,1.5147095913494697,1.4841838382187762,True,0.4090031687863263,projection,2100,exponential,Xc ratio,40,
86.96457219119158,,86.75375211057585,87.17539227180731,87.10877515389147,True,-1.3406342153474524,contour,2050,linear,Mean,40,0.10756324212008864
98.01396221335304,,97.55728960427068,98.4706348224354,98.42628991075028,True,-1.7696428922040965,contour,2050,linear,Top 10%,40,0.23300051056272125
103.53572357385012,,102.83040048547515,104.24104666222509,104.16146434350796,True,-1.7388192622665044,contour,2050,linear,Top 1%,40,0.3598653311685781
109.58714417760172,,108.5783885984426,110.59589975676083,110.46601224989362,True,-1.7075987528020848,contour,2050,linear,Top 0.01%,40,0.514680671234814
91.23839707525286,,90.92326484546828,91.55352930503744,91.47088929122432,True,-1.4459846595235837,contour,2100,linear,Mean,40,0.16078470434676825
100.92890574974976,,100.39426376058822,101.4635477389113,101.41922136822934,True,-1.7974662910119348,contour,2100,linear,Top 10%,40,0.27278153750719164
105.94380580845609,,105.17432060283794,106.71329101407424,106.63419065005733,True,-1.7584866026420687,contour,2100,linear,Top 1%,40,0.3926017068108242
111.56825906018413,,110.50985571851118,112.62666240185709,112.49874754383671,True,-1.7230897184296885,contour,2100,linear,Top 0.01%,40,0.5400116277755798
87.55285464743608,,87.32133739874716,87.784371896125,87.70423030490902,True,-1.2815064037914825,contour,2050,exponential,Mean,40,0.11812321579125769
98.41461631504899,,97.95102074299692,98.87821188710106,98.83329383458928,True,-1.7700619007278804,contour,2050,exponential,Top 10%,40,0.23653269943165736
103.86497769716105,,103.15554799453224,104.57440739978986,104.4959921653633,True,-1.7433237244186648,contour,2050,exponential,Top 1%,40,0.3619605810232824
109.8564786416612,,108.84619520240872,110.86676208091367,110.73946122627666,True,-1.7129985483112147,contour,2050,exponential,Top 0.01%,40,0.5154602060147474
93.08250241205805,,92.71691513256633,93.44808969154977,93.32632589185134,True,-1.3071714082734955,contour,2100,exponential,Mean,40,0.18652754967715576
102.20175262859813,,101.64395302457372,102.75955223262254,102.71190395682973,True,-1.7925402291168295,contour,2100,exponential,Top 10%,40,0.28459686424050196
107.00624199088838,,106.22533293347156,107.7871510483052,107.71305648722797,True,-1.7739978086038872,contour,2100,exponential,Top 1%,40,0.39843030972842247
112.45187085080134,,111.38893982464921,113.51480187695347,113.39514351075819,True,-1.7393230563692912,contour,2100,exponential,Top 0.01%,40,0.5423217133255619
0.560798176750567,0.015809237213586444,0.5436879978698825,0.5784468229552975,0.5509085391235231,True,1.1254356957990213,historical,1800,historical,Xc ratio,41,
0.6414245236919649,0.01569346896560091,0.6219955181667324,0.6614604246765282,0.6430095965528855,True,-0.1572710041133921,historical,1850,historical,Xc ratio,41,
0.718341745012789,0.007410992662108867,0.7079830445904319,0.7288520065145533,0.7118053198737329,True,1.2334348895242868,historical,1900,historical,Xc ratio,41,
0.7611264631509905,0.0075127960779408556,0.7500011310110979,0.7724168257289786,0.7595646387863185,True,0.27341336276657985,historical,1950,historical,Xc ratio,41,
0.826530115163812,0.0045935478461652515,0.8191221067554069,0.8340051204071535,0.8281938295617597,True,-0.4377590380026984,historical,1980,historical,Xc ratio,41,
0.8431783129358578,0.004332243518238804,0.8360491608795434,0.8503682566434533,0.8430327297983153,True,0.03985807149984898,historical,1985,historical,Xc ratio,41,
0.8639464675648073,0.003329220110815896,0.858327438409481,0.8696022816197365,0.8648109768540827,True,-0.3004160443459736,historical,1990,historical,Xc ratio,41,
0.88444326108251,0.003375725307257606,0.8786108349300914,0.8903144042566987,0.8810140111632547,True,1.1508146137287518,historical,1995,historical,Xc ratio,41,
0.9157126804198799,0.00336913929407405,0.9096857917822533,0.9217794986540533,0.9101435409155368,True,1.8106474479938914,historical,2000,historical,Xc ratio,41,
0.9308889550211373,0.003778809863253674,0.9240199515326762,0.9378090214859401,0.9278461599106248,True,0.8664241509396647,historical,2005,historical,Xc ratio,41,
0.9596477676629841,0.003437842404552593,0.9532033513884567,0.9661357533406811,0.9542293786430015,True,1.6470292721637902,historical,2010,historical,Xc ratio,41,
0.9790930064148048,0.003328222050753656,0.9727269774653463,0.9855006979535859,0.9765533965649273,True,0.7803593089188854,historical,2015,historical,Xc ratio,41,
1.1402395784505515,0.0023601257406487388,1.1349772826100637,1.1455262728036237,1.1374377209220468,True,1.0424348641621088,projection,2050,linear,Xc ratio,41,
1.3664324469191833,0.005145960070577504,1.3527200181258856,1.3802838776499786,1.3591114643447033,True,1.0439526904977603,projection,2100,linear,Xc ratio,41,
1.1666534034784024,0.0031380231611164346,1.159500024608838,1.1738509141531979,1.1631375979171645,True,0.9617940053493776,projection,2050,exponential,Xc ratio,41,
1.4959345128481194,0.008199350846822063,1.4720863369465367,1.5201690353107418,1.4841838382187762,True,0.9617940045887009,projection,2100,exponential,Xc ratio,41,
87.18072071294127,,86.94782843580126,87.41361299008128,87.10877515389147,True,0.6054760866991682,contour,2050,linear,Mean,41,0.11882477381066357
98.52288209808944,,98.00481217094908,99.0409520252298,98.42628991075028,True,0.3654279054908259,contour,2050,linear,Top 10%,41,0.2643262484549912
104.28706334005999,,103.46808480474424,105.10604187537574,104.16146434350796,True,0.3005811497140524,contour,2050,linear,Top 1%,41,0.4178538696505515
110.62529078912549,,109.43537600225949,111.81520557599148,110.46601224989362,True,0.2623550894991514,contour,2050,linear,Top 0.01%,41,0.6071105368526819
91.62645191990697,,91.28500467143255,91.9678991683814,91.47088929122432,True,0.8929553567077418,contour,2100,linear,Mean,41,0.1742109810015506
101.56710413622838,,100.93594254653159,102.19826572592517,101.41922136822934,True,0.45922455349578417,contour,2100,linear,Top 10%,41,0.3220271365572651
106.80166077114205,,105.8869585982844,107.71636294399971,106.63419065005733,True,0.35884402109502617,contour,2100,linear,Top 1%,41,0.46669335767021414
112.69201720323734,,111.42349330416162,113.96054110231306,112.49874754383671,True,0.2986160308099407,contour,2100,linear,Top 0.01%,41,0.6472179637389833
87.79336911548846,,87.53886862402045,88.04786960695647,87.70423030490902,True,0.6864774891108774,contour,2050,exponential,Mean,41,0.12984957554091708
98.94085444318424,,98.41054509956304,99.47116378680543,98.83329383458928,True,0.39753197173891974,contour,2050,exponential,Top 10%,41,0.2705709634484252
104.63049972569682,,103.80372233548651,105.45727711590713,104.4959921653633,True,0.31886451785404557,contour,2050,exponential,Top 1%,41,0.4218329503663556
110.90593249237608,,109.7106323311715,112.10123265358067,110.73946122627666,True,0.2729671563725282,contour,2050,exponential,Top 0.01%,41,0.6098582273108044
93.5348337191895,,93.14438620115865,93.92528123722036,93.32632589185134,True,1.0466652064752138,contour,2100,exponential,Mean,41,0.19921157792217542
102.89438804892342,,102.22870350497321,103.56007259287362,102.71190395682973,True,0.5372848919290221,contour,2100,exponential,Top 10%,41,0.33964121239015765
107.90948100671085,,106.96979356539822,108.84916844802348,107.71305648722797,True,0.4096947207565429,contour,2100,exponential,Top 1%,41,0.47944117786081564
113.61255375257176,,112.32681145416011,114.8982960509834,113.39514351075819,True,0.3314165244086086,contour,2100,exponential,Top 0.01%,41,0.6560030227868754
0.5513164455361561,0.014338082533678173,0.5360389520920186,0.5670293584680468,0.5509085391235231,True,0.05162133373904909,historical,1800,historical,Xc ratio,42,
0.6442479606165229,0.014922279713265742,0.6256784326192512,0.6633686141633808,0.6430095965528855,True,0.12893708387333577,historical,1850,historical,Xc ratio,42,
0.7124239333073552,0.0068177115691400786,0.7029675117674015,0.7220075640096731,0.7118053198737329,True,0.1274180176161256,historical,1900,historical,Xc ratio,42,
0.7525281099856583,0.006907243952272947,0.7424090725821969,0.762785069892702,0.7595646387863185,True,-1.3474367080172223,historical,1950,historical,Xc ratio,42,
0.8256698418967151,0.0043979784442886955,0.8185832541169743,0.832817779241216,0.8281938295617597,True,-0.6940084477330677,historical,1980,historical,Xc ratio,42,
0.833141455543881,0.004274442524027195,0.826190758149345,0.8401506287731971,0.8430327297983153,False,-2.7611414206388223,historical,1985,historical,Xc ratio,42,
0.8625106796612894,0.0032782079432998514,0.8569866677070249,0.868070298596643,0.8648109768540827,True,-0.812464671299339,historical,1990,historical,Xc ratio,42,
0.8765199043040494,0.003365504715697788,0.8707571712403793,0.8823207755461461,0.8810140111632547,True,-1.5195689787167976,historical,1995,historical,Xc ratio,42,
0.9088525169799785,0.003372066706383411,0.9028655991322008,0.9148791341864985,0.9101435409155368,True,-0.4209557514597064,historical,2000,historical,Xc ratio,42,
0.9247457349309874,0.0037502776229463176,0.9179733957141352,0.9315680370102519,0.9278461599106248,True,-0.892500463166573,historical,2005,historical,Xc ratio,42,
0.952986978238865,0.0034688570076281526,0.94652975288245,0.9594882547824473,0.9542293786430015,True,-0.3755824412895436,historical,2010,historical,Xc ratio,42,
0.9715806057853096,0.0033022819705788476,0.9653124990120412,0.9778894135363041,0.9765533965649273,True,-1.5459596214890474,historical,2015,historical,Xc ratio,42,
1.1403765038006004,0.00231348982631735,1.1352173355108173,1.1455591187173948,1.1374377209220468,True,1.115351723836201,projection,2050,linear,Xc ratio,42,
1.3667902196080204,0.005043561458307255,1.3533457864790994,1.3803682126770274,1.3591114643447033,True,1.1170547643269473,projection,2100,linear,Xc ratio,42,
1.167593422787101,0.003085928623858081,1.160552770508103,1.1746767881471183,1.1631375979171645,True,1.2390265274702577,projection,2050,exponential,Xc ratio,42,
1.499085981446994,0.008063232860249516,1.4755811772693348,1.522965197976844,1.4841838382187762,True,1.2390265267999863,projection,2100,exponential,Xc ratio,42,
87.09439700951765,,86.87689999853907,87.31189402049623,87.10877515389147,True,-0.12956796514313124,contour,2050,linear,Mean,42,0.11096990184216253
98.14082101534332,,97.67361278492658,98.60802924576006,98.42628991075028,True,-1.1975575712889044,contour,2050,linear,Top 10%,42,0.23837592634458535
103.66917531170884,,102.94754847653829,104.3908021468794,104.16146434350796,True,-1.3370744064448499,contour,2050,linear,Top 1%,42,0.36818372218197337
109.73661714488482,,108.70416501244964,110.76906927732,110.46601224989362,True,-1.3846531876932222,contour,2050,linear,Top 0.01%,42,0.5267709715989959
91.39015235850248,,91.07047818455749,91.70982653244747,91.47088929122432,True,-0.4950086470991664,contour,2100,linear,Mean,42,0.1631020653780092
101.0839645410346,,100.52985006901062,101.63807901305859,101.41922136822934,True,-1.1858403634049155,contour,2100,linear,Top 10%,42,0.28271666030334314
106.10281880395576,,105.31001234316051,106.895625264751,106.63419065005733,True,-1.31364933594632,contour,2100,linear,Top 1%,42,0.40450052503455286
111.74021894304346,,110.64996337838308,112.83047450770384,112.49874754383671,True,-1.3636149055211728,contour,2100,linear,Top 0.01%,42,0.5562630605767294
87.70225360751293,,87.4638174701316,87.94068974489426,87.70423030490902,True,-0.0162486095741071,contour,2050,exponential,Mean,42,0.12165332590909003
98.5560954858483,,98.08044956517844,99.03174140651817,98.83329383458928,True,-1.1422336584767727,contour,2050,exponential,Top 10%,42,0.24268094945708352
104.01074273264796,,103.28384096904244,104.73764449625347,104.4959921653633,True,-1.308390568380421,contour,2050,exponential,Top 1%,42,0.3708750616538079
110.01621970071926,,108.97940351803898,111.05303588339955,110.73946122627666,True,-1.3671925321919634,contour,2050,exponential,Top 0.01%,42,0.5289975687607472
93.27303841623389,,92.90539403593371,93.64068279653407,93.32632589185134,True,-0.2840830395720618,contour,2100,exponential,Mean,42,0.18757711019187762
102.39360359969545,,101.81119500902703,102.97601219036387,102.71190395682973,True,-1.0711676411459088,contour,2100,exponential,Top 10%,42,0.2971527003875572
107.19720988877243,,106.38472694972498,108.00969282781989,107.71305648722797,True,-1.244383981410918,contour,2100,exponential,Top 1%,42,0.41453972902371944
112.65124613613638,,111.55077457429935,113.7517176979734,113.39514351075819,True,-1.3248975375781022,contour,2100,exponential,Top 0.01%,42,0.5614753998121588
0.5570273977065906,0.015444096554710738,0.5404188860096258,0.574146333202444,0.5509085391235231,True,0.7152002700869852,historical,1800,historical,Xc ratio,43,
0.6300034190123532,0.015140829831318857,0.6115824419219744,0.6489792393645789,0.6430095965528855,True,-1.3496223545130244,historical,1850,historical,Xc ratio,43,
0.7088563743572376,0.007223936864643737,0.6988906379422637,0.7189642158411607,0.7118053198737329,True,-0.5746888298712901,historical,1900,historical,Xc ratio,43,
0.7681957588306788,0.0071582149657881304,0.7574933446860133,0.7790493844273357,0.7595646387863185,True,1.5784898318777985,historical,1950,historical,Xc ratio,43,
0.8317552769981684,0.004385013605420309,0.8246374132142442,0.8389345786747163,0.8281938295617597,True,0.9785690658253587,historical,1980,historical,Xc ratio,43,
0.8461604531426766,0.0042552291037294635,0.8391327405441142,0.8532470226323859,0.8430327297983153,True,0.8702750958975468,historical,1985,historical,Xc ratio,43,
0.8698516882685841,0.003272523043617006,0.8642902903348341,0.8754488718027548,0.8648109768540827,True,1.7759278087590196,historical,1990,historical,Xc ratio,43,
0.8777236599726677,0.003383783873904198,0.8719217742867984,0.8835641521924079,0.8810140111632547,True,-1.1057808744955762,historical,1995,historical,Xc ratio,43,
0.9141062332558517,0.003342052956000761,0.9081381278522532,0.9201135598759327,0.9101435409155368,True,1.2999402944590537,historical,2000,historical,Xc ratio,43,
0.9257837558560317,0.0037558154442761077,0.9189938399842664,0.9326238385031764,0.9278461599106248,True,-0.5924840389520245,historical,2005,historical,Xc ratio,43,
0.9545154850069806,0.0034068704336163245,0.9481630895463937,0.9609104395257428,0.9542293786430015,True,0.08799419414404118,historical,2010,historical,Xc ratio,43,
0.9763913429660208,0.0032985551782450467,0.9700992858938788,0.9827242102756041,0.9765533965649273,True,-0.05031239240619492,historical,2015,historical,Xc ratio,43,
1.1340251429630215,0.002234333588430655,1.1290698629366505,1.1390021708023008,1.1374377209220468,True,-1.3448047941695878,projection,2050,linear,Xc ratio,43,
1.3501947283872493,0.004903403306054365,1.3372808440100163,1.3632333198598208,1.3591114643447033,True,-1.3423994483051478,projection,2100,linear,Xc ratio,43,
1.1584568380626283,0.002945398637445183,1.1517884775803349,1.165163805487418,1.1631375979171645,True,-1.36904117037303,projection,2050,exponential,Xc ratio,43,
1.4686282758710518,0.007696041599819625,1.4466417779498375,1.490948931216867,1.4841838382187762,True,-1.3690411705948318,projection,2100,exponential,Xc ratio,43,
86.97930865530711,,86.75092198900239,87.20769532161182,87.10877515389147,True,-1.1110529285071975,contour,2050,linear,Mean,43,0.11652595053083034
98.2851174344484,,97.78397603758114,98.78625883131565,98.42628991075028,True,-0.5521255495748364,contour,2050,linear,Top 10%,43,0.2556890845036953
103.99839967413787,,103.21001972588141,104.78677962239433,104.16146434350796,True,-0.405389406241373,contour,2050,linear,Top 1%,43,0.4022420587700223
110.27311767297668,,109.12908649485405,111.41714885109931,110.46601224989362,True,-0.33046863651976605,contour,2050,linear,Top 0.01%,43,0.5837001022195467
91.26190433298972,,90.92458583738846,91.59922282859097,91.47088929122432,True,-1.2142915280122397,contour,2100,linear,Mean,43,0.17210443572534137
101.2209974688018,,100.61221823972687,101.82977669787672,101.41922136822934,True,-0.6381816021276486,contour,2100,linear,Top 10%,43,0.3106073549702513
106.42318312508695,,105.54312801182758,107.30323823834632,106.63419065005733,True,-0.46993323847319785,contour,2100,linear,Top 1%,43,0.4490159616202985
112.26592876390231,,111.04823975954466,113.48361776825996,112.49874754383671,True,-0.37473970936995765,contour,2100,linear,Top 0.01%,43,0.6212813163724724
87.54737866973963,,87.29719582446639,87.79756151501287,87.70423030490902,True,-1.2287955055928999,contour,2050,exponential,Mean,43,0.12764665435011258
98.67333280523565,,98.16154573395599,99.1851198765153,98.83329383458928,True,-0.6125943269320386,contour,2050,exponential,Top 10%,43,0.2611206508469426
104.31739645612026,,103.52003937454317,105.11475353769735,104.4959921653633,True,-0.43900175466855196,contour,2050,exponential,Top 1%,43,0.4068223129948108
110.5338363431994,,109.38457535604432,111.68309733035447,110.73946122627666,True,-0.35067523361628083,contour,2050,exponential,Top 0.01%,43,0.5863684211650485
93.04571386755372,,92.65828719586034,93.43314053924709,93.32632589185134,True,-1.4195962783055094,contour,2100,exponential,Mean,43,0.1976703014694962
102.46122327010212,,101.81835062325399,103.10409591695026,102.71190395682973,True,-0.7642650842507026,contour,2100,exponential,Top 10%,43,0.3280022755106976
107.457565028619,,106.55307141105826,108.36205864617975,107.71305648722797,True,-0.5536291771539712,contour,2100,exponential,Top 1%,43,0.46148481538196984
113.12486071145813,,111.88924523379505,114.3604761891212,113.39514351075819,True,-0.4287292947079954,contour,2100,exponential,Top 0.01%,43,0.6304276442881055
0.5559636966045275,0.015065775439206964,0.5397870019874306,0.5726251851269449,0.5509085391235231,True,0.6062876488123717,historical,1800,historical,Xc ratio,44,
0.6368622934221576,0.014971412819259886,0.6184460880603649,0.6558269000536413,0.6430095965528855,True,-0.6416359341553023,historical,1850,historical,Xc ratio,44,
0.7151770474215671,0.007170955795072197,0.7051956737496144,0.7252996979392063,0.7118053198737329,True,0.6590033557150456,historical,1900,historical,Xc ratio,44,
0.7626011051771806,0.007130997038955493,0.7520167512309638,0.773334429938576,0.7595646387863185,True,0.5594829422488704,historical,1950,historical,Xc ratio,44,
0.826377169523988,0.004350456042599094,0.8193608243803868,0.8334535969875014,0.8281938295617597,True,-0.504758499103,historical,1980,historical,Xc ratio,44,
0.8444341169416455,0.0041668919177335955,0.8375657439354415,0.8513588133446621,0.8430327297983153,True,0.3986031620171755,historical,1985,historical,Xc ratio,44,
0.8681827870129091,0.0032337750890886747,0.8626975739319576,0.8737028762352252,0.8648109768540827,True,1.2033358275486612,historical,1990,historical,Xc ratio,44,
0.8762453494162991,0.003338695492602972,0.870530162333219,0.8819980577304725,0.8810140111632547,True,-1.6256045398280454,historical,1995,historical,Xc ratio,44,
0.9122270326163073,0.003345046945134744,0.9062658782357865,0.9182273977432567,0.9101435409155368,True,0.6835700850726127,historical,2000,historical,Xc ratio,44,
0.9314040782586712,0.0036864690728425488,0.9246986147774061,0.9381581664915907,0.9278461599106248,True,1.0381929186123826,historical,2005,historical,Xc ratio,44,
0.9533964605659866,0.003351329611084292,0.9471546120805715,0.9596794434892411,0.9542293786430015,True,-0.26056853474920344,historical,2010,historical,Xc ratio,44,
0.9794450509348264,0.003256741270302612,0.9732130703663903,0.9857169380591728,0.9765533965649273,True,0.9078726447910709,historical,2015,historical,Xc ratio,44,
1.138688150454,0.0021736451096580874,1.1338473547545016,1.1435496132238108,1.1374377209220468,True,0.5054804318092225,projection,2050,linear,Xc ratio,44,
1.362378715702387,0.004746996535191078,1.3497620063966858,1.375113357912519,1.3591114643447033,True,0.5058095968882291,projection,2100,linear,Xc ratio,44,
1.1646852696153842,0.0028899102367375513,1.15810700014727,1.1713009049134173,1.1631375979171645,True,0.4601237143093411,projection,2050,exponential,Xc ratio,44,
1.4893494845968405,0.007551055774308219,1.4674697214191774,1.5115554719069153,1.4841838382187762,True,0.46012371464785773,projection,2100,exponential,Xc ratio,44,
86.98647559212932,,86.76287531588004,87.21007586837861,87.10877515389147,True,-1.072014491214649,contour,2050,linear,Mean,44,0.11408386991445983
98.18499764256408,,97.69811957226719,98.67187571286098,98.42628991075028,True,-0.9713400217523235,contour,2050,linear,Top 10%,44,0.24841174334699218
103.83893379650436,,103.07328124838801,104.60458634462071,104.16146434350796,True,-0.8256333210099466,contour,2050,linear,Top 1%,44,0.3906462333776246
110.04989071588668,,108.93959557143931,111.16018586033404,110.46601224989362,True,-0.7345643398729822,contour,2050,linear,Top 0.01%,44,0.5664875238551622
91.3361436694289,,91.00955089947341,91.6627364393844,91.47088929122432,True,-0.8086418013155905,contour,2100,linear,Mean,44,0.16663202616560013
101.17621601601553,,100.58071562402495,101.77171640800611,101.41922136822934,True,-0.7998008814023879,contour,2100,linear,Top 10%,44,0.30383231359750823
106.31200214756524,,105.45400231732606,107.17000197780442,106.63419065005733,True,-0.7359883287405191,contour,2100,linear,Top 1%,44,0.43776305942711174
112.08447020671572,,110.8988359521534,113.27010446127804,112.49874754383671,True,-0.6848390700958852,contour,2100,linear,Top 0.01%,44,0.604926551668539
87.58242883392123,,87.33725458878637,87.82760307905609,87.70423030490902,True,-0.9737013619385345,contour,2050,exponential,Mean,44,0.12509119915915182
98.59315948998724,,98.09381747276048,99.09250150721401,98.83329383458928,True,-0.9425496966688703,contour,2050,exponential,Top 10%,44,0.25477101679700903
104.174651859328,,103.4005872424813,104.9487164761747,104.4959921653633,True,-0.8136470947037246,contour,2050,exponential,Top 1%,44,0.3949381840444236
110.32452215977689,,109.20738462712978,111.441659692424,110.73946122627666,True,-0.7279906030828013,contour,2050,exponential,Top 0.01%,44,0.5699786023921722
93.19257782856859,,92.81574153754558,93.5694141195916,93.32632589185134,True,-0.6956373185940357,contour,2100,exponential,Mean,44,0.19226694673752207
102.47314300529361,,101.84227519266696,103.10401081792025,102.71190395682973,True,-0.7417764174350797,contour,2100,exponential,Top 10%,44,0.3218772475427454
107.39520336289118,,106.5097543723603,108.28065235342206,107.71305648722797,True,-0.703576019325649,contour,2100,exponential,Top 1%,44,0.4517679903892163
112.98517978750037,,111.7801058302719,114.19025374472884,113.39514351075819,True,-0.6667757839537444,contour,2100,exponential,Top 0.01%,44,0.6148449495674209
0.5217805842654463,0.02006908862410594,0.5016549194963729,0.542713661394402,0.5509085391235231,False,-2.7067318716249558,historical,1800,historical,Xc ratio,45,
0.6492863503059941,0.017629671341803176,0.6272344011069605,0.6721135893529993,0.6430095965528855,True,0.5510135813551283,historical,1850,historical,Xc ratio,45,
0.7172907421896488,0.009900047547316089,0.7035067841558109,0.7313447722446209,0.7118053198737329,True,0.7754315989789126,historical,1900,historical,Xc ratio,45,
0.7625321595636065,0.008824312238833164,0.7494573039624263,0.7758351160160133,0.7595646387863185,True,0.4418767744121021,historical,1950,historical,Xc ratio,45,
0.8282403648415879,0.004648863679828518,0.8207280421097648,0.8358214496845264,0.8281938295617597,True,0.012086243144955934,historical,1980,historical,Xc ratio,45,
0.8409785885971253,0.004450229704573377,0.8336752268324584,0.8483459310239838,0.8430327297983153,True,-0.548192475725879,historical,1985,historical,Xc ratio,45,
0.8637780591055668,0.003371942080341961,0.8580882715024487,0.8695055743924719,0.8648109768540827,True,-0.3544246564561644,historical,1990,historical,Xc ratio,45,
0.8835269473199733,0.0033012596170729764,0.877828673570523,0.8892622104327256,0.8810140111632547,True,0.8627805008926809,historical,1995,historical,Xc ratio,45,
0.9138609086694768,0.0031676079588594534,0.9082048725013808,0.9195521689880958,0.9101435409155368,True,1.2867933426838225,historical,2000,historical,Xc ratio,45,
0.9312350766773188,0.003613396614795349,0.9246632501104168,0.9378536109558339,0.9278461599106248,True,1.0089679667268934,historical,2005,historical,Xc ratio,45,
0.96002672093165,0.0032396756558920607,0.9539502018537978,0.9661419465206301,0.9542293786430015,True,1.8696430275836615,historical,2010,historical,Xc ratio,45,
0.9761493429192935,0.003154823313874954,0.9701321020652177,0.982203905688002,0.9765533965649273,True,-0.13117704830830093,historical,2015,historical,Xc ratio,45,
1.1395137400556283,0.002421606158079247,1.1341181252245913,1.1449350247518737,1.1374377209220468,True,0.7530159631674419,projection,2050,linear,Xc ratio,45,
1.364535901435674,0.0052839833010647754,1.3504771236156545,1.378741034369998,1.3591114643447033,True,0.7538291584284773,projection,2100,linear,Xc ratio,45,
1.1657858803775047,0.00324075485872929,1.1584045520229656,1.1732142423941463,1.1631375979171645,True,0.7017672344431379,projection,2050,exponential,Xc ratio,45,
1.4930297236034225,0.008467778815753333,1.468455084906569,1.5180156195959797,1.4841838382187762,True,0.701767235161562,projection,2100,exponential,Xc ratio,45,
87.25900894851691,,87.06679819922245,87.45121969781137,87.10877515389147,True,1.5319269489738268,contour,2050,linear,Mean,45,0.0980685108556064
98.71487185619446,,98.18434425610596,99.24539945628297,98.42628991075028,True,1.0661277934733742,contour,2050,linear,Top 10%,45,0.2706823208351015
104.62144045064514,,103.69744590622413,105.54543499506615,104.16146434350796,True,0.9756947258846747,contour,2050,linear,Top 1%,45,0.4714344506885738
111.13815406488968,,109.71901153907626,112.55729659070309,110.46601224989362,True,0.9282885446199486,contour,2050,linear,Top 0.01%,45,0.7240656139640664
91.75290783340058,,91.45484378902496,92.0509718777762,91.47088929122432,True,1.8544544236988914,contour,2100,linear,Mean,45,0.15207628646583105
101.83479898704049,,101.1213342270182,102.54826374706278,101.41922136822934,True,1.1416361554077192,contour,2100,linear,Top 10%,45,0.3640193216048979
107.20337579420011,,106.11627941335134,108.29047217504889,106.63419065005733,True,1.026203750383233,contour,2100,linear,Top 1%,45,0.5546512024831501
113.26189419811212,,111.70274989850654,114.8210384977177,112.49874754383671,True,0.9593338844136282,contour,2100,linear,Top 0.01%,45,0.7954964029461539
87.88006464427487,,87.6707641852631,88.08936510328664,87.70423030490902,True,1.6465753301719845,contour,2050,exponential,Mean,45,0.10678791072831352
99.1434103207297,,98.59574670995691,99.69107393150249,98.83329383458928,True,1.1098366440480745,contour,2050,exponential,Top 10%,45,0.2794253440842259
104.97426993987243,,104.03733548784844,105.91120439189642,104.4959921653633,True,1.0005045823844014,contour,2050,exponential,Top 1%,45,0.47803656567898245
111.42675308248656,,109.99591782459082,112.85758834038229,110.73946122627666,True,0.9414551938146315,contour,2050,exponential,Top 0.01%,45,0.7300314032206835
93.67788444581359,,93.32826235424058,94.0275065373866,93.32632589185134,False,1.9708196959833024,contour,2100,exponential,Mean,45,0.1783818959586995
103.19068668199483,,102.42465414179746,103.9567192221922,102.71190395682973,True,1.2250091849906761,contour,2100,exponential,Top 10%,45,0.3908401104508844
108.33663132875077,,107.2046778090967,109.46858484840484,107.71305648722797,True,1.079712382027321,contour,2100,exponential,Top 1%,45,0.5775379183407541
114.20389739251141,,112.61013853714819,115.79765624787463,113.39514351075819,True,0.9945848929774096,contour,2100,exponential,Top 0.01%,45,0.8131572150991727
0.5515610769703916,0.01733770416153951,0.5331332025026735,0.5706259152509127,0.5509085391235231,True,0.06827748800022695,historical,1800,historical,Xc ratio,46,
0.6654531265609229,0.0166614316171133,0.6440732075973632,0.6875427489083472,0.6430095965528855,False,2.0591599776737732,historical,1850,historical,Xc ratio,46,
0.7169448688722649,0.008447362549296532,0.7051724761348166,0.7289137939978239,0.7118053198737329,True,0.8516858758546284,historical,1900,historical,Xc ratio,46,
0.7710687413827173,0.00764908683422443,0.7595951497215094,0.7827156402400762,0.7595646387863185,False,1.965215352712589,historical,1950,historical,Xc ratio,46,
0.8312426475964034,0.0043013001596997336,0.8242644010777548,0.8382799721541028,0.8281938295617597,True,0.8542826899951839,historical,1980,historical,Xc ratio,46,
0.8458719521528245,0.004174288891640571,0.838979720777251,0.852820803315692,0.8430327297983153,True,0.805456644917478,historical,1985,historical,Xc ratio,46,
0.8691824130330449,0.003238714292128806,0.863682523218096,0.8747173258884785,0.8648109768540827,True,1.556807741827761,historical,1990,historical,Xc ratio,46,
0.8875044980590869,0.00328094296978446,0.8818156843566404,0.893230011722665,0.8810140111632547,False,2.2371800199406358,historical,1995,historical,Xc ratio,46,
0.915204566688195,0.003191705532044941,0.9094972574871303,0.9209476905968342,0.9101435409155368,True,1.737405296727983,historical,2000,historical,Xc ratio,46,
0.9283719975423139,0.0036214462149901675,0.921805832656689,0.9349849342314768,0.9278461599106248,True,0.15644821571841808,historical,2005,historical,Xc ratio,46,
0.9565472626381752,0.003278650788906901,0.9504201616667745,0.962713863367502,0.9542293786430015,True,0.7399746121321027,historical,2010,historical,Xc ratio,46,
0.9812809517058552,0.0032117857943203994,0.97512320513535,0.9874775834578705,0.9765533965649273,True,1.5036436562960214,historical,2015,historical,Xc ratio,46,
1.1357455260641007,0.002141049669301527,1.1309894920227472,1.1405215601673135,1.1374377209220468,True,-0.6953752959634126,projection,2050,linear,Xc ratio,46,
1.3546899229416833,0.0046901982736678284,1.3422938372173476,1.367200486537424,1.3591114643447033,True,-0.6947600110415165,projection,2100,linear,Xc ratio,46,
1.1604783019945604,0.0028374226367628517,1.1540425085767887,1.1669499861499855,1.1631375979171645,True,-0.8066933636627881,projection,2050,exponential,Xc ratio,46,
1.4753337932005743,0.007413910757693566,1.4540507272861074,1.4969283811866025,1.4841838382187762,True,-0.8066933639761966,projection,2100,exponential,Xc ratio,46,
87.05612547033674,,86.84113501378376,87.27111592688972,87.10877515389147,True,-0.47998169416079306,contour,2050,linear,Mean,46,0.10969102404371253
98.41974737504732,,97.90474087621263,98.93475387388202,98.42628991075028,True,-0.024898975788438686,contour,2050,linear,Top 10%,46,0.2627632461091179
104.23779829292066,,103.38447294028649,105.09112364555483,104.16146434350796,True,0.17532795806985574,contour,2050,linear,Top 1%,46,0.4353780780489436
110.64425566034484,,109.36450598135823,111.92400533933144,110.46601224989362,True,0.27298359257460797,contour,2050,linear,Top 0.01%,46,0.6529455077139896
91.43301259626134,,91.11375419154774,91.75227100097493,91.47088929122432,True,-0.2325293770964715,contour,2100,linear,Mean,46,0.16288993432118015
101.44777371390309,,100.78189041630802,102.11365701149816,101.41922136822934,True,0.0840411065974926,contour,2100,linear,Top 10%,46,0.3397426191743763
106.74227163510034,,105.75405447811126,107.73048879208942,106.63419065005733,True,0.21436061557898398,contour,2100,linear,Top 1%,46,0.5042016918596646
112.70382476613504,,111.3127387491591,114.09491078311099,112.49874754383671,True,0.2889425706600123,contour,2100,linear,Top 0.01%,46,0.7097508056008642
87.63930703871789,,87.40414396958549,87.87447010785029,87.70423030490902,True,-0.5411022400871927,contour,2050,exponential,Mean,46,0.11998336244305366
98.82096385095636,,98.28966189834064,99.35226580357208,98.83329383458928,True,-0.0454851026455333,contour,2050,exponential,Top 10%,46,0.2710774059148932
104.56797254827697,,103.70076145889311,105.43518363766083,104.4959921653633,True,0.1626812200988085,contour,2050,exponential,Top 1%,46,0.4424627677979429
110.9142810968493,,109.62407420181859,112.20448799188,110.73946122627666,True,0.2655703138961703,contour,2050,exponential,Top 0.01%,46,0.6582809200616562
93.25768177015965,,92.88362214595766,93.63174139436164,93.32632589185134,True,-0.3596752965603292,contour,2100,exponential,Mean,46,0.19085025396003694
102.72865600112323,,102.01432193983737,103.44299006240908,102.71190395682973,True,0.04596365378905572,contour,2100,exponential,Top 10%,46,0.36446285080769575
107.81193064296941,,106.78413562302296,108.83972566291587,107.71305648722797,True,0.18854905938843672,contour,2100,exponential,Top 1%,46,0.5243948501368401
113.59247931166276,,112.16786452554703,115.01709409777848,113.39514351075819,True,0.27149168070047747,contour,2100,exponential,Top 0.01%,46,0.7268576348101012
0.5523720383941445,0.01950587062442925,0.5316529877978412,0.5738985311895225,0.5509085391235231,True,0.136010190391973,historical,1800,historical,Xc ratio,47,
0.6615745930045616,0.01781333295640068,0.6388752763093181,0.6850804191978834,0.6430095965528855,True,1.5978532434058905,historical,1850,historical,Xc ratio,47,
0.7144548364233942,0.009934072537845095,0.700678646883417,0.7285018825095007,0.7118053198737329,True,0.37399952872993314,historical,1900,historical,Xc ratio,47,
0.7670547239229629,0.008621585565494983,0.7542019343813752,0.780126545253611,0.7595646387863185,True,1.1381573976292834,historical,1950,historical,Xc ratio,47,
0.8318146007479451,0.004618328028787058,0.8243191919269814,0.8393781641793359,0.8281938295617597,True,0.944575538970844,historical,1980,historical,Xc ratio,47,
0.8449366987774385,0.0043947497280862865,0.8376900477758092,0.8522460387782731,0.8430327297983153,True,0.5133237088655278,historical,1985,historical,Xc ratio,47,
0.8608552713429796,0.003371201507988687,0.8551859777161112,0.8665621484792426,0.8648109768540827,True,-1.3599194687660188,historical,1990,historical,Xc ratio,47,
0.8815389448280859,0.0032977504603585368,0.8758595166098502,0.8872552007615823,0.8810140111632547,True,0.1806235901579801,historical,1995,historical,Xc ratio,47,
0.9134397628724226,0.0031674485689032156,0.9077866168364538,0.919128113282978,0.9101435409155368,True,1.1413313262571332,historical,2000,historical,Xc ratio,47,
0.9288864209602332,0.0035988168244303212,0.9223575258971762,0.9354615307172105,0.9278461599106248,True,0.31136032957546794,historical,2005,historical,Xc ratio,47,
0.9536630314784276,0.0032182459113071532,0.9476665941801878,0.959697411720412,0.9542293786430015,True,-0.1844758977376435,historical,2010,historical,Xc ratio,47,
0.9793843780607896,0.0031648815686292817,0.9733280074012706,0.9854784334733276,0.9765533965649273,True,0.9146497758151017,historical,2015,historical,Xc ratio,47,
1.1369905337686836,0.0023807780426081553,1.1316974230134766,1.1423084011601585,1.1374377209220468,True,-0.16516885940548393,projection,2050,linear,Xc ratio,47,
1.357943007589141,0.005208558418594402,1.3441508473871742,1.3718766873857324,1.3591114643447033,True,-0.16513030438907597,projection,2100,linear,Xc ratio,47,
1.1622973004657884,0.003170762807047222,1.155096507984868,1.1695429821936199,1.1631375979171645,True,-0.22792665653206393,projection,2050,exponential,Xc ratio,47,
1.4813838260865813,0.008284896369833613,1.4575232193294085,1.5056350465556114,1.4841838382187762,True,-0.22792665644856902,projection,2100,exponential,Xc ratio,47,
87.17065545476775,,86.97866527132335,87.36264563821216,87.10877515389147,True,0.6317154288522808,contour,2050,linear,Mean,47,0.09795597519077291
98.65817083599423,,98.13250097250638,99.18384069948208,98.42628991075028,True,0.8645697494706082,contour,2050,linear,Top 10%,47,0.26820383825125405
104.55562606659721,,103.63981835262872,105.4714337805657,104.16146434350796,True,0.8435643962764792,contour,2050,linear,Top 1%,47,0.4672574196221384
111.05909237914884,,109.65019395089227,112.4679908074054,110.46601224989362,True,0.8250528710752921,contour,2050,linear,Top 0.01%,47,0.7188389375365137
91.59632737401441,,91.29772512380134,91.89492962422747,91.47088929122432,True,0.8233498722225999,contour,2100,linear,Mean,47,0.15235088632669377
101.73445948658724,,101.02735238698207,102.44156658619241,101.41922136822934,True,0.8737790341528585,contour,2100,linear,Top 10%,47,0.3607755577055298
107.10099348154075,,106.02132418152593,108.18066278155558,106.63419065005733,True,0.8474046058142346,contour,2100,linear,Top 1%,47,0.5508618058960035
113.15248112873817,,111.60612859944693,114.69883365802941,112.49874754383671,True,0.8285913190043123,contour,2100,linear,Top 0.01%,47,0.7889698695938876
87.76948389346494,,87.56011688937507,87.9788508975548,87.70423030490902,True,0.610863607604075,contour,2050,exponential,Mean,47,0.10682186292265153
99.07191139182467,,98.52931785760072,99.61450492604862,98.83329383458928,True,0.8619376914049796,contour,2050,exponential,Top 10%,47,0.2768385228013801
104.89623003405708,,103.96450123973426,105.8279588283799,104.4959921653633,True,0.8419314855016288,contour,2050,exponential,Top 1%,47,0.47538056906770065
111.33767015119392,,109.91613475585606,112.75920554653177,110.73946122627666,True,0.8247898377441099,contour,2050,exponential,Top 0.01%,47,0.7252864881961028
93.46160844630559,,93.1107819933225,93.81243489928868,93.32632589185134,True,0.7557837563625457,contour,2100,exponential,Mean,47,0.17899637735711718
103.0495996160608,,102.29103156099715,103.80816767112445,102.71190395682973,True,0.872527290610543,contour,2100,exponential,Top 10%,47,0.3870316296866473
108.19973800611103,,107.07725713371612,109.32221887850595,107.71305648722797,True,0.8497946578963338,contour,2100,exponential,Top 1%,47,0.5727048462364306
114.06545061608134,,112.48195720428808,115.64894402787459,113.39514351075819,True,0.8296705090340863,contour,2100,exponential,Top 0.01%,47,0.8079196476484712
0.5548481236710467,0.016055455641667517,0.5376599571575139,0.572585769579807,0.5509085391235231,True,0.443813040221703,historical,1800,historical,Xc ratio,48,
0.630723894051449,0.015442442284384126,0.6119200074648283,0.6501056113127479,0.6430095965528855,True,-1.249248694097672,historical,1850,historical,Xc ratio,48,
0.7200651494044307,0.0077101269430935315,0.7092656379907551,0.7310290977237265,0.7118053198737329,True,1.4963756635025867,historical,1900,historical,Xc ratio,48,
0.7597951448386093,0.0076412018940367555,0.7485008729840467,0.7712598381065984,0.7595646387863185,True,0.039709098771209865,historical,1950,historical,Xc ratio,48,
0.8292241816863699,0.0043623166354855945,0.8221645514865458,0.836344430382173,0.8281938295617597,True,0.28501419029141767,historical,1980,historical,Xc ratio,48,
0.8422827209858496,0.004182375022875029,0.8354064948824211,0.849215545267189,0.8430327297983153,True,-0.21281009028395426,historical,1985,historical,Xc ratio,48,
0.8626476740922,0.0032628048268366653,0.8571486612919865,0.8681819656522628,0.8648109768540827,True,-0.767624399379948,historical,1990,historical,Xc ratio,48,
0.8761343097012312,0.0033271469139395243,0.870439548859683,0.8818663279273787,0.8810140111632547,True,-1.6693367911992139,historical,1995,historical,Xc ratio,48,
0.9109530070619511,0.003296582685515287,0.9050861465141986,0.9168578971970742,0.9101435409155368,True,0.2696694629307568,historical,2000,historical,Xc ratio,48,
0.9276482341541425,0.0036896973438388285,0.920963982916806,0.9343809989223365,0.9278461599106248,True,-0.0578205103545678,historical,2005,historical,Xc ratio,48,
0.9555132696462058,0.0033435406734308804,0.949272054008378,0.9617955196455461,0.9542293786430015,True,0.4021395236516122,historical,2010,historical,Xc ratio,48,
0.9751685724149166,0.003242546476502953,0.9689907602752578,0.9813857712694931,0.9765533965649273,True,-0.4376435546396432,historical,2015,historical,Xc ratio,48,
1.1380118665721184,0.002156999915594738,1.1332109151415943,1.142833157671393,1.1374377209220468,True,0.2339562962265301,projection,2050,linear,Xc ratio,48,
1.360611651365858,0.00471396179665539,1.3480985888556831,1.3732408602281452,1.3591114643447033,True,0.23402631408391367,projection,2100,linear,Xc ratio,48,
1.163917913171444,0.0028711953513667634,1.1573864305521164,1.1704862549279456,1.1631375979171645,True,0.23357729430095886,projection,2050,exponential,Xc ratio,48,
1.4867869028936758,0.007502155598335308,1.465085196960985,1.5088100672926499,1.4841838382187762,True,0.2335772942128779,projection,2100,exponential,Xc ratio,48,
87.17529200633894,,86.9463431786524,87.40424083402547,87.10877515389147,True,0.5694313287355619,contour,2050,linear,Mean,48,0.1168127728327949
98.4848865752745,,97.96904674692138,99.00072640362762,98.42628991075028,True,0.2226414979399733,contour,2050,linear,Top 10%,48,0.26318842204347265
104.23404758461055,,103.4083187088353,105.0597764603858,104.16146434350796,True,0.17228480511681263,contour,2050,linear,Top 1%,48,0.4212979841918098
110.56137304622149,,109.3494152076396,111.77333088480339,110.46601224989362,True,0.15421636000008815,contour,2050,linear,Top 0.01%,48,0.618357198469816
91.54433186379767,,91.21064064876894,91.87802307882639,91.47088929122432,True,0.43137125190223224,contour,2100,linear,Mean,48,0.17025374836519463
101.49739762358661,,100.85270550030245,102.14208974687077,101.41922136822934,True,0.23766793390603105,contour,2100,linear,Top 10%,48,0.3289305968729152
106.72508983066378,,105.78682841899352,107.66335124233403,106.63419065005733,True,0.18988217782043593,contour,2100,linear,Top 1%,48,0.47871359834729643
112.6103562705705,,111.30559216133159,113.91512037980942,112.49874754383671,True,0.16765412476451247,contour,2100,linear,Top 0.01%,48,0.6657082066460204
87.77518127662222,,87.52476086303535,88.02560169020909,87.70423030490902,True,0.5553115548136215,contour,2050,exponential,Mean,48,0.12776786490065992
98.8964107993916,,98.36549248101718,99.42732911776602,98.83329383458928,True,0.23300566875295034,contour,2050,exponential,Top 10%,48,0.270881670562445
104.57257638892628,,103.73471306902886,105.4104397088237,104.4959921653633,True,0.1791489332481646,contour,2050,exponential,Top 1%,48,0.4274891408752466
110.83825842129592,,109.6170772551213,112.05943958747054,110.73946122627666,True,0.1585669263291223,contour,2050,exponential,Top 0.01%,48,0.6230630643252478
93.40724332782382,,93.02068227811698,93.79380437753066,93.32632589185134,True,0.41027222051383266,contour,2100,exponential,Mean,48,0.19722864948335564
102.80258146171967,,102.11574181625637,103.48942110718296,102.71190395682973,True,0.2587571130556243,contour,2100,exponential,Top 10%,48,0.35043482986474034
107.81526873827872,,106.8430919095988,108.78744556695864,107.71305648722797,True,0.2060657330315552,contour,2100,exponential,Top 1%,48,0.4960177005028412
113.51665821602573,,112.18529046980608,114.84802596224539,113.39514351075819,True,0.1788870479945398,contour,2100,exponential,Top 0.01%,48,0.6792817402367353
0.5498849283433334,0.015507025354505636,0.5334235833049046,0.5668542671956002,0.5509085391235231,True,-0.11993077255225727,historical,1800,historical,Xc ratio,49,
0.6449777018959106,0.015563186865267184,0.6256007948393725,0.6649547752728483,0.6430095965528855,True,0.19636702558552246,historical,1850,historical,Xc ratio,49,
0.7145771525437452,0.007367607373775835,0.7043326280526653,0.7249706837368693,0.7118053198737329,True,0.5275153288945732,historical,1900,historical,Xc ratio,49,
0.7606257105058574,0.007401722162548372,0.7496708840752453,0.7717406181463364,0.7595646387863185,True,0.1886010279934372,historical,1950,historical,Xc ratio,49,
0.8259303241986717,0.0044934976605071255,0.818688216315519,0.8332364956966977,0.8281938295617597,True,-0.6090587282641027,historical,1980,historical,Xc ratio,49,
0.8420001785406314,0.004314307057197764,0.834910338326387,0.8491502238235593,0.8430327297983153,True,-0.28406794640291355,historical,1985,historical,Xc ratio,49,
0.8633895550706212,0.0033061581947071194,0.8578129207415239,0.8690024430509382,0.8648109768540827,True,-0.49754835627978644,historical,1990,historical,Xc ratio,49,
0.8771067960522304,0.0033781000062328643,0.8713186945193312,0.8829333474882085,0.8810140111632547,True,-1.315760414839218,historical,1995,historical,Xc ratio,49,
0.9104227966104259,0.0034072670668412975,0.9043631393349993,0.9165230564322174,0.9101435409155368,True,0.09003665536251794,historical,2000,historical,Xc ratio,49,
0.9280327023740208,0.0037525423984100972,0.9212322019329294,0.9348834038460273,0.9278461599106248,True,0.053571335288052545,historical,2005,historical,Xc ratio,49,
0.9572437159920251,0.0034275903351845593,0.9508345494598316,0.963696083957802,0.9542293786430015,True,0.9201637314171794,historical,2010,historical,Xc ratio,49,
0.9771756399158462,0.003298385750030531,0.9708788510833213,0.9835132675714201,0.9765533965649273,True,0.19311877518384665,historical,2015,historical,Xc ratio,49,
1.1402900211505695,0.002289772193674756,1.1351840127197739,1.1454189961857248,1.1374377209220468,True,1.0937835081143032,projection,2050,linear,Xc ratio,49,
1.3665642488127785,0.004992302250683516,1.3532579883052875,1.3800013465813266,1.3591114643447033,True,1.0954046600885485,projection,2100,linear,Xc ratio,49,
1.1669263052100496,0.0030513218238262824,1.1599683514464216,1.1739259955611598,1.1631375979171645,True,1.06577513857712,projection,2050,exponential,Xc ratio,49,
1.4968490098146954,0.007972808638567985,1.4736404275875912,1.520423107454453,1.4841838382187762,True,1.0657751382938638,projection,2100,exponential,Xc ratio,49,
87.20480794538868,,86.97200967713732,87.43760621364004,87.10877515389147,True,0.8085146598519451,contour,2050,linear,Mean,49,0.11877680921060085
98.47574722076168,,97.9625826287537,98.98891181276966,98.42628991075028,True,0.18889562511563035,contour,2050,linear,Top 10%,49,0.2618234804597319
104.20128522587554,,103.39517714222478,105.0073933095263,104.16146434350796,True,0.09682013721980251,contour,2050,linear,Top 1%,49,0.41128719201437186
110.49812007027202,,109.32902062231196,111.66721951823209,110.46601224989362,True,0.053827902898721386,contour,2050,linear,Top 0.01%,49,0.5964902708324245
91.6237718393769,,91.28518539590596,91.96235828284784,91.47088929122432,True,0.8849860767371902,contour,2100,linear,Mean,49,0.17275135979113995
101.50589759412418,,100.88261866122343,102.12917652702492,101.41922136822934,True,0.2725622062646899,contour,2100,linear,Top 10%,49,0.3180052989836065
106.70554064392392,,105.80485067086923,107.60623061697862,106.63419065005733,True,0.15526254589177627,contour,2100,linear,Top 1%,49,0.4595441447696217
112.55742574713217,,111.31147203039409,113.80337946387026,112.49874754383671,True,0.0923045243106639,contour,2100,linear,Top 0.01%,49,0.6357023529850779
87.81876891950573,,87.56410305508248,88.07343478392897,87.70423030490902,True,0.8815141360114085,contour,2050,exponential,Mean,49,0.12993395104809588
98.89504060280002,,98.37009970596274,99.4199814996373,98.83329383458928,True,0.23054298604649068,contour,2050,exponential,Top 10%,49,0.26783190965648024
104.54598193625712,,103.73063340974345,105.3613304627708,104.4959921653633,True,0.12016720133931878,contour,2050,exponential,Top 1%,49,0.4160017903109783
110.7799486418434,,109.60558886594941,111.9543084177374,110.73946122627666,True,0.06757203198441836,contour,2050,exponential,Top 0.01%,49,0.5991741609321503
93.52990346032043,,93.14087955519622,93.91892736544463,93.32632589185134,True,1.0256559995516161,contour,2100,exponential,Mean,49,0.1984852314597523
102.83407509017191,,102.17470570289936,103.49344447744446,102.71190395682973,True,0.36315155954021816,contour,2100,exponential,Top 10%,49,0.33641913447062544
107.81468679232982,,106.88671077543057,108.74266280922907,107.71305648722797,True,0.21465181654480645,contour,2100,exponential,Top 1%,49,0.4734658515253485
113.47953896779981,,112.21489176631383,114.7441861692858,113.39514351075819,True,0.1307969970328568,contour,2100,exponential,Top 0.01%,49,0.6452400204602745
0.5459940108784438,0.014377087242051077,0.5308234252212076,0.5615981619328506,0.5509085391235231,True,-0.6232693677805111,historical,1800,historical,Xc ratio,50,
0.6272743897326856,0.014751160649698067,0.6093984508625437,0.6456746968384813,0.6430095965528855,True,-1.6795682243056502,historical,1850,historical,Xc ratio,50,
0.7060034693631092,0.006720109391034806,0.6967655466534696,0.7153638711712048,0.7118053198737329,True,-1.2178812591984338,historical,1900,historical,Xc ratio,50,
0.7594767000231671,0.006931220063481304,0.7492290180180367,0.7698645460955625,0.7595646387863185,True,-0.016704407217886054,historical,1950,historical,Xc ratio,50,
0.829547574174309,0.004587627154613666,0.822122061072007,0.8370401554741979,0.8281938295617597,True,0.3560097845377189,historical,1980,historical,Xc ratio,50,
0.8412283735056094,0.004440285597999196,0.8339390959088564,0.8485813650691774,0.8430327297983153,True,-0.4825386852398412,historical,1985,historical,Xc ratio,50,
0.8626280289423419,0.003361846400173497,0.8569627733963693,0.8683307366640652,0.8648109768540827,True,-0.7517838830747754,historical,1990,historical,Xc ratio,50,
0.8754320688548475,0.003405579365909339,0.869608181885991,0.8812949592049192,0.8810140111632547,True,-1.8663408988281007,historical,1995,historical,Xc ratio,50,
0.9057501486064224,0.003435927904779003,0.8996710521461174,0.9118703216509807,0.9101435409155368,True,-1.4083038499078713,historical,2000,historical,Xc ratio,50,
0.9247612018789241,0.003816989843594742,0.9178687269496758,0.9317054338941864,0.9278461599106248,True,-0.8725197523353062,historical,2005,historical,Xc ratio,50,
0.9518552868810587,0.003509755063314455,0.9453299501383458,0.9584256661188281,0.9542293786430015,True,-0.709755431273552,historical,2010,historical,Xc ratio,50,
0.9760911299957851,0.003376053228347822,0.9696537123818695,0.9825712848725056,0.9765533965649273,True,-0.1402458492832053,historical,2015,historical,Xc ratio,50,
1.1374710579886191,0.0025606879345326946,1.1317765562951196,1.1431942114061333,1.1374377209220468,True,0.01144555182498858,projection,2050,linear,Xc ratio,50,
1.3591985708734884,0.005599347565458477,1.3443635719511184,1.3741972734230752,1.3591114643447033,True,0.011445750867880546,projection,2100,linear,Xc ratio,50,
1.1632753909506728,0.0033787366151141938,1.1555973969113922,1.1710043989439696,1.1631375979171645,True,0.035060338532085934,projection,2050,exponential,Xc ratio,50,
1.4846432992473892,0.008828311802509823,1.4591752337328165,1.5105558777622239,1.4841838382187762,True,0.035060338525303054,projection,2100,exponential,Xc ratio,50,
87.00787454125248,,86.7976110327475,87.21813804975746,87.10877515389147,True,-0.9405415528190469,contour,2050,linear,Mean,50,0.10727927153943338
98.21384421995555,,97.74118870391368,98.68649973599742,98.42628991075028,True,-0.8809500545245309,contour,2050,linear,Top 10%,50,0.24115520477423602
103.80866366947835,,103.06916070726146,104.54816663169524,104.16146434350796,True,-0.9350559093726277,contour,2050,linear,Top 1%,50,0.3773043627587141
109.94315662507616,,108.87779970877368,111.00851354137863,110.46601224989362,True,-0.9619106780787459,contour,2050,linear,Top 0.01%,50,0.5435594351252891
91.28417299123403,,90.96681055779636,91.6015354246717,91.47088929122432,True,-1.1531208005418474,contour,2100,linear,Mean,50,0.16192258426225348
101.13295211712368,,100.57768720688357,101.68821702736379,101.41922136822934,True,-1.0104679977089015,contour,2100,linear,Top 10%,50,0.28330362936257414
106.2187668352438,,105.41101198102652,107.02652168946108,106.63419065005733,True,-1.0079985420127513,contour,2100,linear,Top 1%,50,0.41212739651788216
111.92465263611156,,110.80722875212912,113.042076520094,112.49874754383671,True,-1.0069637484738014,contour,2100,linear,Top 0.01%,50,0.5701247026968724
87.59187598787726,,87.36175756510407,87.82199441065045,87.70423030490902,True,-0.956943873663159,contour,2050,exponential,Mean,50,0.11740951598516346
98.61189121973109,,98.13302091472464,99.09076152473754,98.83329383458928,True,-0.9061767803689267,contour,2050,exponential,Top 10%,50,0.24432607373591478
104.13558072136489,,103.39245781128992,104.87870363143986,104.4959921653633,True,-0.9505741786129132,contour,2050,exponential,Top 1%,50,0.3791513088692685
110.21040292797319,,109.14390876808882,111.27689708785756,110.73946122627666,True,-0.9722840024827138,contour,2050,exponential,Top 0.01%,50,0.5441396721045755
93.11711798591814,,92.75218194056963,93.48205403126666,93.32632589185134,True,-1.1235940273274658,contour,2100,exponential,Mean,50,0.18619528125368484
102.3991657556743,,101.82296862872616,102.97536288262245,102.71190395682973,True,-1.06379497950815,contour,2100,exponential,Top 10%,50,0.2939835280102768
107.27500731676407,,106.45621856172905,108.0937960717991,107.71305648722797,True,-1.0485739970013852,contour,2100,exponential,Top 1%,50,0.41775704119746526
112.80249869679822,,111.68086174955246,113.92413564404399,113.39514351075819,True,-1.0355957815389507,contour,2100,exponential,Top 0.01%,50,0.5722742642686921
0.5401116652527626,0.014343856189204583,0.5251387241458406,0.5555115201542365,0.5509085391235231,True,-1.3798868816443557,historical,1800,historical,Xc ratio,51,
0.636765626085502,0.01495607437878128,0.6183708057347631,0.6557076414405941,0.6430095965528855,True,-0.6524435889740214,historical,1850,historical,Xc ratio,51,
0.7037962438418041,0.006790203715112531,0.6944917847951486,0.7132253594503458,0.7118053198737329,True,-1.6664535336494901,historical,1900,historical,Xc ratio,51,
0.7514828701891774,0.0070874526050618445,0.7411160775743925,0.7619946743512352,0.7595646387863185,True,-1.5092884937376077,historical,1950,historical,Xc ratio,51,
0.8253346884929962,0.0045963002586144955,0.8179329819749296,0.8328033751434047,0.8281938295617597,True,-0.752395052382851,historical,1980,historical,Xc ratio,51,
0.8426567899390356,0.004384747369127791,0.8354460708584855,0.849929744598245,0.8430327297983153,True,-0.10172465239059893,historical,1985,historical,Xc ratio,51,
0.8658920744473965,0.0033167861827988606,0.8602813560872198,0.8715393856737261,0.8648109768540827,True,0.37666469703595845,historical,1990,historical,Xc ratio,51,
0.8770265282659091,0.0033912888356812526,0.8712164355126742,0.8828753681965675,0.8810140111632547,True,-1.3376297157113561,historical,1995,historical,Xc ratio,51,
0.9145251269460432,0.003363325632923251,0.9085164064461383,0.920573587754202,0.9101435409155368,True,1.4279376407845483,historical,2000,historical,Xc ratio,51,
0.9289627342942208,0.003796829958388326,0.9220753772211954,0.9359015358463237,0.9278461599106248,True,0.3167592840590037,historical,2005,historical,Xc ratio,51,
0.9518236240010388,0.0034911604194785353,0.9453329561928185,0.9583588568149756,0.9542293786430015,True,-0.723064068345859,historical,2010,historical,Xc ratio,51,
0.9733950513833223,0.0033484571406898235,0.967027717215166,0.9798043108693233,0.9765533965649273,True,-0.967435666136937,historical,2015,historical,Xc ratio,51,
1.1375524952972653,0.0024687751073838114,1.1320615036978003,1.1430701205987395,1.1374377209220468,True,0.04087086886028305,projection,2050,linear,Xc ratio,51,
1.359411358679951,0.005397907123374902,1.3451050014492425,1.373869876416339,1.3591114643447033,True,0.040873315594545566,projection,2100,linear,Xc ratio,51,
1.1635683774205474,0.003270328618983625,1.156134073955546,1.1710504857805475,1.1631375979171645,True,0.11322755561791584,projection,2050,exponential,Xc ratio,51,
1.485620533496972,0.008545052196420903,1.460946565380583,1.5107112209630178,1.4841838382187762,True,0.11322755563883886,projection,2100,exponential,Xc ratio,51,
87.0260462837959,,86.8083917513947,87.24370081619712,87.10877515389147,True,-0.7449677435161659,contour,2050,linear,Mean,51,0.11105027139174331
98.21614634490231,,97.73679467615163,98.695498013653,98.42628991075028,True,-0.8592310145040132,contour,2050,linear,Top 10%,51,0.24457167199589028
103.8318156601178,,103.08515196421163,104.57847935602396,104.16146434350796,True,-0.8653153361254954,contour,2050,linear,Top 1%,51,0.38095786544843185
109.99277948197779,,108.91747805460325,111.06808090935233,110.46601224989362,True,-0.862566679264845,contour,2050,linear,Top 0.01%,51,0.5486332584967949
91.32585382004571,,91.00142988795729,91.65027775213413,91.47088929122432,True,-0.8762124858082353,contour,2100,linear,Mean,51,0.16552545589992665
101.15290078169802,,100.58635707412431,101.71944448927174,101.41922136822934,True,-0.921338902833099,contour,2100,linear,Top 10%,51,0.2890582235401013
106.25718370143196,,105.43797901664568,107.07638838621823,106.63419065005733,True,-0.901996845171659,contour,2100,linear,Top 1%,51,0.4179692541536891
111.98697399998359,,110.8550555288877,113.11889247107948,112.49874754383671,True,-0.8861572099105354,contour,2100,linear,Top 0.01%,51,0.5775200360947148
87.6181196342444,,87.37966387715645,87.85657539133234,87.70423030490902,True,-0.707778311785538,contour,2050,exponential,Mean,51,0.12166333614742936
98.61971102494978,,98.132267562303,99.10715448759656,98.83329383458928,True,-0.8587962434396977,contour,2050,exponential,Top 10%,51,0.24870021413234286
104.16336690491316,,103.41133267160883,104.91540113821749,104.4959921653633,True,-0.8668934231438027,contour,2050,exponential,Top 1%,51,0.383697985899896
110.2638441729745,,109.18586296476087,111.34182538118813,110.73946122627666,True,-0.8647574631194671,contour,2050,exponential,Top 0.01%,51,0.5500005187425042
93.17480028387932,,92.80165858590779,93.54794198185085,93.32632589185134,True,-0.7959033685464515,contour,2100,exponential,Mean,51,0.19038191564479517
102.43237933027953,,101.84051985689473,103.02423880366433,102.71190395682973,True,-0.9256558785774328,contour,2100,exponential,Top 10%,51,0.3019746679292719
107.32477439211671,,106.49004202698896,108.15950675724446,107.71305648722797,True,-0.911692123191294,contour,2100,exponential,Top 1%,51,0.4258916856187364
112.87430108900821,,111.73298143150151,114.01562074651491,113.39514351075819,True,-0.8944316182905576,contour,2100,exponential,Top 0.01%,51,0.5823166479125729
0.5563333570025436,0.0217140449232932,0.5331532634564394,0.5805212596977894,0.5509085391235231,True,0.451268886098004,historical,1800,historical,Xc ratio,52,
0.6405647150872029,0.0189975007737168,0.6171522409482805,0.6648653719287653,0.6430095965528855,True,-0.20052606950354518,historical,1850,historical,Xc ratio,52,
0.7075505613241961,0.01189654008251697,0.6912436051335538,0.7242422108678456,0.7118053198737329,True,-0.5039578823465203,historical,1900,historical,Xc ratio,52,
0.7623453306565238,0.009269285225533653,0.7486204985883063,0.7763217868996817,0.7595646387863185,True,0.3942286093984828,historical,1950,historical,Xc ratio,52,
0.8261463119202104,0.005547286100605324,0.8172127051051115,0.8351775791488445,0.8281938295617597,True,-0.4462235601804163,historical,1980,historical,Xc ratio,52,
0.84754350990604,0.0052419486776723164,0.838880400664033,0.8562960829878025,0.8430327297983153,True,1.0180172976510546,historical,1985,historical,Xc ratio,52,
0.8641018976571493,0.004266228144098819,0.8569067007835702,0.8713575105106736,0.8648109768540827,True,-0.19226825266665143,historical,1990,historical,Xc ratio,52,
0.8846061892608797,0.0039416510968096384,0.8777984995283268,0.8914666754376276,0.8810140111632547,True,1.0323167813482639,historical,1995,historical,Xc ratio,52,
0.9114887560645543,0.0034866618199379975,0.9052811213678946,0.9177389573492246,0.9101435409155368,True,0.423595443968958,historical,2000,historical,Xc ratio,52,
0.9255915939879874,0.00375631312627893,0.9188021912408265,0.9324311663909268,0.9278461599106248,True,-0.6476693649284626,historical,2005,historical,Xc ratio,52,
0.955364498169826,0.0031095448578454857,0.9495596446741483,0.9612048379293687,0.9542293786430015,True,0.38232597241664523,historical,2010,historical,Xc ratio,52,
0.9765884586254652,0.0029369700893217303,0.9709830171195987,0.9822262600942987,0.9765533965649273,True,0.012224584882655615,historical,2015,historical,Xc ratio,52,
1.1366662878448477,0.0031341971616310215,1.1297052475194589,1.1436702208473468,1.1374377209220468,True,-0.21646696694723103,projection,2050,linear,Xc ratio,52,
1.3570957843687954,0.006859178674304717,1.3389734263003081,1.3754634197934361,1.3591114643447033,True,-0.21637976115477145,projection,2100,linear,Xc ratio,52,
1.162108572539948,0.004224588933114881,1.1525259914022898,1.1717708272484801,1.1631375979171645,True,-0.2095090147041223,projection,2050,exponential,Xc ratio,52,
1.4807554017578402,0.011038442053809943,1.4490633979574692,1.5131405312739656,1.4841838382187762,True,-0.20950901465157862,projection,2100,exponential,Xc ratio,52,
87.15668661854943,,87.00816826159748,87.30520497550138,87.10877515389147,True,0.6322770269168604,contour,2050,linear,Mean,52,0.07577606431722764
98.66702503828131,,98.16109797728421,99.1729520992784,98.42628991075028,True,0.9326090975338507,contour,2050,linear,Top 10%,52,0.2581307947430642
104.6201029041248,,103.67695311521723,105.56325269303238,104.16146434350796,True,0.9530989364599975,contour,2050,linear,Top 1%,52,0.4812077141963081
111.20086234591015,,109.70461338269708,112.69711130912323,110.46601224989362,True,0.9625936308990114,contour,2050,linear,Top 0.01%,52,0.7634063559408955
91.5922000686004,,91.34497928221296,91.83942085498785,91.47088929122432,True,0.9617506604847021,contour,2100,linear,Mean,52,0.12613537204637115
101.7907220039383,,101.09853922901276,102.48290477886384,101.41922136822934,True,1.0519300574932573,contour,2100,linear,Top 10%,52,0.35316096641846956
107.21041329126435,,106.09688659314087,108.32393998938782,106.63419065005733,True,1.0142330900062682,contour,2100,linear,Top 1%,52,0.5681363060274925
113.33419171486636,,111.69080021838187,114.97758321135086,112.49874754383671,True,0.9963788238011235,contour,2100,linear,Top 0.01%,52,0.8384804565019578
87.76130730199864,,87.5947386137345,87.92787599026278,87.70423030490902,True,0.6716079703044637,contour,2050,exponential,Mean,52,0.08498558625465483
99.09046819403599,,98.57703170621464,99.60390468185734,98.83329383458928,True,0.9817231424309578,contour,2050,exponential,Top 10%,52,0.26196220536259224
104.9695470894426,,104.01896359805698,105.92013058082821,104.4959921653633,True,0.9764009203905684,contour,2050,exponential,Top 1%,52,0.48500048923537376
111.48712331956524,,109.98414533767328,112.9901013014572,110.73946122627666,True,0.9749915122553933,contour,2050,exponential,Top 0.01%,52,0.766839591822761
93.4712392082232,,93.18136902584409,93.7611093906023,93.32632589185134,True,0.9798347613333822,contour,2100,exponential,Mean,52,0.14789566781102378
103.13020756663035,,102.40964538547743,103.85076974778326,102.71190395682973,True,1.1378060509649508,contour,2100,exponential,Top 10%,52,0.3676405213752045
108.33148913702296,,107.19296345972944,109.47001481431647,107.71305648722797,True,1.0646274780057696,contour,2100,exponential,Top 1%,52,0.5808911216094228
114.26667064788208,,112.60136696656993,115.93197432919423,113.39514351075819,True,1.025735918007551,contour,2100,exponential,Top 0.01%,52,0.849660348071652
0.5433947451031412,0.015425768765686158,0.5272116471047811,0.560074593623351,0.5509085391235231,True,-0.890249188833985,historical,1800,historical,Xc ratio,53,
0.6421329999844883,0.015614289288234561,0.6227791756040323,0.6620882743376191,0.6430095965528855,True,-0.08736878358788025,historical,1850,historical,Xc ratio,53,
0.7134852126080269,0.007366656277838565,0.7032576536483091,0.7238615121633596,0.7118053198737329,True,0.3199911311818764,historical,1900,historical,Xc ratio,53,
0.7561916503344565,0.007586418714220913,0.7450309359885537,0.7675195544421448,0.7595646387863185,True,-0.5866504107385235,historical,1950,historical,Xc ratio,53,
0.8265239933083695,0.004446202023823487,0.8193526285027577,0.8337581253174856,0.8281938295617597,True,-0.45393209677101287,historical,1980,historical,Xc ratio,53,
0.8449553404331707,0.004264500421287581,0.8379224103919128,0.852047299931514,0.8430327297983153,True,0.5341755294553381,historical,1985,historical,Xc ratio,53,
0.8611404658177414,0.003299945174314095,0.8555887770537683,0.8667281780183916,0.8648109768540827,True,-1.2889079037364641,historical,1990,historical,Xc ratio,53,
0.8803397028480052,0.003341695909907941,0.8745926676795281,0.8861245023546116,0.8810140111632547,True,-0.22912634403398272,historical,1995,historical,Xc ratio,53,
0.9146679484645284,0.0033248897394350815,0.9087267440851992,0.9206479961041739,0.9101435409155368,True,1.4914110260171305,historical,2000,historical,Xc ratio,53,
0.9278482650972332,0.0037377826411430716,0.9210757612281265,0.9346705659652272,0.9278461599106248,True,0.0006070159301333088,historical,2005,historical,Xc ratio,53,
0.9505653708074496,0.0034072631666086854,0.9442385369287909,0.9569345973923606,0.9542293786430015,True,-1.1291017001469352,historical,2010,historical,Xc ratio,53,
0.9721766069784255,0.00329222150798899,0.965923701166562,0.9784699909678559,0.9765533965649273,True,-1.3644124536280022,historical,2015,historical,Xc ratio,53,
1.1361965162455543,0.0022719695649440993,1.1311483056911178,1.141267256498063,1.1374377209220468,True,-0.48056300243650835,projection,2050,linear,Xc ratio,53,
1.3558683166416095,0.004974641345153006,1.3427126794610282,1.3691528501916632,1.3591114643447033,True,-0.4802513073540041,projection,2100,linear,Xc ratio,53,
1.1618009552969666,0.0030151368996424854,1.1549554699794184,1.1686870141867873,1.1631375979171645,True,-0.38135270699315843,projection,2050,exponential,Xc ratio,53,
1.4797314537476498,0.007878260927769585,1.4570582611298086,1.502757462500027,1.4841838382187762,True,-0.38135270716522085,projection,2100,exponential,Xc ratio,53,
87.0503263847888,,86.8232249629222,87.27742780665541,87.10877515389147,True,-0.5044331358225156,contour,2050,linear,Mean,53,0.11587020152306808
98.4027369008411,,97.89411832358877,98.91135547809344,98.42628991075028,True,-0.09076163005859304,contour,2050,linear,Top 10%,53,0.25950404255602105
104.14294785590111,,103.33572833230016,104.95016737950206,104.16146434350796,True,-0.044958834330101255,contour,2050,linear,Top 1%,53,0.41185426363352606
110.45131973809015,,109.27609903259972,111.62654044358058,110.46601224989362,True,-0.02450330720238762,contour,2050,linear,Top 0.01%,53,0.5996134187977192
91.38532706246343,,91.0509211794144,91.71973294551246,91.47088929122432,True,-0.5014830638722116,contour,2100,linear,Mean,53,0.17061838160639342
101.37939291738698,,100.75925740910789,101.99952842566607,101.41922136822934,True,-0.12587947016238965,contour,2100,linear,Top 10%,53,0.3164014814408098
106.60184657458946,,105.69910861915467,107.50458453002425,106.63419065005733,True,-0.07022328312289457,contour,2100,linear,Top 1%,53,0.4605890529394896
112.47237491529438,,111.21697327280773,113.72777655778103,112.49874754383671,True,-0.041173597652971176,contour,2100,linear,Top 0.01%,53,0.640522811842021
87.64447109592479,,87.39619237942425,87.89274981242532,87.70423030490902,True,-0.4717516628270397,contour,2050,exponential,Mean,53,0.12667514222656176
98.80920567915682,,98.28943768614259,99.32897367217105,98.83329383458928,True,-0.09083267483987209,contour,2050,exponential,Top 10%,53,0.26519262451458836
104.4769999318882,,103.66170152036486,105.29229834341155,104.4959921653633,True,-0.045657017198924836,contour,2050,exponential,Top 1%,53,0.41597622096851283
110.72435297566139,,109.54216243314222,111.90654351818056,110.73946122627666,True,-0.025048100124565393,contour,2050,exponential,Top 0.01%,53,0.6031695234423524
93.23170970386742,,92.84890617439773,93.61451323333712,93.32632589185134,True,-0.48443733280057055,contour,2100,exponential,Mean,53,0.19531151209369646
102.66646642675843,,102.01025655546057,103.3226762980563,102.71190395682973,True,-0.13571256145546767,contour,2100,exponential,Top 10%,53,0.33480710690297116
107.67576409694651,,106.74658376034672,108.6049444335463,107.71305648722797,True,-0.07866260075686717,contour,2100,exponential,Top 1%,53,0.4740803116430042
113.36443979994732,,112.09115017614829,114.63772942374635,113.39514351075819,True,-0.04726196322992441,contour,2100,exponential,Top 0.01%,53,0.6496495006248149
0.5660057194288225,0.02039758543092158,0.5438239919713177,0.589092204749649,0.5509085391235231,True,1.3254205292132268,historical,1800,historical,Xc ratio,54,
0.6548136221358895,0.01829813627933454,0.6317457132286947,0.6787238453005582,0.6430095965528855,True,0.9941449625428025,historical,1850,historical,Xc ratio,54,
0.7222130033858273,0.01068705691195059,0.7072426850172154,0.7375002008636973,0.7118053198737329,True,1.3582473792933418,historical,1900,historical,Xc ratio,54,
0.7591423089857816,0.008941326035151598,0.7459544789648352,0.772563288435501,0.7595646387863185,True,-0.06220221115208752,historical,1950,historical,Xc ratio,54,
0.8327602688783761,0.0054298351968832285,0.8239447913333962,0.8416700642043086,0.8281938295617597,True,1.012661972435778,historical,1980,historical,Xc ratio,54,
0.8461935284517612,0.005314142006876438,0.8374257169097313,0.8550531386067118,0.8430327297983153,True,0.7042167567143056,historical,1985,historical,Xc ratio,54,
0.8638700409341741,0.004351692981964133,0.8565332864846377,0.8712696393696969,0.8648109768540827,True,-0.25015948583897085,historical,1990,historical,Xc ratio,54,
0.8818324743713352,0.004057110120986965,0.8748481337742857,0.8888725743758662,0.8810140111632547,True,0.22887475820958705,historical,1995,historical,Xc ratio,54,
0.9087686350785218,0.003611098217305595,0.9023594215359254,0.9152233715216989,0.9101435409155368,True,-0.4186508748364951,historical,2000,historical,Xc ratio,54,
0.9301444608377001,0.0036984316557945743,0.9234264146048474,0.9369113817231216,0.9278461599106248,True,0.6689227929707711,historical,2005,historical,Xc ratio,54,
0.9515275428601621,0.003073428341849536,0.9458129518997302,0.9572766613133495,0.9542293786430015,True,-0.9225685342461851,historical,2010,historical,Xc ratio,54,
0.9745124156080587,0.002889480211053186,0.9690090798812182,0.9800470066706344,0.9765533965649273,True,-0.7240648469678936,historical,2015,historical,Xc ratio,54,
1.1336362780863605,0.0031443769154726863,1.126671314281584,1.1406442985663066,1.1374377209220468,True,-1.0646650092740564,projection,2050,linear,Xc ratio,54,
1.3491786620966195,0.006903386621855408,1.3310466926860303,1.3675576313431372,1.3591114643447033,True,-1.062542595221819,projection,2100,linear,Xc ratio,54,
1.1580479928642171,0.004218289927253033,1.1485130739394729,1.1676620703818972,1.1631375979171645,True,-1.0396052948309191,projection,2050,exponential,Xc ratio,54,
1.4672743632412604,0.011021983359032223,1.4359172083236913,1.4993162868619447,1.4841838382187762,True,-1.039605294762393,projection,2100,exponential,Xc ratio,54,
87.02745437887107,,86.87628190088316,87.17862685685898,87.10877515389147,True,-1.0543307376863738,contour,2050,linear,Mean,54,0.07713023258607826
98.5498839715448,,98.05426782589994,99.04550011718966,98.42628991075028,True,0.4887651663266832,contour,2050,linear,Top 10%,54,0.25287002697714417
104.48684629578023,,103.57032348329899,105.40336910826146,104.16146434350796,True,0.6958221868438388,contour,2050,linear,Top 1%,54,0.46762227250636806
111.04870265968022,,109.59941294409346,112.49799237526697,110.46601224989362,True,0.7880082257095231,contour,2050,linear,Top 0.01%,54,0.7394471158748865
91.37787897166108,,91.13153393895468,91.62422400436748,91.47088929122432,True,-0.7400063014535836,contour,2100,linear,Mean,54,0.12568855073335122
101.62686996544069,,100.96158146276376,102.29215846811762,101.41922136822934,True,0.6117402755900773,contour,2100,linear,Top 10%,54,0.33943914680302956
107.0394458251884,,105.96746362163906,108.11142802873773,106.63419065005733,True,0.7409503116520452,contour,2100,linear,Top 1%,54,0.546939745834631
113.15159570664896,,111.56971082766556,114.73348058563236,112.49874754383671,True,0.8088824310068785,contour,2100,linear,Top 0.01%,54,0.807098952562979
87.60789033159564,,87.43856373629995,87.77721692689133,87.70423030490902,True,-1.1151401091838844,contour,2050,exponential,Mean,54,0.08639270753509476
98.95823201109786,,98.45734392928505,99.45912009291068,98.83329383458928,True,0.4888803210582739,contour,2050,exponential,Top 10%,54,0.2555598397540861
104.8240250691127,,103.90340406478316,105.74464607344223,104.4959921653633,True,0.6983684644053,contour,2050,exponential,Top 1%,54,0.4697132251364285
111.32503361741753,,109.87115299416962,112.77891424066544,110.73946122627666,True,0.789405112514094,contour,2050,exponential,Top 0.01%,54,0.7417894587431075
93.18986710578321,,92.9002116306504,93.47952258091601,93.32632589185134,True,-0.9233531869023537,contour,2100,exponential,Mean,54,0.1477861212846643
102.92337950822049,,102.23693500122259,103.6098240152184,102.71190395682973,True,0.6038135058423602,contour,2100,exponential,Top 10%,54,0.3502332249023479
108.1246085508694,,107.03464688814836,109.21457021359043,107.71305648722797,True,0.7400510037083308,contour,2100,exponential,Top 1%,54,0.5561131078522585
114.05414501568784,,112.45738173895492,115.65090829242075,113.39514351075819,True,0.8088983722512137,contour,2100,exponential,Top 0.01%,54,0.8146901113122612
0.571728262502883,0.01758833628665195,0.5523551943005727,0.5917808133559298,0.5509085391235231,False,2.1090686275218715,historical,1800,historical,Xc ratio,55,
0.6638771871461723,0.01676227037488914,0.6424209197020033,0.6860500741749731,0.6430095965528855,True,1.905322116698924,historical,1850,historical,Xc ratio,55,
0.7243524119825331,0.008729547818224949,0.7120644532304125,0.73685242166573,0.7118053198737329,False,2.00165968770575,historical,1900,historical,Xc ratio,55,
0.7593148292118809,0.008133759427054636,0.7473059034433069,0.7715167339164576,0.7595646387863185,True,-0.040441238254209165,historical,1950,historical,Xc ratio,55,
0.8376457021110277,0.005581633058191437,0.828531967959509,0.8468596860457734,0.8281938295617597,False,2.0330968474768585,historical,1980,historical,Xc ratio,55,
0.8463811757716536,0.005595259756837916,0.8371500393470676,0.8557141026467971,0.8430327297983153,True,0.708463601671269,historical,1985,historical,Xc ratio,55,
0.8678335534625502,0.00446973505764627,0.8602640851413331,0.8754696255763184,0.8648109768540827,True,0.7805783474099346,historical,1990,historical,Xc ratio,55,
0.8805538641841406,0.004249636611634469,0.8732500717933301,0.8879187448989159,0.8810140111632547,True,-0.12293495995619753,historical,1995,historical,Xc ratio,55,
0.9067087926018208,0.0035565195518155526,0.9004104201253341,0.9130512222048865,0.9101435409155368,True,-1.06311586801323,historical,2000,historical,Xc ratio,55,
0.9306362943923301,0.003564089335627126,0.9241580002645506,0.9371600009872353,0.9278461599106248,True,0.8424582966752612,historical,2005,historical,Xc ratio,55,
0.9548844124894109,0.002989648645001535,0.949305529265816,0.9604960817203165,0.9542293786430015,True,0.22953123187884658,historical,2010,historical,Xc ratio,55,
0.9768243572308514,0.002920105959540639,0.9712496639786642,0.9824310476162252,0.9765533965649273,True,0.09500608046793907,historical,2015,historical,Xc ratio,55,
1.132326140566788,0.0035480647760369405,1.1244791707797506,1.1402278689802532,1.1374377209220468,True,-1.2694444617104996,projection,2050,linear,Xc ratio,55,
1.3457553995454778,0.007800460957339589,1.3253371345009188,1.366488230247768,1.3591114643447033,True,-1.2660354945014887,projection,2100,linear,Xc ratio,55,
1.1559869085763894,0.00470496291249174,1.145375908586066,1.1666962110715504,1.1631375979171645,True,-1.3106870638703427,projection,2050,exponential,Xc ratio,55,
1.460460706069229,0.01229361277027986,1.4256914153143767,1.4960779387886676,1.4841838382187762,True,-1.3106870639843653,projection,2100,exponential,Xc ratio,55,
87.12038175809019,,86.94765673429936,87.29310678188102,87.10877515389147,True,0.13170370866382,contour,2050,linear,Mean,55,0.08812663148571301
98.73197445774349,,98.19381376974073,99.27013514574625,98.42628991075028,True,1.1132933268697547,contour,2050,linear,Top 10%,55,0.27457682500684566
104.81654522428413,,103.86803131812977,105.76505913043849,104.16146434350796,True,1.3536279488906895,contour,2050,linear,Top 1%,55,0.48394455900013966
111.5660282240689,,110.10450782503405,113.02754862310375,110.46601224989362,True,1.4751704411556494,contour,2050,linear,Top 0.01%,55,0.7456873751574936
91.52896507373634,,91.2575930243185,91.8003371231542,91.47088929122432,True,0.41944792155905936,contour,2100,linear,Mean,55,0.13845767144621063
101.88134281126739,,101.21231998044358,102.5503656420912,101.41922136822934,True,1.3538273181543272,contour,2100,linear,Top 10%,55,0.34134445127614466
107.43529960390957,,106.3673778694448,108.50322133837435,106.63419065005733,True,1.470280683096902,contour,2100,linear,Top 1%,55,0.5448680398662605
113.72614217537614,,112.16246942971927,115.28981492103301,112.49874754383671,True,1.538460831600947,contour,2100,linear,Top 0.01%,55,0.7978068770604833
87.69582495669007,,87.50668917938124,87.88496073399891,87.70423030490902,True,-0.08710239818744805,contour,2050,exponential,Mean,55,0.09649961876887207
99.14118669161915,,98.60408919336577,99.67828418987254,98.83329383458928,True,1.1235556166954626,contour,2050,exponential,Top 10%,55,0.2740343712894488
105.15530536792583,,104.20929332706656,106.1013174087851,104.4959921653633,True,1.3659764101739427,contour,2050,exponential,Top 1%,55,0.48266807365917314
111.8440711169516,,110.38330496975985,113.30483726414334,110.73946122627666,True,1.482095958241945,contour,2050,exponential,Top 0.01%,55,0.7453025457172282
93.33379956471177,,93.01891335083748,93.64868577858606,93.32632589185134,True,0.0465188026444384,contour,2100,exponential,Mean,55,0.16065918371872376
103.1850088079658,,102.51258057985902,103.85743703607258,102.71190395682973,True,1.3789850431302937,contour,2100,exponential,Top 10%,55,0.3430819307960904
108.52840062281999,,107.46121267716498,109.595588568475,107.71305648722797,True,1.4974355241479143,contour,2100,exponential,Top 1%,55,0.5444936509409772
114.63598114428342,,113.07352944892061,116.19843283964623,113.39514351075819,True,1.5565262462764127,contour,2100,exponential,Top 0.01%,55,0.7971838807688693
0.5607857625421981,0.016529870668740544,0.5429086080427049,0.5792515845416428,0.5509085391235231,True,1.0750321836837924,historical,1800,historical,Xc ratio,56,
0.6508150219534946,0.01621229715860055,0.6304601432090995,0.6718270732299869,0.6430095965528855,True,0.7442380600573957,historical,1850,historical,Xc ratio,56,
0.711617186865653,0.007915594623692767,0.7006621577353493,0.7227435006328118,0.7118053198737329,True,-0.033394706000575536,historical,1900,historical,Xc ratio,56,
0.7637132104968188,0.007756046662847089,0.7521913660012244,0.7754115431928648,0.7595646387863185,True,0.7022797256900728,historical,1950,historical,Xc ratio,56,
0.8285294927968959,0.004433150507241445,0.8213617377808986,0.8357597984645807,0.8281938295617597,True,0.09140528677890573,historical,1980,historical,Xc ratio,56,
0.843471950921296,0.004297086121188253,0.8363979480099625,0.8506057836269382,0.8430327297983153,True,0.1212136739628513,historical,1985,historical,Xc ratio,56,
0.8656684648854698,0.0032733921828710646,0.860132347175116,0.8712402150184426,0.8648109768540827,True,0.30275659556267676,historical,1990,historical,Xc ratio,56,
0.8810077621522993,0.0033142235480648798,0.8753034950655247,0.8867492033885895,0.8810140111632547,True,-0.0021401697058095687,historical,1995,historical,Xc ratio,56,
0.9067091662743528,0.0032973893806675096,0.9008682132089234,0.9125879902871775,0.9101435409155368,True,-1.1465374010757432,historical,2000,historical,Xc ratio,56,
0.9296486118192779,0.0037094977690627054,0.9229141294265232,0.9364322355694485,0.9278461599106248,True,0.5231799642157431,historical,2005,historical,Xc ratio,56,
0.9523546252565928,0.0033639412127126405,0.9460962114604641,0.9586544383763517,0.9542293786430015,True,-0.5846149805395894,historical,2010,historical,Xc ratio,56,
0.9750148040367967,0.0032532733722185573,0.9688175970843312,0.981251652480217,0.9765533965649273,True,-0.4846736543142177,historical,2015,historical,Xc ratio,56,
1.1362697896581213,0.0022297756299712733,1.1313148078184363,1.1412464735429504,1.1374377209220468,True,-0.46073537347086896,projection,2050,linear,Xc ratio,56,
1.3560597729776722,0.004881880193446159,1.343146451412846,1.3690972462116344,1.3591114643447033,True,-0.46045420784188,projection,2100,linear,Xc ratio,56,
1.1616627593503546,0.002961628718442714,1.1549392051695007,1.1684254551419708,1.1631375979171645,True,-0.4284086818094168,projection,2050,exponential,Xc ratio,56,
1.479271591090249,0.007738449235832959,1.4570046470036488,1.50187883388487,1.4841838382187762,True,-0.4284086816005677,projection,2100,exponential,Xc ratio,56,
87.13109776300205,,86.90221274675233,87.35998277925177,87.10877515389147,True,0.19115060747338344,contour,2050,linear,Mean,56,0.11678021537903124
98.54882627801155,,98.02425050339835,99.07340205262474,98.42628991075028,True,0.45783064764195636,contour,2050,linear,Top 10%,56,0.26764561938433273
104.3586940135015,,103.5096868642956,105.20770116270741,104.16146434350796,True,0.45531189016679513,contour,2050,linear,Top 1%,56,0.4331748725501008
110.75252917738167,,109.50099028118183,112.00406807358152,110.46601224989362,True,0.4486978874909628,contour,2050,linear,Top 0.01%,56,0.6385519867058037
91.49997420121376,,91.16413355876988,91.83581484365764,91.47088929122432,True,0.16973936107929016,contour,2100,linear,Mean,56,0.171350415157092
101.55951413367485,,100.90140825986178,102.21762000748792,101.41922136822934,True,0.41781843698118065,contour,2100,linear,Top 10%,56,0.33577447290059975
106.84677361830039,,105.88043582783435,107.81311140876643,106.63419065005733,True,0.4311690648898846,contour,2100,linear,Top 1%,56,0.4930385446306219
112.79768859395543,,111.44756347118285,114.14781371672801,112.49874754383671,True,0.43396992015823527,contour,2100,linear,Top 0.01%,56,0.6888520061706421
87.72572362585743,,87.47567740681674,87.97576984489811,87.70423030490902,True,0.16847339315370874,contour,2050,exponential,Mean,56,0.12757694580769222
98.95661725691535,,98.41724278297119,99.49599173085952,98.83329383458928,True,0.4481292272543269,contour,2050,exponential,Top 10%,56,0.2751961149279756
104.69397786241329,,103.8328637600306,105.55509196479598,104.4959921653633,True,0.4506311470202483,contour,2050,exponential,Top 1%,56,0.43935200298325267
111.02659125808583,,109.76568476208168,112.28749775408998,110.73946122627666,True,0.44631740974387124,contour,2050,exponential,Top 0.01%,56,0.6433314621850524
93.34885345785388,,92.96111784394158,93.73658907176618,93.32632589185134,True,0.11387454863588789,contour,2100,exponential,Mean,56,0.19782792794699905
102.85341409173903,,102.15323955914528,103.55358862433278,102.71190395682973,True,0.39612233087395327,contour,2100,exponential,Top 10%,56,0.35723846872527154
107.92673216638451,,106.92850360725116,108.92496072551786,107.71305648722797,True,0.4195398255110351,contour,2100,exponential,Top 1%,56,0.5093096439563572
113.69474209768774,,112.31934344114593,115.07014075422954,113.39514351075819,True,0.4269325387283774,contour,2100,exponential,Top 0.01%,56,0.7017469032037364
0.5494617129760542,0.013379542309982655,0.5352402300512693,0.56406106468802,0.5509085391235231,True,-0.1965470349542193,historical,1800,historical,Xc ratio,57,
0.6467285242623664,0.014137038242034463,0.6290548967271522,0.6648987016406523,0.6430095965528855,True,0.40793311942648036,historical,1850,historical,Xc ratio,57,
0.7183057085672401,0.0062766914874314616,0.7095231801138575,0.7271969477832817,0.7118053198737329,True,1.4483441662211836,historical,1900,historical,Xc ratio,57,
0.7539871857090649,0.006282853822791244,0.7447593943182707,0.763329312191973,0.7595646387863185,True,-1.1730421979685295,historical,1950,historical,Xc ratio,57,
0.8271720575642267,0.004470510918166467,0.8199560024345613,0.8344516178715843,0.8281938295617597,True,-0.27614226708159656,historical,1980,historical,Xc ratio,57,
0.8442893745167872,0.004312975555794426,0.8371824435199916,0.8514566370083294,0.8430327297983153,True,0.34535646760249866,historical,1985,historical,Xc ratio,57,
0.8641480073137593,0.0033074466962994035,0.858564305905189,0.869768022509434,0.8648109768540827,True,-0.23187079339467181,historical,1990,historical,Xc ratio,57,
0.8846845293324951,0.0033416838978894596,0.878909150952525,0.8904978581597847,0.8810140111632547,True,1.2441595440309128,historical,1995,historical,Xc ratio,57,
0.9141985443109347,0.0034107999502231076,0.9081074680911773,0.9203304760580593,0.9101435409155368,True,1.3033450541096963,historical,2000,historical,Xc ratio,57,
0.9289850002357302,0.0038101723338229685,0.9220733650180921,0.9359484433714732,0.9278461599106248,True,0.32194067625344847,historical,2005,historical,Xc ratio,57,
0.9605306970071045,0.003526404924662833,0.953914757236237,0.9671925220719352,0.9542293786430015,True,1.8664503553710476,historical,2010,historical,Xc ratio,57,
0.9769466039891068,0.0034190901520218726,0.9704216851218501,0.9835153950893082,0.9765533965649273,True,0.11774100620281219,historical,2015,historical,Xc ratio,57,
1.1388414119660852,0.0025831132009009484,1.1330902464066486,1.1446217684089464,1.1374377209220468,True,0.47745519566993266,projection,2050,linear,Xc ratio,57,
1.362779173201707,0.005640330172258317,1.3477968283618271,1.3779280644024163,1.3591114643447033,True,0.47780414550873335,projection,2100,linear,Xc ratio,57,
1.1648426263234355,0.003394576354227635,1.157118364358077,1.172618451054322,1.1631375979171645,True,0.43151592086650586,projection,2050,exponential,Xc ratio,57,
1.4898753128789928,0.0088696995066876,1.4641987173716513,1.5160021802989003,1.4841838382187762,True,0.4315159208431857,projection,2100,exponential,Xc ratio,57,
86.73212054724276,,86.53972398744368,86.92451710704184,87.10877515389147,False,-3.8370200819261897,contour,2050,linear,Mean,57,0.09816331387549908
97.69193633173715,,97.27091326885954,98.11295939461476,98.42628991075028,False,-3.4185931690924667,contour,2050,linear,Top 10%,57,0.2148116323557974
103.09660524163165,,102.44428217355184,103.74892830971146,104.16146434350796,False,-3.199466016786378,contour,2050,linear,Top 1%,57,0.33282400759670483
109.00603013709593,,108.0754747765493,109.93658549764257,110.46601224989362,False,-3.0750587020154967,contour,2050,linear,Top 0.01%,57,0.4747818673642777
90.94425654818373,,90.65126082860363,91.23725226776384,91.47088929122432,False,-3.522854227762383,contour,2100,linear,Mean,57,0.14949035895109855
100.5675342703551,,100.07885165989423,101.05621688081597,101.41922136822934,False,-3.415869527988025,contour,2100,linear,Top 10%,57,0.24933244402221008
105.4723990121227,,104.76748048652205,106.17731753772334,106.63419065005733,False,-3.2302595054533305,contour,2100,linear,Top 1%,57,0.3596589177969455
110.96160060359851,,109.9915143852358,111.93168682196122,112.49874754383671,False,-3.10565451274793,contour,2100,linear,Top 0.01%,57,0.49495104298581855
87.30576548076662,,87.09375398547493,87.51777697605831,87.70423030490902,False,-3.6836526403941305,contour,2050,exponential,Mean,57,0.10817111792054326
98.08336104581174,,97.65807921025055,98.50864288137294,98.83329383458928,False,-3.4561580907636835,contour,2050,exponential,Top 10%,57,0.2169845154889413
103.41830174821732,,102.76448947184954,104.07211402458509,104.4959921653633,False,-3.230643535518237,contour,2050,exponential,Top 1%,57,0.33358382170539036
109.26931906719766,,108.3374124166818,110.20122571771351,110.73946122627666,False,-3.0919681519106352,contour,2050,exponential,Top 0.01%,57,0.47547131369078016
92.75778655330649,,92.4130405762248,93.10253253038817,93.32632589185134,False,-3.232283192323013,contour,2100,exponential,Mean,57,0.17589403672771875
101.81748995036564,,101.311202175474,102.32377772525729,102.71190395682973,False,-3.462495692914766,contour,2100,exponential,Top 10%,57,0.25831483582616727
106.51578571907986,,105.80425624522098,107.22731519293873,107.71305648722797,False,-3.2979766426067734,contour,2100,exponential,Top 1%,57,0.36303191256132533
111.82980958649267,,110.85922711507529,112.80039205791006,113.39514351075819,False,-3.160986526841688,contour,2100,exponential,Top 0.01%,57,0.49520423797235413
0.5605148901916694,0.01524377061371025,0.5440159502161052,0.5775142107538859,0.5509085391235231,True,1.1340372295221908,historical,1800,historical,Xc ratio,58,
0.6362204381197843,0.014954098525872307,0.6178437597607446,0.6551436985267554,0.6430095965528855,True,-0.7098083951528894,historical,1850,historical,Xc ratio,58,
0.7161285094598734,0.007250556343323139,0.7060236983802087,0.7263779434568564,0.7118053198737329,True,0.8351340468788588,historical,1900,historical,Xc ratio,58,
0.7630856158556122,0.007160570336957577,0.7524509219751664,0.7738706141753614,0.7595646387863185,True,0.6458716052781801,historical,1950,historical,Xc ratio,58,
0.8293185124357443,0.004281039522453259,0.8223890754694789,0.836306336725117,0.8281938295617597,True,0.3169962584325077,historical,1980,historical,Xc ratio,58,
0.8432142160915662,0.004175240130032409,0.8363420808872561,0.8501428189104393,0.8430327297983153,True,0.05155504778367217,historical,1985,historical,Xc ratio,58,
0.865435020103336,0.0032461069502334123,0.8599463823636276,0.8709586892646021,0.8648109768540827,True,0.22221533507190505,historical,1990,historical,Xc ratio,58,
0.8784102718752776,0.0033521855614568673,0.8726578909673509,0.8842005712922242,0.8810140111632547,True,-0.8829359012240621,historical,1995,historical,Xc ratio,58,
0.9075134375806042,0.003349151301570169,0.9015758325980934,0.9134901464872152,0.9101435409155368,True,-0.8640848979890828,historical,2000,historical,Xc ratio,58,
0.9285721222214861,0.0036896256607891974,0.9218813433479386,0.9353114610558765,0.9278461599106248,True,0.2119756371853947,historical,2005,historical,Xc ratio,58,
0.9535480462174982,0.0033718515358459695,0.9472671033420714,0.9598706354704517,0.9542293786430015,True,-0.21183266141964543,historical,2010,historical,Xc ratio,58,
0.9770852469794138,0.0032529295648600627,0.9708755344885986,0.9833346767438121,0.9765533965649273,True,0.16737886231041477,historical,2015,historical,Xc ratio,58,
1.1371417776121318,0.0021397244800832466,1.132382837805242,1.1419207172877317,1.1374377209220468,True,-0.1216128731923114,projection,2050,linear,Xc ratio,58,
1.3583381931155698,0.00468045294958813,1.3459344316607482,1.370856264223677,1.3591114643447033,True,-0.1215940903540607,projection,2100,linear,Xc ratio,58,
1.1626890348918932,0.0028401411924535978,1.156234820417981,1.1691792774145544,1.1631375979171645,True,-0.13581139282147353,projection,2050,exponential,Xc ratio,58,
1.4826887448274748,0.007421014084678716,1.461279232417884,1.504411932550755,1.4841838382187762,True,-0.13581139280005897,projection,2100,exponential,Xc ratio,58,
87.0363708284757,,86.8097081153468,87.2630335416046,87.10877515389147,True,-0.6260838767032985,contour,2050,linear,Mean,58,0.11564636642142338
98.24789988881328,,97.75472100366969,98.74107877395687,98.42628991075028,True,-0.7089476632723885,contour,2050,linear,Top 10%,58,0.25162650387136576
103.9157390127164,,103.13920720261751,104.69227082281529,104.16146434350796,True,-0.6202100057939642,contour,2050,linear,Top 1%,58,0.39619697924252556
110.14425993826158,,109.01733501346554,111.27118486305763,110.46601224989362,True,-0.5595962329570634,contour,2050,linear,Top 0.01%,58,0.5749722615747606
91.35430001510561,,91.02375948427348,91.68484054593773,91.47088929122432,True,-0.6913245452865034,contour,2100,linear,Mean,58,0.1686462268895702
101.21760044364557,,100.61298554316913,101.822215344122,101.41922136822934,True,-0.6535891695730054,contour,2100,linear,Top 10%,58,0.30848265848024836
106.37096786609239,,105.49895281121023,107.24298292097454,106.63419065005733,True,-0.5916264559805953,contour,2100,linear,Top 1%,58,0.4449138156417776
112.16402319906135,,110.95986456787527,113.36818183024742,112.49874754383671,True,-0.5448183017733063,contour,2100,linear,Top 0.01%,58,0.6143779379031261
87.62362937890133,,87.37517882869234,87.87207992911031,87.70423030490902,True,-0.6358404598531322,contour,2050,exponential,Mean,58,0.12676281409696374
98.65011186049848,,98.14350792546568,99.15671579553128,98.83329383458928,True,-0.7086997297240998,contour,2050,exponential,Top 10%,58,0.2584761449847228
104.24656157148543,,103.46002883110988,105.03309431186098,104.4959921653633,True,-0.6215570637398192,contour,2050,exponential,Top 1%,58,0.40129958845144037
110.41488008834284,,109.28111548082505,111.54864469586063,110.73946122627666,True,-0.5611106010833145,contour,2050,exponential,Top 0.01%,58,0.5784619597404915
93.1852771789979,,92.8037068270503,93.56684753094548,93.32632589185134,True,-0.7245070164582665,contour,2100,exponential,Mean,58,0.19468232832714294
102.49667729562984,,101.85398141402322,103.13937317723645,102.71190395682973,True,-0.6563547651963761,contour,2100,exponential,Top 10%,58,0.32791208750575374
107.43909338794468,,106.53938898513732,108.33879779075204,107.71305648722797,True,-0.5968158052941983,contour,2100,exponential,Top 1%,58,0.45904129356668716
113.05203378141827,,111.82829291390931,114.27577464892724,113.39514351075819,True,-0.5495303214155143,contour,2100,exponential,Top 0.01%,58,0.6243690583917398
0.5662342573570642,0.020395498031714736,0.5440457993234201,0.5893276533031468,0.5509085391235231,True,1.3453493568852022,historical,1800,historical,Xc ratio,59,
0.6522298706440505,0.01837526236936934,0.6291578692310714,0.6761479510385277,0.6430095965528855,True,0.7748141529438385,historical,1850,historical,Xc ratio,59,
0.7238040078795538,0.010591843548408851,0.7089329955567023,0.7389869636567125,0.7118053198737329,True,1.5782145414498048,historical,1900,historical,Xc ratio,59,
0.7623954039278014,0.008811645051826175,0.7493414970676865,0.7756767164300424,0.7595646387863185,True,0.42215709247645866,historical,1950,historical,Xc ratio,59,
0.8197723948571243,0.005723682035662138,0.810627406556598,0.8290205511610271,0.8281938295617597,True,-1.7856488389086949,historical,1980,historical,Xc ratio,59,
0.8446208061256669,0.005412831670800539,0.8357076252582755,0.8536290498963677,0.8430327297983153,True,0.3476911853748074,historical,1985,historical,Xc ratio,59,
0.8671828471222405,0.004361214608365501,0.8598019115579543,0.8746271440364746,0.8648109768540827,True,0.6280112174711832,historical,1990,historical,Xc ratio,59,
0.8816418940503626,0.004170539504560225,0.8744646324900613,0.8888780637489591,0.8810140111632547,True,0.1708239976162646,historical,1995,historical,Xc ratio,59,
0.9108832732689711,0.0036133448716260297,0.9044551633030593,0.9173570688580187,0.9101435409155368,True,0.2248427447395787,historical,2000,historical,Xc ratio,59,
0.9225764673300139,0.0038422046472465646,0.9156550228825718,0.9295502310374849,0.9278461599106248,True,-1.4823987044841214,historical,2005,historical,Xc ratio,59,
0.9506804507339863,0.0030936379397641387,0.9449335175191683,0.9564623358695091,0.9542293786430015,True,-1.2044361100694918,historical,2010,historical,Xc ratio,59,
0.9770980274553002,0.0028989776091150185,0.9715620047118403,0.9826655948121429,0.9765533965649273,True,0.19232703557641606,historical,2015,historical,Xc ratio,59,
1.1387707174287265,0.0032460343093004946,1.131548730373111,1.146038798033503,1.1374377209220468,True,0.36082275796018254,projection,2050,linear,Xc ratio,59,
1.3625944552169953,0.007088365524063565,1.3437949035701875,1.381657010645989,1.3591114643447033,True,0.361073209706254,projection,2100,linear,Xc ratio,59,
1.1652724284632447,0.004406679398200227,1.155251386502666,1.1753803963372214,1.1631375979171645,True,0.4161238516785631,projection,2050,exponential,Xc ratio,59,
1.4913121375888998,0.011514226816009936,1.4580339108930294,1.5253499079166077,1.4841838382187762,True,0.4161238516295184,projection,2100,exponential,Xc ratio,59,
87.20592883316995,,87.05217784308094,87.35967982325896,87.10877515389147,True,1.238481210697441,contour,2050,linear,Mean,59,0.07844582415890361
98.73272223445466,,98.21998691177613,99.24545755713318,98.42628991075028,True,1.1713574072134607,contour,2050,linear,Top 10%,59,0.2616044614711935
104.68948931638113,,103.74992088931226,105.62905774344999,104.16146434350796,True,1.1014737191602828,contour,2050,linear,Top 1%,59,0.4793804551920794
111.28007446246113,,109.80285320723486,112.7572957176874,110.46601224989362,True,1.0800904821552075,contour,2050,linear,Top 0.01%,59,0.7536981632715906
91.67238136671396,,91.4208454102032,91.92391732322473,91.47088929122432,True,1.5700228969571184,contour,2100,linear,Mean,59,0.12833702991220944
101.89316460544357,,101.20692938234978,102.57939982853736,101.41922136822934,True,1.3536345037322883,contour,2100,linear,Top 10%,59,0.35012644543815635
107.31240591044843,,106.21395322373459,108.41085859716227,106.63419065005733,True,1.21013631284263,contour,2100,linear,Top 1%,59,0.5604453425564596
113.44170090374386,,111.8259321407676,115.05746966672012,112.49874754383671,True,1.1438237121967159,contour,2100,linear,Top 0.01%,59,0.8243869661490113
87.83130089166588,,87.65994999663188,88.00265178669987,87.70423030490902,True,1.4534722651340035,contour,2050,exponential,Mean,59,0.08742553250243318
99.1728184396496,,98.6560072414029,99.6896296378963,98.83329383458928,True,1.287619153843745,contour,2050,exponential,Top 10%,59,0.26368402803483076
105.05297221353625,,104.10924940328493,105.99669502378757,104.4959921653633,True,1.156760038719019,contour,2050,exponential,Top 1%,59,0.481500077396984
111.57803581965457,,110.09629555484089,113.05977608446825,110.73946122627666,True,1.1092200437555415,contour,2050,exponential,Top 0.01%,59,0.7560038227750642
93.60158487296158,,93.31027138634342,93.89289835957975,93.32632589185134,True,1.8519488941628528,contour,2100,exponential,Mean,59,0.14863206105623555
103.27530672265532,,102.56718194553333,103.9834314997773,102.71190395682973,True,1.5593990854215611,contour,2100,exponential,Top 10%,59,0.36129479046941865
108.47026543922397,,107.35239836580114,109.5881325126468,107.71305648722797,True,1.3276196338256911,contour,2100,exponential,Top 1%,59,0.5703508239133265
114.405550745228,,112.77648490571873,116.03461658473726,113.39514351075819,True,1.21564257333887,contour,2100,exponential,Top 0.01%,59,0.8311713135339087
0.5518851944934351,0.015223746817846488,0.5356612945535415,0.568600477574011,0.5509085391235231,True,0.11634711241363144,historical,1800,historical,Xc ratio,60,
0.6484003410949022,0.0154720639447014,0.6290329422965335,0.6683640459227224,0.6430095965528855,True,0.5395962146164952,historical,1850,historical,Xc ratio,60,
0.7126751663096398,0.007037685692098017,0.7029122901076532,0.7225736408687423,0.7118053198737329,True,0.17353467496353345,historical,1900,historical,Xc ratio,60,
0.7541099418952008,0.007372656731490749,0.7432913001073906,0.7650860495515285,0.7595646387863185,True,-0.9775657259554253,historical,1950,historical,Xc ratio,60,
0.8303722736124888,0.004542354641959954,0.8230124030975894,0.837797960503657,0.8281938295617597,True,0.5783128361914014,historical,1980,historical,Xc ratio,60,
0.844663346694098,0.00434321510322445,0.8375036287399892,0.8518842722172528,0.8430327297983153,True,0.4449144275628324,historical,1985,historical,Xc ratio,60,
0.8638541296005544,0.003320679228759588,0.8582500678353933,0.8694947838571637,0.8648109768540827,True,-0.3333764082909981,historical,1990,historical,Xc ratio,60,
0.879247973974018,0.003362216980411381,0.8734729335555904,0.8850611965622109,0.8810140111632547,True,-0.5967974226888596,historical,1995,historical,Xc ratio,60,
0.9068707748738797,0.0034442555742879425,0.9007694547213734,0.9130134220356538,0.9101435409155368,True,-1.0459037174323667,historical,2000,historical,Xc ratio,60,
0.928195011446378,0.003771837427726305,0.9213584774352522,0.9350822729413548,0.9278461599106248,True,0.09966210794489959,historical,2005,historical,Xc ratio,60,
0.9527826268063707,0.003478895795370805,0.9463081666660755,0.959301383969121,0.9542293786430015,True,-0.4361433688925377,historical,2010,historical,Xc ratio,60,
0.9759441897566402,0.003348132180683162,0.9695607982617929,0.9823696082053922,0.9765533965649273,True,-0.18638100841626828,historical,2015,historical,Xc ratio,60,
1.1359115079150377,0.0024142992156891436,1.130549140574911,1.1412993097829158,1.1374377209220468,True,-0.5561449032327963,projection,2050,linear,Xc ratio,60,
1.3551236174554213,0.005287860674277767,1.3411516220155044,1.3692411718711979,1.3591114643447033,True,-0.5557011818485489,projection,2100,linear,Xc ratio,60,
1.1610782544402831,0.0031831120673801905,1.153857085911191,1.1683446151128065,1.1631375979171645,True,-0.5567119064790804,projection,2050,exponential,Xc ratio,60,
1.4773275604986746,0.008317163794906988,1.453440365072214,1.5016073403882162,1.4841838382187762,True,-0.5567119060810898,projection,2100,exponential,Xc ratio,60,
87.02897217903305,,86.80762987875994,87.25031447930616,87.10877515389147,True,-0.7066473800474311,contour,2050,linear,Mean,60,0.1129318201859995
98.35099226667295,,97.85456455722944,98.84741997611646,98.42628991075028,True,-0.29728532010779696,contour,2050,linear,Top 10%,60,0.25328409774836785
104.03327778444036,,103.25279513265589,104.81376043622483,104.16146434350796,True,-0.32190470665834264,contour,2050,linear,Top 1%,60,0.3982127518366884
110.2709556550186,,109.13981035705959,111.4021009529776,110.46601224989362,True,-0.33797948114347065,contour,2050,linear,Top 0.01%,60,0.5771255527557488
91.31776149084189,,90.9860946752028,91.64942830648097,91.47088929122432,True,-0.9048990119891849,contour,2100,linear,Mean,60,0.1692208725544123
101.28741967443027,,100.6936103846703,101.88122896419024,101.41922136822934,True,-0.43503289255036387,contour,2100,linear,Top 10%,60,0.302969490482418
106.45780320802379,,105.59525681779982,107.32034959824776,106.63419065005733,True,-0.4008051481394673,contour,2100,linear,Top 1%,60,0.4400827755140682
112.26362592012903,,111.06754489036298,113.45970694989508,112.49874754383671,True,-0.3852831898385401,contour,2100,linear,Top 0.01%,60,0.6102566369589497
87.60699412819324,,87.3648892602068,87.84909899617968,87.70423030490902,True,-0.7871770854602198,contour,2050,exponential,Mean,60,0.12352516163365374
98.74576536227266,,98.24055791955088,99.25097280499445,98.83329383458928,True,-0.3395687372263373,contour,2050,exponential,Top 10%,60,0.257763635815151
104.35754682969532,,103.57095630406874,105.1441373553219,104.4959921653633,True,-0.34496712443955085,contour,2050,exponential,Top 1%,60,0.4013290712641266
110.53596269336423,,109.40151036217276,111.6704150245557,110.73946122627666,True,-0.3515791580208592,contour,2050,exponential,Top 0.01%,60,0.5788128456134488
93.13046483317551,,92.7515963488116,93.50933331753942,93.32632589185134,True,-1.0132292255002613,contour,2100,exponential,Mean,60,0.19330379912712123
102.5455541002776,,101.92266213934278,103.16844606121242,102.71190395682973,True,-0.5234290183906978,contour,2100,exponential,Top 10%,60,0.31780786067914185
107.50712924062287,,106.62565594306052,108.38860253818522,107.71305648722797,True,-0.4578811268561835,contour,2100,exponential,Top 1%,60,0.4497395383360709
113.13525005078516,,111.92717953702781,114.34332056454251,113.39514351075819,True,-0.42164908054939526,contour,2100,exponential,Top 0.01%,60,0.6163738330328994
0.5656356248402522,0.02074614226352115,0.5430972529149749,0.5891093323915441,0.5509085391235231,True,1.271624069530866,historical,1800,historical,Xc ratio,61,
0.6524329614083911,0.018456405387573854,0.6292536930305788,0.6764660642387961,0.6430095965528855,True,0.7882761402192227,historical,1850,historical,Xc ratio,61,
0.7176160569001624,0.0110603073260837,0.7022271184899481,0.7333422358115731,0.7118053198737329,True,0.7350825985728973,historical,1900,historical,Xc ratio,61,
0.769423846834648,0.008712603138285287,0.756396413732527,0.7826756517213903,0.7595646387863185,True,1.4802187427821185,historical,1950,historical,Xc ratio,61,
0.8336051330726882,0.005404370848168935,0.8248218770978047,0.8424819190419406,0.8281938295617597,True,1.205063126982294,historical,1980,historical,Xc ratio,61,
0.8430069643836149,0.005304736274174186,0.8342875502032633,0.8518175080356096,0.8430327297983153,True,-0.005761499651233413,historical,1985,historical,Xc ratio,61,
0.8719116307955151,0.004177176587693396,0.8648023314597325,0.8790793737029755,0.8648109768540827,True,1.9575707627403223,historical,1990,historical,Xc ratio,61,
0.8860046781095404,0.003972177716030752,0.8791336249026825,0.8929294334736518,0.8810140111632547,True,1.4220665626148181,historical,1995,historical,Xc ratio,61,
0.9096583855226805,0.0035583874841984536,0.9033362167673199,0.9160248011675485,0.9101435409155368,True,-0.1498419826161695,historical,2000,historical,Xc ratio,61,
0.931998031153828,0.00369680222216215,0.9252695523192249,0.9387754388949472,0.9278461599106248,True,1.2077354517999106,historical,2005,historical,Xc ratio,61,
0.9553225499602764,0.0030628420225721586,0.9496048702791521,0.9610746564456003,0.9542293786430015,True,0.37381971414621523,historical,2010,historical,Xc ratio,61,
0.9755116515388585,0.002930327776685885,0.9699250177857053,0.9811304635285966,0.9765533965649273,True,-0.36423442096306746,historical,2015,historical,Xc ratio,61,
1.1335039743631121,0.0031180810651324866,1.1265978855626475,1.1404523977561862,1.1374377209220468,True,-1.1110751129640932,projection,2050,linear,Xc ratio,61,
1.3488329652713575,0.006846610212368904,1.3308537305597024,1.3670550913492043,1.3591114643447033,True,-1.1087826741021432,projection,2100,linear,Xc ratio,61,
1.1577364101821943,0.0041752331527395705,1.1483009574245764,1.167249392935904,1.1631375979171645,True,-1.114776372609569,projection,2050,exponential,Xc ratio,61,
1.4662430581347239,0.010909480172594981,1.4352243784979362,1.4979321266673697,1.4841838382187762,True,-1.1147763726802065,projection,2100,exponential,Xc ratio,61,
87.10003077969046,,86.94621821681781,87.2538433425631,87.10877515389147,True,-0.11142560907408709,contour,2050,linear,Mean,61,0.07847723942169342
98.6032236421456,,98.0974954988771,99.10895178541409,98.42628991075028,True,0.6857117718302717,contour,2050,linear,Top 10%,61,0.2580293042411173
104.56664137900435,,103.63330408440916,105.49997867359954,104.16146434350796,True,0.850852528377804,contour,2050,linear,Top 1%,61,0.476201247552129
111.15884433570616,,109.68462125873917,112.63306741267316,110.46601224989362,True,0.9211129283907622,contour,2050,linear,Top 0.01%,61,0.7521684523774498
91.47934429832182,,91.22784356050498,91.73084503613866,91.47088929122432,True,0.06589050013916842,contour,2100,linear,Mean,61,0.12831906086063424
101.68771903784165,,101.00816965157739,102.3672684241059,101.41922136822934,True,0.7744039991942471,contour,2100,linear,Top 10%,61,0.34671524151691935
107.12452831929247,,106.03217305282053,108.2168835857644,106.63419065005733,True,0.8797908532707439,contour,2100,linear,Top 1%,61,0.557334356696519
113.26525837756688,,111.65211499758085,114.87840175755291,112.49874754383671,True,0.9313081815975153,contour,2100,linear,Top 0.01%,61,0.8230474604178126
87.68062669207889,,87.50882174494257,87.85243163921521,87.70423030490902,True,-0.26927182146491313,contour,2050,exponential,Mean,61,0.08765719599518128
99.01000503203363,,98.49853703694178,99.52147302712548,98.83329383458928,True,0.6771637443192586,contour,2050,exponential,Top 10%,61,0.2609578538821402
104.90238988726647,,103.96366039408385,105.84111938044909,104.4959921653633,True,0.8485137668667424,contour,2050,exponential,Top 1%,61,0.47895241983384984
111.43389023221097,,109.95418757288489,112.91359289153705,110.73946122627666,True,0.9198171219554658,contour,2050,exponential,Top 0.01%,61,0.7549642090353826
93.29562890474973,,93.00033873691883,93.59091907258063,93.32632589185134,True,-0.20374870451999746,contour,2100,exponential,Mean,61,0.15066101732486684
102.98173238961299,,102.27759722203125,103.68586755719473,102.71190395682973,True,0.7510688779774202,contour,2100,exponential,Top 10%,61,0.3592592379941068
108.20720285716934,,107.09329027996793,109.32111543437074,107.71305648722797,True,0.8694659778503782,contour,2100,exponential,Top 1%,61,0.5683331867257914
114.16540777778312,,112.53496383099498,115.79585172457125,113.39514351075819,True,0.9259381317100458,contour,2100,exponential,Top 0.01%,61,0.8318744424126742
0.5342130995045932,0.017285743859806517,0.5164174172856583,0.5526220187969442,0.5509085391235231,True,-1.7803099956005053,historical,1800,historical,Xc ratio,62,
0.6432933749650709,0.016401966260064366,0.6229421246899212,0.6643094918006061,0.6430095965528855,True,0.026901108120734464,historical,1850,historical,Xc ratio,62,
0.7168885079608714,0.008469321738562045,0.705086693647566,0.7288878622679684,0.7118053198737329,True,0.8401952228726278,historical,1900,historical,Xc ratio,62,
0.7701793606825612,0.0077616540181783605,0.7585516272003849,0.7819853340907811,0.7595646387863185,True,1.788020723509919,historical,1950,historical,Xc ratio,62,
0.8284474129537451,0.004449542903719693,0.8212539819370256,0.8357038518230053,0.8281938295617597,True,0.06880293076651295,historical,1980,historical,Xc ratio,62,
0.8495979431797659,0.004238534057934855,0.8425692506419147,0.8566852689026686,0.8430327297983153,True,1.8302193209351154,historical,1985,historical,Xc ratio,62,
0.8685217907427017,0.0032583863051140177,0.862992806551047,0.8740861977860412,0.8648109768540827,True,1.3140603571797718,historical,1990,historical,Xc ratio,62,
0.8782378375819805,0.0033267803823085443,0.8725300308940953,0.8839829828783177,0.8810140111632547,True,-0.9486910977433437,historical,1995,historical,Xc ratio,62,
0.911794187968637,0.003244737502095613,0.9060139695707449,0.9176112831982883,0.9101435409155368,True,0.5584332098012562,historical,2000,historical,Xc ratio,62,
0.9275092395909396,0.0036442022693603986,0.9209081024153836,0.9341576942044638,0.9278461599106248,True,-0.09966154552827991,historical,2005,historical,Xc ratio,62,
0.9573204724527814,0.0032943010662076022,0.9511592424495315,0.9635216124452938,0.9542293786430015,True,0.9817335758615359,historical,2010,historical,Xc ratio,62,
0.9761700844829269,0.0032107516994702465,0.970046375767707,0.9823324509462354,0.9765533965649273,True,-0.12227425910732484,historical,2015,historical,Xc ratio,62,
1.1352734516947827,0.002208688119093872,1.1303695326985417,1.1401986455226838,1.1374377209220468,True,-0.8623087032140669,projection,2050,linear,Xc ratio,62,
1.353456438299271,0.004840764113978557,1.3406759428594757,1.3663587685974878,1.3591114643447033,True,-0.8613322243570234,projection,2100,linear,Xc ratio,62,
1.160096174248795,0.0029305665354085082,1.15345190815165,1.1667787135254786,1.1631375979171645,True,-0.8934343930482365,projection,2050,exponential,Xc ratio,62,
1.4740647692240783,0.007657286754978833,1.4521071779180925,1.4963543854820047,1.4841838382187762,True,-0.8934343929118087,projection,2100,exponential,Xc ratio,62,
87.06528134017933,,86.8475524661512,87.28301021420745,87.10877515389147,True,-0.39152505062367576,contour,2050,linear,Mean,62,0.11108820149020686
98.47665615080832,,97.95381502835117,98.99949727326548,98.42628991075028,True,0.18880690961438945,contour,2050,linear,Top 10%,62,0.2667605765112372
104.32550002466743,,103.46025241469007,105.1907476346448,104.16146434350796,True,0.3715745915327896,contour,2050,linear,Top 1%,62,0.4414609741823542
110.7660307724833,,109.47006222583529,112.06199931913132,110.46601224989362,True,0.4537343907701985,contour,2050,linear,Top 0.01%,62,0.6612205922509209
91.45163603501852,,91.1291174662041,91.77415460383295,91.47088929122432,True,-0.11700315081765793,contour,2100,linear,Mean,62,0.16455331391720837
101.50749464420889,,100.83595966126603,102.17902962715175,101.41922136822934,True,0.25763727298178585,contour,2100,linear,Top 10%,62,0.3426261850931273
106.83142393228539,,105.83391808225056,107.82892978232022,106.63419065005733,True,0.3875367043773275,contour,2100,linear,Top 1%,62,0.5089409080488477
112.82604865707391,,111.4187494482457,114.23334786590212,112.49874754383671,True,0.45583653427823745,contour,2100,linear,Top 0.01%,62,0.7180229942635901
87.65347263525035,,87.4155212083828,87.8914240621179,87.70423030490902,True,-0.4180819832844857,contour,2050,exponential,Mean,62,0.12140602008225519
98.88089558381532,,98.34409978572495,99.41769138190568,98.83329383458928,True,0.17380485170717277,contour,2050,exponential,Top 10%,62,0.2738804398063191
104.65804613732108,,103.78089480828093,105.53519746636123,104.4959921653633,True,0.36210393585843564,contour,2050,exponential,Top 1%,62,0.44753441183563897
111.03790687669593,,109.73170315860229,112.34411059478957,110.73946122627666,True,0.44781891068116175,contour,2050,exponential,Top 0.01%,62,0.666442714456414
93.28676948364853,,92.90989568817828,93.66364327911877,93.32632589185134,True,-0.2057164397395669,contour,2100,exponential,Mean,62,0.19228608201119313
102.79405442641388,,102.07376698115715,103.51434187167061,102.71190395682973,True,0.2235384814191693,contour,2100,exponential,Top 10%,62,0.36750034742387316
107.90545307374852,,106.8693195318413,108.94158661565574,107.71305648722797,True,0.36393994121123246,contour,2100,exponential,Top 1%,62,0.5286492762520855
113.71800895639,,112.27881934133597,115.15719857144401,113.39514351075819,True,0.4396951163846756,contour,2100,exponential,Top 0.01%,62,0.7342939086667964
0.5526588827965944,0.014977051027285295,0.5366716645622026,0.5691223533911375,0.5509085391235231,True,0.2118012447613308,historical,1800,historical,Xc ratio,63,
0.6645566700377437,0.016016817440013202,0.6440187054494169,0.6857495969522609,0.6430095965528855,False,2.057868742242501,historical,1850,historical,Xc ratio,63,
0.7102560401891,0.007038733373802195,0.7005248649169842,0.7201223937781024,0.7118053198737329,True,-0.309561643034307,historical,1900,historical,Xc ratio,63,
0.7593855433438562,0.0072788165019050536,0.7486288942772126,0.7702967489605175,0.7595646387863185,True,-0.03239740541767676,historical,1950,historical,Xc ratio,63,
0.8321147861224548,0.004540106221254131,0.8247431056187741,0.839552355838277,0.8281938295617597,True,1.0403225169452492,historical,1980,historical,Xc ratio,63,
0.8483144752874773,0.0043605896785374396,0.841095166091198,0.8555957494401284,0.8430327297983153,True,1.432289753120537,historical,1985,historical,Xc ratio,63,
0.8675291943478575,0.0033202149065893883,0.861902075794249,0.8731930507909612,0.8648109768540827,True,0.9451814373521082,historical,1990,historical,Xc ratio,63,
0.8827413247434406,0.0033685897872431612,0.8769323860743079,0.8885887427400534,0.8810140111632547,True,0.58145331878273,historical,1995,historical,Xc ratio,63,
0.9105382409456912,0.0034472736981000607,0.9044068965548127,0.9167111522288423,0.9101435409155368,True,0.12577297961001016,historical,2000,historical,Xc ratio,63,
0.9331342708823245,0.003791286282851486,0.9262260496800863,0.9400940167854664,0.9278461599106248,True,1.4990058889099467,historical,2005,historical,Xc ratio,63,
0.9572697951015431,0.00347540631634282,0.9507713457732523,0.9638126608332732,0.9542293786430015,True,0.9153427288583216,historical,2010,historical,Xc ratio,63,
0.977172752079594,0.00334945306077216,0.9707788116546187,0.9836088055726208,0.9765533965649273,True,0.18929207587939234,historical,2015,historical,Xc ratio,63,
1.1347900120020573,0.00240500731600329,1.1294535081580572,1.1401517300519293,1.1374377209220468,True,-0.9690187327555143,projection,2050,linear,Xc ratio,63,
1.3521932571666664,0.005273712686336694,1.338288584813646,1.3662423975480618,1.3591114643447033,True,-0.9676754115328007,projection,2100,linear,Xc ratio,63,
1.1592764756881946,0.0031595681770630636,1.1521196766172317,1.1664777317491577,1.1631375979171645,True,-1.0523896305054072,projection,2050,exponential,Xc ratio,63,
1.4713448715572455,0.00825564587559638,1.4477289577518022,1.4953460172680673,1.4841838382187762,True,-1.052389631322107,projection,2100,exponential,Xc ratio,63,
86.9466304390929,,86.72318444027479,87.170076437911,87.10877515389147,True,-1.4222577399893974,contour,2050,linear,Mean,63,0.11400515549297043
98.27862998276923,,97.78246214207385,98.77479782346461,98.42628991075028,True,-0.5832867773071021,contour,2050,linear,Top 10%,63,0.25315150921603957
103.98802157154608,,103.20666907114101,104.76937407195116,104.16146434350796,True,-0.4350681494560049,contour,2050,linear,Top 1%,63,0.3986565603084042
110.25333384482211,,109.12352657868107,111.38314111096315,110.46601224989362,True,-0.36894966665716467,contour,2050,linear,Top 0.01%,63,0.5764428709164263
91.24891715414627,,90.91378993522532,91.58404437306721,91.47088929122432,True,-1.2981857923840734,contour,2100,linear,Mean,63,0.1709864168752075
101.21869851543049,,100.62317964766493,101.81421738319605,101.41922136822934,True,-0.6599582159967635,contour,2100,linear,Top 10%,63,0.30384174018653076
106.41466545146727,,105.55075119531905,107.27857970761549,106.63419065005733,True,-0.4980372529721223,contour,2100,linear,Top 1%,63,0.4407806791158864
112.24680831163813,,111.04926104983674,113.44435557343952,112.49874754383671,True,-0.412335978004825,contour,2100,linear,Top 0.01%,63,0.6110047282743598
87.51510720322871,,87.27042082807459,87.75979357838283,87.70423030490902,True,-1.5148962327977034,contour,2050,exponential,Mean,63,0.12484228132974978
98.6662705653961,,98.16012518782398,99.17241594296823,98.83329383458928,True,-0.6467698939957468,contour,2050,exponential,Top 10%,63,0.25824218279751665
104.30633479768781,,103.51921101016718,105.09345858520844,104.4959921653633,True,-0.47225305084161895,contour,2050,exponential,Top 1%,63,0.4016011486585399
110.51336059649604,,109.37820445624102,111.64851673675106,110.73946122627666,True,-0.3903860231529637,contour,2050,exponential,Top 0.01%,63,0.5791719384687738
93.04246215421794,,92.65845907742502,93.42646523101087,93.32632589185134,True,-1.4488495949692226,contour,2100,exponential,Mean,63,0.19592353728022843
102.46017272569183,,101.83618576556806,103.0841596858156,102.71190395682973,True,-0.7906962458259029,contour,2100,exponential,Top 10%,63,0.31836654400066866
107.4495362489659,,106.56652902511388,108.33254347281792,107.71305648722797,True,-0.5849218015883724,contour,2100,exponential,Top 1%,63,0.4505221681709893
113.1058585840083,,111.89720845725456,114.31450871076204,113.39514351075819,True,-0.46910849148952216,contour,2100,exponential,Top 0.01%,63,0.616669559383466
0.5434665639308263,0.014522896080529394,0.5282152290866456,0.5591582556631101,0.5509085391235231,True,-0.9364950238405874,historical,1800,historical,Xc ratio,64,
0.643061007183442,0.015599121337100305,0.6236977541679598,0.6630254096576739,0.6430095965528855,True,0.005125284512330161,historical,1850,historical,Xc ratio,64,
0.7077290616715788,0.006681801328275455,0.6985210045917996,0.7170585013792634,0.7118053198737329,True,-0.8595148823554312,historical,1900,historical,Xc ratio,64,
0.7577210209242558,0.007002442909061836,0.7473926894665034,0.7681920811405372,0.7595646387863185,True,-0.3470437173760438,historical,1950,historical,Xc ratio,64,
0.8269551490433563,0.004867797420912161,0.8191029291733624,0.8348826431611777,0.8281938295617597,True,-0.30748207084497226,historical,1980,historical,Xc ratio,64,
0.8427958154569145,0.004653764463837266,0.8351434496864687,0.8505182993632406,0.8430327297983153,True,-0.06039535625923059,historical,1985,historical,Xc ratio,64,
0.8623518878971479,0.003478379522429764,0.8564927999737687,0.8682510566143118,0.8648109768540827,True,-0.8186424694531683,historical,1990,historical,Xc ratio,64,
0.8822455189470689,0.003440406907837743,0.8763164848739934,0.8882146680306988,0.8810140111632547,True,0.4060141567346378,historical,1995,historical,Xc ratio,64,
0.9144117188155508,0.003418742031260745,0.9083050833053045,0.9205594099115695,0.9101435409155368,True,1.3685162164104607,historical,2000,historical,Xc ratio,64,
0.931854284617275,0.0038432444846153314,0.9248613503012336,0.9389000929455482,0.9278461599106248,True,1.1215816263424698,historical,2005,historical,Xc ratio,64,
0.9624273010626503,0.0035782837050161386,0.9557011167221396,0.9692008240061937,0.9542293786430015,False,2.39065744205366,historical,2010,historical,Xc ratio,64,
0.9832979798568637,0.003446561757868516,0.9766780518072536,0.9899627778073596,0.9765533965649273,False,1.9969979971884964,historical,2015,historical,Xc ratio,64,
1.1427900050593358,0.002808054569249595,1.1365177240750945,1.1490969018774635,1.1374377209220468,True,1.6718071902647444,projection,2050,linear,Xc ratio,64,
1.3730964648324582,0.006106526592807669,1.3567604152667367,1.3896292083114241,1.3591114643447033,True,1.6764410024512744,projection,2100,linear,Xc ratio,64,
1.1697794977055074,0.003713977615444508,1.161295282708398,1.1783256968553033,1.1631375979171645,True,1.5331508931014453,projection,2050,exponential,Xc ratio,64,
1.5064307611115701,0.009704264096106547,1.4780492001616365,1.5353573059509893,1.4841838382187762,True,1.533150892447603,projection,2100,exponential,Xc ratio,64,
87.19733982856577,,86.98521081573115,87.4094688414004,87.10877515389147,True,0.8182924643102044,contour,2050,linear,Mean,64,0.10823107695236982
98.46125419286153,,97.97146718972368,98.95104119599938,98.42628991075028,True,0.13991537799963394,contour,2050,linear,Top 10%,64,0.24989592002773478
104.11475108236675,,103.34502802229326,104.88447414244024,104.16146434350796,True,-0.11894707874340714,contour,2050,linear,Top 1%,64,0.39272306335472784
110.31815884083258,,109.20937909151354,111.42693859015162,110.46601224989362,True,-0.2613570070422695,contour,2050,linear,Top 0.01%,64,0.5657143488681362
91.62320635338585,,91.300329480956,91.94608322581571,91.47088929122432,True,0.9246123880625589,contour,2100,linear,Mean,64,0.16473612524346104
101.47071485727773,,100.89712294691506,102.04430676764039,101.41922136822934,True,0.17595329039651564,contour,2100,linear,Top 10%,64,0.2926543114501633
106.59831678053686,,105.76142057644586,107.43521298462787,106.63419065005733,True,-0.08401459094032009,contour,2100,linear,Top 1%,64,0.42699570537640513
112.35920728766682,,111.19981755644764,113.518597018886,112.49874754383671,True,-0.23589468590418033,contour,2100,linear,Top 0.01%,64,0.5915362426882953
87.80861419411195,,87.57696485164857,88.04026353657534,87.70423030490902,True,0.8831825777200305,contour,2050,exponential,Mean,64,0.1181906118125729
98.87636955148398,,98.3809424750253,99.37179662794266,98.83329383458928,True,0.17041227202461104,contour,2050,exponential,Top 10%,64,0.2527735613340694
104.45544950503037,,103.68459695612265,105.2263020539381,104.4959921653633,True,-0.10308346804143127,contour,2050,exponential,Top 1%,64,0.3932993437573991
110.59649302060558,,109.48694561408237,111.70604042712878,110.73946122627666,True,-0.2525466982322828,contour,2050,exponential,Top 0.01%,64,0.5661060179040036
93.54652753055615,,93.17637608077919,93.9166789803331,93.32632589185134,True,1.165974850181382,contour,2100,exponential,Mean,64,0.18885625077638035
102.79429290583988,,102.20374023697151,103.38484557470825,102.71190395682973,True,0.2734377157137095,contour,2100,exponential,Top 10%,64,0.3013079186794178
107.70253474145855,,106.85968044654982,108.54538903636728,107.71305648722797,True,-0.024467150356977944,contour,2100,exponential,Top 1%,64,0.43003560348919057
113.2770956662204,,112.11702380753071,114.4371675249101,113.39514351075819,True,-0.1994441309937193,contour,2100,exponential,Top 0.01%,64,0.5918842733030928
0.557263361438749,0.015135443110661563,0.5409749778158203,0.5740421770630225,0.5509085391235231,True,0.7577673596765012,historical,1800,historical,Xc ratio,65,
0.6390512463320369,0.015047327297855658,0.6204794150383625,0.6581789589478652,0.6430095965528855,True,-0.41037187495110755,historical,1850,historical,Xc ratio,65,
0.7180346181967094,0.007212377522639424,0.7079558850190579,0.7282568361092374,0.7118053198737329,True,1.2081086627678728,historical,1900,historical,Xc ratio,65,
0.7563086086625965,0.007246309963735099,0.7456430488158656,0.7671267269848941,0.7595646387863185,True,-0.5928424345481125,historical,1950,historical,Xc ratio,65,
0.8306689468483197,0.0042525356580235705,0.8237742463573521,0.8376213535556085,0.8281938295617597,True,0.7017261733225877,historical,1980,historical,Xc ratio,65,
0.8399131916289249,0.004186044659993361,0.8330503182683402,0.8468326030277654,0.8430327297983153,True,-0.8856187008600539,historical,1985,historical,Xc ratio,65,
0.865556981138732,0.0032423829601204244,0.8600738474737392,0.8710750708192769,0.8648109768540827,True,0.26593075805637745,historical,1990,historical,Xc ratio,65,
0.8782205227180903,0.0033424175605791875,0.8724860879316656,0.8839926472084249,0.8810140111632547,True,-0.9501513592177924,historical,1995,historical,Xc ratio,65,
0.9086821954786859,0.003313908410005834,0.9027993021680861,0.9146034233710924,0.9101435409155368,True,-0.48489910762417776,historical,2000,historical,Xc ratio,65,
0.9267627505630841,0.0036977539516471663,0.9200703511220778,0.9335038291189248,0.9278461599106248,True,-0.31596012102560844,historical,2005,historical,Xc ratio,65,
0.9538561311786955,0.003352279304357994,0.9476095093997196,0.9601439305558936,0.9542293786430015,True,-0.11670483200947272,historical,2010,historical,Xc ratio,65,
0.9763081643115967,0.003253912585773835,0.9701015213657371,0.9825545169329994,0.9765533965649273,True,-0.0771845271379532,historical,2015,historical,Xc ratio,65,
1.1372323021842463,0.0021377659900431428,1.1324773306170042,1.1420072386143552,1.1374377209220468,True,-0.08448731050496312,projection,2050,linear,Xc ratio,65,
1.358574725062063,0.00467572698821309,1.346181272933504,1.371082275981588,1.3591114643447033,True,-0.08447825417549987,projection,2100,linear,Xc ratio,65,
1.1628647583973222,0.002838263861063179,1.156413823481987,1.1693516791859122,1.1631375979171645,True,-0.0826559946540239,projection,2050,exponential,Xc ratio,65,
1.4832743333136613,0.007416108805205485,1.4618704198137482,1.5049916313016265,1.4841838382187762,True,-0.08265599457647967,projection,2100,exponential,Xc ratio,65,
87.04401178450657,,86.81840090025534,87.26962266875779,87.10877515389147,True,-0.5626229954869155,contour,2050,linear,Mean,65,0.11510970917364867
98.23068362456453,,97.74103780271261,98.72032944641646,98.42628991075028,True,-0.7829767128894908,contour,2050,linear,Top 10%,65,0.24982388743579173
103.87607684171081,,103.1073994490628,104.64475423435883,104.16146434350796,True,-0.727677476286057,contour,2050,linear,Top 1%,65,0.392189549762782
110.07914687123511,,108.96747732118341,111.19081642128681,110.46601224989362,True,-0.6820751805254116,contour,2050,linear,Top 0.01%,65,0.5671887640897668
91.34692327278752,,91.01795001398148,91.67589653159357,91.47088929122432,True,-0.7385674213301543,contour,2100,linear,Mean,65,0.1678465836112045
101.19015168554863,,100.59234748646956,101.78795588462769,101.41922136822934,True,-0.7510290638571326,contour,2100,linear,Top 10%,65,0.30500774697621025
106.3230674652171,,105.46209709794766,107.18403783248652,106.63419065005733,True,-0.7082592621348867,contour,2100,linear,Top 1%,65,0.4392786673942406
112.09247960023716,,110.90416548817741,113.2807937122969,112.49874754383671,True,-0.6700842222163458,contour,2100,linear,Top 0.01%,65,0.6062938510263713
87.63068300655499,,87.38335590994808,87.8780101031619,87.70423030490902,True,-0.5828316343486765,contour,2050,exponential,Mean,65,0.12618961295094994
98.6325304246006,,98.1305034227093,99.13455742649191,98.83329383458928,True,-0.7838005754846807,contour,2050,exponential,Top 10%,65,0.25614093210448957
104.20662171278322,,103.42966586883647,104.98357755672997,104.4959921653633,True,-0.7299715545815213,contour,2050,exponential,Top 1%,65,0.3964133270178968
110.34959631138817,,109.23018929571343,111.46900332706291,110.73946122627666,True,-0.6826124736734903,contour,2050,exponential,Top 0.01%,65,0.5711365231731365
93.17518979441653,,92.79564771605438,93.55473187277867,93.32632589185134,True,-0.7804702683150637,contour,2100,exponential,Mean,65,0.19364747584952685
102.46747150145417,,101.83261901512401,103.10232398778433,102.71190395682973,True,-0.7546301219644707,contour,2100,exponential,Top 10%,65,0.323910281687732
107.38985965446751,,106.50173700586043,108.2779823030746,107.71305648722797,True,-0.7132507577882333,contour,2100,exponential,Top 1%,65,0.45313212671891384
112.97955625728807,,111.77253010590556,114.18658240867057,113.39514351075819,True,-0.6748288330806871,contour,2100,exponential,Top 0.01%,65,0.6158409852953501
0.546428823956905,0.016752466779890497,0.528778604798974,0.5646681937224735,0.5509085391235231,True,-0.4873757060514004,historical,1800,historical,Xc ratio,66,
0.6432560546795739,0.01620104183727396,0.6231513366397177,0.664009410800898,0.6430095965528855,True,0.02365372417844059,historical,1850,historical,Xc ratio,66,
0.7157597076128128,0.00821609167898353,0.7043259618248083,0.7273790642540733,0.7118053198737329,True,0.6742938219862794,historical,1900,historical,Xc ratio,66,
0.7685212377487706,0.00770998410491114,0.7569951955779666,0.7802227759450435,0.7595646387863185,True,1.520466491723736,historical,1950,historical,Xc ratio,66,
0.831133963765613,0.004405389629339238,0.823988509270642,0.8383413821343095,0.8281938295617597,True,0.8044167255658984,historical,1980,historical,Xc ratio,66,
0.843216471132394,0.004206133410968193,0.8362936786701866,0.85019657008477,0.8430327297983153,True,0.0518122034509519,historical,1985,historical,Xc ratio,66,
0.864423483111638,0.0032632594022399585,0.8589123850330598,0.8699699424244478,0.8648109768540827,True,-0.1373375251310858,historical,1990,historical,Xc ratio,66,
0.8773883251597833,0.0033175659355748474,0.8717017823654198,0.883111964091388,0.8810140111632547,True,-1.243033937482475,historical,1995,historical,Xc ratio,66,
0.9129838214304197,0.0032451700425842707,0.9071952923951501,0.9188092852565474,0.9101435409155368,True,0.9601456398350857,historical,2000,historical,Xc ratio,66,
0.9254041606382909,0.0036611001939466383,0.9187875753050737,0.932068394854284,0.9278461599106248,True,-0.7198302258779629,historical,2005,historical,Xc ratio,66,
0.9530226761563013,0.0033102705620292254,0.9468594695692275,0.959225999694893,0.9542293786430015,True,-0.3822598437571918,historical,2010,historical,Xc ratio,66,
0.9769087411252878,0.0032269058579481695,0.9707496627265007,0.983106896794126,0.9765533965649273,True,0.11274268632290686,historical,2015,historical,Xc ratio,66,
1.136193139801748,0.0021772714269791714,1.1313549098231366,1.1410520604311205,1.1374377209220468,True,-0.5028294653616942,projection,2050,linear,Xc ratio,66,
1.3558594943206963,0.004767309790130567,1.3432496779871754,1.3685876858681263,1.3591114643447033,True,-0.5025024394271665,projection,2100,linear,Xc ratio,66,
1.1614221568908536,0.0028929173938122762,1.15485551119386,1.1680261413157589,1.1631375979171645,True,-0.5101866844699511,projection,2050,exponential,Xc ratio,66,
1.47847116968613,0.007558913189353618,1.4567287836990608,1.5005380713645897,1.4841838382187762,True,-0.5101866845327755,projection,2100,exponential,Xc ratio,66,
87.12790388216379,,86.90390051574548,87.35190724858211,87.10877515389147,True,0.16737078144525497,contour,2050,linear,Mean,66,0.1142895319430513
98.52669175075373,,98.00126835611006,99.0521151453974,98.42628991075028,True,0.37452460700146656,contour,2050,linear,Top 10%,66,0.268078086530238
104.34442981944193,,103.48615561161706,105.20270402726679,104.16146434350796,True,0.4178218802049518,contour,2050,linear,Top 1%,66,0.4379030505636036
110.75015234655532,,109.47474173487734,112.02556295823331,110.46601224989362,True,0.4366471087205083,contour,2050,linear,Top 0.01%,66,0.6507316571826327
91.50096506146753,,91.17074583887663,91.83118428405842,91.47088929122432,True,0.17850997898145582,contour,2100,linear,Mean,66,0.1684822911010774
101.54771386501046,,100.8793258260751,102.21610190394583,101.41922136822934,True,0.376788110056191,contour,2100,linear,Top 10%,66,0.3410205719123102
106.84224155022771,,105.85683002536297,107.82765307509246,106.63419065005733,True,0.4138091152739844,contour,2100,linear,Top 1%,66,0.5027702205946484
112.80389824403653,,111.4232511218451,114.18454536622797,112.49874754383671,True,0.4331913438529446,contour,2100,linear,Top 0.01%,66,0.704424741006383
87.72007554823931,,87.47528238916044,87.96486870731817,87.70423030490902,True,0.12686672442359614,contour,2050,exponential,Mean,66,0.12489676392514099
98.93358079918904,,98.39408921859734,99.47307237978075,98.83329383458928,True,0.3643408827970734,contour,2050,exponential,Top 10%,66,0.2752558643154448
104.67914363897367,,103.80945749562426,105.54882978232308,104.4959921653633,True,0.41275843559982056,contour,2050,exponential,Top 1%,66,0.4437255736377863
111.02383338372351,,109.73805246287031,112.30961430457671,110.73946122627666,True,0.43347912366900626,contour,2050,exponential,Top 0.01%,66,0.6560227284762913
93.34430700043154,,92.95996277581159,93.7286512250515,93.32632589185134,True,0.09169469179391498,contour,2100,exponential,Mean,66,0.19609759549237918
102.840613696798,,102.12491848252654,103.55630891106946,102.71190395682973,True,0.35247749288656766,contour,2100,exponential,Top 10%,66,0.3651573293778869
107.9217707447081,,106.8980125107938,108.94552897862239,107.71305648722797,True,0.3995791332070482,contour,2100,exponential,Top 1%,66,0.522335227580506
113.70076031097321,,112.2899950643312,115.11152555761522,113.39514351075819,True,0.4245907835605993,contour,2100,exponential,Top 0.01%,66,0.7197914133984052
0.5461071347090801,0.015403736051943746,0.529866138630431,0.56284593567541,0.5509085391235231,True,-0.5682797167726994,historical,1800,historical,Xc ratio,67,
0.6555128390937943,0.015882318262074216,0.6354218556642149,0.6762390660416278,0.6430095965528855,True,1.2125585592459245,historical,1850,historical,Xc ratio,67,
0.7127114065987962,0.007514061340560387,0.7022920123510829,0.7232853857977547,0.7118053198737329,True,0.1693002240292382,historical,1900,historical,Xc ratio,67,
0.7605042695003503,0.007450915215244054,0.74947892640791,0.7716918028639549,0.7595646387863185,True,0.16592596714650945,historical,1950,historical,Xc ratio,67,
0.8334400081533361,0.0043349503562539245,0.8263888101248917,0.840551370831915,0.8281938295617597,True,1.456649464806166,historical,1980,historical,Xc ratio,67,
0.8470045811455392,0.004236334672213735,0.8400009643948858,0.854066591457235,0.8430327297983153,True,1.1095253425035774,historical,1985,historical,Xc ratio,67,
0.8656011258464675,0.0032635228717440034,0.8600820756141992,0.871155591205187,0.8648109768540827,True,0.27983550222753323,historical,1990,historical,Xc ratio,67,
0.8816556998027323,0.0033490508696963736,0.8758874471324434,0.887461939932457,0.8810140111632547,True,0.21740107105952633,historical,1995,historical,Xc ratio,67,
0.911212016091006,0.0033197735620408555,0.9053023375348935,0.9171602721467984,0.9101435409155368,True,0.3534201320108018,historical,2000,historical,Xc ratio,67,
0.9259701574553653,0.0037059754201215892,0.9192686685248785,0.932720500388412,0.9278461599106248,True,-0.5461278338840412,historical,2005,historical,Xc ratio,67,
0.9537222337462643,0.003361073192295195,0.9474601585527858,0.9600256970502347,0.9542293786430015,True,-0.1581673139022951,historical,2010,historical,Xc ratio,67,
0.9776319725663809,0.0032617382949953135,0.9714020142463323,0.983901885900008,0.9765533965649273,True,0.33842771579042885,historical,2015,historical,Xc ratio,67,
1.1337724611123727,0.002166256115438126,1.1289689128043319,1.1385964476061654,1.1374377209220468,True,-1.4899373566103327,projection,2050,linear,Xc ratio,67,
1.349534495164587,0.004755268466190627,1.3370150567635528,1.3621711621167016,1.3591114643447033,True,-1.4870741054967802,projection,2100,linear,Xc ratio,67,
1.1580379553219045,0.0028589706235992536,1.151567060126777,1.1645452118250934,1.1631375979171645,True,-1.5369252779703082,projection,2050,exponential,Xc ratio,67,
1.4672411330799402,0.0074702135648125525,1.445915243652428,1.488881559311647,1.4841838382187762,True,-1.5369252779859637,projection,2100,exponential,Xc ratio,67,
86.98158597608374,,86.75137263313198,87.21179931903549,87.10877515389147,True,-1.0828486504305639,contour,2050,linear,Mean,67,0.11745794553759932
98.28958860063963,,97.78298387098684,98.79619333029243,98.42628991075028,True,-0.5288731604222139,contour,2050,linear,Top 10%,67,0.2584765504105367
104.03636030358847,,103.23298103574993,104.839739571427,104.16146434350796,True,-0.3052100326441841,contour,2050,linear,Top 1%,67,0.4098949134655058
110.35293694539905,,109.18086579244499,111.52500809835311,110.46601224989362,True,-0.18908709065288462,contour,2050,linear,Top 0.01%,67,0.5980064747103718
91.28325949357986,,90.94657905060045,91.61993993655928,91.47088929122432,True,-1.0922750444169806,contour,2100,linear,Mean,67,0.17177889269145785
101.24624400403059,,100.6209714781348,101.87151652992637,101.41922136822934,True,-0.5422106200564668,contour,2100,linear,Top 10%,67,0.31902245695730486
106.47945799560406,,105.57442235757898,107.38449363362915,106.63419065005733,True,-0.3350922518614424,contour,2100,linear,Top 1%,67,0.461761361516798
112.36111631458843,,111.1039587073974,113.61827392177946,112.49874754383671,True,-0.21457313779243353,contour,2100,linear,Top 0.01%,67,0.6414187286640796
87.55005738133913,,87.29761520983237,87.80249955284589,87.70423030490902,True,-1.1970003893748329,contour,2050,exponential,Mean,67,0.1287993929980334
98.67872674860453,,98.15943035791608,99.19802313929299,98.83329383458928,True,-0.5833776763281207,contour,2050,exponential,Top 10%,67,0.26495200666165986
104.3562880591383,,103.54306510974247,105.16951100853412,104.4959921653633,True,-0.3367035041212245,contour,2050,exponential,Top 1%,67,0.4149172922617191
110.6144641864605,,109.43331800908477,111.79561036383622,110.73946122627666,True,-0.20741691494791437,contour,2050,exponential,Top 0.01%,67,0.6026366742922281
93.06657787312378,,92.67649984924856,93.456655896999,93.32632589185134,True,-1.3051152092702756,contour,2100,exponential,Mean,67,0.19902305703172027
102.48998636432653,,101.82497382633304,103.15499890232002,102.71190395682973,True,-0.6540485539632952,contour,2100,exponential,Top 10%,67,0.33929834590790514
107.517123792251,,106.58020593500127,108.45404164950072,107.71305648722797,True,-0.40987694126783847,contour,2100,exponential,Top 1%,67,0.47802809880183117
113.2227984414861,,111.94132043156857,114.50427645140364,113.39514351075819,True,-0.2635941671040245,contour,2100,exponential,Top 0.01%,67,0.6538273254129675
0.5580173857693417,0.015322963105776938,0.5415079042919572,0.5750302079671326,0.5509085391235231,True,0.8367385881326375,historical,1800,historical,Xc ratio,68,
0.6465651263217997,0.015494299578890347,0.6272252087607734,0.6665013726113961,0.6430095965528855,True,0.3558909584397107,historical,1850,historical,Xc ratio,68,
0.7162224479476884,0.007368742672727964,0.7059527648549929,0.726641526858454,0.7118053198737329,True,0.8395398773932587,historical,1900,historical,Xc ratio,68,
0.7574279002555604,0.0074381945245603626,0.746465767276844,0.7685510163157669,0.7595646387863185,True,-0.37873085444225957,historical,1950,historical,Xc ratio,68,
0.834055560240475,0.004337831237591311,0.8269944848486694,0.8411769247715701,0.8281938295617597,True,1.625881248865266,historical,1980,historical,Xc ratio,68,
0.8446645400687011,0.004212275586062746,0.8377197740842918,0.8516668787356114,0.8430327297983153,True,0.4590801008734752,historical,1985,historical,Xc ratio,68,
0.8669784291437644,0.0032461232695547887,0.8614799754621365,0.8725119770745335,0.8648109768540827,True,0.7711159432064888,historical,1990,historical,Xc ratio,68,
0.8815433780502164,0.003318878950592789,0.8758276515505341,0.8872964058720954,0.8810140111632547,True,0.18098896695750286,historical,1995,historical,Xc ratio,68,
0.9094420612912542,0.003328835632986697,0.9035278138016946,0.9153950218373832,0.9101435409155368,True,-0.23162222782164965,historical,2000,historical,Xc ratio,68,
0.9298645168885967,0.0036961779484838385,0.9231525703011798,0.9366252638893382,0.9278461599106248,True,0.5878915232695082,historical,2005,historical,Xc ratio,68,
0.9536391802573434,0.003362417815086114,0.9473751536600447,0.9599446244800254,0.9542293786430015,True,-0.1840042684635656,historical,2010,historical,Xc ratio,68,
0.9776632829670739,0.0032528080489394786,0.9714501282261003,0.9839161755090047,0.9765533965649273,True,0.3492025619876323,historical,2015,historical,Xc ratio,68,
1.1343850453749915,0.002176003074186556,1.129557322763225,1.1392334016501822,1.1374377209220468,True,-1.2350284240617988,projection,2050,linear,Xc ratio,68,
1.3511351185604619,0.0047735836784872756,1.3385527803041815,1.363835730252295,1.3591114643447033,True,-1.2330533770993382,projection,2100,linear,Xc ratio,68,
1.1588306178445995,0.002871818593778625,1.1523262756652461,1.1653716739895021,1.1631375979171645,True,-1.2917845395341372,projection,2050,exponential,Xc ratio,68,
1.4698667420684999,0.007503784068901492,1.4484073862726554,1.4916440360049097,1.4841838382187762,True,-1.291784539312745,projection,2100,exponential,Xc ratio,68,
86.96834058388,,86.74089490797503,87.19578625978498,87.10877515389147,True,-1.2101645736357232,contour,2050,linear,Mean,68,0.1160458445660445
98.25297941068727,,97.7536196703507,98.75233915102385,98.42628991075028,True,-0.6802357315332788,contour,2050,linear,Top 10%,68,0.2547800593661282
103.9650811358752,,103.17442394809717,104.75573832365322,104.16146434350796,True,-0.48681529755057107,contour,2050,linear,Top 1%,68,0.40340393701856264
110.2416679712828,,109.08925432166845,111.39408162089714,110.46601224989362,True,-0.3815528446421833,contour,2050,linear,Top 0.01%,68,0.5879769519769061
91.25621909123635,,90.92268260967059,91.5897555728021,91.47088929122432,True,-1.2614687861288159,contour,2100,linear,Mean,68,0.17017480127015752
101.20219430942436,,100.5883971665348,101.81599145231391,101.41922136822934,True,-0.6930061891880763,contour,2100,linear,Top 10%,68,0.3131675621241645
106.40236265321397,,105.513981264587,107.29074404184094,106.63419065005733,True,-0.5114633537329104,contour,2100,linear,Top 1%,68,0.45326413935890003
112.24559492332226,,111.01170011199973,113.47948973464479,112.49874754383671,True,-0.40211695052712476,contour,2100,linear,Top 0.01%,68,0.6295497371662762
87.53673783095418,,87.28722294463834,87.78625271727002,87.70423030490902,True,-1.3156698643520939,contour,2050,exponential,Mean,68,0.12730585270136865
98.64234851844452,,98.12988309871656,99.15481393817248,98.83329383458928,True,-0.730285260728443,contour,2050,exponential,Top 10%,68,0.2614667533537502
104.28523804371167,,103.48518699424385,105.0852890931795,104.4959921653633,True,-0.5163051636584034,contour,2050,exponential,Top 1%,68,0.4081968116651862
110.50345253722223,,109.34485110312579,111.66205397131867,110.73946122627666,True,-0.39924733128431245,contour,2050,exponential,Top 0.01%,68,0.5911340428882235
93.03914908512466,,92.65304234878118,93.42525582146814,93.32632589185134,True,-1.457773577611909,contour,2100,exponential,Mean,68,0.1969968526917078
102.44682610750293,,101.7934638463978,103.10018836860806,102.71190395682973,True,-0.7951837268670434,contour,2100,exponential,Top 10%,68,0.33335421786256236
107.44098482108286,,106.5222080721523,108.35976157001343,107.71305648722797,True,-0.5803919912850366,contour,2100,exponential,Top 1%,68,0.4687722612138733
113.10835406415475,,111.85407015934426,114.36263796896525,113.39514351075819,True,-0.4481417519056958,contour,2100,exponential,Top 0.01%,68,0.6399525270383332
0.5427477930701118,0.015266604886636422,0.5267482586317072,0.5592332998834619,0.5509085391235231,True,-0.9775626102798244,historical,1800,historical,Xc ratio,69,
0.6417910212286781,0.015469512190046126,0.622624153510877,0.6615479219801164,0.6430095965528855,True,-0.12262249532988437,historical,1850,historical,Xc ratio,69,
0.7116020425972402,0.007339922788537033,0.7014382302846361,0.7219131281496902,0.7118053198737329,True,-0.03891330631730196,historical,1900,historical,Xc ratio,69,
0.7557049195385472,0.007493961740747389,0.7446863230286335,0.7668865504231955,0.7595646387863185,True,-0.6798064497608759,historical,1950,historical,Xc ratio,69,
0.8297722072514984,0.004432481034767908,0.8225947806536081,0.837012259401823,0.8281938295617597,True,0.4295547685032293,historical,1980,historical,Xc ratio,69,
0.8428840944036906,0.004260877421147316,0.8358743397227799,0.8499526338305271,0.8430327297983153,True,-0.041382531307455186,historical,1985,historical,Xc ratio,69,
0.8670400911533492,0.003282040702146965,0.8614805987297196,0.8726354612926859,0.8648109768540827,True,0.7843466913195525,historical,1990,historical,Xc ratio,69,
0.8793787016453366,0.0033723637287420348,0.8735854291923473,0.8852103927859472,0.8810140111632547,True,-0.5509169231462223,historical,1995,historical,Xc ratio,69,
0.9106484376669051,0.0033868307664290673,0.9046235119914743,0.9167134902337036,0.9101435409155368,True,0.16374903729110807,historical,2000,historical,Xc ratio,69,
0.9284895715307676,0.0037367824972927306,0.9217141934543868,0.9353147543605133,0.9278461599106248,True,0.18550882251851764,historical,2005,historical,Xc ratio,69,
0.9555470679159934,0.0033948699092989244,0.9492101328935583,0.9619263083712164,0.9542293786430015,True,0.4064783372140535,historical,2010,historical,Xc ratio,69,
0.9762834754405051,0.003293146451621707,0.9700023963408289,0.9826052265579053,0.9765533965649273,True,-0.0839440389561668,historical,2015,historical,Xc ratio,69,
1.136787570344608,0.0022467876904738782,1.1317925925769623,1.141804592613219,1.1374377209220468,True,-0.25447694319291403,projection,2050,linear,Xc ratio,69,
1.3574126838036533,0.004916462987366677,1.3443953513129425,1.3705560587899799,1.3591114643447033,True,-0.25439055682938566,projection,2100,linear,Xc ratio,69,
1.1621942391872535,0.002977790437174104,1.1554310084106294,1.1689970580398468,1.1631375979171645,True,-0.2724757292712366,projection,2050,exponential,Xc ratio,69,
1.4810406332895862,0.0077806782424890576,1.4586263288398962,1.5037993721115552,1.4841838382187762,True,-0.27247572915135626,projection,2100,exponential,Xc ratio,69,
87.0822174924666,,86.85145377676318,87.31298120817002,87.10877515389147,True,-0.22556431693645476,contour,2050,linear,Mean,69,0.11773875312182513
98.3766701013495,,97.86811205609271,98.8852281466063,98.42628991075028,True,-0.19123291874414128,contour,2050,linear,Top 10%,69,0.2594731583173156
104.10140802742052,,103.30166810109718,104.90114795374386,104.16146434350796,True,-0.14718311878797247,contour,2050,linear,Top 1%,69,0.40803807245011176
110.39351735502048,,109.23229697310133,111.55473773693963,110.46601224989362,True,-0.12236039362274273,contour,2050,linear,Top 0.01%,69,0.5924702653103496
91.42848818319298,,91.09056460652765,91.76641175985831,91.47088929122432,True,-0.2459273350090199,contour,2100,linear,Mean,69,0.17241315622676454
101.3582694055759,,100.74017337874868,101.97636543240311,101.41922136822934,True,-0.19327684761380823,contour,2100,linear,Top 10%,69,0.31536091055891813
106.56486163741008,,105.67007953955778,107.45964373526238,106.63419065005733,True,-0.15186084768403002,contour,2100,linear,Top 1%,69,0.45652986733953127
112.4187000353367,,111.17975351094617,113.65764655972723,112.49874754383671,True,-0.1266319656446592,contour,2100,linear,Top 0.01%,69,0.6321271891540912
87.6712438858826,,87.41856381474626,87.92392395701894,87.70423030490902,True,-0.25586581870096475,contour,2050,exponential,Mean,69,0.12892077259044316
98.77924310828291,,98.26019130366059,99.29829491290523,98.83329383458928,True,-0.204098080298169,contour,2050,exponential,Top 10%,69,0.2648272155593447
104.4323041247819,,103.62433025583917,105.24027799372462,104.4959921653633,True,-0.15449294907127378,contour,2050,exponential,Top 1%,69,0.4122391407780639
110.66401954960624,,109.49649395533676,111.83154514387572,110.73946122627666,True,-0.1266464477807508,contour,2050,exponential,Top 0.01%,69,0.595687269500258
93.26752900122881,,92.87890346964188,93.65615453281573,93.32632589185134,True,-0.2965316960842081,contour,2100,exponential,Mean,69,0.19828197592015392
102.63909338778724,,101.9843099486528,103.29387682692169,102.71190395682973,True,-0.21794395595249166,contour,2100,exponential,Top 10%,69,0.33407932201781193
107.63377984273713,,106.71282876024569,108.55473092522857,107.71305648722797,True,-0.16871620107866653,contour,2100,exponential,Top 1%,69,0.46988163545647066
113.30678712525885,,112.04973693836278,114.56383731215492,113.39514351075819,True,-0.13776326131452465,contour,2100,exponential,Top 0.01%,69,0.6413639213840442
0.5598512465952397,0.022423408056847137,0.5357791513830953,0.5850048802853308,0.5509085391235231,True,0.7181028257941943,historical,1800,historical,Xc ratio,70,
0.6559650743024011,0.019384368064276326,0.6315106990106738,0.6813664113349912,0.6430095965528855,True,1.0290713778818987,historical,1850,historical,Xc ratio,70,
0.7179431534303422,0.01195055220630044,0.7013224314083142,0.734957771880264,0.7118053198737329,True,0.7184559667159685,historical,1900,historical,Xc ratio,70,
0.7696036262032684,0.009331395563304997,0.755656125246102,0.7838085627537569,0.7595646387863185,True,1.4070977501038573,historical,1950,historical,Xc ratio,70,
0.830238644429689,0.005520002181832742,0.8213047033159188,0.8392697666548081,0.8281938295617597,True,0.44673210779799405,historical,1980,historical,Xc ratio,70,
0.8462606238524117,0.005246763417505713,0.837602723287435,0.8550080170134712,0.8430327297983153,True,0.7283719975975856,historical,1985,historical,Xc ratio,70,
0.8662979693414973,0.0041862368274981614,0.8592191841455469,0.8734350739986224,0.8648109768540827,True,0.4103842474688956,historical,1990,historical,Xc ratio,70,
0.8843806453441875,0.0038923499859791722,0.8776594940733945,0.8911532674584111,0.8810140111632547,True,0.9798796971680007,historical,1995,historical,Xc ratio,70,
0.9088994644759891,0.003526578024886638,0.9026388438784587,0.9152035081663015,0.9101435409155368,True,-0.38786506563631495,historical,2000,historical,Xc ratio,70,
0.928174586581379,0.003741686224398095,0.9213926513487767,0.9350064404294943,0.9278461599106248,True,0.09458411980252998,historical,2005,historical,Xc ratio,70,
0.9519875142015335,0.003127132095606825,0.9461705640732159,0.9578402262844924,0.9542293786430015,True,-0.752178652483317,historical,2010,historical,Xc ratio,70,
0.9759971495199953,0.0029463267858299666,0.9703773063146383,0.9816495394857178,0.9765533965649273,True,-0.1933813219719083,historical,2015,historical,Xc ratio,70,
1.1342669179127396,0.0030909572348935136,1.1274161145318355,1.1411593505610977,1.1374377209220468,True,-0.903139169335177,projection,2050,linear,Xc ratio,70,
1.3508264629332871,0.006781597761900323,1.3329904975213351,1.3689010809558675,1.3591114643447033,True,-0.9016387442420851,projection,2100,linear,Xc ratio,70,
1.1588923167575123,0.004150862242002763,1.1495023494013823,1.1683589881647434,1.1631375979171645,True,-0.8809085131922583,projection,2050,exponential,Xc ratio,70,
1.4700712346166425,0.01084580133517148,1.4391511758024456,1.501655608655778,1.4841838382187762,True,-0.8809085137474997,projection,2100,exponential,Xc ratio,70,
87.14714610792106,,86.99932074360896,87.29497147223316,87.10877515389147,True,0.5087468466619244,contour,2050,linear,Mean,70,0.07542249014682686
98.71538450928026,,98.19992618308478,99.23084283547573,98.42628991075028,True,1.0992450261224853,contour,2050,linear,Top 10%,70,0.2629937745087946
104.71664444446868,,103.7479391109164,105.68534977802096,104.16146434350796,True,1.1232858591023527,contour,2050,linear,Top 1%,70,0.49424649697307244
111.34885199246325,,109.80551888631639,112.89218509861011,110.46601224989362,True,1.12116696821016,contour,2050,linear,Top 0.01%,70,0.7874293192734727
91.56926728276778,,91.31997783541951,91.81855673011606,91.47088929122432,True,0.773467639114206,contour,2100,linear,Mean,70,0.12719083070640555
101.81765287962548,,101.10545652813573,102.52984923111524,101.41922136822934,True,1.09648330970635,contour,2100,linear,Top 10%,70,0.36337216250272364
107.28708511619692,,106.13826611276797,108.43590411962587,106.63419065005733,True,1.1138827226217565,contour,2100,linear,Top 1%,70,0.5861429151202395
113.46408223306999,,111.76493644537189,115.16322802076809,112.49874754383671,True,1.1135131768107545,contour,2100,linear,Top 0.01%,70,0.8669270461604386
87.73991555827175,,87.5741181828599,87.90571293368359,87.70423030490902,True,0.4218511372474748,contour,2050,exponential,Mean,70,0.08459205205791488
99.12897712194123,,98.60507087473013,99.65288336915233,98.83329383458928,True,1.1061685122580713,contour,2050,exponential,Top 10%,70,0.26730401749400484
105.05768987824821,,104.08094263770876,106.03443711878766,104.4959921653633,True,1.1271158409875581,contour,2050,exponential,Top 1%,70,0.498349586137267
111.62801793784558,,110.07789321115266,113.17814266453851,110.73946122627666,True,1.1234832416432927,contour,2050,exponential,Top 0.01%,70,0.7908944954704024
93.41732751164987,,93.12374985957644,93.71090516372331,93.32632589185134,True,0.607539082352586,contour,2100,exponential,Mean,70,0.14978726874021897
103.12960219098133,,102.38478860596152,103.87441577600114,102.71190395682973,True,1.0991656325942591,contour,2100,exponential,Top 10%,70,0.3800139139774106
108.38405481582336,,107.20598067901746,109.56212895262927,107.71305648722797,True,1.1163410829977176,contour,2100,exponential,Top 1%,70,0.6010692778532815
114.37562841919414,,112.65261336170735,116.09864347668093,113.39514351075819,True,1.1153211340604914,contour,2100,exponential,Top 0.01%,70,0.8791054688135913
0.5637397572661145,0.01931888331876191,0.5427932032287974,0.5854946451650722,0.5509085391235231,True,1.1917830171198667,historical,1800,historical,Xc ratio,71,
0.6317960276902228,0.01766370356317072,0.6102973993283142,0.65405197702704,0.6430095965528855,True,-0.9959999418923915,historical,1850,historical,Xc ratio,71,
0.7255925738236655,0.00972643704221491,0.711891276292889,0.7395575711078711,0.7118053198737329,False,1.9723787089847304,historical,1900,historical,Xc ratio,71,
0.7697011810115122,0.008234869488839648,0.7573778841178347,0.7822249902907692,0.7595646387863185,True,1.6098539868217097,historical,1950,historical,Xc ratio,71,
0.8382584498748444,0.0055047228665511755,0.8292630436085643,0.8473514335437583,0.8281938295617597,False,2.194342076926877,historical,1980,historical,Xc ratio,71,
0.8504089805396055,0.005449603905250004,0.8413740758577054,0.8595409044962291,0.8430327297983153,True,1.598575761260733,historical,1985,historical,Xc ratio,71,
0.8703660001619744,0.004399041759690346,0.8628939943189403,0.8779027078938684,0.8648109768540827,True,1.4555110386861405,historical,1990,historical,Xc ratio,71,
0.8874307921101274,0.004150988522065774,0.8802401338165492,0.8946801907004822,0.8810140111632547,True,1.7482602121409487,historical,1995,historical,Xc ratio,71,
0.9163283366057111,0.0035066598684087196,0.9100520716577031,0.9226478864413914,0.9101435409155368,True,1.931302845564701,historical,2000,historical,Xc ratio,71,
0.9280999533149414,0.0037727727941463986,0.9212624305079615,0.9349882235708433,0.9278461599106248,True,0.07249103750597741,historical,2005,historical,Xc ratio,71,
0.95990509000868,0.0030468816089945405,0.9541898318121192,0.9656545805719713,0.9542293786430015,True,1.9463616853420722,historical,2010,historical,Xc ratio,71,
0.9817236007791245,0.00295960434192863,0.976045383886011,0.9874348511229539,0.9765533965649273,True,1.7841481900869467,historical,2015,historical,Xc ratio,71,
1.131945941075374,0.0033801105574992377,1.1244717034753726,1.1394698590964378,1.1374377209220468,True,-1.4318750872459955,projection,2050,linear,Xc ratio,71,
1.344761975067913,0.007434204386127775,1.3253098144500437,1.3644996436844237,1.3591114643447033,True,-1.4277417537469255,projection,2100,linear,Xc ratio,71,
1.155098536133387,0.004473247756023517,1.145015585276436,1.165270276959043,1.1631375979171645,True,-1.550445408879436,projection,2050,exponential,Xc ratio,71,
1.4575299061776739,0.011688163482105324,1.4245198055653634,1.4913049429728145,1.4841838382187762,True,-1.5504454101316443,projection,2100,exponential,Xc ratio,71,
87.04490936011153,,86.87252853154946,87.2172901886736,87.10877515389147,True,-0.7261518389074465,contour,2050,linear,Mean,71,0.08795101844819478
98.6880633200732,,98.15358577247416,99.22254086767224,98.42628991075028,True,0.959940144703796,contour,2050,linear,Top 10%,71,0.27269763720912754
104.77338255089363,,103.81716693061192,105.72959817117534,104.16146434350796,True,1.2542543988215284,contour,2050,linear,Top 1%,71,0.48787407718929776
111.50846624758792,,110.01922764946997,112.99770484570587,110.46601224989362,True,1.3719576524558592,contour,2050,linear,Top 0.01%,71,0.7598295733314077
91.4703948814651,,91.19713488143228,91.74365488149792,91.47088929122432,True,-0.0035461660015151256,contour,2100,linear,Mean,71,0.13942092925598235
101.81564093530137,,101.12986760693158,102.50141426367117,101.41922136822934,True,1.1329808875406702,contour,2100,linear,Top 10%,71,0.34989078053428324
107.36800140891017,,106.27147616668867,108.46452665113168,106.63419065005733,True,1.3116366166872067,contour,2100,linear,Top 1%,71,0.5594619344389927
113.64479803476706,,112.03423650838046,115.25535956115367,112.49874754383671,True,1.394679836744519,contour,2100,linear,Top 0.01%,71,0.8217301639675787
87.61171167824075,,87.42089898828608,87.80252436819542,87.70423030490902,True,-0.9503203178571435,contour,2050,exponential,Mean,71,0.09735520216686942
99.08677653611181,,98.55031467286834,99.62323839935529,98.83329383458928,True,0.9260993180098257,contour,2050,exponential,Top 10%,71,0.2737100617537001
105.10263824833181,,104.14427824720079,106.06099824946284,104.4959921653633,True,1.2406657963367844,contour,2050,exponential,Top 1%,71,0.48896816915538877
111.77818788885331,,110.28768012132859,113.26869565637803,110.73946122627666,True,1.3658881173176463,contour,2050,exponential,Top 0.01%,71,0.7604771206418566
93.26136480215841,,92.94095452823498,93.58177507608184,93.32632589185134,True,-0.39736989278015217,contour,2100,exponential,Mean,71,0.16347763349265393
103.09487499550366,,102.3951624756749,103.79458751533242,102.71190395682973,True,1.0727397633337548,contour,2100,exponential,Top 10%,71,0.35700274359530565
108.43833872668115,,107.33232792954576,109.54434952381655,107.71305648722797,True,1.28527413261837,contour,2100,exponential,Top 1%,71,0.5643015922024577
114.53424025734917,,112.91785289810963,116.15062761658871,113.39514351075819,True,1.3812212681961207,contour,2100,exponential,Top 0.01%,71,0.8247025822869377
0.5595798834042285,0.014642948060854713,0.5437484017828792,0.5758723058016891,0.5509085391235231,True,1.0665536227427597,historical,1800,historical,Xc ratio,72,
0.6658682151712609,0.015491454704863359,0.645954509487208,0.6863958273583985,0.6430095965528855,False,2.2549287802209133,historical,1850,historical,Xc ratio,72,
0.7146297388402177,0.006910092906830892,0.7050163736382787,0.7243741886438219,0.7118053198737329,True,0.5730912683360655,historical,1900,historical,Xc ratio,72,
0.7588602728158278,0.006937443423723632,0.7486117770198446,0.769249070527042,0.7595646387863185,True,-0.13373208577831053,historical,1950,historical,Xc ratio,72,
0.8229251955314419,0.004329384453533265,0.8159718579096519,0.8299377863046905,0.8281938295617597,True,-1.4740932837009444,historical,1980,historical,Xc ratio,72,
0.8461661855084144,0.004126826179076602,0.8393496337382524,0.8530380960661037,0.8430327297983153,True,0.8989946010649239,historical,1985,historical,Xc ratio,72,
0.8648358512093016,0.0032475214302118936,0.8593486310314009,0.8703581090706214,0.8648109768540827,True,0.008856708831718968,historical,1990,historical,Xc ratio,72,
0.8794468339705701,0.00335767941970409,0.8736782573922917,0.885253498340845,0.8810140111632547,True,-0.5302523648244918,historical,1995,historical,Xc ratio,72,
0.9092752676256575,0.003364399929123456,0.9032991383963453,0.9152909342784513,0.9101435409155368,True,-0.2836914027985338,historical,2000,historical,Xc ratio,72,
0.9191195084379595,0.003710219665586156,0.9124600090590445,0.9258276115162559,0.9278461599106248,False,-2.5469616923990985,historical,2005,historical,Xc ratio,72,
0.952365415707219,0.0033797715848279657,0.946077576635706,0.9586950451362731,0.9542293786430015,True,-0.5785243633637369,historical,2010,historical,Xc ratio,72,
0.9774973334405258,0.0032729980196988685,0.9712467987611781,0.9837880939243008,0.9765533965649273,True,0.29518304259485545,historical,2015,historical,Xc ratio,72,
1.1377829105716457,0.0021742213651932377,1.132944683637746,1.1426417990967088,1.1374377209220468,True,0.13955984800324492,projection,2050,linear,Xc ratio,72,
1.3600134114936546,0.0047527317130687625,1.3474034608842265,1.3727413749025066,1.3591114643447033,True,0.1395849673033633,projection,2100,linear,Xc ratio,72,
1.1637927293731738,0.0028913772309325137,1.1572161737724376,1.170406660085449,1.1631375979171645,True,0.1947467967686936,projection,2050,exponential,Xc ratio,72,
1.4863691108607275,0.007554888895643443,1.464522129139569,1.508541994526847,1.4841838382187762,True,0.1947467967193575,projection,2100,exponential,Xc ratio,72,
86.96921592610202,,86.74930576604451,87.18912608615953,87.10877515389147,True,-1.2438309358057993,contour,2050,linear,Mean,72,0.11220112297579765
98.07216981840891,,97.60028624668654,98.54405339013128,98.42628991075028,True,-1.4708344786358045,contour,2050,linear,Top 10%,72,0.24076134839443047
103.65045429231225,,102.91729213692814,104.38361644769635,104.16146434350796,True,-1.3660842812553724,contour,2050,linear,Top 1%,72,0.37406919778486525
109.77304495537746,,108.71838692960193,110.82770298115298,110.46601224989362,True,-1.2878022131553881,contour,2050,linear,Top 0.01%,72,0.5381007172042739
91.25429810153302,,90.93248064069762,91.57611556236843,91.47088929122432,True,-1.3191047187484228,contour,2100,linear,Mean,72,0.1641955991915514
101.01303635030254,,100.4459606579946,101.58011204261048,101.41922136822934,True,-1.403883144693061,contour,2100,linear,Top 10%,72,0.28932964931038374
106.08192509644172,,105.26938210833202,106.89446808455142,106.63419065005733,True,-1.3321394816375167,contour,2100,linear,Top 1%,72,0.41457036686334553
111.77402513774561,,110.65486971993981,112.89318055555141,112.49874754383671,True,-1.2691979971044762,contour,2100,linear,Top 0.01%,72,0.5710081545546648
87.55914449178762,,87.31807275716643,87.8002162264088,87.70423030490902,True,-1.1795782231893903,contour,2050,exponential,Mean,72,0.12299804308790045
98.47571587304168,,97.99273988527631,98.95869186080705,98.83329383458928,True,-1.4510864805953982,contour,2050,exponential,Top 10%,72,0.24642084832937497
103.9823706621888,,103.24264370680021,104.72209761757739,104.4959921653633,True,-1.3608800390118223,contour,2050,exponential,Top 1%,72,0.3774186470891747
110.04466383517668,,108.9846887650858,111.10463890526755,110.73946122627666,True,-1.2847263124703172,contour,2050,exponential,Top 0.01%,72,0.5408135447650333
93.09096108296244,,92.72080432921362,93.46111783671125,93.32632589185134,True,-1.2462464725510034,contour,2100,exponential,Mean,72,0.18885895693419558
102.29274551372121,,101.69365384471382,102.89183718272861,102.71190395682973,True,-1.3713017469759006,contour,2100,exponential,Top 10%,72,0.3056646314590315
107.15076226964905,,106.31542332372132,107.98610121557678,107.71305648722797,True,-1.3193164529708525,contour,2100,exponential,Top 1%,72,0.42620117130559737
112.66304728413091,,111.52895179752538,113.79714277073644,113.39514351075819,True,-1.265221715767391,contour,2100,exponential,Top 0.01%,72,0.5786307787036686
0.5679250925012326,0.01764019082813755,0.5486251338168407,0.587904000038419,0.5509085391235231,True,1.7245122939947723,historical,1800,historical,Xc ratio,73,
0.6443402612866165,0.016495040817756983,0.6238420782939573,0.6655119729183658,0.6430095965528855,True,0.12532820322151744,historical,1850,historical,Xc ratio,73,
0.7244075207363292,0.008802240456757017,0.7120171752750142,0.7370134799018944,0.7118053198737329,False,1.9937720609536018,historical,1900,historical,Xc ratio,73,
0.7763321212105748,0.007553288211867529,0.7649238198799948,0.7879105693399169,0.7595646387863185,False,2.890793230555875,historical,1950,historical,Xc ratio,73,
0.8330939932168205,0.005464491870254498,0.8242189952529679,0.8420645550894305,0.8281938295617597,True,1.0795609679810587,historical,1980,historical,Xc ratio,73,
0.8508886678449904,0.005333331137062066,0.8420405379985088,0.8598297735023115,0.8430327297983153,True,1.7391592704324577,historical,1985,historical,Xc ratio,73,
0.8704681602144656,0.004295875315623286,0.8631697947961714,0.8778282355513646,0.8648109768540827,True,1.5177868170314444,historical,1990,historical,Xc ratio,73,
0.8861921950477762,0.004065086142761127,0.8791595805797634,0.8932810651346189,0.8810140111632547,True,1.4416230785706694,historical,1995,historical,Xc ratio,73,
0.9139843352830399,0.0034332196201249366,0.9078547926836624,0.9201552625760714,0.9101435409155368,True,1.2265770302300258,historical,2000,historical,Xc ratio,73,
0.9276125423804605,0.003619834033797656,0.9210546593088382,0.9342171173937026,0.9278461599106248,True,-0.0695657504765874,historical,2005,historical,Xc ratio,73,
0.9532999143003406,0.0029847726972815768,0.9477393456595588,0.9588931078645788,0.9542293786430015,True,-0.32649781871022215,historical,2010,historical,Xc ratio,73,
0.9769102096224743,0.0029020070866798593,0.9713694833280188,0.9824825404179945,0.9765533965649273,True,0.12588295998252907,historical,2015,historical,Xc ratio,73,
1.1310620321853377,0.003326896798309602,1.1237108246487677,1.1384613306106492,1.1374377209220468,True,-1.6895855252741332,projection,2050,linear,Xc ratio,73,
1.3424524066778176,0.007324031115942034,1.3233193752421164,1.3618620704207067,1.3591114643447033,True,-1.6839163416221345,projection,2100,linear,Xc ratio,73,
1.1544400496104708,0.004415902350343237,1.1444914745472141,1.1644751033832594,1.1631375979171645,True,-1.6997111732920878,projection,2050,exponential,Xc ratio,73,
1.4553598600050661,0.011538325511909319,1.4228166937674598,1.4886473650414844,1.4841838382187762,True,-1.6997111709570398,projection,2100,exponential,Xc ratio,73,
86.966524319983,,86.7980660190258,87.13498262094019,87.10877515389147,True,-1.6550476269034113,contour,2050,linear,Mean,73,0.08594969207902976
98.49522944913734,,97.9836159725454,99.00684292572929,98.42628991075028,True,0.26410370041368475,contour,2050,linear,Top 10%,73,0.2610320805012241
104.49395068855802,,103.59073953786292,105.39716183925312,104.16146434350796,True,0.7214938180822339,contour,2050,linear,Top 1%,73,0.46083048352905137
111.13602026066988,,109.74189693729939,112.53014358404037,110.46601224989362,True,0.9419479241620617,contour,2050,linear,Top 0.01%,73,0.7113004801961672
91.30677468735547,,91.0433902480288,91.57015912668214,91.47088929122432,True,-1.221251770766388,contour,2100,linear,Mean,73,0.134382285289023
101.58668664244847,,100.94614323141519,102.22723005348175,101.41922136822934,True,0.5124178946765401,contour,2100,linear,Top 10%,73,0.3268138680536065
107.06269630387804,,106.04152779572304,108.08386481203304,106.63419065005733,True,0.8224457001496824,contour,2100,linear,Top 1%,73,0.5210139146483721
113.25413472434634,,111.75920523400153,114.74906421469116,112.49874754383671,True,0.9903688954858959,contour,2100,linear,Top 0.01%,73,0.762733143127461
87.53085715597787,,87.34547094921841,87.71624336273733,87.70423030490902,True,-1.832957983935875,contour,2050,exponential,Mean,73,0.09458653741689556
98.89535890226222,,98.3839333469243,99.40678445760014,98.83329383458928,True,0.23785533606471496,contour,2050,exponential,Top 10%,73,0.26093620054858113
104.82494967969114,,103.9227542085955,105.72714515078678,104.4959921653633,True,0.7146398992043012,contour,2050,exponential,Top 1%,73,0.4603122701294872
111.40759122068793,,110.01402959655277,112.8011528448231,110.73946122627666,True,0.9396862710321016,contour,2050,exponential,Top 0.01%,73,0.7110138936875551
93.07838180319678,,92.77084086327038,93.38592274312317,93.32632589185134,True,-1.5801521711510929,contour,2100,exponential,Mean,73,0.1569115261057063
102.86213738502198,,102.21482831836211,103.50944645168185,102.71190395682973,True,0.45488642705124827,contour,2100,exponential,Top 10%,73,0.3302657965992156
108.13136689346034,,107.10767550012214,109.15505828679854,107.71305648722797,True,0.8008989192535642,contour,2100,exponential,Top 1%,73,0.5223011246191084
114.14331998753208,,112.64556735136313,115.64107262370104,113.39514351075819,True,0.9790661776484672,contour,2100,exponential,Top 0.01%,73,0.7641735501177985
0.5749009439720367,0.018651908134465895,0.5542637665886992,0.5963065156037888,0.5509085391235231,False,2.285500744648298,historical,1800,historical,Xc ratio,74,
0.6598559562665529,0.017551642123431507,0.637542522448718,0.6829503408621188,0.6430095965528855,True,1.4734754820788905,historical,1850,historical,Xc ratio,74,
0.7270709257430459,0.009389105377569321,0.7138135000937595,0.7405745772409933,0.7118053198737329,False,2.260022070554753,historical,1900,historical,Xc ratio,74,
0.769563577717769,0.008165222373632826,0.7573458589958322,0.7819783961518059,0.7595646387863185,True,1.6016889610969929,historical,1950,historical,Xc ratio,74,
0.835940327838384,0.005582518387042822,0.8268437137111974,0.8451370193891595,0.8281938295617597,True,1.6677081999015904,historical,1980,historical,Xc ratio,74,
0.8487029076248767,0.005522866211429103,0.8395655654628525,0.8579396952920769,0.8430327297983153,True,1.2137556942926788,historical,1985,historical,Xc ratio,74,
0.8709919767712497,0.004414508439796946,0.8634884206789237,0.8785607373905645,0.8648109768540827,True,1.613272736747106,historical,1990,historical,Xc ratio,74,
0.8864794422138637,0.004175328129984723,0.8792545468779838,0.8937637050136933,0.8810140111632547,True,1.4811784144897664,historical,1995,historical,Xc ratio,74,
0.9106195562194912,0.0036170936820745965,0.9041866637405627,0.9170982159136474,0.9101435409155368,True,0.14455653225818574,historical,2000,historical,Xc ratio,74,
0.9269017908178427,0.003748627585879793,0.9201166374746018,0.9337369794544544,0.9278461599106248,True,-0.2716530600776688,historical,2005,historical,Xc ratio,74,
0.9562820195916613,0.003026391702425723,0.9506265089919785,0.9619711762130367,0.9542293786430015,True,0.7100164007461829,historical,2010,historical,Xc ratio,74,
0.9768495948487258,0.0029272753612687597,0.9712611095337617,0.9824702354387328,0.9765533965649273,True,0.10359936919911866,historical,2015,historical,Xc ratio,74,
1.1309469918283261,0.003398063512395748,1.1234398189536077,1.1385043299576671,1.1374377209220468,True,-1.684133289384485,projection,2050,linear,Xc ratio,74,
1.3421518173578844,0.007481616148026576,1.322614502897404,1.3619777319021318,1.3591114643447033,True,-1.678379524295458,projection,2100,linear,Xc ratio,74,
1.154176517058304,0.0045102307730739135,1.1440186869458737,1.1644245393273578,1.1631375979171645,True,-1.7147818804384263,projection,2050,exponential,Xc ratio,74,
1.454491946101091,0.011784796540582638,1.4212814367518185,1.4884784720102924,1.4841838382187762,True,-1.7147818797856254,projection,2100,exponential,Xc ratio,74,
87.05200986601525,,86.88030568737851,87.223714044652,87.10877515389147,True,-0.6479627967867263,contour,2050,linear,Mean,74,0.08760578255066316
98.72210677109554,,98.1858767293741,99.25833681281698,98.42628991075028,True,1.0812344463863408,contour,2050,linear,Top 10%,74,0.2735917832935515
104.80723315518853,,103.85136505744737,105.76310125292969,104.16146434350796,True,1.324119526767428,contour,2050,linear,Top 1%,74,0.4876967665125243
111.54513865632661,,110.06011163224886,113.03016568040437,110.46601224989362,True,1.4242494291901802,contour,2050,linear,Top 0.01%,74,0.7576807715812642
91.43578195746217,,91.16407533367492,91.70748858124942,91.47088929122432,True,-0.2532478185770308,contour,2100,linear,Mean,74,0.1386283757918216
101.83184976522193,,101.15109471201771,102.51260481842615,101.41922136822934,True,1.1879996972440048,contour,2100,linear,Top 10%,74,0.3473303890142639
107.3882498826547,,106.29916110248276,108.47733866282665,106.63419065005733,True,1.3570325624577397,contour,2100,linear,Top 1%,74,0.5556677514294011
113.67107066864948,,112.07164879695087,115.27049254034809,112.49874754383671,True,1.4365885220990577,contour,2100,linear,Top 0.01%,74,0.816046562240268
87.61894976612382,,87.42968904508183,87.80821048716581,87.70423030490902,True,-0.8831562285132956,contour,2050,exponential,Mean,74,0.09656336674289201
99.12242846957874,,98.58553994131698,99.65931699784049,98.83329383458928,True,1.0555142109241757,contour,2050,exponential,Top 10%,74,0.2739277519876256
105.13798899884871,,104.18079140188568,106.09518659581174,104.4959921653633,True,1.3145568645516783,contour,2050,exponential,Top 1%,74,0.48837509490649283
111.81620417501904,,110.33069123703349,113.30171711300459,110.73946122627666,True,1.4206388555620888,contour,2050,exponential,Top 0.01%,74,0.7579286913959249
93.21861214298784,,92.90160529858629,93.53561898738938,93.32632589185134,True,-0.6659637548545575,contour,2100,exponential,Mean,74,0.16174115795089658
103.11011973419367,,102.4188915919308,103.80134787645655,102.71190395682973,True,1.1291331095893211,contour,2100,exponential,Top 10%,74,0.3526738999875577
108.4581788648686,,107.3627941221255,109.5535636076117,107.71305648722797,True,1.3332420721811726,contour,2100,exponential,Top 1%,74,0.5588800362574913
114.56042515042712,,112.95791663868823,116.16293366216601,113.39514351075819,True,1.4252093070747867,contour,2100,exponential,Top 0.01%,74,0.8176214075255025
0.5530022194584744,0.015170929375386433,0.536801048992152,0.5696923567868617,0.5509085391235231,True,0.25003150658700884,historical,1800,historical,Xc ratio,75,
0.6446915683921126,0.01585619596395878,0.624964245479149,0.6650415945591064,0.6430095965528855,True,0.16475358357931827,historical,1850,historical,Xc ratio,75,
0.7028581065256987,0.006952485040368631,0.6933454856275456,0.7125012394964443,0.7118053198737329,True,-1.8194092189525133,historical,1900,historical,Xc ratio,75,
0.7560077915777729,0.007287954886115057,0.7452856392961212,0.7668841995481016,0.7595646387863185,True,-0.6440411703478122,historical,1950,historical,Xc ratio,75,
0.8231513651668613,0.004870527864579807,0.8153309002029803,0.8310468422175356,0.8281938295617597,True,-1.2538924473248376,historical,1980,historical,Xc ratio,75,
0.8373688512623128,0.0046830736663908195,0.8297180963989528,0.8450901530382123,0.8430327297983153,True,-1.439466295587022,historical,1985,historical,Xc ratio,75,
0.8674342955251828,0.0033953737421267816,0.8616808501622133,0.8732261566583744,0.8648109768540827,True,0.8920401611343802,historical,1990,historical,Xc ratio,75,
0.8766258472249738,0.003425432614550666,0.8707601351682058,0.8825310725489933,0.8810140111632547,True,-1.4577008970135186,historical,1995,historical,Xc ratio,75,
0.9089506438888423,0.003413708992933863,0.9028893851709708,0.9150525929258695,0.9101435409155368,True,-0.38419466711127154,historical,2000,historical,Xc ratio,75,
0.9291826424858566,0.0038685014408538104,0.9221641062661131,0.9362545963677418,0.9278461599106248,True,0.37207626667423477,historical,2005,historical,Xc ratio,75,
0.9550304147659555,0.003540792384076234,0.9484256148803799,0.96168121022656,0.9542293786430015,True,0.2369826943794924,historical,2010,historical,Xc ratio,75,
0.9777416827985311,0.0033957303919970607,0.9712559209305686,0.984270754679953,0.9765533965649273,True,0.35811933951412667,historical,2015,historical,Xc ratio,75,
1.1419550990610996,0.002701000824445338,1.1359257171325379,1.1480164843556317,1.1374377209220468,True,1.4674831302379898,projection,2050,linear,Xc ratio,75,
1.3709149362564226,0.005878771256076191,1.3552096609421316,1.386802217115543,1.3591114643447033,True,1.4709200362192356,projection,2100,linear,Xc ratio,75,
1.1693334399871884,0.003598660862217517,1.161114861847209,1.177610190689472,1.1631375979171645,True,1.4762984909661776,projection,2050,exponential,Xc ratio,75,
1.5049302956895259,0.009402952580889993,1.4774492683476814,1.5329224788997597,1.4841838382187762,True,1.476298490115542,projection,2100,exponential,Xc ratio,75,
87.29838495061338,,87.07355301304213,87.52321688818463,87.10877515389147,True,1.6529162925224121,contour,2050,linear,Mean,75,0.11471228009529687
98.58158144053873,,98.07414643736011,99.08901644371734,98.42628991075028,True,0.5998123968250073,contour,2050,linear,Top 10%,75,0.25890016713633907
104.28755156689782,,103.49195399180783,105.0831491419878,104.16146434350796,True,0.31061735793604267,contour,2050,linear,Top 1%,75,0.40592458910754564
110.55671500817462,,109.41047003940568,111.70295997694356,110.46601224989362,True,0.1550926236301134,contour,2050,linear,Top 0.01%,75,0.5848296079981085
91.7391320143831,,91.40434260523898,92.07392142352722,91.47088929122432,True,1.570378459253512,contour,2100,linear,Mean,75,0.17081406178118919
101.60426227942982,,101.00550586246408,102.20301869639556,101.41922136822934,True,0.605711289838492,contour,2100,linear,Top 10%,75,0.30549358135591914
106.7828339324779,,105.91205761114146,107.65361025381434,106.63419065005733,True,0.33456982344327585,contour,2100,linear,Top 1%,75,0.4442817971172063
112.60740745079293,,111.40163289388921,113.81318200769665,112.49874754383671,True,0.1766246459408939,contour,2100,linear,Top 0.01%,75,0.6152024049496578
87.9241917435218,,87.67865678489801,88.1697267021456,87.70423030490902,True,1.7558253215144448,contour,2050,exponential,Mean,75,0.12527524003530283
99.00664267944803,,98.49238565610126,99.52089970279481,98.83329383458928,True,0.6606764268840396,contour,2050,exponential,Top 10%,75,0.2623808536295432
104.63655077240452,,103.8371538253453,105.43594771946374,104.4959921653633,True,0.3446220410665182,contour,2050,exponential,Top 1%,75,0.4078630798141081
110.84185015728883,,109.69243756691547,111.99126274766219,110.73946122627666,True,0.1745923255758161,contour,2050,exponential,Top 0.01%,75,0.5864457711671278
93.6856242182921,,93.30292097160687,94.06832746497734,93.32632589185134,True,1.8400987857534055,contour,2100,exponential,Mean,75,0.1952603464675701
102.9477373379942,,102.32558624528738,103.56988843070101,102.71190395682973,True,0.7429464303014192,contour,2100,exponential,Top 10%,75,0.31742985973940135
107.90395285192139,,107.02097511994485,108.78693058389793,107.71305648722797,True,0.42373661988187994,contour,2100,exponential,Top 1%,75,0.4505071210192533
113.53928222339182,,112.32657458553093,114.75198986125271,113.39514351075819,True,0.23295531150294563,contour,2100,exponential,Top 0.01%,75,0.6187397561519484
0.5587128409569933,0.017087319862694166,0.5403111127145279,0.5777412888695542,0.5509085391235231,True,0.8232323896144799,historical,1800,historical,Xc ratio,76,
0.6487920048201051,0.016394903775911854,0.6282754963748536,0.6699784854689724,0.6430095965528855,True,0.5460557158407677,historical,1850,historical,Xc ratio,76,
0.7100035498719826,0.00840456212757089,0.698403719856827,0.7217960421719379,0.7118053198737329,True,-0.30155967667312683,historical,1900,historical,Xc ratio,76,
0.7673929424736167,0.00782142820500194,0.7557187351552132,0.7792474908503705,0.7595646387863185,True,1.3109569491544106,historical,1950,historical,Xc ratio,76,
0.8365118369994906,0.004372837391679711,0.8293730609810351,0.8437120595797398,0.8281938295617597,False,2.2853468801621992,historical,1980,historical,Xc ratio,76,
0.850361821854892,0.004268430126933066,0.8432773963058665,0.8575057641010084,0.8430327297983153,False,2.027946760930544,historical,1985,historical,Xc ratio,76,
0.866748342133717,0.0032720718930648856,0.8612075469604562,0.8723247854051166,0.8648109768540827,True,0.6838824798996422,historical,1990,historical,Xc ratio,76,
0.8826874428364502,0.0033168136322955016,0.8769678483956047,0.8884443405383303,0.8810140111632547,True,0.5721263734116105,historical,1995,historical,Xc ratio,76,
0.9150836056854197,0.0032457751850556056,0.9092806850715249,0.9209235598448455,0.9101435409155368,True,1.6677399958376593,historical,2000,historical,Xc ratio,76,
0.932371237911021,0.0036751936780970718,0.9256792682513353,0.9391115855126807,0.9278461599106248,True,1.3237713859979816,historical,2005,historical,Xc ratio,76,
0.9545887471011327,0.0033118686641371,0.9484124420750534,0.9608052738093441,0.9542293786430015,True,0.11369262681157448,historical,2010,historical,Xc ratio,76,
0.9769505557786232,0.0032325022849784874,0.9707805654008029,0.9831597607664379,0.9765533965649273,True,0.12578866532119187,historical,2015,historical,Xc ratio,76,
1.1317383507986842,0.002183400093356458,1.1269055541329007,1.1365918731797038,1.1374377209220468,False,-2.300680176640511,projection,2050,linear,Xc ratio,76,
1.3442195617643038,0.004803219916862307,1.3316242731597379,1.3569339840451102,1.3591114643447033,False,-2.293785880149162,projection,2100,linear,Xc ratio,76,
1.1551773190151242,0.002873889070775042,1.1486888207952957,1.161702468248166,1.1631375979171645,False,-2.3895578897764236,projection,2050,exponential,Xc ratio,76,
1.4577896693120933,0.0075091940231817745,1.436491401385809,1.4794037179080164,1.4841838382187762,False,-2.389557889921564,projection,2100,exponential,Xc ratio,76,
87.01296464138015,,86.78851482764023,87.23741445512007,87.10877515389147,True,-0.8366465123473024,contour,2050,linear,Mean,76,0.11451731537434358
98.45542942631324,,97.93048222659688,98.98037662602961,98.42628991075028,True,0.10879646764703826,contour,2050,linear,Top 10%,76,0.26783512547020993
104.31394039730897,,103.44954596147241,105.17833483314553,104.16146434350796,True,0.34573056184187223,contour,2050,linear,Top 1%,76,0.44102567325462055
110.7622931975733,,109.47258338325096,112.05200301189564,110.46601224989362,True,0.4502563137140035,contour,2050,linear,Top 0.01%,76,0.6580273027950695
91.32712379076601,,90.99432655825834,91.65992102327368,91.47088929122432,True,-0.8466873386970437,contour,2100,linear,Mean,76,0.16979762645270427
101.43195910425636,,100.76067783850289,102.10324037000984,101.41922136822934,True,0.03719082466797968,contour,2100,linear,Top 10%,76,0.34249673516885126
106.77374812623141,,105.78018164436102,107.7673146081018,106.63419065005733,True,0.2752987666809889,contour,2100,linear,Top 1%,76,0.5069309893995737
112.78347046478576,,111.385830328549,114.18111060102252,112.49874754383671,True,0.39927779416506154,contour,2100,linear,Top 0.01%,76,0.7130948054460203
87.57216839288454,,87.32651105667316,87.81782572909592,87.70423030490902,True,-1.0536489375377687,contour,2050,exponential,Mean,76,0.1253376787273123
98.83935218573235,,98.29829843828252,99.38040593318219,98.83329383458928,True,0.02194634100969925,contour,2050,exponential,Top 10%,76,0.2760529028684256
104.62965107282052,,103.75335974683767,105.50594239880337,104.4959921653633,True,0.2989492615772382,contour,2050,exponential,Top 1%,76,0.44709562670280945
111.0203066637537,,109.71947361516702,112.32113971234038,110.73946122627666,True,0.42314956809824794,contour,2050,exponential,Top 0.01%,76,0.6637025266012636
93.08678233712111,,92.69842696197199,93.47513771227023,93.32632589185134,True,-1.208935861437902,contour,2100,exponential,Mean,76,0.19814413847010945
102.66308887421062,,101.94378397289098,103.38239377553025,102.71190395682973,True,-0.13301147213133463,contour,2100,exponential,Top 10%,76,0.3669990402851478
107.80068561111023,,106.76860251270229,108.83276870951816,107.71305648722797,True,0.16641094798562694,contour,2100,exponential,Top 1%,76,0.5265826854722344
113.6356726581484,,112.20768635795396,115.06365895834283,113.39514351075819,True,0.3301351462914795,contour,2100,exponential,Top 0.01%,76,0.7285778266632655
0.534568770250507,0.015203305823402818,0.5188747129198393,0.5507375152646662,0.5509085391235231,False,-1.9803863754769437,historical,1800,historical,Xc ratio,77,
0.6244787225169991,0.01515427113812641,0.6062033144009077,0.6433050852944647,0.6430095965528855,True,-1.929646814344835,historical,1850,historical,Xc ratio,77,
0.7049372808536818,0.00734468466971652,0.694862176076942,0.7151584688966535,0.7118053198737329,True,-1.3200854481358364,historical,1900,historical,Xc ratio,77,
0.7618793026253483,0.007386202293452454,0.7509292631825595,0.7729890153818264,0.7595646387863185,True,0.41194677244816535,historical,1950,historical,Xc ratio,77,
0.8289293022999774,0.004433032346073803,0.8217582787736555,0.8361629033259649,0.8281938295617597,True,0.20023542949699205,historical,1980,historical,Xc ratio,77,
0.8419467789510304,0.004312118902744836,0.8348609688377648,0.8490927292634852,0.8430327297983153,True,-0.29891993073144,historical,1985,historical,Xc ratio,77,
0.8650968671294496,0.0032969023359185946,0.8595247978961479,0.8707050585963583,0.8648109768540827,True,0.10025368213557001,historical,1990,historical,Xc ratio,77,
0.8787808347279972,0.0033811055332363484,0.8729765435934317,0.8846237177306054,0.8810140111632547,True,-0.7506413725173494,historical,1995,historical,Xc ratio,77,
0.9083671312847958,0.003366884564139625,0.9023925762215322,0.9143812426444482,0.9101435409155368,True,-0.5802687360891821,historical,2000,historical,Xc ratio,77,
0.9276555202976318,0.0037498883285451844,0.9208625740021115,0.9344985762627994,0.9278461599106248,True,-0.054797842311197005,historical,2005,historical,Xc ratio,77,
0.9528504014607613,0.003414345589434488,0.9464952200594343,0.9592482543196802,0.9542293786430015,True,-0.4235559752734041,historical,2010,historical,Xc ratio,77,
0.9774709275027651,0.003303993329552381,0.9711615621173445,0.9838212830726406,0.9765533965649273,True,0.28423765865993145,historical,2015,historical,Xc ratio,77,
1.1376155789992712,0.0022634251571602045,1.1325800302922038,1.1426735161911283,1.1374377209220468,True,0.06907897345818166,projection,2050,linear,Xc ratio,77,
1.3595761902884183,0.004948589675173148,1.3464533251779776,1.3728269540682647,1.3591114643447033,True,0.0690853811731452,projection,2100,linear,Xc ratio,77,
1.1633592110039708,0.0030044362185093973,1.1565287998030351,1.170229962330619,1.1631375979171645,True,0.06341032075358341,projection,2050,exponential,Xc ratio,77,
1.484922834171958,0.007850301086236322,1.4622502261313195,1.5079469874858873,1.4841838382187762,True,0.06341032076035424,projection,2100,exponential,Xc ratio,77,
87.13061207469578,,86.8982751889264,87.36294896046515,87.10877515389147,True,0.18421344578137053,contour,2050,linear,Mean,77,0.11854140565950312
98.43123606937327,,97.91979173647313,98.94268040227341,98.42628991075028,True,0.018954736887789248,contour,2050,linear,Top 10%,77,0.2609457811135143
104.16503112482017,,103.35888232073573,104.97117992890462,104.16146434350796,True,0.008671802125431638,contour,2050,linear,Top 1%,77,0.411307968127612
110.4686673470313,,109.29824996226793,111.63908473179467,110.46601224989362,True,0.004446187174802703,contour,2050,linear,Top 0.01%,77,0.5971626999248496
91.49829281676475,,91.15852915413734,91.83805647939215,91.47088929122432,True,0.15808024523077815,contour,2100,linear,Mean,77,0.17335199284651676
101.4263928912226,,100.80235707696382,102.0504287054814,101.41922136822934,True,0.022524230917398292,contour,2100,linear,Top 10%,77,0.31839147003777474
106.63968152548644,,105.7377322068884,107.54163084408448,106.63419065005733,True,0.011931843466954733,contour,2100,linear,Top 1%,77,0.4601866798127563
112.50304457551391,,111.2560464729923,113.75004267803553,112.49874754383671,True,0.006753841333602071,contour,2100,linear,Top 0.01%,77,0.6362352126660515
87.72715981679596,,87.47294010920642,87.9813795243855,87.70423030490902,True,0.17678022647265126,contour,2050,exponential,Mean,77,0.12970631582763775
98.83877157153775,,98.31487462130042,99.36266852177508,98.83329383458928,True,0.02049289871015627,contour,2050,exponential,Top 10%,77,0.2672992740528806
104.50000698057643,,103.6850854791563,105.31492848199656,104.4959921653633,True,0.009656013749294711,contour,2050,exponential,Top 1%,77,0.4157839163618048
110.74248582161158,,109.5654311185015,111.91954052472167,110.73946122627666,True,0.005036382683480164,contour,2050,exponential,Top 0.01%,77,0.6005491490632365
93.35714287749916,,92.96690785097402,93.74737790402429,93.32632589185134,True,0.15477898670358983,contour,2100,exponential,Mean,77,0.19910316189647578
102.72078396525696,,102.06048117285101,103.3810867576629,102.71190395682973,True,0.026358356953722333,contour,2100,exponential,Top 10%,77,0.33689537033044975
107.72003620578583,,106.7908176345789,108.64925477699276,107.71305648722797,True,0.014722044327911568,contour,2100,exponential,Top 1%,77,0.4740998194540877
113.4007218869083,,112.13386733239302,114.66757644142358,113.39514351075819,True,0.008630364320408824,contour,2100,exponential,Top 0.01%,77,0.6463662416799987
0.5561493711559204,0.014470751271090808,0.5405973652112162,0.5721487801115691,0.5509085391235231,True,0.6542926816320038,historical,1800,historical,Xc ratio,78,
0.6269852185508146,0.01441550761926922,0.609518371095671,0.6449526100001824,0.6430095965528855,True,-1.7506621321564846,historical,1850,historical,Xc ratio,78,
0.7131912241053426,0.00665988517621226,0.7039423375193024,0.722561629029636,0.7118053198737329,True,0.2920672091836522,historical,1900,historical,Xc ratio,78,
0.7551539963618604,0.006784120067381439,0.7451794531930347,0.7652620530233092,0.7595646387863185,True,-0.8584353226706509,historical,1950,historical,Xc ratio,78,
0.8194992081668646,0.004723039750715706,0.8119481180839837,0.8271205231325549,0.8281938295617597,False,-2.234533113457795,historical,1980,historical,Xc ratio,78,
0.8426707282202766,0.004391933442678309,0.8354481229618234,0.8499557742518737,0.8430327297983153,True,-0.09779204731236994,historical,1985,historical,Xc ratio,78,
0.8645333068661208,0.003331438483431585,0.8589067264866034,0.8701967462034167,0.8648109768540827,True,-0.09639304063183089,historical,1990,historical,Xc ratio,78,
0.8783348860449507,0.0033550746141633595,0.8725780578764447,0.8841296948505614,0.8810140111632547,True,-0.907756090428437,historical,1995,historical,Xc ratio,78,
0.9099982150689476,0.003406209702622827,0.9039432570800197,0.916093731484481,0.9101435409155368,True,-0.04688093487058363,historical,2000,historical,Xc ratio,78,
0.9244717531708898,0.0037668703420761854,0.9176715762450872,0.931322321116115,0.9278461599106248,True,-0.9672343410363472,historical,2005,historical,Xc ratio,78,
0.9524993869473253,0.003512327886358738,0.9459648644763627,0.9590790484985297,0.9542293786430015,True,-0.5166425400942328,historical,2010,historical,Xc ratio,78,
0.9741141699736585,0.0033722467212909837,0.9676970101963451,0.9805738843307357,0.9765533965649273,True,-0.7416171488548954,historical,2015,historical,Xc ratio,78,
1.1400381264467805,0.002586242945547621,1.1342739595922748,1.1458315857127408,1.1374377209220468,True,0.8829745079924942,projection,2050,linear,Xc ratio,78,
1.3659060723286849,0.005640156886259938,1.3508898092815875,1.3810892536205943,1.3591114643447033,True,0.8841680449090717,projection,2100,linear,Xc ratio,78,
1.1670830780834636,0.003438676090847219,1.1592437570319267,1.1749754121050304,1.1631375979171645,True,0.9847862015920349,projection,2050,exponential,Xc ratio,78,
1.4973745136135947,0.008984927849636658,1.4712363699057494,1.5239770303959963,1.4841838382187762,True,0.9847862016624025,projection,2100,exponential,Xc ratio,78,
87.02546951384663,,86.81827981551402,87.23265921217924,87.10877515389147,True,-0.788051025272619,contour,2050,linear,Mean,78,0.1057109722254628
98.13136112678379,,97.6714693952182,98.59125285834938,98.42628991075028,True,-1.256925826021465,contour,2050,linear,Top 10%,78,0.23464295017314804
103.66987882160076,,102.95253727211369,104.38722037108784,104.16146434350796,True,-1.3431397065293875,contour,2050,linear,Top 1%,78,0.36599731175949823
109.74154869867621,,108.71243728713833,110.7706601102141,110.46601224989362,True,-1.379755828745662,contour,2050,linear,Top 0.01%,78,0.5250664908413702
91.32644884069823,,91.0155526399689,91.63734504142757,91.47088929122432,True,-0.9105871357634806,contour,2100,linear,Mean,78,0.1586234253188572
101.06700581234199,,100.52789113268703,101.60612049199695,101.41922136822934,True,-1.2804878635020074,contour,2100,linear,Top 10%,78,0.2750635643855931
106.094872803677,,105.31410152414986,106.87564408320415,106.63419065005733,True,-1.3538453358137006,contour,2100,linear,Top 1%,78,0.3983600135950406
111.73651996304322,,110.65904972426048,112.81399020182596,112.49874754383671,True,-1.3865242422529098,contour,2100,linear,Top 0.01%,78,0.5497398152627886
87.63066920151641,,87.40358487685887,87.85775352617395,87.70423030490902,True,-0.6349056172413383,contour,2050,exponential,Mean,78,0.11586147829692997
98.54379408815876,,98.07744083165433,99.0101473446632,98.83329383458928,True,-1.2166937158117437,contour,2050,exponential,Top 10%,78,0.23793970714920307
104.00876177616276,,103.28941954626788,104.72810400605763,104.4959921653633,True,-1.3275378190239706,contour,2050,exponential,Top 1%,78,0.36701808582656276
110.01873610203175,,108.9881856096002,111.04928659446331,110.73946122627666,True,-1.3707191415144953,contour,2050,exponential,Top 0.01%,78,0.5258007292789278
93.2115803719124,,92.85249845036087,93.57066229346394,93.32632589185134,True,-0.6263113595245616,contour,2100,exponential,Mean,78,0.1832084285139581
102.36976638700384,,101.81069760850346,102.92883516550421,102.71190395682973,True,-1.1994540571833174,contour,2100,exponential,Top 10%,78,0.28524441413732604
107.18244809596683,,106.39292107591861,107.97197511601506,107.71305648722797,True,-1.3172105708339408,contour,2100,exponential,Top 1%,78,0.40282731023423674
112.64122530101221,,111.55956238357281,113.72288821845162,113.39514351075819,True,-1.3660933684303447,contour,2100,exponential,Top 0.01%,78,0.551878976333979
0.5496025877843855,0.015479544902884482,0.5331784114743939,0.566532698996572,0.5509085391235231,True,-0.15332203268799985,historical,1800,historical,Xc ratio,79,
0.6422461699318585,0.015511294373792879,0.6230146876115349,0.662071297826823,0.6430095965528855,True,-0.07658782664806955,historical,1850,historical,Xc ratio,79,
0.7059153074020236,0.007339571462880718,0.6958331978714937,0.7161434992593189,0.7118053198737329,True,-1.1321066648046516,historical,1900,historical,Xc ratio,79,
0.7585485990418068,0.007481220532301468,0.747507206857252,0.7697530830872225,0.7595646387863185,True,-0.17892216010253972,historical,1950,historical,Xc ratio,79,
0.8279515978538752,0.004487897027131158,0.8207007754003647,0.8352664807150619,0.8281938295617597,True,-0.06518079249222893,historical,1980,historical,Xc ratio,79,
0.842932052082571,0.004244266041793632,0.8359491147086401,0.8499733200576238,0.8430327297983153,True,-0.02813923279145819,historical,1985,historical,Xc ratio,79,
0.8622114689063043,0.0033043057168801486,0.8566455541316835,0.8678135473044084,0.8648109768540827,True,-0.9110522172877048,historical,1990,historical,Xc ratio,79,
0.8808146952852531,0.0033846264407972467,0.8749909324281883,0.8866772199312216,0.8810140111632547,True,-0.06684939325499072,historical,1995,historical,Xc ratio,79,
0.9104986348454649,0.003336521377498828,0.9045638900324631,0.9164723168705128,0.9101435409155368,True,0.11691082864491728,historical,2000,historical,Xc ratio,79,
0.9309947290659982,0.0037502321924051058,0.9241767078757839,0.9378630495253394,0.9278461599106248,True,0.903323425996372,historical,2005,historical,Xc ratio,79,
0.9549238741430653,0.0034141597281733575,0.9485552089396769,0.9613352990046061,0.9542293786430015,True,0.21309576749944262,historical,2010,historical,Xc ratio,79,
0.976977892225391,0.0032929947626523827,0.9706926340736282,0.9833038475748531,0.9765533965649273,True,0.1319750532484968,historical,2015,historical,Xc ratio,79,
1.1387653738959862,0.002270022062425676,1.1337100771073616,1.1438432126255684,1.1374377209220468,True,0.5138939796786103,projection,2050,linear,Xc ratio,79,
1.3625804930830607,0.00495707498806458,1.3494061878848354,1.3758834195363348,1.3591114643447033,True,0.5142492533576837,projection,2100,linear,Xc ratio,79,
1.1648605064686326,0.003016926830499579,1.1579929313918496,1.171768810280589,1.1631375979171645,True,0.4906196087756955,projection,2050,exponential,Xc ratio,79,
1.489935069001843,0.00788293784511053,1.4670920831455283,1.5131337257862654,1.4841838382187762,True,0.4906196089203696,projection,2100,exponential,Xc ratio,79,
87.14673266809167,,86.91570171850378,87.37776361767956,87.10877515389147,True,0.32201469503442987,contour,2050,linear,Mean,79,0.1178750994458271
98.44854698708662,,97.93823155477044,98.95886241940279,98.42628991075028,True,0.08548255697926435,contour,2050,linear,Top 10%,79,0.26036980084404493
104.17956377848598,,103.37355721246192,104.98557034451005,104.16146434350796,True,0.04401234703638351,contour,2050,linear,Top 1%,79,0.411235396355122
110.48069921219323,,109.30970199430479,111.65169643008167,110.46601224989362,True,0.024582395850122202,contour,2050,linear,Top 0.01%,79,0.5974585385880282
91.53457122388622,,91.1967157704873,91.87242667728513,91.47088929122432,True,0.36943104877410304,contour,2100,linear,Mean,79,0.1723783988195132
101.45893891329187,,100.83557205437025,102.0823057722135,101.41922136822934,True,0.12487824266366802,contour,2100,linear,Top 10%,79,0.3180501600226728
106.66705692797751,,105.76359638218734,107.57051747376768,106.63419065005733,True,0.07129998241715314,contour,2100,linear,Top 1%,79,0.46095772826265025
112.52586913002861,,111.27595454055995,113.77578371949727,112.49874754383671,True,0.04252877163575704,contour,2100,linear,Top 0.01%,79,0.6377232435533828
87.74979545542149,,87.497031360567,88.00255955027599,87.70423030490902,True,0.35331780016462466,contour,2050,exponential,Mean,79,0.128963642622146
98.8606700077036,,98.33736273135003,99.38397728405718,98.83329383458928,True,0.10253309243562835,contour,2050,exponential,Top 10%,79,0.26699841450219347
104.51832611650225,,103.70222102392805,105.33443120907646,104.4959921653633,True,0.053637381096028426,contour,2050,exponential,Top 1%,79,0.41638780049610935
110.75764084579896,,109.57968691186416,111.93559477973376,110.73946122627666,True,0.03024855088969926,contour,2050,exponential,Top 0.01%,79,0.6010079487308894
93.41147440187278,,93.02379057458346,93.7991582291621,93.32632589185134,True,0.4304745290670037,contour,2100,exponential,Mean,79,0.1978015057150733
102.766943913813,,102.10686817817424,103.42701964945175,102.71190395682973,True,0.1634302362189361,contour,2100,exponential,Top 10%,79,0.3367795229123436
107.75899719822195,,106.82963960400271,108.68835479244119,107.71305648722797,True,0.09688642943515807,contour,2100,exponential,Top 1%,79,0.4741707508657941
113.43337136377372,,112.16410925503038,114.70263347251705,113.39514351075819,True,0.0590305301013868,contour,2100,exponential,Top 0.01%,79,0.6475946082454285
0.5574207776227639,0.016288055552172373,0.5399067222466946,0.5755029721293103,0.5509085391235231,True,0.7214848701076336,historical,1800,historical,Xc ratio,80,
0.6527758724661549,0.01617031797264275,0.6324116974316153,0.6737957906289787,0.6430095965528855,True,0.932213834095182,historical,1850,historical,Xc ratio,80,
0.7253160088742506,0.007741566503696963,0.7143937226697318,0.7364052846982856,0.7118053198737329,False,2.428834953373984,historical,1900,historical,Xc ratio,80,
0.7609668173979154,0.007757921238990747,0.7494836529837564,0.7726259203591497,0.7595646387863185,True,0.23773475764253907,historical,1950,historical,Xc ratio,80,
0.8314296426255049,0.004423839283943273,0.824251840081467,0.8386699513683232,0.8281938295617597,True,0.8814649757850246,historical,1980,historical,Xc ratio,80,
0.8507752904544742,0.004312551900614389,0.8436144637926223,0.8579969001406601,0.8430327297983153,False,2.1199182674408266,historical,1985,historical,Xc ratio,80,
0.864904906660604,0.003306470948202981,0.8593179579238084,0.8705281795494784,0.8648109768540827,True,0.0328468660339375,historical,1990,historical,Xc ratio,80,
0.8842050639840516,0.0033743023115723955,0.8783766584198998,0.8900721435169326,0.8810140111632547,True,1.0714745512257033,historical,1995,historical,Xc ratio,80,
0.9142222627645651,0.0033315507214123925,0.9082720954980656,0.9202114100797468,0.9101435409155368,True,1.3421357845927144,historical,2000,historical,Xc ratio,80,
0.9284143131944673,0.0037406095666589166,0.9216325711771561,0.9352459579889022,0.9278461599106248,True,0.16364933060094786,historical,2005,historical,Xc ratio,80,
0.9576644995245572,0.0033903598058929716,0.9513219315630803,0.9640493540843046,0.9542293786430015,True,1.0598951727274928,historical,2010,historical,Xc ratio,80,
0.9791289895590768,0.0032998508689194316,0.9728168200777153,0.9854821158606114,0.9765533965649273,True,0.7982057361298533,historical,2015,historical,Xc ratio,80,
1.1349092702824144,0.0022275842615071847,1.1299650745129037,1.1398750995274711,1.1374377209220468,True,-0.9990238680534311,projection,2050,linear,Xc ratio,80,
1.352504867512115,0.00488404630133381,1.339619710811198,1.3655139603285336,1.3591114643447033,True,-0.9977015487559372,projection,2100,linear,Xc ratio,80,
1.1593757202840498,0.002940704641466641,1.1527126754718002,1.166077279608298,1.1631375979171645,True,-1.1016037864302932,projection,2050,exponential,Xc ratio,80,
1.47167401683774,0.007683776637583322,1.4496767700185504,1.4940050476270061,1.4841838382187762,True,-1.1016037873261542,projection,2100,exponential,Xc ratio,80,
87.09307871230955,,86.856544677622,87.3296127469971,87.10877515389147,True,-0.13006356665180957,contour,2050,linear,Mean,80,0.12068284751827384
98.5029812419783,,97.97329093562169,99.03267154833492,98.42628991075028,True,0.28377383034861303,contour,2050,linear,Top 10%,80,0.2702551223056935
104.33428930710542,,103.48841537015291,105.18016324405794,104.16146434350796,True,0.4004505748230441,contour,2050,linear,Top 1%,80,0.43157626549502004
110.7494072464725,,109.5090619369813,111.9897525559637,110.46601224989362,True,0.4478139937670103,contour,2050,linear,Top 0.01%,80,0.6328408681358068
91.46854522454957,,91.1223812993678,91.81470914973134,91.47088929122432,True,-0.013271996085269865,contour,2100,linear,Mean,80,0.17661749292960108
101.50642756999295,,100.84993663534961,102.1629185046363,101.41922136822934,True,0.2603554834737421,contour,2100,linear,Top 10%,80,0.33495050920408953
106.81510591870973,,105.85771392215014,107.77249791526933,106.63419065005733,True,0.37036805413696694,contour,2100,linear,Top 1%,80,0.4884742801966767
112.78749416211882,,111.45523864254307,114.11974968169457,112.49874754383671,True,0.4247931152657999,contour,2100,linear,Top 0.01%,80,0.6797346941497179
87.67198545340109,,87.413210699242,87.93076020756018,87.70423030490902,True,-0.24422300331323107,contour,2050,exponential,Mean,80,0.13203036188433845
98.89870287908772,,98.35629357151022,99.44111218666522,98.83329383458928,True,0.23635171758514525,contour,2050,exponential,Top 10%,80,0.276744527887233
104.65948749023019,,103.80273775243403,105.51623722802636,104.4959921653633,True,0.3740239818503468,contour,2050,exponential,Top 1%,80,0.4371252454402874
111.01508420610837,,109.76591570873876,112.26425270347798,110.73946122627666,True,0.43245656204049,contour,2050,exponential,Top 0.01%,80,0.6373425773243403
93.28533295108518,,92.88574284620375,93.6849230559666,93.32632589185134,True,-0.20106776053900655,contour,2100,exponential,Mean,80,0.20387624876443994
102.77189738449071,,102.072161369498,103.47163339948342,102.71190395682973,True,0.16804188294618536,contour,2100,exponential,Top 10%,80,0.3570147311441219
107.87061853115571,,106.88017732173263,108.8610597405788,107.71305648722797,True,0.31179632722346284,contour,2100,exponential,Top 1%,80,0.5053364333403971
113.66362393917355,,112.3065829121508,115.02066496619629,113.39514351075819,True,0.38776423097719237,contour,2100,exponential,Top 0.01%,80,0.6923805935858744
0.5562641413138307,0.015898005418299364,0.5391984784336548,0.5738699334065108,0.5509085391235231,True,0.6085323797477322,historical,1800,historical,Xc ratio,81,
0.6543162227947867,0.01601312688724843,0.634099323419863,0.6751776947236308,0.6430095965528855,True,1.0885511014439213,historical,1850,historical,Xc ratio,81,
0.7178145315068181,0.007711210751282565,0.7070472728509525,0.7287457591975894,0.7118053198737329,True,1.0902018380757053,historical,1900,historical,Xc ratio,81,
0.761688963565571,0.007494276646742553,0.750582653114547,0.7729596131887339,0.7595646387863185,True,0.3726660691526543,historical,1950,historical,Xc ratio,81,
0.832196518089551,0.004306501816173255,0.8252018508441296,0.8392504743075119,0.8281938295617597,True,1.1195610961992157,historical,1980,historical,Xc ratio,81,
0.8444968200343631,0.004192823604449598,0.837585365517943,0.8514653053986216,0.8430327297983153,True,0.41384715211350903,historical,1985,historical,Xc ratio,81,
0.8627719775137884,0.003256909427720388,0.8572820779719766,0.8682970335084802,0.8648109768540827,True,-0.7247741427796517,historical,1990,historical,Xc ratio,81,
0.8807686994991362,0.003313544799820622,0.8750671443933837,0.88650740344636,0.8810140111632547,True,-0.08404328254548403,historical,1995,historical,Xc ratio,81,
0.9056563863734023,0.0032970601110488907,0.8998227959442427,0.9115277962237286,0.9101435409155368,True,-1.4990186892389337,historical,2000,historical,Xc ratio,81,
0.9222564590694429,0.0036667709377644422,0.9156522025868331,0.9289083495811795,0.9278461599106248,True,-1.6479357823223744,historical,2005,historical,Xc ratio,81,
0.9494698980503283,0.0033355109815963423,0.9432830016526936,0.9556973736664669,0.9542293786430015,True,-1.499097020821662,historical,2010,historical,Xc ratio,81,
0.9737621477016166,0.0032346143360862055,0.9676082884425506,0.979955144682251,0.9765533965649273,True,-0.8849148072526273,historical,2015,historical,Xc ratio,81,
1.133206129779553,0.002117223730944151,1.1285134277511888,1.1379183454900639,1.1374377209220468,True,-1.7604286343736864,projection,2050,linear,Xc ratio,81,
1.3480547261981872,0.0046504124180240655,1.3358235177326694,1.3603979273472753,1.3591114643447033,True,-1.7565197923936235,projection,2100,linear,Xc ratio,81,
1.157664560080334,0.0028046137204281564,1.1513184034808555,1.1640456971886475,1.1631375979171645,True,-1.6816982698904006,projection,2050,exponential,Xc ratio,81,
1.466005305546173,0.007328184240501713,1.4450995982841928,1.4872134477383427,1.4841838382187762,True,-1.6816982691435867,projection,2100,exponential,Xc ratio,81,
87.06880768836933,,86.83991165387364,87.29770372286502,87.10877515389147,True,-0.3422287028664654,contour,2050,linear,Mean,81,0.11678583703639223
98.35918652627595,,97.8493980355226,98.8689750170293,98.42628991075028,True,-0.25798977261350625,contour,2050,linear,Top 10%,81,0.26010094816767665
104.10602313897755,,103.2912584965383,104.92078778141679,104.16146434350796,True,-0.13336705899976908,contour,2050,linear,Top 1%,81,0.4157038847989176
110.42791350586295,,109.23239738130178,111.62342963042411,110.46601224989362,True,-0.062460191562656156,contour,2050,linear,Top 0.01%,81,0.6099684147215356
91.34331732484043,,91.00963894817735,91.6769957015035,91.47088929122432,True,-0.7493337208417764,contour,2100,linear,Mean,81,0.17024719805827893
101.3047365150018,,100.66935272110587,101.94012030889775,101.41922136822934,True,-0.3531506331401165,contour,2100,linear,Top 10%,81,0.32418136195755987
106.54120274975948,,105.61553030897383,107.46687519054512,106.63419065005733,True,-0.19688707101089992,contour,2100,linear,Top 1%,81,0.4722905359931365
112.43039739449307,,111.1434403691219,113.71735441986424,112.49874754383671,True,-0.10409347663558209,contour,2100,linear,Top 0.01%,81,0.6566227928281126
87.64056510513171,,87.38980005457674,87.89133015568669,87.70423030490902,True,-0.49760322802521795,contour,2050,exponential,Mean,81,0.12794370331954089
98.75131484002381,,98.22581683461297,99.27681284543465,98.83329383458928,True,-0.3057592515722559,contour,2050,exponential,Top 10%,81,0.2681161539476812
104.42858218092069,,103.60263953935227,105.2545248224891,104.4959921653633,True,-0.15996406415710218,contour,2050,exponential,Top 1%,81,0.42140705037611137
110.69170754951628,,109.48581624842416,111.8975988506084,110.73946122627666,True,-0.07761519342161508,contour,2050,exponential,Top 0.01%,81,0.6152619694055999
93.12670432416985,,92.73841194005587,93.51499670828383,93.32632589185134,True,-1.0076197710802333,contour,2100,exponential,Mean,81,0.19811199959631864
102.5521047611928,,101.87292320038335,103.23128632200223,102.71190395682973,True,-0.4611442451906204,contour,2100,exponential,Top 10%,81,0.3465275720200744
107.58238660165728,,106.62367406590985,108.5410991374047,107.71305648722797,True,-0.2671377081586445,contour,2100,exponential,Top 1%,81,0.48914803706070675
113.29530484567786,,111.98063805019811,114.60997164115761,113.39514351075819,True,-0.1488439416700901,contour,2100,exponential,Top 0.01%,81,0.6707606904257984
0.5513514402747002,0.015432395488413323,0.5349244324262246,0.5682829055203262,0.5509085391235231,True,0.05207382079437009,historical,1800,historical,Xc ratio,82,
0.6458825742050518,0.0156929142050329,0.6263192135488679,0.6660570051779122,0.6430095965528855,True,0.284081385032455,historical,1850,historical,Xc ratio,82,
0.7109528833105276,0.007204340280937793,0.7009845956177297,0.7210629241319215,0.7118053198737329,True,-0.16632854989730966,historical,1900,historical,Xc ratio,82,
0.7606099788007806,0.007407631619681676,0.7496466962437187,0.7717335949723682,0.7595646387863185,True,0.1856584778504864,historical,1950,historical,Xc ratio,82,
0.8221623505633947,0.004637920231360278,0.8147226313679904,0.8296700062804757,0.8281938295617597,True,-1.5759948373851065,historical,1980,historical,Xc ratio,82,
0.8431194397512005,0.0043519345805977695,0.8359585220571564,0.8503416986970745,0.8430327297983153,True,0.023633052639766755,historical,1985,historical,Xc ratio,82,
0.8588732126609144,0.0033512701480101544,0.8532503035404675,0.8645331766840618,0.8648109768540827,False,-2.0558315367368913,historical,1990,historical,Xc ratio,82,
0.8814875614305664,0.00337408598340317,0.8756774400836166,0.887336232942818,0.8810140111632547,True,0.15926136487692769,historical,1995,historical,Xc ratio,82,
0.9097651465097671,0.003399165078859973,0.9037242171383327,0.9158464563722614,0.9101435409155368,True,-0.12233559948571719,historical,2000,historical,Xc ratio,82,
0.9333771315586467,0.0037786513668055105,0.926490055696924,0.9403154025882327,0.9278461599106248,True,1.572886567648059,historical,2005,historical,Xc ratio,82,
0.954843151753416,0.003462971423818155,0.948384289437378,0.961346001409694,0.9542293786430015,True,0.18568060056795083,historical,2010,historical,Xc ratio,82,
0.9796777481243226,0.0033384566963123603,0.9732883932943878,0.9861090472078046,0.9765533965649273,True,0.9568070012086985,historical,2015,historical,Xc ratio,82,
1.1428852420754056,0.0024172151718841123,1.137483452470501,1.1483126842125493,1.1374377209220468,False,1.976596741365853,projection,2050,linear,Xc ratio,82,
1.3733453099389636,0.005256074504714761,1.359270119375187,1.3875662485675164,1.3591114643447033,False,1.9821721104478174,projection,2100,linear,Xc ratio,82,
1.1704278502367658,0.0032267103089641492,1.1630491452268756,1.1778533677892271,1.1631375979171645,True,1.9363952378140974,projection,2050,exponential,Xc ratio,82,
1.5086133593690092,0.008431081779413674,1.48388894528963,1.5337497292443456,1.4841838382187762,True,1.9363952368086024,projection,2100,exponential,Xc ratio,82,
87.2343169637074,,87.00738836114934,87.46124556626546,87.10877515389147,True,1.084294456580176,contour,2050,linear,Mean,82,0.11578202678623147
98.53547194145065,,98.02641459603255,99.04452928686875,98.42628991075028,True,0.4203708086284519,contour,2050,linear,Top 10%,82,0.2597279079786643
104.24464365803796,,103.44130153738435,105.04798577869157,104.16146434350796,True,0.20293777276969116,contour,2050,linear,Top 1%,82,0.4098759604718722
110.52122212701258,,109.35675398669936,111.6856902673258,110.46601224989362,True,0.09292600372469138,contour,2050,linear,Top 0.01%,82,0.5941273153478464
91.6861257358643,,91.35184294956491,92.02040852216368,91.47088929122432,True,1.2619724883978152,contour,2100,linear,Mean,82,0.17055557598821486
101.58587351102473,,100.97081478241479,102.20093223963467,101.41922136822934,True,0.5310585520240942,contour,2100,linear,Top 10%,82,0.31381124013576617
106.76505230325796,,105.87196405613489,107.65814055038103,106.63419065005733,True,0.28718788771077,contour,2100,linear,Top 1%,82,0.45566564190345543
112.59383873066339,,111.35674061593929,113.8309368453875,112.49874754383671,True,0.1506552303404166,contour,2100,linear,Top 0.01%,82,0.6311841056683731
87.86300239459482,,87.61542673246758,88.11057805672205,87.70423030490902,True,1.2569392922572311,contour,2050,exponential,Mean,82,0.12631643442434837
98.96469894879439,,98.44542898674332,99.48396891084546,98.83329383458928,True,0.4959834191238023,contour,2050,exponential,Top 10%,82,0.26493852241521904
104.59738703016488,,103.78695650565643,105.40781755467333,104.4959921653633,True,0.24521569365730553,contour,2050,exponential,Top 1%,82,0.41349255950672803
110.80959606164163,,109.64118106068551,111.97801106259774,110.73946122627666,True,0.11764805421403664,contour,2050,exponential,Top 0.01%,82,0.5961410567604608
93.6340436286378,,93.25411126803935,94.01397598923624,93.32632589185134,True,1.5874290901560237,contour,2100,exponential,Mean,82,0.1938466030984812
102.94248359613388,,102.29644986358196,103.58851732868581,102.71190395682973,True,0.6995420917406083,contour,2100,exponential,Top 10%,82,0.32961510397526256
107.89808431025894,,106.98321878290224,108.81294983761563,107.71305648722797,True,0.396394725163951,contour,2100,exponential,Top 1%,82,0.466776703333869
113.53613953204112,,112.28547339919315,114.78680566488909,113.39514351075819,True,0.22095994799882596,contour,2100,exponential,Top 0.01%,82,0.638106691098966
0.5739217193341838,0.017611861227219756,0.5544487604992705,0.5940785937133303,0.5509085391235231,False,2.3236729128868094,historical,1800,historical,Xc ratio,83,
0.665159943002333,0.016832720342275367,0.643573347002622,0.687470591868784,0.6430095965528855,False,2.012026461562334,historical,1850,historical,Xc ratio,83,
0.7301192475882097,0.008629691243259885,0.7178739450428467,0.7425734272427961,0.7118053198737329,False,2.9437237168697212,historical,1900,historical,Xc ratio,83,
0.7719555044940015,0.00777403873283778,0.7602825007813331,0.7838077297664664,0.7595646387863185,False,2.081477442226169,historical,1950,historical,Xc ratio,83,
0.8336540644379227,0.005556099182356327,0.8246250277341388,0.8427819624435788,0.8281938295617597,True,1.1827191323445019,historical,1980,historical,Xc ratio,83,
0.8465742432721816,0.005510753751632272,0.8374797003484079,0.8557675476476752,0.8430327297983153,True,0.7607164924459144,historical,1985,historical,Xc ratio,83,
0.8701676331805792,0.00437169301467968,0.8627435743191121,0.8776555773628057,0.8648109768540827,True,1.41247697401163,historical,1990,historical,Xc ratio,83,
0.8878223129772976,0.00405852551753737,0.8807880878931208,0.8949127153908628,0.8810140111632547,True,1.8967714812534144,historical,1995,historical,Xc ratio,83,
0.9111839697627546,0.0034843354772996003,0.9049825370950327,0.9174278980207845,0.9101435409155368,True,0.3278947155552109,historical,2000,historical,Xc ratio,83,
0.9258923657903825,0.0036567893594394154,0.9192800568573127,0.9325522365400065,0.9278461599106248,True,-0.5764485277966495,historical,2005,historical,Xc ratio,83,
0.9540129526224178,0.0030012398914017555,0.9484176140770259,0.9596413017456111,0.9542293786430015,True,-0.07557971251558698,historical,2010,historical,Xc ratio,83,
0.9716862163368627,0.002878309596441505,0.9662199951145163,0.9771833617530807,0.9765533965649273,True,-1.7359149852262998,historical,2015,historical,Xc ratio,83,
1.1303674246378808,0.003374099838326465,1.1229168387529183,1.137867445376889,1.1374377209220468,True,-1.8480143994954648,projection,2050,linear,Xc ratio,83,
1.340637464376398,0.007433434800625513,1.321246958267997,1.3603125438757062,1.3591114643447033,True,-1.8411314594222719,projection,2100,linear,Xc ratio,83,
1.1537900491546014,0.004488459214696798,1.1436844219748956,1.1639849699355254,1.1631375979171645,True,-1.7977129059456325,projection,2050,exponential,Xc ratio,83,
1.4532197368156783,0.011727909575679171,1.4201966138898179,1.4870107299343776,1.4841838382187762,True,-1.7977129036927852,projection,2100,exponential,Xc ratio,83,
87.08619757378894,,86.90874985954015,87.26364528803772,87.10877515389147,True,-0.24937624046818335,contour,2050,linear,Mean,83,0.09053621171025523
98.67612310520703,,98.13488971726998,99.21735649314407,98.42628991075028,True,0.9047188776438738,contour,2050,linear,Top 10%,83,0.27614455786240755
104.75816722894942,,103.8146259586749,105.70170849922394,104.16146434350796,True,1.2394965665848277,contour,2050,linear,Top 1%,83,0.4814074532578568
111.49995770712766,,110.04990479128023,112.9500106229751,110.46601224989362,True,1.3975323493440475,contour,2050,linear,Top 0.01%,83,0.7398365109182179
91.4639125353806,,91.18585691095812,91.74196815980308,91.47088929122432,True,-0.049177894570658395,contour,2100,linear,Mean,83,0.1418677213539375
101.78981538274375,,101.11833901298908,102.46129175249843,101.41922136822934,True,1.0817222378200981,contour,2100,linear,Top 10%,83,0.3425962798557567
107.34533613181245,,106.28070992604714,108.40996233757775,106.63419065005733,True,1.309210241548042,contour,2100,linear,Top 1%,83,0.5431866167761069
113.63266358692717,,112.0802554470971,115.18507172675723,112.49874754383671,True,1.431604581893444,contour,2100,linear,Top 0.01%,83,0.7920595235806881
87.65912536040368,,87.46521709771416,87.8530336230932,87.70423030490902,True,-0.45590665157313887,contour,2050,exponential,Mean,83,0.09893460503307443
99.08183143061362,,98.54249627158934,99.6211665896379,98.83329383458928,True,0.903194848066488,contour,2050,exponential,Top 10%,83,0.2751760559267923
105.09378740941354,,104.14992646274418,106.0376483560829,104.4959921653633,True,1.2413450864793425,contour,2050,exponential,Top 1%,83,0.4815705564563655
111.77525785956257,,110.32520027532865,113.22531544379649,110.73946122627666,True,1.4000299840648762,contour,2050,exponential,Top 0.01%,83,0.7398388927918234
93.25605224055901,,92.93390781138736,93.57819666973067,93.32632589185134,True,-0.4275530262908462,contour,2100,exponential,Mean,83,0.16436242283669636
103.07804013511586,,102.40110588943492,103.7549743807968,102.71190395682973,True,1.060093690718912,contour,2100,exponential,Top 10%,83,0.34538096159956183
108.42461583251615,,107.35861466426337,109.49061700076894,107.71305648722797,True,1.3082825152185726,contour,2100,exponential,Top 1%,83,0.5438881411399896
114.53037833389972,,112.97755710985392,116.08319955794552,113.39514351075819,True,1.432888302206395,contour,2100,exponential,Top 0.01%,83,0.7922702847063999
0.530694577186413,0.014202138273585074,0.5161260362911267,0.5456743400873606,0.5509085391235231,False,-2.632148230058055,historical,1800,historical,Xc ratio,84,
0.6291676353155918,0.014817192573595796,0.6111586417274888,0.647707299384177,0.6430095965528855,True,-1.4686936573435174,historical,1850,historical,Xc ratio,84,
0.7137496737075557,0.006877682766154484,0.7041928781643272,0.7234361671558427,0.7118053198737329,True,0.3966244199177148,historical,1900,historical,Xc ratio,84,
0.7599419874255564,0.007134969099199026,0.7493887060330544,0.7706438856136583,0.7595646387863185,True,0.06961103610850948,historical,1950,historical,Xc ratio,84,
0.8261109341109126,0.0046297416327040555,0.818648606951596,0.8336412835280818,0.8281938295617597,True,-0.5439079676857366,historical,1980,historical,Xc ratio,84,
0.8451769116009971,0.0043530560702909555,0.8379966770707016,0.8524186687713229,0.8430327297983153,True,0.5835407613714487,historical,1985,historical,Xc ratio,84,
0.8631049284514646,0.003334632387531488,0.8574822764833386,0.8687644490710154,0.8648109768540827,True,-0.5921761594146361,historical,1990,historical,Xc ratio,84,
0.8813561896302988,0.0034086182975513503,0.8754876773473371,0.8872640393446217,0.8810140111632547,True,0.11392188584473135,historical,1995,historical,Xc ratio,84,
0.9095948674858158,0.0034013639618934595,0.903551174712323,0.9156789854431415,0.9101435409155368,True,-0.17728903275095748,historical,2000,historical,Xc ratio,84,
0.9283103107362187,0.003815159310368319,0.9213946891718986,0.9352778382016503,0.9278461599106248,True,0.13108767800193727,historical,2005,historical,Xc ratio,84,
0.9556817739401705,0.003480790617590351,0.9491840881050199,0.9622239399996965,0.9542293786430015,True,0.43694205713448986,historical,2010,historical,Xc ratio,84,
0.9791367286968653,0.0033534098053839712,0.9727223938054679,0.9855933610539743,0.9765533965649273,True,0.7878142304290605,historical,2015,historical,Xc ratio,84,
1.139150887743215,0.0024906867083309392,1.1336034959443142,1.1447254262083717,1.1374377209220468,True,0.6042630951683635,projection,2050,linear,Xc ratio,84,
1.3635878034580784,0.0054367651447095235,1.3491347391431487,1.3781957011354815,1.3591114643447033,True,0.6048018617450104,projection,2100,linear,Xc ratio,84,
1.1653037183439474,0.0032951692906009757,1.1578019563207251,1.1728540866362696,1.1631375979171645,True,0.5646374638799823,projection,2050,exponential,Xc ratio,84,
1.4914167727672067,0.008609958472369852,1.4664599716052833,1.5167982987332818,1.4841838382187762,True,0.5646374636584324,projection,2100,exponential,Xc ratio,84,
87.0354617016009,,86.81959193414941,87.25133146905237,87.10877515389147,True,-0.6656408063445892,contour,2050,linear,Mean,84,0.11013966029694434
98.29732629759594,,97.81291127815076,98.78174131704112,98.42628991075028,True,-0.5217923205357224,contour,2050,linear,Top 10%,84,0.2471550616573541
103.94014393791659,,103.17809798130023,104.70218989453295,104.16146434350796,True,-0.5692307927581416,contour,2050,linear,Top 1%,84,0.3888061018607029
110.13226687803508,,109.0321816372851,111.23235211878506,110.46601224989362,True,-0.5946165666250552,contour,2050,linear,Top 0.01%,84,0.5612782935948523
91.37615986009237,,91.05216927150593,91.70015044867881,91.47088929122432,True,-0.5730606994006847,contour,2100,linear,Mean,84,0.16530435821374917
101.26615561032975,,100.6891423059571,101.84316891470239,101.41922136822934,True,-0.5199245328939314,contour,2100,linear,Top 10%,84,0.2943999527154909
106.39183556576343,,105.55318504263447,107.23048608889239,106.63419065005733,True,-0.5663947300885069,contour,2100,linear,Top 1%,84,0.4278907825573055
112.1479177188875,,110.98577988965468,113.31005554812032,112.49874754383671,True,-0.5916800953436471,contour,2100,linear,Top 0.01%,84,0.5929383592758078
87.6305257135907,,87.39445988201146,87.86659154516994,87.70423030490902,True,-0.6119409298361291,contour,2050,exponential,Mean,84,0.12044396399184369
98.70340080107626,,98.21145893244271,99.1953426697098,98.83329383458928,True,-0.5175116894102483,contour,2050,exponential,Top 10%,84,0.2509953614015036
104.27372175631325,,103.5072287853725,105.040214727254,104.4959921653633,True,-0.5683574580369616,contour,2050,exponential,Top 1%,84,0.39107502841213615
110.4049398785072,,109.30193429517125,111.50794546184314,110.73946122627666,True,-0.5944211013918694,contour,2050,exponential,Top 0.01%,84,0.5627682916810441
93.23924684790677,,92.86929968152337,93.60919401429017,93.32632589185134,True,-0.4613409844654831,contour,2100,exponential,Mean,84,0.1887520226399591
102.558007973389,,101.95679447963298,103.15922146714502,102.71190395682973,True,-0.5017029525149168,contour,2100,exponential,Top 10%,84,0.30674721499901464
107.46980902128814,,106.61545068153275,108.32416736104354,107.71305648722797,True,-0.5580284646243213,contour,2100,exponential,Top 1%,84,0.43590512197902165
113.0439045567875,,111.87312112949795,114.21468798407705,113.39514351075819,True,-0.587995767367324,contour,2100,exponential,Top 0.01%,84,0.5973494597475092
0.5549677662058348,0.01472608712910046,0.5391789032136182,0.5712189770256483,0.5509085391235231,True,0.49851860942429715,historical,1800,historical,Xc ratio,85,
0.6444060745559017,0.015067633813586329,0.6256537220189342,0.663720480371376,0.6430095965528855,True,0.1439794190349374,historical,1850,historical,Xc ratio,85,
0.7119088624632183,0.006950904013315489,0.7022759230190473,0.7216739344770722,0.7118053198737329,True,0.020925937114828222,historical,1900,historical,Xc ratio,85,
0.7624289566737094,0.006983593552691951,0.7520642361541082,0.7729365206184929,0.7595646387863185,True,0.5389642304408822,historical,1950,historical,Xc ratio,85,
0.827908955474794,0.004329950197523367,0.820912597125059,0.8349649414028234,0.8281938295617597,True,-0.07945344959117322,historical,1980,historical,Xc ratio,85,
0.8390941035569714,0.00424130482285397,0.8321477898244135,0.8460984013099896,0.8430327297983153,True,-1.1041226886608517,historical,1985,historical,Xc ratio,85,
0.8649107732784513,0.0032578693206249945,0.8594056475281971,0.8704511634112625,0.8648109768540827,True,0.03541890013577643,historical,1990,historical,Xc ratio,85,
0.8822296518690255,0.0033718161215876815,0.8764185382482873,0.8880792962145707,0.8810140111632547,True,0.408939521028494,historical,1995,historical,Xc ratio,85,
0.9099791845824112,0.003376057003362928,0.9039777751036927,0.9160204367616067,0.9101435409155368,True,-0.053494113785389506,historical,2000,historical,Xc ratio,85,
0.9290213201388441,0.0037040768657398263,0.9223011811105241,0.935790423940803,0.9278461599106248,True,0.3417167268208017,historical,2005,historical,Xc ratio,85,
0.9593267932241811,0.003392647179501658,0.9529689436366855,0.9657270599876477,0.9542293786430015,True,1.5703666633948128,historical,2010,historical,Xc ratio,85,
0.9788293056741607,0.0032771708868029824,0.9725622994986141,0.9851366952435778,0.9765533965649273,True,0.710320336574294,historical,2015,historical,Xc ratio,85,
1.1406058126648795,0.0022419904730234226,1.1356047350944924,1.1456289144273926,1.1374377209220468,True,1.2406013322165912,projection,2050,linear,Xc ratio,85,
1.3673893814792006,0.0048865288313138305,1.3543558318797246,1.3805483585410638,1.3591114643447033,True,1.2426427845901251,projection,2100,linear,Xc ratio,85,
1.1671968659606509,0.0029816538672377373,1.1603957363171582,1.1740378573194017,1.1631375979171645,True,1.1684299504374975,projection,2050,exponential,Xc ratio,85,
1.4977560027119237,0.007790773014522851,1.4750595402869946,1.5208016913155504,1.4841838382187762,True,1.1684299494509431,projection,2100,exponential,Xc ratio,85,
87.0156462688195,,86.79573450853383,87.23555802910516,87.10877515389147,True,-0.8300113664877556,contour,2050,linear,Mean,85,0.11220193943374213
98.16090576697853,,97.6832288987867,98.63858263517037,98.42628991075028,True,-1.0889021397027947,contour,2050,linear,Top 10%,85,0.24371716621310763
103.76554621087912,,103.02000123386686,104.51109118789138,104.16146434350796,True,-1.040829600768801,contour,2050,linear,Top 1%,85,0.38038708001424437
109.91881737416995,,108.84365009232548,110.99398465601442,110.46601224989362,True,-0.9975026835855498,contour,2050,linear,Top 0.01%,85,0.548564815642169
91.375200393312,,91.05241050729441,91.69799027932959,91.47088929122432,True,-0.5810181847465418,contour,2100,linear,Mean,85,0.16469174360535274
101.15199388685932,,100.57671139064934,101.7272763830693,101.41922136822934,True,-0.9104331221880612,contour,2100,linear,Top 10%,85,0.29351687109954383
106.23829006723162,,105.41047683600185,107.06610329846139,106.63419065005733,True,-0.9373501830166189,contour,2100,linear,Top 1%,85,0.42236145039371953
111.95353632195751,,110.81346762218428,113.09360502173075,112.49874754383671,True,-0.9373069877831223,contour,2100,linear,Top 0.01%,85,0.5816783924429172
87.61851319407663,,87.3775362030483,87.85949018510496,87.70423030490902,True,-0.6971721630906997,contour,2050,exponential,Mean,85,0.12294970363186974
98.57313652665313,,98.08577281435821,99.06050023894805,98.83329383458928,True,-1.0462390633654481,contour,2050,exponential,Top 10%,85,0.24865952442963046
104.10454340961569,,103.35257216875802,104.85651465047336,104.4959921653633,True,-1.0202856457425893,contour,2050,exponential,Top 1%,85,0.38366584630592515
110.1961675064865,,109.11554568774433,111.27678932522868,110.73946122627666,True,-0.9853920264676146,contour,2050,exponential,Top 0.01%,85,0.5513477937686684
93.2540903847753,,92.88388875864398,93.62429201090661,93.32632589185134,True,-0.38243752128687014,contour,2100,exponential,Mean,85,0.18888185142759503
102.46138587965542,,101.85515620067744,103.0676155586334,102.71190395682973,True,-0.8099346267005961,contour,2100,exponential,Top 10%,85,0.3093065402016862
107.3320940280383,,106.48305209972298,108.18113595635361,107.71305648722797,True,-0.8794297131534007,contour,2100,exponential,Top 1%,85,0.43319261731974584
112.86346807674639,,111.70746334303821,114.01947281045456,113.39514351075819,True,-0.9014363624490735,contour,2100,exponential,Top 0.01%,85,0.5898091714065277
0.5453095146873392,0.016079291706741345,0.5283921506904108,0.5627685165648277,0.5509085391235231,True,-0.6353049961921591,historical,1800,historical,Xc ratio,86,
0.6462093382908052,0.0163003229103483,0.6258905143065024,0.6671877897956856,0.6430095965528855,True,0.30452498499397884,historical,1850,historical,Xc ratio,86,
0.7062183393220286,0.007669203997230135,0.6956822985721146,0.7169139473843662,0.7118053198737329,True,-1.0274853434497562,historical,1900,historical,Xc ratio,86,
0.7559619472666615,0.007929879551286647,0.7443034110760913,0.7678030991272452,0.7595646387863185,True,-0.5995532215103025,historical,1950,historical,Xc ratio,86,
0.8247487616045894,0.004631485266422316,0.8172959459797536,0.8322695384875363,0.8281938295617597,True,-0.9000162704282365,historical,1980,historical,Xc ratio,86,
0.839265559798018,0.00442594896173478,0.8320166688105775,0.8465776062756278,0.8430327297983153,True,-1.0118975296351884,historical,1985,historical,Xc ratio,86,
0.8617355843890336,0.003341070648801831,0.8561110498130542,0.8673970714015027,0.8648109768540827,True,-1.0662696481324283,historical,1990,historical,Xc ratio,86,
0.8831668721773536,0.003369651969758971,0.8773533066540562,0.8890189598602386,0.8810140111632547,True,0.7242992660205905,historical,1995,historical,Xc ratio,86,
0.9075215624481211,0.003372754034401161,0.9015421975437123,0.9135405847360195,0.9101435409155368,True,-0.8553835180177441,historical,2000,historical,Xc ratio,86,
0.9273343218188487,0.003794948734233245,0.920462431703731,0.9342575153572542,0.9278461599106248,True,-0.14540205027268982,historical,2005,historical,Xc ratio,86,
0.9506701080684271,0.0034264025926486587,0.9443071530053523,0.9570759381610999,0.9542293786430015,True,-1.0906390677243054,historical,2010,historical,Xc ratio,86,
0.9727100951295473,0.003318417526064635,0.9664041383905133,0.9790571993438608,0.9765533965649273,True,-1.1883200621373704,historical,2015,historical,Xc ratio,86,
1.1384461471518625,0.0023975915437341234,1.1331089190547285,1.1438085149361723,1.1374377209220468,True,0.36961438219154563,projection,2050,linear,Xc ratio,86,
1.3617463844935762,0.005237388428911179,1.3478394318274098,1.3757968285340798,1.3591114643447033,True,0.3698085542561464,projection,2100,linear,Xc ratio,86,
1.1649251755440908,0.003196739856501127,1.1576491604175192,1.1722469216208782,1.1631375979171645,True,0.4803889501907262,projection,2050,exponential,Xc ratio,86,
1.4901512078546946,0.00835277188857881,1.4659543510143767,1.514747454949249,1.4841838382187762,True,0.48038894987651476,projection,2100,exponential,Xc ratio,86,
87.2700065201497,,87.03616729713015,87.50384574316926,87.10877515389147,True,1.3513886462832385,contour,2050,linear,Mean,86,0.11930791834138482
98.71086300058938,,98.17629353782552,99.24543246335325,98.42628991075028,True,1.04336862822311,contour,2050,linear,Top 10%,86,0.27274453356311534
104.52521095735435,,103.67074942067072,105.37967249403798,104.16146434350796,True,0.8343620303897562,contour,2050,linear,Top 1%,86,0.4359577744405155
110.92396650532693,,109.67447512153987,112.17345788911399,110.46601224989362,True,0.7183513698955414,contour,2050,linear,Top 0.01%,86,0.6375073183195857
91.68154402517854,,91.33891788941241,92.02417016094466,91.47088929122432,True,1.205032683218746,contour,2100,linear,Mean,86,0.17481246516197196
101.73852300450093,,101.08305311110408,102.39399289789779,101.41922136822934,True,0.9547649916517174,contour,2100,linear,Top 10%,86,0.3344295602200562
107.02597616728106,,106.06747069770194,107.98448163686018,106.63419065005733,True,0.8011279307149374,contour,2100,linear,Top 1%,86,0.4890423891151682
112.97899350495418,,111.64519005011692,114.31279695979143,112.49874754383671,True,0.7056997671563783,contour,2100,linear,Top 0.01%,86,0.6805244715505794
87.88646261851994,,87.6316012240213,88.14132401301859,87.70423030490902,True,1.4014235941831275,contour,2050,exponential,Mean,86,0.13003371312379375
99.13219878385604,,98.58599648621338,99.6784010814987,98.83329383458928,True,1.0725750109291352,contour,2050,exponential,Top 10%,86,0.2786797624604595
104.8713953895231,,104.00750215523537,105.73528862381083,104.4959921653633,True,0.8516987630306437,contour,2050,exponential,Top 1%,86,0.4407699534797728
111.20682781155018,,109.95130733734965,112.46234828575072,110.73946122627666,True,0.7295951707174102,contour,2050,exponential,Top 0.01%,86,0.6405834413815581
93.58715315968047,,93.19611229399548,93.97819402536545,93.32632589185134,True,1.3073110664164789,contour,2100,exponential,Mean,86,0.19951431187995092
103.0671980208444,,102.37545457944307,103.75894146224573,102.71190395682973,True,1.00667896175338,contour,2100,exponential,Top 10%,86,0.3529368125423414
108.13481217538728,,107.14993915689409,109.11968519388047,107.71305648722797,True,0.8393223730830023,contour,2100,exponential,Top 1%,86,0.5024954673972453
113.90015615611283,,112.5460660785231,115.25424623370256,113.39514351075819,True,0.7309754447017353,contour,2100,exponential,Top 0.01%,86,0.690874979474452
0.5535427609214956,0.01439256544744366,0.5381461054420579,0.5693799231658344,0.5509085391235231,True,0.3314350045925767,historical,1800,historical,Xc ratio,87,
0.6366123100215318,0.014605971121791713,0.6186462817887497,0.6551000874023536,0.6430095965528855,True,-0.6845691326664309,historical,1850,historical,Xc ratio,87,
0.7108555863891879,0.006571096301659362,0.7017591006786702,0.7200699844320169,0.7118053198737329,True,-0.20318543858996568,historical,1900,historical,Xc ratio,87,
0.7600054856864317,0.006746050760398112,0.7500228215003379,0.7701210172752173,0.7595646387863185,True,0.08600970299122011,historical,1950,historical,Xc ratio,87,
0.8212020702523808,0.0047744691507713224,0.813553279413812,0.8289227727933206,0.8281938295617597,True,-1.7756978305157065,historical,1980,historical,Xc ratio,87,
0.8413038308236979,0.004488616473905527,0.8339348996800838,0.8487378763380141,0.8430327297983153,True,-0.45736022220833383,historical,1985,historical,Xc ratio,87,
0.8638994776631121,0.003371357503448892,0.8582098735575999,0.8696268016735973,0.8648109768540827,True,-0.31279460715037716,historical,1990,historical,Xc ratio,87,
0.8818115429261121,0.003384508883811194,0.8759813909532038,0.8876804978603369,0.8810140111632547,True,0.2673455858981528,historical,1995,historical,Xc ratio,87,
0.9083251463058158,0.003420373433750708,0.9022562732583163,0.914434840593531,0.9101435409155368,True,-0.5847078492820158,historical,2000,historical,Xc ratio,87,
0.9311667435597276,0.0037975355237081505,0.9242617677506779,0.9381233050694816,0.9278461599106248,True,0.9407205542746749,historical,2005,historical,Xc ratio,87,
0.9566178655946636,0.003504681525325655,0.9500693269263908,0.9632115413465938,0.9542293786430015,True,0.7133104152800612,historical,2010,historical,Xc ratio,87,
0.9788847645360563,0.0033816488826222853,0.9724182577832224,0.9853942730623038,0.9765533965649273,True,0.7051287592993781,historical,2015,historical,Xc ratio,87,
1.1426591890388165,0.002672160393165327,1.136690340579196,1.1486593803810694,1.1374377209220468,True,1.7139871305488872,projection,2050,linear,Xc ratio,87,
1.3727546552304564,0.005811786332553426,1.3572064772753252,1.3884809533476794,1.3591114643447033,True,1.7186225679921039,projection,2100,linear,Xc ratio,87,
1.170181652821465,0.003553081083262171,1.1620609208331323,1.1783591342338977,1.1631375979171645,True,1.699318419139156,projection,2050,exponential,Xc ratio,87,
1.507784336632908,0.009283857028127222,1.4805967576019938,1.535471149806925,1.4841838382187762,True,1.6993184183852028,projection,2100,exponential,Xc ratio,87,
87.08754100623702,,86.88181255738061,87.29326945509342,87.10877515389147,True,-0.20229659474165262,contour,2050,linear,Mean,87,0.10496542307877842
98.2059847460131,,97.74309372088968,98.66887577113653,98.42628991075028,True,-0.9328117527832855,contour,2050,linear,Top 10%,87,0.23617323010762473
103.7541985636557,,103.03186297267969,104.47653415463172,104.16146434350796,True,-1.1050628968281269,contour,2050,linear,Top 1%,87,0.3685453389315955
109.83728673664436,,108.79946740183699,110.87510607145173,110.46601224989362,True,-1.187373679407032,contour,2050,linear,Top 0.01%,87,0.5295093904753276
91.44844854581477,,91.13806741854536,91.75882967308418,91.47088929122432,True,-0.14170659529431082,contour,2100,linear,Mean,87,0.15836062790829777
101.17865708064897,,100.63819767084735,101.7191164904506,101.41922136822934,True,-0.8724010186021256,contour,2100,linear,Top 10%,87,0.27574966380235627
106.2094611040195,,105.42435661682202,106.99456559121697,106.63419065005733,True,-1.0603106044849262,contour,2100,linear,Top 1%,87,0.4005708744600944
111.85704444648127,,110.7719361068956,112.94215278606694,112.49874754383671,True,-1.159068559057132,contour,2100,linear,Top 0.01%,87,0.5536368770777913
87.70183984292017,,87.47653879316185,87.92714089267848,87.70423030490902,True,-0.020795373166653724,contour,2050,exponential,Mean,87,0.11495162744594696
98.62413303748731,,98.15656163250395,99.09170444247067,98.83329383458928,True,-0.8767594102811707,contour,2050,exponential,Top 10%,87,0.23856122289568155
104.09769550195473,,103.37221848684266,104.82317251706681,104.4959921653633,True,-1.0760466550723984,contour,2050,exponential,Top 1%,87,0.37014813579972017
110.11819678678026,,109.07922733164142,111.1571662419191,110.73946122627666,True,-1.171984335310089,contour,2050,exponential,Top 0.01%,87,0.5300961973455245
93.36760074735504,,93.00978217289267,93.72541932181741,93.32632589185134,True,0.22608449093481325,contour,2100,exponential,Mean,87,0.18256385182830603
102.50314225355393,,101.94506748197176,103.0612170251361,102.71190395682973,True,-0.7331731169495146,contour,2100,exponential,Top 10%,87,0.2847372584313844
107.31532603884322,,106.52187438747013,108.10877769021631,107.71305648722797,True,-0.9824635855758133,contour,2100,exponential,Top 1%,87,0.4048297099496494
112.77715599495168,,111.69064043168079,113.86367155822258,113.39514351075819,True,-1.1147868606959956,contour,2100,exponential,Top 0.01%,87,0.5543548615388918
0.5461442978302722,0.014367141547097373,0.5309798868093,0.5617417937332252,0.5509085391235231,True,-0.6045448968389435,historical,1800,historical,Xc ratio,88,
0.6460007032764368,0.015241157101351502,0.6269886719747915,0.6655892319700945,0.6430095965528855,True,0.3045007431882806,historical,1850,historical,Xc ratio,88,
0.7041422496484174,0.006562760066414004,0.6951430290162688,0.7132579728830603,0.7118053198737329,True,-1.6493139874479628,historical,1900,historical,Xc ratio,88,
0.7579341735834604,0.006781266498137877,0.7479270911709931,0.768075148322589,0.7595646387863185,True,-0.31688561538277443,historical,1950,historical,Xc ratio,88,
0.8283546574185624,0.004741128038509712,0.8206928747598808,0.8360879685567937,0.8281938295617597,True,0.04095485903424914,historical,1980,historical,Xc ratio,88,
0.8430201411856604,0.004549963801032023,0.8355357073363764,0.8505716179507078,0.8430327297983153,True,-0.0032819256328956254,historical,1985,historical,Xc ratio,88,
0.8617086743676283,0.0034569882548079107,0.8558898400206364,0.867567068517266,0.8648109768540827,True,-1.0395495006246915,historical,1990,historical,Xc ratio,88,
0.8805664410851454,0.003403705880801732,0.8747116091674498,0.8864604619840151,0.8810140111632547,True,-0.14929200203336124,historical,1995,historical,Xc ratio,88,
0.9117384957089608,0.0033792078951750846,0.9057198899740534,0.9177970957239908,0.9101435409155368,True,0.5181354651612,historical,2000,historical,Xc ratio,88,
0.9310578540014819,0.003864547607115483,0.9240323141042547,0.9381368100077501,0.9278461599106248,True,0.8941471025316703,historical,2005,historical,Xc ratio,88,
0.9577451676404017,0.0035572912048991,0.9510908370537046,0.9644460554157835,0.9542293786430015,True,1.0338362664645957,historical,2010,historical,Xc ratio,88,
0.98192727635598,0.003442772852696872,0.9753238192351672,0.9885754423674057,0.9765533965649273,True,1.5940112168620468,historical,2015,historical,Xc ratio,88,
1.1409008510406307,0.0027374324674942162,1.1347960027409032,1.147038541518752,1.1374377209220468,True,1.1105483286446918,projection,2050,linear,Xc ratio,88,
1.3681602882029382,0.0059645497085006275,1.352259205734805,1.3842483499296232,1.3591114643447033,True,1.1125451557715405,projection,2100,linear,Xc ratio,88,
1.1673992977567693,0.0036119952104167025,1.1591640186352998,1.1756930844070428,1.1631375979171645,True,1.0125353382601503,projection,2050,exponential,Xc ratio,88,
1.4984348307166915,0.009437793944010679,1.4709719619881856,1.5264104278848203,1.4841838382187762,True,1.0125353374968569,projection,2100,exponential,Xc ratio,88,
87.07790085565368,,86.86823299461992,87.28756871668745,87.10877515389147,True,-0.2886112935748011,contour,2050,linear,Mean,88,0.10697536418403834
98.24276548596404,,97.76947003109092,98.71606094083717,98.42628991075028,True,-0.7599930638693421,contour,2050,linear,Top 10%,88,0.2414817101775464
103.84003898456511,,103.1022024066285,104.57787556250172,104.16146434350796,True,-0.8538233886528097,contour,2050,linear,Top 1%,88,0.3764541510745003
109.97622576549094,,108.91829639639046,111.03415513459142,110.46601224989362,True,-0.9073988279198183,contour,2050,linear,Top 0.01%,88,0.5397698005908877
91.44631119880779,,91.12829310637864,91.76432929123695,91.47088929122432,True,-0.15147621186310986,contour,2100,linear,Mean,88,0.1622571103028671
101.211218465911,,100.6601494862109,101.76228744561111,101.41922136822934,True,-0.7397952202745965,contour,2100,linear,Top 10%,88,0.28116280913674335
106.2900913305566,,105.48994904710146,107.09023361401175,106.63419065005733,True,-0.84287793217712,contour,2100,linear,Top 1%,88,0.4082433604732458
111.99013909160381,,110.88409964228894,113.09617854091867,112.49874754383671,True,-0.9012827247948778,contour,2100,linear,Top 0.01%,88,0.564316210929994
87.67701186072506,,87.44725641901299,87.90676730243713,87.70423030490902,True,-0.23219110684928415,contour,2050,exponential,Mean,88,0.11722431816316733
98.64950091870222,,98.17203934073993,99.1269624966645,98.83329383458928,True,-0.7544638403986748,contour,2050,exponential,Top 10%,88,0.24360732224084833
104.17394020590847,,103.4346508556147,104.91322955620223,104.4959921653633,True,-0.8538067556785506,contour,2050,exponential,Top 1%,88,0.3771953750809726
110.24908187113071,,109.19003220247158,111.30813153978984,110.73946122627666,True,-0.9075361650081045,contour,2050,exponential,Top 0.01%,88,0.5403413925014966
93.33458291331469,,92.9662245724176,93.70294125421178,93.32632589185134,True,0.043934025352401256,contour,2100,exponential,Mean,88,0.1879413824961367
102.5084603222988,,101.93973226043914,103.07718838415846,102.71190395682973,True,-0.7011122244622588,contour,2100,exponential,Top 10%,88,0.290172710491484
107.3722265014706,,106.56374351515133,108.18070948778988,107.71305648722797,True,-0.8262567156508088,contour,2100,exponential,Top 1%,88,0.41249889931473505
112.8896294941235,,111.7819559688673,113.9973030193797,113.39514351075819,True,-0.8944776991532667,contour,2100,exponential,Top 0.01%,88,0.5651499384648974
0.5441955940015637,0.01541717728290373,0.5279975364142929,0.5608905801756274,0.5509085391235231,True,-0.7952217463312063,historical,1800,historical,Xc ratio,89,
0.6365030592121003,0.015480651585073607,0.6174806331715365,0.6561114998951156,0.6430095965528855,True,-0.6569765126249679,historical,1850,historical,Xc ratio,89,
0.7059594840741065,0.007321257059747232,0.6959017229391912,0.7161626084919573,0.7118053198737329,True,-1.1263911325001754,historical,1900,historical,Xc ratio,89,
0.7637366025641321,0.007346665332714167,0.752818203640228,0.77481335503805,0.7595646387863185,True,0.7455822461576233,historical,1950,historical,Xc ratio,89,
0.8192516978893961,0.0045976185723166,0.8119024465704641,0.8266674738199695,0.8281938295617597,False,-2.361192087448587,historical,1980,historical,Xc ratio,89,
0.8466354173072369,0.004283107236516389,0.839557885124309,0.8537726135856226,0.8430327297983153,True,0.9956274974939339,historical,1985,historical,Xc ratio,89,
0.8694322760836617,0.003285570552250669,0.8638514684111422,0.8750491378874948,0.8648109768540827,True,1.6220875938487722,historical,1990,historical,Xc ratio,89,
0.8794103361202978,0.0033620381439619464,0.8736345355017001,0.8852243218969109,0.8810140111632547,True,-0.5419091494598389,historical,1995,historical,Xc ratio,89,
0.9086134204314456,0.0033399648599960626,0.9026848713509701,0.9145809063494766,0.9101435409155368,True,-0.5037779573073052,historical,2000,historical,Xc ratio,89,
0.9282247916419502,0.0037521742499819974,0.921423548456184,0.9350762363978296,0.9278461599106248,True,0.10873501943575847,historical,2005,historical,Xc ratio,89,
0.9515726503670636,0.0034144613309269605,0.9452257766982732,0.9579621411611596,0.9542293786430015,True,-0.8165399378091422,historical,2010,historical,Xc ratio,89,
0.9766152045828882,0.0032975422546647703,0.9703236312781518,0.9829475724157313,0.9765533965649273,True,0.019193081590083608,historical,2015,historical,Xc ratio,89,
1.138757314789801,0.002301914646262597,1.1336311901867184,1.1439066190245608,1.1374377209220468,True,0.5036996452401941,projection,2050,linear,Xc ratio,89,
1.3625594354185124,0.005026761335118948,1.3492010436717436,1.3760500881288324,1.3591114643447033,True,0.5040457601772474,projection,2100,linear,Xc ratio,89,
1.1651951106827794,0.0030716576253676077,1.1582013155396413,1.17223113783675,1.1631375979171645,True,0.5753800523686063,projection,2050,exponential,Xc ratio,89,
1.4910536018741283,0.008025944118293627,1.467782009106958,1.5146941643020253,1.4841838382187762,True,0.5753800523400973,projection,2100,exponential,Xc ratio,89,
87.15986028037862,,86.92930837098127,87.39041218977597,87.10877515389147,True,0.4342840114497933,contour,2050,linear,Mean,89,0.1176306866942021
98.44998026014414,,97.93955990114569,98.9604006191426,98.42628991075028,True,0.09096861199706734,contour,2050,linear,Top 10%,89,0.2604233358493319
104.18036146430434,,103.37630841273891,104.98441451586977,104.16146434350796,True,0.04606372191524001,contour,2050,linear,Top 1%,89,0.4102386869900256
110.48115546889453,,109.31331323261391,111.64899770517515,110.46601224989362,True,0.025414531971631075,contour,2050,linear,Top 0.01%,89,0.5958488245153695
91.54923245837098,,91.21355484342948,91.88491007331248,91.47088929122432,True,0.4574323076890333,contour,2100,linear,Mean,89,0.17126723633153237
101.46015836060305,,100.83966594457661,102.08065077662948,101.41922136822934,True,0.12930864038864573,contour,2100,linear,Top 10%,89,0.31658358057638597
106.66771764978799,,105.7679468186049,107.56748848097108,106.63419065005733,True,0.0730316094992339,contour,2100,linear,Top 1%,89,0.4590751862179031
112.5262286927064,,111.2811748144192,113.77128257099359,112.49874754383671,True,0.04326082828837696,contour,2100,linear,Top 0.01%,89,0.635243243298375
87.77089151204248,,87.51892625764259,88.02285676644237,87.70423030490902,True,0.5185380240570395,contour,2050,exponential,Mean,89,0.1285560634722734
98.86737868547132,,98.34517406356561,99.38958330737704,98.83329383458928,True,0.12792893311326162,contour,2050,exponential,Top 10%,89,0.2664358253645534
104.52347397051872,,103.71054091798783,105.33640702304962,104.4959921653633,True,0.06625803707583548,contour,2050,exponential,Top 1%,89,0.4147693829801134
110.76165398518313,,109.58695438886237,111.9363535815039,110.73946122627666,True,0.0370281970901301,contour,2050,exponential,Top 0.01%,89,0.59934754188683
93.44223390598644,,93.05706579154801,93.82740202042487,93.32632589185134,True,0.5898087736456864,contour,2100,exponential,Mean,89,0.19651795516478734
102.77888017403475,,102.1243459191946,103.43341442887491,102.71190395682973,True,0.20055630789657258,contour,2100,exponential,Top 10%,89,0.3339521848376064
107.7686519371482,,106.84352446592747,108.69377940836894,107.71305648722797,True,0.11778385459051566,contour,2100,exponential,Top 1%,89,0.4720124851875041
113.44124101345837,,112.17707421683804,114.7054078100787,113.39514351075819,True,0.0714695602756909,contour,2100,exponential,Top 0.01%,89,0.6449949114330458
0.552977422737282,0.015038892812336562,0.5369159075648582,0.5695194084377704,0.5509085391235231,True,0.24924501993740852,historical,1800,historical,Xc ratio,90,
0.6294633562962477,0.015410962060063637,0.6107347315869549,0.6487663079028992,0.6430095965528855,True,-1.381614445349102,historical,1850,historical,Xc ratio,90,
0.6976798731791751,0.006789400758478042,0.6884573583926059,0.7070259319702518,0.7118053198737329,False,-2.9522610978065567,historical,1900,historical,Xc ratio,90,
0.7570871508346418,0.007143470301806056,0.7465610750916662,0.7677616381064845,0.7595646387863185,True,-0.4573480246521139,historical,1950,historical,Xc ratio,90,
0.8270726961917677,0.004861704497333413,0.8192291432746139,0.8349913457078025,0.8281938295617597,True,-0.27863190921525116,historical,1980,historical,Xc ratio,90,
0.843499591857826,0.004643706730197477,0.8358573129036062,0.8512117444934894,0.8430327297983153,True,0.11922275004585153,historical,1985,historical,Xc ratio,90,
0.863407666126606,0.0034633163709963445,0.8575667226859092,0.8692883926178514,0.8648109768540827,True,-0.4689138762770791,historical,1990,historical,Xc ratio,90,
0.8792352323617539,0.003439547276874068,0.8733279000104615,0.8851825228725283,0.8810140111632547,True,-0.5875930346797762,historical,1995,historical,Xc ratio,90,
0.9090042196949484,0.0034827320865015794,0.9028204593902996,0.9152303349231123,0.9101435409155368,True,-0.3596567335730004,historical,2000,historical,Xc ratio,90,
0.9297251780185463,0.00391324221912917,0.9226216352545065,0.9368834131048474,0.9278461599106248,True,0.5169861129619041,historical,2005,historical,Xc ratio,90,
0.9509482543528129,0.003593842402139982,0.9442734988709316,0.9576701914624708,0.9542293786430015,True,-0.9584260390151638,historical,2010,historical,Xc ratio,90,
0.9797533788495637,0.003443239606822133,0.9731636509098214,0.9863877287953573,0.9765533965649273,True,0.9501097016016677,historical,2015,historical,Xc ratio,90,
1.1387656070804506,0.0027553102469497037,1.1326324963454153,1.144931928099854,1.1374377209220468,True,0.4234570108507235,projection,2050,linear,Xc ratio,90,
1.3625811023715002,0.006016803289936442,1.3466069425228517,1.3787447561064583,1.3591114643447033,True,0.4237498130234194,projection,2100,linear,Xc ratio,90,
1.164852972811477,0.0036394983616935047,1.1565733094559334,1.1731919085233171,1.1631375979171645,True,0.40491734327683243,projection,2050,exponential,Xc ratio,90,
1.4899098910537765,0.009509657006484309,1.4623972731676478,1.517940113941526,1.4841838382187762,True,0.40491734340897184,projection,2100,exponential,Xc ratio,90,
87.20413118315254,,86.98290082765034,87.42536153865474,87.10877515389147,True,0.8447953836903922,contour,2050,linear,Mean,90,0.1128747044574474
98.49358842209342,,97.99158711065984,98.99558973352701,98.42628991075028,True,0.26275361327051,contour,2050,linear,Top 10%,90,0.2561278244872482
104.19053943407603,,103.40512904636343,104.97594982178863,104.16146434350796,True,0.07255586538220037,contour,2050,linear,Top 1%,90,0.4007269490193938
110.44390176866882,,109.31333449269734,111.57446904464031,110.46601224989362,True,-0.038330975787547246,contour,2050,linear,Top 0.01%,90,0.5768306381593138
91.57842105975614,,91.24486727712865,91.91197484238363,91.47088929122432,True,0.6318573030593306,contour,2100,linear,Mean,90,0.17018362850467347
101.46460727993677,,100.8767282234089,102.05248633646464,101.41922136822934,True,0.15131471578092154,contour,2100,linear,Top 10%,90,0.2999438056846934
106.641666380847,,105.78631130868898,107.49702145300502,106.63419065005733,True,0.017129919004154327,contour,2100,linear,Top 1%,90,0.43641366826379485
112.45733221338853,,111.27379227548175,113.6408721512953,112.49874754383671,True,-0.06858455172187586,contour,2100,linear,Top 0.01%,90,0.6038580031278189
87.80311180592231,,87.56118389760675,88.04503971423787,87.70423030490902,True,0.8010823640508946,contour,2050,exponential,Mean,90,0.12343487442823435
98.89989878348666,,98.3924999688767,99.40729759809662,98.83329383458928,True,0.2572794757735892,contour,2050,exponential,Top 10%,90,0.2588817032416218
104.52396602256353,,103.7362441038326,105.31168794129445,104.4959921653633,True,0.06960292879679345,contour,2050,exponential,Top 1%,90,0.40190632325103803
110.71619817680276,,109.58454665259043,111.8478497010151,110.73946122627666,True,-0.040290441150729585,contour,2050,exponential,Top 0.01%,90,0.5773838362024428
93.45947387150066,,93.07537906840929,93.84356867459203,93.32632589185134,True,0.6794292519101341,contour,2100,exponential,Mean,90,0.19597033727204569
102.75711086393824,,102.14937890767148,103.364842820205,102.71190395682973,True,0.14579438989748927,contour,2100,exponential,Top 10%,90,0.3100730222904567
107.71924034589068,,106.85333329267898,108.58514739910238,107.71305648722797,True,0.013997045317324866,contour,2100,exponential,Top 1%,90,0.4417974309945903
113.35230344398447,,112.16523656527653,114.5393703226924,113.39514351075819,True,-0.07073315705950224,contour,2100,exponential,Top 0.01%,90,0.6056574957863508
0.5441605276477415,0.014613589337957289,0.52879571334734,0.5599717856550925,0.5509085391235231,True,-0.8433597985122026,historical,1800,historical,Xc ratio,91,
0.6404349305661954,0.015168660904601283,0.621675029431169,0.6597609375828074,0.6430095965528855,True,-0.2645008845474694,historical,1850,historical,Xc ratio,91,
0.7126126670379135,0.006925257977629432,0.7030055402152724,0.7223510828483454,0.7118053198737329,True,0.16368804469967396,historical,1900,historical,Xc ratio,91,
0.7512313358655441,0.0072633390803268395,0.7406126569255507,0.7620022621933945,0.7595646387863185,True,-1.5188309238338966,historical,1950,historical,Xc ratio,91,
0.8271930847985921,0.004515353172220667,0.8199047822876929,0.8345461745319077,0.8281938295617597,True,-0.2677701317018532,historical,1980,historical,Xc ratio,91,
0.8442003820524502,0.004282625988168036,0.83714399540512,0.8513162478249845,0.8430327297983153,True,0.32319032340404186,historical,1985,historical,Xc ratio,91,
0.8664716634200531,0.003291349184642927,0.8609001091206973,0.8720792755813859,0.8648109768540827,True,0.5828755889027037,historical,1990,historical,Xc ratio,91,
0.8775331103326909,0.0033866188367656772,0.8717276405058579,0.88337724301515,0.8810140111632547,True,-1.1689660110968767,historical,1995,historical,Xc ratio,91,
0.908036625438352,0.0033750966001525225,0.902049725320584,0.9140632605862563,0.9101435409155368,True,-0.6866796546633022,historical,2000,historical,Xc ratio,91,
0.9242826911949742,0.003774683232719038,0.917469855651498,0.9311461166601318,0.9278461599106248,True,-1.019416768458318,historical,2005,historical,Xc ratio,91,
0.954753055674953,0.0034719084607117267,0.9482781923546566,0.9612721294973517,0.9542293786430015,True,0.15802410332243105,historical,2010,historical,Xc ratio,91,
0.9751988431300767,0.0033282326966654883,0.968858113680139,0.9815810697294829,0.9765533965649273,True,-0.4170497239579929,historical,2015,historical,Xc ratio,91,
1.136790359694637,0.0023696496290901894,1.131522860527421,1.1420823802820068,1.1374377209220468,True,-0.24024731203213204,projection,2050,linear,Xc ratio,91,
1.3574199721053415,0.005185296675270999,1.3436943847535148,1.37128576377021,1.3591114643447033,True,-0.24016610607748723,projection,2100,linear,Xc ratio,91,
1.1623596464217734,0.003133347116333789,1.1552431824996823,1.1695199487837027,1.1631375979171645,True,-0.21352965252067166,projection,2050,exponential,Xc ratio,91,
1.481591461185845,0.008187132786896903,1.4580068565078796,1.5055575685812588,1.4841838382187762,True,-0.21352965254514428,projection,2100,exponential,Xc ratio,91,
86.97882488751948,,86.75995039695948,87.19769937807948,87.10877515389147,True,-1.1636707467317622,contour,2050,linear,Mean,91,0.11167271046124086
98.22755001919656,,97.74295391265072,98.7121461257424,98.42628991075028,True,-0.8038096560725164,contour,2050,linear,Top 10%,91,0.2472474547329883
103.8715444264576,,103.1112498032833,104.6318390496319,104.16146434350796,True,-0.7473847354688556,contour,2050,linear,Top 1%,91,0.3879125479709992
110.0650069439198,,108.96761956978668,111.16239431805292,110.46601224989362,True,-0.7162064881045342,contour,2050,linear,Top 0.01%,91,0.5599018057419448
91.2747024945046,,90.9482938220424,91.60111116696679,91.47088929122432,True,-1.1780295324643217,contour,2100,linear,Mean,91,0.16653809714712825
101.16891621145989,,100.58918761562384,101.74864480729593,101.41922136822934,True,-0.8462392504638907,contour,2100,linear,Top 10%,91,0.29578533095958964
106.30088810361738,,105.46179205248585,107.13998415474892,106.63419065005733,True,-0.7785294497535101,contour,2100,linear,Top 1%,91,0.42811809693965897
112.06229731907915,,110.90184030603815,113.22275433212015,112.49874754383671,True,-0.7371464103849554,contour,2100,linear,Top 0.01%,91,0.5920807842361189
87.56360389287899,,87.32400884009216,87.80319894566581,87.70423030490902,True,-1.1503689230978127,contour,2050,exponential,Mean,91,0.12224462014441398
98.62694911218473,,98.13301275109502,99.12088547327444,98.83329383458928,True,-0.8187860950762624,contour,2050,exponential,Top 10%,91,0.252012978292374
104.19971289647806,,103.4344275255681,104.96499826738803,104.4959921653633,True,-0.7587975916623683,contour,2050,exponential,Top 1%,91,0.39045889462584704
110.33328985027701,,109.23238493674536,111.43419476380866,110.73946122627666,True,-0.723115374203003,contour,2050,exponential,Top 0.01%,91,0.5616965016783364
93.10380188884416,,92.73019329683946,93.47741048084886,93.32632589185134,True,-1.1673688478349156,contour,2100,exponential,Mean,91,0.19062013126347246
102.43868361393397,,101.83127135150343,103.04609587636452,102.71190395682973,True,-0.8816121521428484,contour,2100,exponential,Top 10%,91,0.3099099101931215
107.36028920350695,,106.50288869954102,108.21768970747289,107.71305648722797,True,-0.8064039708619964,contour,2100,exponential,Top 1%,91,0.43745727509741206
112.9426325567282,,111.7696025231685,114.1156625902879,113.39514351075819,True,-0.7560805325821023,contour,2100,exponential,Top 0.01%,91,0.5984957084989508
0.5578269042518723,0.014733434991710854,0.5419488936692974,0.5741701085510602,0.5509085391235231,True,0.8470463375723096,historical,1800,historical,Xc ratio,92,
0.6407082247207899,0.01505801195553116,0.6220752116849183,0.6598993522230049,0.6430095965528855,True,-0.23811132194267354,historical,1850,historical,Xc ratio,92,
0.7081777450189077,0.006794454163299257,0.6988095392143691,0.7176715405228871,0.7118053198737329,True,-0.7519857056307845,historical,1900,historical,Xc ratio,92,
0.7537063698528645,0.006976573894371998,0.7434704559701896,0.7640832092184181,0.7595646387863185,True,-1.109794478016462,historical,1950,historical,Xc ratio,92,
0.8273480946129399,0.0045785697914902355,0.8199568255002387,0.8348059902325465,0.8281938295617597,True,-0.22314866313572754,historical,1980,historical,Xc ratio,92,
0.8412309362612115,0.004427049531099083,0.8339632710314493,0.8485619363640149,0.8430327297983153,True,-0.48329324521862654,historical,1985,historical,Xc ratio,92,
0.864052506252303,0.0033532242107993603,0.8583924015465096,0.8697499327997422,0.8648109768540827,True,-0.2616649069290891,historical,1990,historical,Xc ratio,92,
0.8801254956533352,0.003388348433096764,0.8742999116246963,0.885989896372704,0.8810140111632547,True,-0.2977921344586241,historical,1995,historical,Xc ratio,92,
0.9070198139273403,0.003440874204163724,0.9009234617851997,0.9131574187518868,0.9101435409155368,True,-0.9991730868689747,historical,2000,historical,Xc ratio,92,
0.92878601464862,0.0037987725714960898,0.9218964576973098,0.9357270589384367,0.9278461599106248,True,0.266514966242527,historical,2005,historical,Xc ratio,92,
0.9523978946195635,0.003523737699266731,0.9458429164724669,0.9589983007523866,0.9542293786430015,True,-0.5452100966617129,historical,2010,historical,Xc ratio,92,
0.9768077660056764,0.0033727521000204356,0.9703719004821153,0.9832863165709383,0.9765533965649273,True,0.0772196738957063,historical,2015,historical,Xc ratio,92,
1.1383984291348395,0.0024896512607666924,1.1328570006919205,1.1439669637607712,1.1374377209220468,True,0.33911110803004146,projection,2050,linear,Xc ratio,92,
1.3616217019329673,0.005438757130504486,1.3471842171863966,1.376213910111678,1.3591114643447033,True,0.3392808369875356,projection,2100,linear,Xc ratio,92,
1.164498083159574,0.003296158023121177,1.1569992653672954,1.1720455027703367,1.1631375979171645,True,0.3546507233895218,projection,2050,exponential,Xc ratio,92,
1.4887241254711834,0.008612541929810157,1.4638049700740934,1.5140674933271732,1.4841838382187762,True,0.3546507234542826,projection,2100,exponential,Xc ratio,92,
87.07574771848823,,86.85556981887957,87.29592561809689,87.10877515389147,True,-0.2940012780898078,contour,2050,linear,Mean,92,0.11233772729774444
98.21571897350043,,97.73629294765465,98.69514499934621,98.42628991075028,True,-0.8608449081846469,contour,2050,linear,Top 10%,92,0.24460960998643533
103.82017677147063,,103.07723097961116,104.5631225633301,104.16146434350796,True,-0.9003501424916768,contour,2050,linear,Top 1%,92,0.3790609407722571
109.9689537059218,,108.90442264580777,111.03348476603584,110.46601224989362,True,-0.9151605630823906,contour,2050,linear,Top 0.01%,92,0.5431380721844636
91.39518193056068,,91.06790212277346,91.7224617383479,91.47088929122432,True,-0.45338483076167124,contour,2100,linear,Mean,92,0.16698256211275675
101.15943835155056,,100.59498647625543,101.7238902268457,101.41922136822934,True,-0.9020527325192081,contour,2100,linear,Top 10%,92,0.2879909425619414
106.2512857527138,,105.43904792300275,107.06352358242485,106.63419065005733,True,-0.9239655933832751,contour,2100,linear,Top 1%,92,0.4144146709418664
111.96794740766542,,110.84861870026475,113.08727611506609,112.49874754383671,True,-0.9294402466462132,contour,2100,linear,Top 0.01%,92,0.5710965692379151
87.66909178696191,,87.42774941818202,87.91043415574181,87.70423030490902,True,-0.2853631958392101,contour,2050,exponential,Mean,92,0.12313612427757786
98.61936144788639,,98.13197194627851,99.10675094949427,98.83329383458928,True,-0.8602970964312996,contour,2050,exponential,Top 10%,92,0.24867268248414623
104.1517810139798,,103.40485701027539,104.89870501768421,104.4959921653633,True,-0.90322637436044,contour,2050,exponential,Top 1%,92,0.38109067799003854
110.24005794233433,,109.17308168810092,111.30703419656774,110.73946122627666,True,-0.9173704160747365,contour,2050,exponential,Top 0.01%,92,0.5443856431289614
93.25293293006311,,92.87543075940548,93.63043510072075,93.32632589185134,True,-0.3810509528277842,contour,2100,exponential,Mean,92,0.19260668748780047
102.44172070406242,,101.85194248993065,103.03149891819419,102.71190395682973,True,-0.8978789517163775,contour,2100,exponential,Top 10%,92,0.3009127814510303
107.32127980934735,,106.49332128413256,108.14923833456213,107.71305648722797,True,-0.9274234822687126,contour,2100,exponential,Top 1%,92,0.42243558134008347
112.8573804094083,,111.73091202821826,113.98384879059833,113.39514351075819,True,-0.9356643545971964,contour,2100,exponential,Top 0.01%,92,0.574739326883306
0.5394886097539838,0.019184239665839337,0.5195802390868717,0.5601597946946252,0.5509085391235231,True,-1.091892780738487,historical,1800,historical,Xc ratio,93,
0.6518380923956987,0.017534648003840796,0.6298167650623665,0.6746293878918722,0.6430095965528855,True,0.7776921303885349,historical,1850,historical,Xc ratio,93,
0.7065465585181769,0.009793311611075791,0.6931140515114063,0.7202393866713642,0.7118053198737329,True,-0.7571847995360038,historical,1900,historical,Xc ratio,93,
0.7684565565200584,0.008462477743649301,0.7558159389623312,0.7813085816493963,0.7595646387863185,True,1.3753189154709036,historical,1950,historical,Xc ratio,93,
0.8318930592667433,0.004589747371724704,0.8244431250481822,0.839410313495836,0.8281938295617597,True,0.9710071166432225,historical,1980,historical,Xc ratio,93,
0.8484992924481036,0.00439421008182817,0.841222976395445,0.855838546362404,0.8430327297983153,True,1.470905586286063,historical,1985,historical,Xc ratio,93,
0.8672236524540031,0.0033328318087433944,0.8615772098340766,0.8729070996672454,0.8648109768540827,True,0.8359094602225409,historical,1990,historical,Xc ratio,93,
0.8855418878894268,0.003300601135409254,0.8798317543671438,0.8912890803433526,0.8810140111632547,True,1.5531203568608511,historical,1995,historical,Xc ratio,93,
0.9102148835148419,0.0032094449529719467,0.9045072414671124,0.9159585420544818,0.9101435409155368,True,0.02442261060246972,historical,2000,historical,Xc ratio,93,
0.9337476096606319,0.0036533629537863492,0.9270854280344799,0.9404576667712621,0.9278461599106248,True,1.7354512823983161,historical,2005,historical,Xc ratio,93,
0.9492833042835692,0.0032477177046219947,0.9432599180977942,0.9553451540788404,0.9542293786430015,True,-1.6001384706683188,historical,2010,historical,Xc ratio,93,
0.9781740518966245,0.0031998060860970582,0.9720586252537995,0.9843279519833881,0.9765533965649273,True,0.5182160813896319,historical,2015,historical,Xc ratio,93,
1.133272050353117,0.0023520775976543866,1.1280597041587472,1.1385084808692207,1.1374377209220468,True,-1.5599192968061484,projection,2050,linear,Xc ratio,93,
1.3482269702774994,0.0051659017013430735,1.3346450717026712,1.361947083852561,1.3591114643447033,True,-1.5565099304059111,projection,2100,linear,Xc ratio,93,
1.1574118123899737,0.003113268459824899,1.1503709113944032,1.1644958075618126,1.1631375979171645,True,-1.5851069184844064,projection,2050,exponential,Xc ratio,93,
1.4651691504224857,0.008134669202677566,1.4419942310266616,1.4887165240746774,1.4841838382187762,True,-1.585106918250631,projection,2100,exponential,Xc ratio,93,
87.17379073849986,,86.97012030396476,87.37746117303496,87.10877515389147,True,0.6256588225832842,contour,2050,linear,Mean,93,0.10391539647750203
98.68794279979956,,98.15185730801281,99.22402829158631,98.42628991075028,True,0.9566202533819244,contour,2050,linear,Top 10%,93,0.27351803197167923
104.61643875588496,,103.69408441550058,105.53879309626933,104.16146434350796,True,0.9668013941090768,contour,2050,linear,Top 1%,93,0.47059759651698124
111.15292693153937,,109.745308450018,112.56054541306074,110.46601224989362,True,0.9564580560368122,contour,2050,linear,Top 0.01%,93,0.7181858914880715
91.5442095415417,,91.23375639383453,91.85466268924888,91.47088929122432,True,0.4628880429167576,contour,2100,linear,Mean,93,0.1583973737048234
101.71474568378045,,101.00505327130122,102.42443809625968,101.41922136822934,True,0.8161521876957548,contour,2100,linear,Top 10%,93,0.36209461912423513
107.11918839719998,,106.04110213694258,108.19727465745737,106.63419065005733,True,0.8817273274178179,contour,2100,linear,Top 1%,93,0.5500541177089097
113.20989303959678,,111.66988897542952,114.74989710376404,112.49874754383671,True,0.9050752474547881,contour,2100,linear,Top 0.01%,93,0.7857307972568199
87.7516575958672,,87.5294779451532,87.9738372465812,87.70423030490902,True,0.41838116975885203,contour,2050,exponential,Mean,93,0.11335904764910684
99.085920671073,,98.53355203026952,99.63828931187648,98.83329383458928,True,0.8963932136265494,contour,2050,exponential,Top 10%,93,0.28182591372112026
104.94387906648889,,104.00730039294444,105.88045774003334,104.4959921653633,True,0.9372861246468597,contour,2050,exponential,Top 1%,93,0.4778550427110346
111.42058386785408,,109.99925615711786,112.8419115785903,110.73946122627666,True,0.9392456338271119,contour,2050,exponential,Top 0.01%,93,0.7251805247175547
93.3519359248119,,92.98805977362186,93.71581207600194,93.32632589185134,True,0.1379445783446256,contour,2100,exponential,Mean,93,0.185654508991111
102.98407086204176,,102.22421966814906,103.74392205593446,102.71190395682973,True,0.7020286817824237,contour,2100,exponential,Top 10%,93,0.38768630438433177
108.17866913379288,,107.06013321595937,109.29720505162639,107.71305648722797,True,0.815873682251662,contour,2100,exponential,Top 1%,93,0.5706920773322421
114.08940655347995,,112.51479621441784,115.66401689254205,113.39514351075819,True,0.8641697096580123,contour,2100,exponential,Top 0.01%,93,0.8033873844021987
0.5542689960031865,0.015562845881971222,0.5376175876688256,0.5714361415564874,0.5509085391235231,True,0.3907586459317324,historical,1800,historical,Xc ratio,94,
0.6295511582235896,0.0152591830192095,0.6110016557435222,0.648663808182921,0.6430095965528855,True,-1.386216453653367,historical,1850,historical,Xc ratio,94,
0.711666888998103,0.007297683244214016,0.7015602288383166,0.7219191454664979,0.7118053198737329,True,-0.026651948260513165,historical,1900,historical,Xc ratio,94,
0.7571657612920645,0.007518767277309286,0.7460895906654679,0.7684063646587562,0.7595646387863185,True,-0.42071054115634027,historical,1950,historical,Xc ratio,94,
0.8208875420551336,0.004605555030486734,0.8135109616871882,0.8283310101977832,0.8281938295617597,True,-1.924002063738921,historical,1980,historical,Xc ratio,94,
0.8383568336923843,0.0043567607114147824,0.8312285038674778,0.8455462936227387,0.8430327297983153,True,-1.2766266705573681,historical,1985,historical,Xc ratio,94,
0.8654070412256006,0.0032985092729747303,0.8598302660949938,0.871019986775049,0.8648109768540827,True,0.20888374093590323,historical,1990,historical,Xc ratio,94,
0.8795460876860437,0.003361368373725849,0.8737705424970144,0.8853598087125591,0.8810140111632547,True,-0.49609694006404564,historical,1995,historical,Xc ratio,94,
0.9095854235159425,0.003374146496427117,0.9035899944421214,0.9156206329879535,0.9101435409155368,True,-0.1817962535424619,historical,2000,historical,Xc ratio,94,
0.9294883383709183,0.003754920638517748,0.9226728703897443,0.9363541498761007,0.9278461599106248,True,0.4709334860091812,historical,2005,historical,Xc ratio,94,
0.9558991634688501,0.003423743796588099,0.9495061576786886,0.962335213237929,0.9542293786430015,True,0.510654030335641,historical,2010,historical,Xc ratio,94,
0.9772435546199939,0.0033164352605768344,0.9709119801852112,0.9836164189303177,0.9765533965649273,True,0.2130235527009104,historical,2015,historical,Xc ratio,94,
1.1427821521677928,0.0023748218825706325,1.1374753579400698,1.1481137047911845,1.1374377209220468,False,1.9738971358397925,projection,2050,linear,Xc ratio,94,
1.3730759459868132,0.005164440250204594,1.359247614821473,1.3870449599392578,1.3591114643447033,False,1.9793602929670069,projection,2100,linear,Xc ratio,94,
1.170508882800888,0.003180243607577304,1.163235601542176,1.1778276411926918,1.1631375979171645,False,1.9864570590852595,projection,2050,exponential,Xc ratio,94,
1.50888628257005,0.008309668782163871,1.4845106152887444,1.5336621983570178,1.4841838382187762,False,1.986457058828399,projection,2100,exponential,Xc ratio,94,
87.21280510132165,,86.98521896614233,87.44039123650097,87.10877515389147,True,0.895902336564058,contour,2050,linear,Mean,94,0.11611750877796635
98.50974408000602,,98.00038021413707,99.01910794587496,98.42628991075028,True,0.32112047410724615,contour,2050,linear,Top 10%,94,0.2598842988375114
104.2289849407453,,103.42457659223638,105.03339328925424,104.16146434350796,True,0.16451586939038768,contour,2050,linear,Top 1%,94,0.4104199642718035
110.51807373672627,,109.34791616052578,111.68823131292675,110.46601224989362,True,0.0872007678700018,contour,2050,linear,Top 0.01%,94,0.5970301420998348
91.67308418555749,,91.34022012798891,92.00594824312606,91.47088929122432,True,1.1905602354475717,contour,2100,linear,Mean,94,0.16983172149802986
101.56978373005227,,100.94995787845542,102.18960958164911,101.41922136822934,True,0.4760963193773813,contour,2100,linear,Top 10%,94,0.3162434904344985
106.75789832821387,,105.85924968532296,107.65654697110477,106.63419065005733,True,0.26980800084211554,contour,2100,linear,Top 1%,94,0.45850263065002794
112.59785188774629,,111.3506548843563,113.84504889113627,112.49874754383671,True,0.1557419912381658,contour,2100,linear,Top 0.01%,94,0.6363366945656918
87.84757328844282,,87.59920800243775,88.09593857444789,87.70423030490902,True,1.1311849964291203,contour,2050,exponential,Mean,94,0.12671931115272775
98.94348585933187,,98.42287588553572,99.46409583312803,98.83329383458928,True,0.41484491413830993,contour,2050,exponential,Top 10%,94,0.2656222144399964
104.58551983334867,,103.77276064523065,105.39827902146669,104.4959921653633,True,0.21589544287709747,contour,2050,exponential,Top 1%,94,0.41468067501698247
110.8095864944859,,109.63451095721577,111.98466203175603,110.73946122627666,True,0.116965246690111,contour,2050,exponential,Top 0.01%,94,0.5995393520182064
93.6321001642271,,93.25226910280506,94.01193122564914,93.32632589185134,True,1.577823991043998,contour,2100,exponential,Mean,94,0.19379491889550718
102.93626748823507,,102.28461889613936,103.58791608033079,102.71190395682973,True,0.6748183704110549,contour,2100,exponential,Top 10%,94,0.33247988087324515
107.89936567458665,,106.97705367731459,108.82167767185871,107.71305648722797,True,0.3959173233048642,contour,2100,exponential,Top 1%,94,0.47057599249127124
113.54719678257634,,112.28376478671282,114.81062877843985,113.39514351075819,True,0.23588047276842503,contour,2100,exponential,Top 0.01%,94,0.6446200061987537
0.5442367801454201,0.014871784842445243,0.5286022438757492,0.5603337410967865,0.5509085391235231,True,-0.8192960712871926,historical,1800,historical,Xc ratio,95,
0.65276935834865,0.015383283911774506,0.6333816615673489,0.6727505089813833,0.6430095965528855,True,0.9792587232783443,historical,1850,historical,Xc ratio,95,
0.7133300639958656,0.007191791483482302,0.7033457445050155,0.7234561155388026,0.7118053198737329,True,0.2975321626757258,historical,1900,historical,Xc ratio,95,
0.7571514645860586,0.0072205750335815845,0.7465116714311867,0.7679429033249325,0.7595646387863185,True,-0.44069990052513514,historical,1950,historical,Xc ratio,95,
0.8286553260110148,0.004253581242209802,0.8217756548597123,0.8355925918049307,0.8281938295617597,True,0.1309666346502038,historical,1980,historical,Xc ratio,95,
0.8416595348763025,0.00414721649950831,0.8348459231210501,0.848528756060631,0.8430327297983153,True,-0.3930836600248803,historical,1985,historical,Xc ratio,95,
0.8624497764375895,0.0032299586312003873,0.8570071952362002,0.8679269217480065,0.8648109768540827,True,-0.8464635319954632,historical,1990,historical,Xc ratio,95,
0.8778490401850417,0.0033299018574132005,0.8721384246122664,0.8835970479071591,0.8810140111632547,True,-1.0807786004978432,historical,1995,historical,Xc ratio,95,
0.9063694339379506,0.003300124944632449,0.9005258411245236,0.9122509463483616,0.9101435409155368,True,-1.259145563532217,historical,2000,historical,Xc ratio,95,
0.9247712242136171,0.003675812700084904,0.9181326886990693,0.9314577594936895,0.9278461599106248,True,-0.9030822863607919,historical,2005,historical,Xc ratio,95,
0.9527038488385762,0.0033369088117646117,0.9464932863966833,0.9589551628488098,0.9542293786430015,True,-0.47948051181449375,historical,2010,historical,Xc ratio,95,
0.9729318043912051,0.0032283094261660243,0.9667951396280423,0.9791074212062263,0.9765533965649273,True,-1.1508929808240849,historical,2015,historical,Xc ratio,95,
1.1366696172157473,0.0021232145550915474,1.1319492813945826,1.1414096372848115,1.1374377209220468,True,-0.3181595989811306,projection,2050,linear,Xc ratio,95,
1.357104483692759,0.004646630876436301,1.3448011319161346,1.3695203966959821,1.3591114643447033,True,-0.3180319789934356,projection,2100,linear,Xc ratio,95,
1.1623498536748444,0.002822332280759456,1.1559378691385849,1.1687974054736632,1.1631375979171645,True,-0.24004524434765293,projection,2050,exponential,Xc ratio,95,
1.4815588465264162,0.007374481127362077,1.4602988269018484,1.503128383919615,1.4841838382187762,True,-0.24004524413055986,projection,2100,exponential,Xc ratio,95,
86.98874869410909,,86.76671696194825,87.21078042626993,87.10877515389147,True,-1.059522150621622,contour,2050,linear,Mean,95,0.1132835776127576
98.17342138717021,,97.69026379181786,98.65657898252256,98.42628991075028,True,-1.0257795878781861,contour,2050,linear,Top 10%,95,0.24651350696413477
103.80709554595359,,103.04548694364222,104.56870414826496,104.16146434350796,True,-0.9119514647595363,contour,2050,linear,Top 1%,95,0.3885829578088479
109.99625268765001,,108.88914748508746,111.10335789021256,110.46601224989362,True,-0.8316389637223608,contour,2050,linear,Top 0.01%,95,0.5648599725787222
91.27047309257463,,90.94644887164182,91.59449731350745,91.47088929122432,True,-1.2122813848328051,contour,2100,linear,Mean,95,0.16532151788945598
101.12316527591405,,100.53079149577574,101.71553905605235,101.41922136822934,True,-0.979549226851603,contour,2100,linear,Top 10%,95,0.3022370741558943
106.24642773448362,,105.39042810769824,107.102427361269,106.63419065005733,True,-0.8878524304021245,contour,2100,linear,Top 1%,95,0.4367425287083935
112.0035579880541,,110.82204110470276,113.18507487140543,112.49874754383671,True,-0.8214471655295688,contour,2100,linear,Top 0.01%,95,0.6028258134695474
87.57576514336176,,87.33226779915438,87.81926248756915,87.70423030490902,True,-1.034044501472222,contour,2050,exponential,Mean,95,0.12423562174002344
98.57609857609326,,98.07865758306474,99.07353956912178,98.83329383458928,True,-1.0133733462086683,contour,2050,exponential,Top 10%,95,0.25380108866911677
104.13838927050595,,103.36695134022416,104.90982720078775,104.4959921653633,True,-0.9085485262976717,contour,2050,exponential,Top 1%,95,0.39359801321188637
110.26735374073057,,109.15351674500215,111.38119073645899,110.73946122627666,True,-0.8307442400016062,contour,2050,exponential,Top 0.01%,95,0.5682946240411815
93.09454330080109,,92.72001482666523,93.46907177493695,93.32632589185134,True,-1.212953252085869,contour,2100,exponential,Mean,95,0.19108946750557798
102.39973661429065,,101.77039454349044,103.02907868509085,102.71190395682973,True,-0.9721847257854906,contour,2100,exponential,Top 10%,95,0.3210987935310995
107.31269105197399,,106.42974890503807,108.1956331989099,107.71305648722797,True,-0.8887352772496558,contour,2100,exponential,Top 1%,95,0.4504889650526622
112.89025352551056,,111.68711253342943,114.09339451759169,113.39514351075819,True,-0.8224856386354037,contour,2100,exponential,Top 0.01%,95,0.6138587247374908
0.5653719751505004,0.019944011540007394,0.543698210763026,0.5879097336682192,0.5509085391235231,True,1.299391192852671,historical,1800,historical,Xc ratio,96,
0.6628859941128913,0.018027437079686476,0.6398731114959492,0.6867265295204047,0.6430095965528855,True,1.688724354090889,historical,1850,historical,Xc ratio,96,
0.7294425409330615,0.010070178546096169,0.7151865463090579,0.7439827039097395,0.7118053198737329,False,2.430557995483382,historical,1900,historical,Xc ratio,96,
0.7685117760926276,0.008449093382582326,0.7558900791111467,0.7813442275728042,0.7595646387863185,True,1.3860020676991989,historical,1950,historical,Xc ratio,96,
0.8265713612509267,0.005632620767489488,0.8174964180670391,0.8357470444404836,0.8281938295617597,True,-0.348144444458704,historical,1980,historical,Xc ratio,96,
0.8503493286228924,0.005364433321742431,0.8414555112131537,0.8593371497999884,0.8430327297983153,True,1.6108797999346858,historical,1985,historical,Xc ratio,96,
0.8702455820686796,0.004330883200132198,0.8628898743142429,0.8776639935796202,0.8648109768540827,True,1.4464695957041627,historical,1990,historical,Xc ratio,96,
0.8834884508932687,0.004156566925748506,0.876320155258563,0.8907153831598014,0.8810140111632547,True,0.6747612192045774,historical,1995,historical,Xc ratio,96,
0.9129477795366869,0.003581868695690521,0.9065610263277717,0.919379527638794,0.9101435409155368,True,0.8588695774820391,historical,2000,historical,Xc ratio,96,
0.9310045622711199,0.003723863692265366,0.924234233470895,0.9378244860229309,0.9278461599106248,True,0.9125561134996428,historical,2005,historical,Xc ratio,96,
0.957964930071744,0.0030606088753162295,0.9522356033600133,0.9637287284882229,0.9542293786430015,True,1.2765722908563895,historical,2010,historical,Xc ratio,96,
0.9810302893494403,0.002941501524536436,0.9753906896149097,0.9867024966180639,0.9765533965649273,True,1.5549557394453948,historical,2015,historical,Xc ratio,96,
1.1369999431067153,0.0033152514280809617,1.1296359258893256,1.14441196583485,1.1374377209220468,True,-0.11611631405581395,projection,2050,linear,Xc ratio,96,
1.3579675932788366,0.007252885694239505,1.3388001073545128,1.377409498449649,1.3591114643447033,True,-0.11608977993204397,projection,2100,linear,Xc ratio,96,
1.1621756901964002,0.00444606303745108,1.1520923453519127,1.1723472865110611,1.1631375979171645,True,-0.18608284687650703,projection,2050,exponential,Xc ratio,96,
1.48097887058896,0.01161713246624178,1.4476392221672822,1.5150863430235966,1.4841838382187762,True,-0.18608284665944516,projection,2100,exponential,Xc ratio,96,
87.17579629319074,,87.01116664865094,87.34042593773054,87.10877515389147,True,0.7979062312659576,contour,2050,linear,Mean,96,0.08399626005293319
98.70861211341933,,98.18550090995988,99.23172331687879,98.42628991075028,True,1.0577891385387528,contour,2050,linear,Top 10%,96,0.26689837547306894
104.7210514394556,,103.7742309347414,105.66787194416979,104.16146434350796,True,1.158372203400637,contour,2050,linear,Top 1%,96,0.48308056279739164
111.37467592415094,,109.89472011996143,112.85463172834044,110.46601224989362,True,1.203379229678729,contour,2050,linear,Top 0.01%,96,0.7550933669512492
91.66685202645056,,91.40265731294006,91.93104673996105,91.47088929122432,True,1.4537758846568036,contour,2100,linear,Mean,96,0.1347956980814089
101.87722074095309,,101.18969059446985,102.56475088743633,101.41922136822934,True,1.30563333123944,contour,2100,linear,Top 10%,96,0.35078713277713913
107.35015945478374,,106.25258231606324,108.44773659350423,106.63419065005733,True,1.2785188592336865,contour,2100,linear,Top 1%,96,0.5599986261880687
113.54040201838077,,111.9293128564515,115.15149118031005,112.49874754383671,True,1.2672205255210578,contour,2100,linear,Top 0.01%,96,0.8219993707218017
87.78043581338218,,87.59737628954382,87.96349533722055,87.70423030490902,True,0.81590975929143,contour,2050,exponential,Mean,96,0.09339943248055482
99.13303666693983,,98.60609773566837,99.65997559821129,98.83329383458928,True,1.1149017868418574,contour,2050,exponential,Top 10%,96,0.26885133371219794
105.07153585644399,,104.12085942449835,106.02221228838962,104.4959921653633,True,1.1865708122570404,contour,2050,exponential,Top 1%,96,0.4850479087597894
111.66186178671128,,110.17793300280263,113.14579057061994,110.73946122627666,True,1.218300970623041,contour,2050,exponential,Top 0.01%,96,0.7571204346680505
93.55460660624783,,93.24631716586458,93.86289604663108,93.32632589185134,True,1.45130491017137,contour,2100,exponential,Mean,96,0.15729342111130518
103.22468096076257,,102.51937781416957,103.92998410735557,102.71190395682973,True,1.4249538863728464,contour,2100,exponential,Top 10%,96,0.35985515660306006
108.47839377107782,,107.36702053979607,109.58976700235957,107.71305648722797,True,1.349711753126697,contour,2100,exponential,Top 1%,96,0.567037578265797
114.47891053524488,,112.85754070102998,116.10028036945978,113.39514351075819,True,1.3100924235799256,contour,2100,exponential,Top 0.01%,96,0.8272447080681647
0.5599346338040013,0.01656786554862769,0.5420442454558899,0.5784155016156057,0.5509085391235231,True,0.980889592871309,historical,1800,historical,Xc ratio,97,
0.6389104856053468,0.015840321343497107,0.6193793325550446,0.6590575228471681,0.6430095965528855,True,-0.4037348234348861,historical,1850,historical,Xc ratio,97,
0.7131472681706238,0.00807386406706792,0.7019509034837579,0.7245222188263646,0.7118053198737329,True,0.23328352004194894,historical,1900,historical,Xc ratio,97,
0.7663488513806955,0.007595761988438753,0.7550243993095587,0.777843156525228,0.7595646387863185,True,1.170660718257578,historical,1950,historical,Xc ratio,97,
0.8287044153649468,0.0043159609518636415,0.8217238649314081,0.8357442656270954,0.8281938295617597,True,0.1427990768228199,historical,1980,historical,Xc ratio,97,
0.8455038753772686,0.004222825913012053,0.838534868821379,0.8525308008750911,0.8430327297983153,True,0.6931304509974987,historical,1985,historical,Xc ratio,97,
0.8689006813430583,0.0032373505345814385,0.8634048820354996,0.8744314628596099,0.8648109768540827,True,1.4573240540054522,historical,1990,historical,Xc ratio,97,
0.8816031494755033,0.0032990692509197125,0.8759210435426799,0.8873221152692353,0.8810140111632547,True,0.202627250820889,historical,1995,historical,Xc ratio,97,
0.9085873357736174,0.00326435292881829,0.902792737848083,0.9144191264718791,0.9101435409155368,True,-0.5242415039941482,historical,2000,historical,Xc ratio,97,
0.9235199578999731,0.0036445753542266087,0.916946542172389,0.930140497197297,0.9278461599106248,True,-1.282325668223561,historical,2005,historical,Xc ratio,97,
0.9526575555457315,0.0032958278105748575,0.9465235033167638,0.9588313601914282,0.9542293786430015,True,-0.5002007092804659,historical,2010,historical,Xc ratio,97,
0.9771569197688126,0.003218723242864681,0.9710118492925496,0.9833408794627362,0.9765533965649273,True,0.1919464904314806,historical,2015,historical,Xc ratio,97,
1.1349055849122918,0.0021427243797377655,1.130149358621352,1.1396818277509189,1.1374377209220468,True,-1.0401044359270226,projection,2050,linear,Xc ratio,97,
1.3524952379966335,0.004698006622059266,1.3400987255925145,1.3650064236832882,1.3591114643447033,True,-1.0387257279460311,projection,2100,linear,Xc ratio,97,
1.1597569326933117,0.0028438176134727563,1.1533106842543033,1.1662392114227744,1.1631375979171645,True,-1.0235315573142516,projection,2050,exponential,Xc ratio,97,
1.4729387325936296,0.007430620214596036,1.4516426756822123,1.4945472093915466,1.4841838382187762,True,-1.0235315574867276,projection,2100,exponential,Xc ratio,97,
87.07264486759053,,86.85091909845889,87.29437063672216,87.10877515389147,True,-0.3193767696840378,contour,2050,linear,Mean,97,0.11312747115793557
98.4097548800356,,97.897149985719,98.92235977435222,98.42628991075028,True,-0.06322230833795928,contour,2050,linear,Top 10%,97,0.26153791516578195
104.19371709821316,,103.3578331183327,105.0296010780936,104.16146434350796,True,0.07562561210161216,contour,2050,linear,Top 1%,97,0.42647925496275174
110.55987307559634,,109.32077975723756,111.79896639395513,110.46601224989362,True,0.1484664917572013,contour,2050,linear,Top 0.01%,97,0.6322020854120918
91.4051924876202,,91.08011110624413,91.73027386899626,91.47088929122432,True,-0.3960957973613679,contour,2100,linear,Mean,97,0.16586089537372578
101.40220138310457,,100.75148615769615,102.05291660851299,101.41922136822934,True,-0.0512644495770477,contour,2100,linear,Top 10%,97,0.33200366462914527
106.66823581277686,,105.7107706208014,107.62570100475232,106.63419065005733,True,0.06969161212053543,contour,2100,linear,Top 1%,97,0.4885116254828375
112.59480026823552,,111.2530365454633,113.93656399100773,112.49874754383671,True,0.14030777345033255,contour,2100,linear,Top 0.01%,97,0.6845859073717264
87.6553690096987,,87.41283525126066,87.89790276813675,87.70423030490902,True,-0.39485793428075955,contour,2050,exponential,Mean,97,0.12374398731360693
98.81011727539791,,98.28241313118536,99.33782141961046,98.83329383458928,True,-0.08608085003468995,contour,2050,exponential,Top 10%,97,0.269241755652157
104.52312236517815,,103.67555552751912,105.37068920283718,104.4959921653633,True,0.06273748826386857,contour,2050,exponential,Top 1%,97,0.4324400062167207
110.8292728615872,,109.58095843649005,112.07758728668435,110.73946122627666,True,0.14101220578909726,contour,2050,exponential,Top 0.01%,97,0.6369068181577471
93.2212927063126,,92.84213111361379,93.6004542990114,93.32632589185134,True,-0.5429380633522427,contour,2100,exponential,Mean,97,0.19345334694392488
102.67546395723949,,101.97868651206642,103.37224140241256,102.71190395682973,True,-0.10250200733146533,contour,2100,exponential,Top 10%,97,0.35550522900888637
107.73135441668856,,106.73872768227534,108.72398115110178,107.71305648722797,True,0.03612967643431902,contour,2100,exponential,Top 1%,97,0.5064515176008123
113.47804622792894,,112.1098620290444,114.84623042681349,113.39514351075819,True,0.11876057332605834,contour,2100,exponential,Top 0.01%,97,0.6980659898225943
0.5368084077949784,0.015205979394687947,0.5210458680588632,0.5530477916520503,0.5509085391235231,True,-1.7050895347413497,historical,1800,historical,Xc ratio,98,
0.6522620910587162,0.01626030611941223,0.6318025010269833,0.6733842217160184,0.6430095965528855,True,0.8786312151782352,historical,1850,historical,Xc ratio,98,
0.7131931749027413,0.0072759485364578365,0.7030947900280375,0.7234366005010059,0.7118053198737329,True,0.26771346320430234,historical,1900,historical,Xc ratio,98,
0.7600810260855364,0.007582763231432928,0.748868273355658,0.7714616665845389,0.7595646387863185,True,0.0896263547682893,historical,1950,historical,Xc ratio,98,
0.8337533579945339,0.004642266967370228,0.8262017133555442,0.8413740261369026,0.8281938295617597,True,1.4411933189464297,historical,1980,historical,Xc ratio,98,
0.8467637034773666,0.004477709621929184,0.8393648925705255,0.8542277332220692,0.8430327297983153,True,0.9861944888553392,historical,1985,historical,Xc ratio,98,
0.8688277938232498,0.0033635478025358986,0.8631189434731442,0.8745744037110951,0.8648109768540827,True,1.3777061617460926,historical,1990,historical,Xc ratio,98,
0.8833968577154894,0.0034204602554293055,0.8774943909239599,0.8893390274550781,0.8810140111632547,True,0.7896634972724701,historical,1995,historical,Xc ratio,98,
0.9143993607572859,0.0034463545071264567,0.908243652792245,0.9205967896200554,0.9101435409155368,True,1.3536300589146146,historical,2000,historical,Xc ratio,98,
0.9322631232164709,0.0038593914541783757,0.9252378389358211,0.9393417501266014,0.9278461599106248,True,1.2305444677316166,historical,2005,historical,Xc ratio,98,
0.9619766447808555,0.003507644262967036,0.9553858747204131,0.968612881548666,0.9542293786430015,False,2.305276879170338,historical,2010,historical,Xc ratio,98,
0.9840564111478394,0.0033812217957398735,0.97755655881692,0.9905994815206639,0.9765533965649273,False,2.263617671311932,historical,2015,historical,Xc ratio,98,
1.1373797180846759,0.00249544514908929,1.1318303955363995,1.1429562487560652,1.1374377209220468,True,-0.020435471255918825,projection,2050,linear,Xc ratio,98,
1.3589599085438306,0.0054572039991755686,1.3445020355863933,1.3735732517682675,1.3591114643447033,True,-0.020434852849132604,projection,2100,linear,Xc ratio,98,
1.1622584258457012,0.003279848157943392,1.1548109453498252,1.169753935818575,1.1631375979171645,True,-0.23054368784346918,projection,2050,exponential,Xc ratio,98,
1.4812543683116877,0.008569925839404907,1.4565819035631613,1.5063447501819898,1.4841838382187762,True,-0.2305436876454685,projection,2100,exponential,Xc ratio,98,
87.10527224931602,,86.87354408409675,87.33700041453528,87.10877515389147,True,-0.029627675179997284,contour,2050,linear,Mean,98,0.11823082824333389
98.54132512713036,,98.0175101845615,99.06514006969923,98.42628991075028,True,0.43042850200685373,contour,2050,linear,Top 10%,98,0.26725743263685464
104.34582359598836,,103.51686370913681,105.17478348283991,104.16146434350796,True,0.43589261773654137,contour,2050,linear,Top 1%,98,0.4229464895224128
110.72295450853971,,109.5196270970633,111.92628192001612,110.46601224989362,True,0.41850419781829634,contour,2050,linear,Top 0.01%,98,0.6139538384215905
91.52105051198177,,91.1741877290049,91.86791329495864,91.47088929122432,True,0.283438267032847,contour,2100,linear,Mean,98,0.17697405958113716
101.55348816069113,,100.92383423940917,102.18314208197309,101.41922136822934,True,0.4179408221726428,contour,2100,linear,Top 10%,98,0.3212579038434399
106.83108733392714,,105.91321021564495,107.74896445220934,106.63419065005733,True,0.42043798823792083,contour,2100,linear,Top 1%,98,0.46831325755080894
112.76349567882464,,111.48818837819545,114.03880297945383,112.49874754383671,True,0.40687982362718633,contour,2100,linear,Top 0.01%,98,0.6506789464952868
87.68863362928485,,87.43548592121817,87.94178133735153,87.70423030490902,True,-0.12075528052526817,contour,2050,exponential,Mean,98,0.12915936724525398
98.93829845083219,,98.40502060831939,99.471576293345,98.83329383458928,True,0.38592502751809227,contour,2050,exponential,Top 10%,98,0.2720855315297884
104.67164451807757,,103.83589509480545,105.50739394134969,104.4959921653633,True,0.411932423203819,contour,2050,exponential,Top 1%,98,0.4264106023704659
110.98894152721194,,109.78147799190359,112.19640506252028,110.73946122627666,True,0.40495831997151877,contour,2050,exponential,Top 0.01%,98,0.6160641444601541
93.36510359530895,,92.97006803227062,93.76013915834729,93.32632589185134,True,0.19239508867386446,contour,2100,exponential,Mean,98,0.20155246022597387
102.82844647874867,,102.16873672972324,103.48815622777411,102.71190395682973,True,0.3462418828371547,contour,2100,exponential,Top 10%,98,0.33659279161717415
107.89374996737699,,106.95400081469639,108.8334991200576,107.71305648722797,True,0.3768587737728299,contour,2100,exponential,Top 1%,98,0.479472663831197
113.64538189590864,,112.35549600781997,114.93526778399732,113.39514351075819,True,0.38023380748128793,contour,2100,exponential,Top 0.01%,98,0.6581171380000659
0.5495051897136349,0.014627635302833017,0.5339747642343307,0.5654873109128934,0.5509085391235231,True,-0.17436765361074535,historical,1800,historical,Xc ratio,99,
0.6405077705148341,0.01487027832052769,0.6221094508565038,0.6594502036981784,0.6430095965528855,True,-0.26216022876269174,historical,1850,historical,Xc ratio,99,
0.7149155230419123,0.00692394838891073,0.7052791604101818,0.724683549119811,0.7118053198737329,True,0.6296897372489484,historical,1900,historical,Xc ratio,99,
0.7606070340470827,0.007090203439749611,0.7501103282841713,0.7712506259782265,0.7595646387863185,True,0.19342435609406963,historical,1950,historical,Xc ratio,99,
0.828488771354147,0.004459184746404256,0.8212794608110485,0.8357613662736203,0.8281938295617597,True,0.07984937818673792,historical,1980,historical,Xc ratio,99,
0.8457890067201459,0.0042383962460652595,0.83879205193653,0.8528443280275396,0.8430327297983153,True,0.7701367780151255,historical,1985,historical,Xc ratio,99,
0.8661747681568898,0.0032768283571985805,0.8606296163700676,0.8717556480987207,0.8648109768540827,True,0.48087346982565327,historical,1990,historical,Xc ratio,99,
0.884011743148933,0.0033516242428996935,0.8782236464866414,0.8898379873413055,0.8810140111632547,True,1.0134838796391439,historical,1995,historical,Xc ratio,99,
0.9111963830353029,0.0033813354571163353,0.9051775813685199,0.9172552055490996,0.9101435409155368,True,0.34191175238811244,historical,2000,historical,Xc ratio,99,
0.926662751900543,0.0037486130459590955,0.919879374596533,0.9334961512062625,0.9278461599106248,True,-0.3404591591427776,historical,2005,historical,Xc ratio,99,
0.9536013532542584,0.0034265941860277447,0.947218423301205,0.9600272952452783,0.9542293786430015,True,-0.19213420974368206,historical,2010,historical,Xc ratio,99,
0.9793388964972481,0.0033059159036452125,0.9730138072780705,0.9857051020431739,0.9765533965649273,True,0.8615821729708826,historical,2015,historical,Xc ratio,99,
1.1364778253793184,0.0023215867699449616,1.1313183412242522,1.1416608398492187,1.1374377209220468,True,-0.36365933937240225,projection,2050,linear,Xc ratio,99,
1.3566033501846704,0.0050817854658697665,1.3431584901203526,1.3701827917324683,1.3591114643447033,True,-0.36347699674246337,projection,2100,linear,Xc ratio,99,
1.1617098883705388,0.003064752316511293,1.1547526409087563,1.1687090524216668,1.1631375979171645,True,-0.4007560284589172,projection,2050,exponential,Xc ratio,99,
1.4794284083262652,0.008007901217089273,1.4563897575982705,1.5028315078047387,1.4841838382187762,True,-0.40075602830973606,projection,2100,exponential,Xc ratio,99,
86.91507894552413,,86.69841991773878,87.13173797330948,87.10877515389147,True,-1.7522352805812744,contour,2050,linear,Mean,99,0.1105423515403061
98.15474390351787,,97.67655923770285,98.63292856933289,98.42628991075028,True,-1.1130018011222718,contour,2050,linear,Top 10%,99,0.24397625139385098
103.7846203165935,,103.03347587979509,104.53576475339192,104.16146434350796,True,-0.983300526979169,contour,2050,linear,Top 1%,99,0.3832439997486528
109.96088625364575,,108.8750613197728,111.04671118751871,110.46601224989362,True,-0.9117756734222704,contour,2050,linear,Top 0.01%,99,0.5540024931263227
91.19745109628516,,90.87392640676515,91.52097578580518,91.47088929122432,True,-1.6565320404865918,contour,2100,linear,Mean,99,0.16506665024048697
101.09011430402916,,100.51601780042742,101.6642108076309,101.41922136822934,True,-1.1235706694662786,contour,2100,linear,Top 10%,99,0.29291176171101035
106.20929309131357,,105.37841609796358,107.04017008466356,106.63419065005733,True,-1.0022950676478222,contour,2100,linear,Top 1%,99,0.4239246230562739
111.95456353190372,,110.80562105758356,113.10350600622387,112.49874754383671,True,-0.9283154624275467,contour,2100,linear,Top 0.01%,99,0.5862059116304665
87.49167947149786,,87.25433803843167,87.72902090456405,87.70423030490902,True,-1.7552433765479798,contour,2050,exponential,Mean,99,0.1210947930361537
98.54897021577071,,98.06191818705517,99.03602224448625,98.83329383458928,True,-1.1441571330851883,contour,2050,exponential,Top 10%,99,0.24850049927312412
104.10857694201295,,103.35121708938689,104.865936794639,104.4959921653633,True,-1.0025879800683501,contour,2050,exponential,Top 1%,99,0.38641518854429896
110.22576789406672,,109.13555409432685,111.31598169380659,110.73946122627666,True,-0.9235073253246809,contour,2050,exponential,Top 0.01%,99,0.5562417515522559
93.00705828756634,,92.63660293680702,93.37751363832565,93.32632589185134,True,-1.6891455462753457,contour,2100,exponential,Mean,99,0.1890113051471522
102.34778113683817,,101.74485142514878,102.95071084852755,102.71190395682973,True,-1.1836663533016907,contour,2100,exponential,Top 10%,99,0.30762285248363186
107.25863248657372,,106.40849041307249,108.10877456007495,107.71305648722797,True,-1.0476539189795013,contour,2100,exponential,Top 1%,99,0.4337539261981685
112.8265574386655,,111.66501361650555,113.98810126082546,113.39514351075819,True,-0.9594198704792928,contour,2100,exponential,Top 0.01%,99,0.5926352888737229
0.5539823065674118,0.014977090696777377,0.5379567627381215,0.5704852457429698,0.5509085391235231,True,0.3714969797833762,historical,1800,historical,Xc ratio,100,
0.6353304676742665,0.015376833949058925,0.6164685110407913,0.6547695396050706,0.6430095965528855,True,-0.7813288330983422,historical,1850,historical,Xc ratio,100,
0.7065659890568879,0.006865069712200023,0.697122613351797,0.7161372867989341,0.7118053198737329,True,-1.0761502296978758,historical,1900,historical,Xc ratio,100,
0.7509077275951025,0.007184631009196104,0.7404078330618558,0.7615565235584616,0.7595646387863185,True,-1.595439941475579,historical,1950,historical,Xc ratio,100,
0.8214487331689653,0.004816460928705772,0.8137306701568238,0.8292400003736535,0.8281938295617597,True,-1.697863145155702,historical,1980,historical,Xc ratio,100,
0.8435223134010134,0.004476319615664774,0.8361541029390478,0.8509554527142767,0.8430327297983153,True,0.12969859273459264,historical,1985,historical,Xc ratio,100,
0.8633519204887242,0.0033898302495383955,0.8576348705516736,0.8691070806532212,0.8648109768540827,True,-0.49812637870044535,historical,1990,historical,Xc ratio,100,
0.8829979963765481,0.003405224350922043,0.8771243867430217,0.8889109382765676,0.8810140111632547,True,0.6605737967874281,historical,1995,historical,Xc ratio,100,
0.910285539134313,0.003392661254985334,0.9042526809761242,0.9163586464156976,0.9101435409155368,True,0.04598314058670924,historical,2000,historical,Xc ratio,100,
0.9252120117026953,0.0038308736148816064,0.918291188179173,0.9321849949320498,0.9278461599106248,True,-0.7421362020342022,historical,2005,historical,Xc ratio,100,
0.9502012202676399,0.0035544690476375785,0.9436045237451504,0.9568440339969833,0.9542293786430015,True,-1.1901379210408547,historical,2010,historical,Xc ratio,100,
0.9784557513089085,0.0033778362474833905,0.9719993419767542,0.9849550467004088,0.9765533965649273,True,0.5761482576000968,historical,2015,historical,Xc ratio,100,
1.139690473409353,0.0026310913403210625,1.1338283950288384,1.1455828596945647,1.1374377209220468,True,0.7520041017991576,projection,2050,linear,Xc ratio,100,
1.3649976885857287,0.0057400311893788854,1.3497271769653325,1.3804409673616866,1.3591114643447033,True,0.7528851252127574,projection,2100,linear,Xc ratio,100,
1.1663957847145034,0.0034946684473329778,1.158433943231909,1.174412347418074,1.1631375979171645,True,0.8004447144112452,projection,2050,exponential,Xc ratio,100,
1.4950715458166648,0.009131230460201286,1.468552438043235,1.522069535418813,1.4841838382187762,True,0.8004447143199978,projection,2100,exponential,Xc ratio,100,
87.15962932738528,,86.94302542124247,87.37623323352808,87.10877515389147,True,0.46015951552456535,contour,2050,linear,Mean,100,0.11051422773650908
98.41134116098169,,97.92092521359763,98.90175710836576,98.42628991075028,True,-0.059743185996756605,contour,2050,linear,Top 10%,100,0.2502168158458114
104.06605457755417,,103.2966036074157,104.83550554769263,104.16146434350796,True,-0.2430300464877799,contour,2050,linear,Top 1%,100,0.39258423940838433
110.27300030544082,,109.16360031342559,111.38240029745604,110.46601224989362,True,-0.3409919437860787,contour,2050,linear,Top 0.01%,100,0.5660308050382916
91.51910816826168,,91.19476707993564,91.84344925658772,91.47088929122432,True,0.29138233103905226,contour,2100,linear,Mean,100,0.16548318789753363
101.38311607402484,,100.80589912145076,101.96033302659892,101.41922136822934,True,-0.12259701655759231,contour,2100,linear,Top 10%,100,0.2945038567683441
106.51943535798789,,105.67826944184168,107.3606012741341,106.63419065005733,True,-0.267386297012526,contour,2100,linear,Top 1%,100,0.42917416992416313
112.28960469090009,,111.1248959582965,113.45431342350368,112.49874754383671,True,-0.3519441796091042,contour,2100,linear,Top 0.01%,100,0.5942500687720208
87.76724498678215,,87.53074281072958,88.00374716283471,87.70423030490902,True,0.5222214401152954,contour,2050,exponential,Mean,100,0.12066659281398968
98.82478291494515,,98.3282981110829,99.32126771880739,98.83329383458928,True,-0.033598401900841526,contour,2050,exponential,Top 10%,100,0.2533132280891253
104.40555408123117,,103.63348408668438,105.17762407577797,104.4959921653633,True,-0.22958460888487908,contour,2050,exponential,Top 1%,100,0.3939205009055279
110.55044724481516,,109.43998452337803,111.66090996625229,110.73946122627666,True,-0.33360921450799463,contour,2050,exponential,Top 0.01%,100,0.5665730238904123
93.4141551304128,,93.04327859814707,93.78503166267852,93.32632589185134,True,0.4641494659108899,contour,2100,exponential,Mean,100,0.18922619761953205
102.69185159813482,,102.0929765873455,103.29072660892413,102.71190395682973,True,-0.06562621605350552,contour,2100,exponential,Top 10%,100,0.3055540895206102
107.61134681511719,,106.7594646365361,108.46322899369828,107.71305648722797,True,-0.23400805795532656,contour,2100,exponential,Top 1%,100,0.434641751226375
113.1971472709815,,112.02631976882829,114.36797477313472,113.39514351075819,True,-0.33144549331389644,contour,2100,exponential,Top 0.01%,100,0.5973719473360662
