grid,scenario,age,mortality
production,homogeneous,20.5,7.564804304227901e-09
production,homogeneous,21.5,1.0148628812372358e-08
production,homogeneous,22.5,1.360819379263295e-08
production,homogeneous,23.5,1.8237738810859512e-08
production,homogeneous,24.5,2.442938759469952e-08
production,homogeneous,25.5,3.270534076730741e-08
production,homogeneous,26.5,4.3760516199485386e-08
production,homogeneous,27.5,5.8518974587501994e-08
production,homogeneous,28.5,7.820851406583838e-08
production,homogeneous,29.5,1.0445918422998183e-07
production,homogeneous,30.5,1.394332521096376e-07
production,homogeneous,31.5,1.859964728472619e-07
production,homogeneous,32.5,2.479435331401255e-07
production,homogeneous,33.5,3.3029444670542906e-07
production,homogeneous,34.5,4.396837441391384e-07
production,homogeneous,35.5,5.848708398417746e-07
production,homogeneous,36.5,7.774083880123398e-07
production,homogeneous,37.5,1.032516277369487e-06
production,homogeneous,38.5,1.370222812361871e-06
production,homogeneous,39.5,1.8168524019645583e-06
production,homogeneous,40.5,2.4069617386982015e-06
production,homogeneous,41.5,3.1858552518448936e-06
production,homogeneous,42.5,4.212847096543279e-06
production,homogeneous,43.5,5.565482966591263e-06
production,homogeneous,44.5,7.344992854551602e-06
production,homogeneous,45.5,9.683318232659566e-06
production,homogeneous,46.5,1.275214718836313e-05
production,homogeneous,47.5,1.677450254460319e-05
production,homogeneous,48.5,2.203956519527001e-05
production,homogeneous,49.5,2.892158257655829e-05
production,homogeneous,50.5,3.79039155931188e-05
production,homogeneous,51.5,4.9609521899249036e-05
production,homogeneous,52.5,6.483946463252163e-05
production,homogeneous,53.5,8.462137842114894e-05
production,homogeneous,54.5,0.00011027022243023551
production,homogeneous,55.5,0.0001434641048393498
production,homogeneous,56.5,0.00018633847234442543
production,homogeneous,57.5,0.0002416025145703066
production,homogeneous,58.5,0.0003126822215753582
production,homogeneous,59.5,0.00040389512751431457
production,homogeneous,60.5,0.0005206623361669837
production,homogeneous,61.5,0.0006697638989226308
production,homogeneous,62.5,0.0008596439276307183
production,homogeneous,63.5,0.0011007718761714093
production,homogeneous,64.5,0.0014060660957174757
production,homogeneous,65.5,0.0017913849193158385
production,homogeneous,66.5,0.002276089007989031
production,homogeneous,67.5,0.002883676338707339
production,homogeneous,68.5,0.0036424878994612948
production,homogeneous,69.5,0.0045864777909559
production,homogeneous,70.5,0.0057560360142088806
production,homogeneous,71.5,0.007198845867781241
production,homogeneous,72.5,0.008970750868792681
production,homogeneous,73.5,0.011136598919987703
production,homogeneous,74.5,0.0137710247392959
production,homogeneous,75.5,0.01695912618601057
production,homogeneous,76.5,0.02079698699290015
production,homogeneous,77.5,0.025391998458684114
production,homogeneous,78.5,0.030862936603421074
production,homogeneous,79.5,0.03733975952361143
production,homogeneous,80.5,0.04496310208466587
production,homogeneous,81.5,0.05388346094691814
production,homogeneous,82.5,0.06426008094997246
production,homogeneous,83.5,0.0762595723438293
production,homogeneous,84.5,0.09005430530874482
production,homogeneous,85.5,0.10582064180106739
production,homogeneous,86.5,0.12373707355164071
production,homogeneous,87.5,0.1439823382182288
production,homogeneous,88.5,0.16673358319635734
production,homogeneous,89.5,0.1921646390844552
production,homogeneous,90.5,0.2204444534942769
production,homogeneous,91.5,0.2517357223224001
production,homogeneous,92.5,0.28619374132329445
production,homogeneous,93.5,0.3239654872334154
production,homogeneous,94.5,0.3651889258381167
production,homogeneous,95.5,0.4099925348898379
production,homogeneous,96.5,0.45849502292741207
production,homogeneous,97.5,0.5108052207399634
production,homogeneous,98.5,0.5670221201615908
production,homogeneous,99.5,0.6272350346456037
production,homogeneous,100.5,0.6915238571772989
production,homogeneous,101.5,0.7599593930887985
production,homogeneous,102.5,0.8326037478492663
production,homogeneous,103.5,0.9095107526064433
production,homogeneous,104.5,0.9907264129241484
production,homogeneous,105.5,1.0762893686431942
production,homogeneous,106.5,1.1662313550044934
production,homogeneous,107.5,1.260577657076404
production,homogeneous,108.5,1.3593475511258297
production,homogeneous,109.5,1.462554727890408
production,homogeneous,110.5,1.5702076937901521
production,homogeneous,111.5,1.682310147010395
production,homogeneous,112.5,1.7988613261441926
production,homogeneous,113.5,1.9198563297498341
production,homogeneous,114.5,2.045286405795775
production,homogeneous,115.5,2.1751392105627225
production,homogeneous,116.5,2.309399037166843
production,homogeneous,117.5,2.448047014468257
production,homogeneous,118.5,2.59106127772575
production,homogeneous,119.5,2.7384171129387704
production,homogeneous,120.5,2.890087077356575
production,homogeneous,121.5,3.046041099103623
production,homogeneous,122.5,3.2062465592416043
production,homogeneous,123.5,3.3706683598357827
production,homogeneous,124.5,3.5392689816995735
production,homogeneous,125.5,3.7120085354457037
production,homogeneous,126.5,3.888844809277906
production,homogeneous,127.5,4.069733316627251
production,homogeneous,128.5,4.254627346294342
production,homogeneous,129.5,4.443478017234441
production,homogeneous,130.5,4.636234339552026
production,homogeneous,131.5,4.832843282690327
production,homogeneous,132.5,5.033249851245604
production,homogeneous,133.5,5.237397168332886
production,homogeneous,134.5,5.445226566002936
production,homogeneous,135.5,5.656677681871812
production,homogeneous,136.5,5.871688560883696
production,homogeneous,137.5,6.0901957609786015
production,homogeneous,138.5,6.312134461375893
production,homogeneous,139.5,6.5374385721986314
production,homogeneous,140.5,6.766040844236564
production,homogeneous,141.5,6.997872977764207
production,homogeneous,142.5,7.232865729477655
production,homogeneous,143.5,7.470949016775828
production,homogeneous,144.5,7.7120520187776
production,homogeneous,145.5,7.956103273625332
production,homogeneous,146.5,8.203030771772227
production,homogeneous,147.5,8.452762045079522
production,homogeneous,148.5,8.705224251658393
production,homogeneous,149.5,8.960344256480179
production,homogeneous,150.5,9.21804870784689
production,homogeneous,151.5,9.478264109864377
production,homogeneous,152.5,9.74091689109408
production,homogeneous,153.5,10.005933469580603
production,homogeneous,154.5,10.273240314460352
production,homogeneous,155.5,10.54276400435805
production,homogeneous,156.5,10.814431282771517
production,homogeneous,157.5,11.08816911063408
production,homogeneous,158.5,11.363904716231458
production,homogeneous,159.5,11.641565642634053
production,homogeneous,160.5,11.921079792790149
production,homogeneous,161.5,12.202375472410107
production,homogeneous,162.5,12.485381430757032
production,homogeneous,163.5,12.770026899445355
production,homogeneous,164.5,13.056241629336998
production,homogeneous,165.5,13.343955925613631
production,homogeneous,166.5,13.633100681093959
production,homogeneous,167.5,13.923607407857377
production,homogeneous,168.5,14.215408267228078
production,homogeneous,169.5,14.508436098168172
production,homogeneous,170.5,14.802624444124211
production,homogeneous,171.5,15.097907578367014
production,homogeneous,172.5,15.39422052786279
production,homogeneous,173.5,15.69149909571028
production,homogeneous,174.5,15.989679882177887
production,homogeneous,175.5,16.28870030437262
production,homogeneous,176.5,16.58849861457256
production,homogeneous,177.5,16.889013917253415
production,homogeneous,178.5,17.190186184839487
production,homogeneous,179.5,17.49195627220942
production,homogeneous,180.5,17.79426592998668
production,homogeneous,181.5,18.097057816644565
production,homogeneous,182.5,18.4002755094564
production,homogeneous,183.5,18.703863514320556
production,homogeneous,184.5,19.007767274491137
production,homogeneous,185.5,19.311933178244523
production,homogeneous,186.5,19.61630856551208
production,homogeneous,187.5,19.9208417335103
production,homogeneous,188.5,20.225481941398368
production,homogeneous,189.5,20.53017941399434
production,homogeneous,190.5,20.834885344580485
production,homogeneous,191.5,21.139551896828426
production,homogeneous,192.5,21.444132205874556
production,homogeneous,193.5,21.748580378576577
production,homogeneous,194.5,22.052851492980846
production,homogeneous,195.5,22.35690159703139
production,homogeneous,196.5,22.66068770654952
production,homogeneous,197.5,22.964167802514798
production,homogeneous,198.5,23.267300827675303
production,homogeneous,199.5,23.570046682517543
production,homogeneous,200.5,23.87236622062335
production,homogeneous,201.5,24.17422124344298
production,homogeneous,202.5,24.475574494511253
production,homogeneous,203.5,24.776389653135148
production,homogeneous,204.5,25.076631327578422
production,homogeneous,205.5,25.37626504777074
production,homogeneous,206.5,25.675257257566496
production,homogeneous,207.5,25.973575306578912
production,homogeneous,208.5,26.271187441613982
production,homogeneous,209.5,26.568062797728793
production,homogeneous,210.5,26.86417138893744
production,homogeneous,211.5,27.15948409858793
production,homogeneous,212.5,27.45397266943245
production,homogeneous,213.5,27.747609693412716
production,homogeneous,214.5,28.040368601181882
production,homogeneous,215.5,28.332223651383412
production,homogeneous,216.5,28.623149919707195
production,homogeneous,217.5,28.913123287742255
production,homogeneous,218.5,29.20212043164471
production,homogeneous,219.5,29.49011881063937
production,homogeneous,220.5,29.77709665537254
production,homogeneous,221.5,30.063032956132922
production,homogeneous,222.5,30.347907450956946
production,homogeneous,223.5,30.631700613634614
production,homogeneous,224.5,30.91439364163051
production,homogeneous,225.5,31.19596844393526
production,homogeneous,226.5,31.47640762886071
production,homogeneous,227.5,31.755694491792845
production,homogeneous,228.5,32.03381300291518
production,homogeneous,229.5,32.31074779491468
production,homogeneous,230.5,32.58648415068246
production,homogeneous,231.5,32.861007991020095
production,homogeneous,232.5,33.13430586236251
production,homogeneous,233.5,33.40636492452756
production,homogeneous,234.5,33.67717293850215
production,homogeneous,235.5,33.94671825427404
production,homogeneous,236.5,34.214989798717745
production,homogeneous,237.5,34.48197706354361
production,homogeneous,238.5,34.74767009331709
production,homogeneous,239.5,35.01205947355602
production,homogeneous,240.5,35.275136318912786
production,homogeneous,241.5,35.536892261447754
production,homogeneous,242.5,35.79731943900059
production,homogeneous,243.5,36.0564104836643
production,homogeneous,244.5,36.3141585103685
production,homogeneous,245.5,36.57055710557588
production,homogeneous,246.5,36.82560031609711
production,homogeneous,247.5,37.079282638028296
production,homogeneous,248.5,37.33159900581501
production,homogeneous,249.5,37.582544781446266
production,homogeneous,250.5,37.83211574378237
production,homogeneous,251.5,38.08030807801887
production,homogeneous,252.5,38.32711836529016
production,homogeneous,253.5,38.572543572414666
production,homogeneous,254.5,38.81658104178393
production,Xc,20.5,0.00015519659684413203
production,Xc,21.5,0.00016346931533945153
production,Xc,22.5,0.0001725313790567375
production,Xc,23.5,0.000182447838305433
production,Xc,24.5,0.0001932923674104581
production,Xc,25.5,0.00020514748651765313
production,Xc,26.5,0.00021810503849487448
production,Xc,27.5,0.00023226698720972877
production,Xc,28.5,0.0002477465748382412
production,Xc,29.5,0.00026466984551955366
production,Xc,30.5,0.0002831775156886159
production,Xc,31.5,0.0003034271523488599
production,Xc,32.5,0.0003255956129611274
production,Xc,33.5,0.0003498817066148951
production,Xc,34.5,0.0003765090559378983
production,Xc,35.5,0.0004057291709108406
production,Xc,36.5,0.0004378247854770589
production,Xc,37.5,0.00047311355004073144
production,Xc,38.5,0.000511952211290765
production,Xc,39.5,0.0005547414392514453
production,Xc,40.5,0.0006019314756620799
production,Xc,41.5,0.0006540287762077855
production,Xc,42.5,0.000711603803963082
production,Xc,43.5,0.0007753001087095787
production,Xc,44.5,0.0008458448057236589
production,Xc,45.5,0.0009240605587397078
production,Xc,46.5,0.001010879184671539
production,Xc,47.5,0.0011073570382550346
production,Xc,48.5,0.0012146924032188971
production,Xc,49.5,0.0013342452063421343
production,Xc,50.5,0.0014675594693800641
production,Xc,51.5,0.0016163890059393094
production,Xc,52.5,0.001782726941964731
production,Xc,53.5,0.001968839681916164
production,Xc,54.5,0.0021773059602587202
production,Xc,55.5,0.002411061622777281
production,Xc,56.5,0.0026734507955609946
production,Xc,57.5,0.0029682841436354567
production,Xc,58.5,0.003299905011242876
production,Xc,59.5,0.0036732643720958345
production,Xc,60.5,0.004094005683379504
production,Xc,61.5,0.004568560901041817
production,Xc,62.5,0.0051042590417384025
production,Xc,63.5,0.005709448744290166
production,Xc,64.5,0.006393636286389974
production,Xc,65.5,0.00716764046802747
production,Xc,66.5,0.008043765711507871
production,Xc,67.5,0.009035994673479694
production,Xc,68.5,0.010160201618522394
production,Xc,69.5,0.011434387737510019
production,Xc,70.5,0.012878939455228992
production,Xc,71.5,0.014516910507562533
production,Xc,72.5,0.01637432814736039
production,Xc,73.5,0.018480523261340268
production,Xc,74.5,0.020868483473049017
production,Xc,75.5,0.023575227494331108
production,Xc,76.5,0.026642198071634923
production,Xc,77.5,0.03011566982803447
production,Xc,78.5,0.034047167090069275
production,Xc,79.5,0.03849388539227643
production,Xc,80.5,0.04351910879121908
production,Xc,81.5,0.049192613450925224
production,Xc,82.5,0.05559104625699632
production,Xc,83.5,0.06279826555371179
production,Xc,84.5,0.07090562955867116
production,Xc,85.5,0.0800122166973703
production,Xc,86.5,0.09022496115936046
production,Xc,87.5,0.10165868659041134
production,Xc,88.5,0.11443602120106104
production,Xc,89.5,0.1286871788797593
production,Xc,90.5,0.14454959330133296
production,Xc,91.5,0.16216739561236873
production,Xc,92.5,0.18169073106359665
production,Xc,93.5,0.2032749158411594
production,Xc,94.5,0.22707944208194683
production,Xc,95.5,0.25326684626018137
production,Xc,96.5,0.28200146329889936
production,Xc,97.5,0.3134480953121023
production,Xc,98.5,0.3477706292315723
production,Xc,99.5,0.38513064119039114
production,Xc,100.5,0.4256860270354419
production,Xc,101.5,0.4695896975310815
production,Xc,102.5,0.5169883737343105
production,Xc,103.5,0.5680215129318594
production,Xc,104.5,0.6228203888871648
production,Xc,105.5,0.681507342532118
production,Xc,106.5,0.7441952112862313
production,Xc,107.5,0.8109869374974004
production,Xc,108.5,0.881975349582273
production,Xc,109.5,0.9572431036717154
production,Xc,110.5,1.0368627691532561
production,Xc,111.5,1.1208970385117851
production,Xc,112.5,1.2093990402395647
production,Xc,113.5,1.3024127331600202
production,Xc,114.5,1.399973361074844
production,Xc,115.5,1.5021079479668924
production,Xc,116.5,1.6088358158454195
production,Xc,117.5,1.7201691095040834
production,Xc,118.5,1.8361133148108788
production,Xc,119.5,1.9566677595366597
production,Xc,120.5,2.0818260880650135
production,Xc,121.5,2.211576703550798
production,Xc,122.5,2.3459031731689435
production,Xc,123.5,2.4847845939946103
production,Xc,124.5,2.6281959187630273
production,Xc,125.5,2.7761082422580534
production,Xc,126.5,2.9284890503584
production,Xc,127.5,3.0853024348162736
production,Xc,128.5,3.246509277642631
production,Xc,129.5,3.4120674095193313
production,Xc,130.5,3.5819317469505156
production,Xc,131.5,3.756054412912906
production,Xc,132.5,3.9343848455870356
production,Xc,133.5,4.116869899379597
production,Xc,134.5,4.303453941920171
production,Xc,135.5,4.494078950080102
production,Xc,136.5,4.688684607365682
production,Xc,137.5,4.8872084043297885
production,Xc,138.5,5.089585742968806
production,Xc,139.5,5.295750045460325
production,Xc,140.5,5.505632867077664
production,Xc,141.5,5.7191640127052965
production,Xc,142.5,5.936271656080524
production,Xc,143.5,6.156882460697858
production,Xc,144.5,6.3809217012238415
production,Xc,145.5,6.608313384266194
production,Xc,146.5,6.838980367404838
production,Xc,147.5,7.072844475505087
production,Xc,148.5,7.309826613477279
production,Xc,149.5,7.549846874807245
production,Xc,150.5,7.792824645344603
production,Xc,151.5,8.038678701991477
production,Xc,152.5,8.287327306075595
production,Xc,153.5,8.538688291314399
production,Xc,154.5,8.792679146379239
production,Xc,155.5,9.04921709215032
production,Xc,156.5,9.308219153815708
production,Xc,157.5,9.569602228013421
production,Xc,158.5,9.83328314524761
production,Xc,159.5,10.099178727831344
production,Xc,160.5,10.367205843623118
production,Xc,161.5,10.63728145583507
production,Xc,162.5,10.909322669202114
production,Xc,163.5,11.18324677281455
production,Xc,164.5,11.458971279937112
production,Xc,165.5,11.73641396516582
production,Xc,166.5,12.015492899314637
production,Xc,167.5,12.296126482478428
production,Xc,168.5,12.578233475789725
production,Xc,169.5,12.861733032476797
production,Xc,170.5,13.146544728939974
production,Xc,171.5,13.432588596694496
production,Xc,172.5,13.719785156179537
production,Xc,173.5,14.00805545360378
production,Xc,174.5,14.29732110218322
production,Xc,175.5,14.587504329319664
production,Xc,176.5,14.878528031457684
production,Xc,177.5,15.170315838526944
production,Xc,178.5,15.462792190004128
production,Xc,179.5,15.755882424685069
production,Xc,180.5,16.049512886207562
production,Xc,181.5,16.343611046166988
production,Xc,182.5,16.63810564627307
production,Xc,183.5,16.932926860360254
production,Xc,184.5,17.22800647614303
production,Xc,185.5,17.52327809537131
production,Xc,186.5,17.818677349482854
production,Xc,187.5,18.11414212599866
production,Xc,188.5,18.409612798838214
production,Xc,189.5,18.705032453579054
production,Xc,190.5,19.000347096642933
production,Xc,191.5,19.295505835711786
production,Xc,192.5,19.59046101765142
production,Xc,193.5,19.88516831014731
production,Xc,194.5,20.179586714393242
production,Xc,195.5,20.473678498683512
production,Xc,196.5,20.767409046657747
production,Xc,197.5,21.060746619055397
production,Xc,198.5,21.35366203377395
production,Xc,199.5,21.646128275223123
production,Xc,200.5,21.938120049746544
production,Xc,201.5,22.22961330853604
production,Xc,202.5,22.520584762389667
production,Xc,203.5,22.811011413459315
production,Xc,204.5,23.100870127678895
production,Xc,205.5,23.390137268045542
production,Xc,206.5,23.67878840379913
production,Xc,207.5,23.966798104457947
production,Xc,208.5,24.254139821336597
production,Xc,209.5,24.540785853278937
production,Xc,210.5,24.826707388421653
production,Xc,211.5,25.11187461021218
production,Xc,212.5,25.39625685376809
production,Xc,213.5,25.679822797929344
production,Xc,214.5,25.962540678816236
production,Xc,215.5,26.24437851207799
production,Xc,216.5,26.52530431298335
production,Xc,217.5,26.805286305765293
production,Xc,218.5,27.08429311593416
production,Xc,219.5,27.362293941429726
production,Xc,220.5,27.639258700367186
production,Xc,221.5,27.915158154682214
production,Xc,222.5,28.18996401017772
production,Xc,223.5,28.463648994338083
production,Xc,224.5,28.73618691384274
production,Xc,225.5,29.007552694031627
production,Xc,226.5,29.27772240270012
production,Xc,227.5,29.54667326058321
production,Xc,228.5,29.814383640768906
production,Xc,229.5,30.08083305909813
production,Xc,230.5,30.346002157389805
production,Xc,231.5,30.60987268109824
production,Xc,232.5,30.872427452779437
production,Xc,233.5,31.13365034252581
production,Xc,234.5,31.39352623632901
production,Xc,235.5,31.652041003152675
production,Xc,236.5,31.909181461342666
production,Xc,237.5,32.164935344868645
production,Xc,238.5,32.41929126977944
production,Xc,239.5,32.672238701161646
production,Xc,240.5,32.92376792081416
production,Xc,241.5,33.17386999579038
production,Xc,242.5,33.42253674790969
production,Xc,243.5,33.66976072430141
production,Xc,244.5,33.91553516901417
production,Xc,245.5,34.15985399570038
production,Xc,246.5,34.4027117613679
production,Xc,247.5,34.64410364117901
production,Xc,248.5,34.88402540426723
production,Xc,249.5,35.12247339053627
production,Xc,250.5,35.35944448840212
production,Xc,251.5,35.594936113436745
production,Xc,252.5,35.82894618787112
production,Xc,253.5,36.06147312091563
production,Xc,254.5,36.292515789856495
production,eta,20.5,1.5320756248781673e-08
production,eta,21.5,2.1979435082203427e-08
production,eta,22.5,3.15944762774315e-08
production,eta,23.5,4.5499707186206316e-08
production,eta,24.5,6.563700449020045e-08
production,eta,25.5,9.48345228265256e-08
production,eta,26.5,1.3721165841355113e-07
production,eta,27.5,1.9876757450729437e-07
production,eta,28.5,2.882347818162399e-07
production,eta,29.5,4.183140079994656e-07
production,eta,30.5,6.074550592463861e-07
production,eta,31.5,8.824152186269147e-07
production,eta,32.5,1.2819175954164943e-06
production,eta,33.5,1.8618531857646393e-06
production,eta,34.5,2.7026288100829346e-06
production,eta,35.5,3.919463853131704e-06
production,eta,36.5,5.6766832621622516e-06
production,eta,37.5,8.20733583368738e-06
production,eta,38.5,1.1839764313923127e-05
production,eta,39.5,1.7033023542571604e-05
production,eta,40.5,2.4423209535252406e-05
production,eta,41.5,3.488271235454208e-05
production,eta,42.5,4.959398700939347e-05
production,eta,43.5,7.013847368359701e-05
production,eta,44.5,9.859962679536945e-05
production,eta,45.5,0.0001376765373938117
production,eta,46.5,0.0001908014078299934
production,eta,47.5,0.00026225043679604584
production,eta,48.5,0.0003572340381510594
production,eta,49.5,0.000481949531722646
production,eta,50.5,0.0006435784164958174
production,eta,51.5,0.0008502118916955298
production,eta,52.5,0.001110692915442902
production,eta,53.5,0.001434370699791278
production,eta,54.5,0.0018307733621159507
production,eta,55.5,0.0023092150842993946
production,eta,56.5,0.0028783637936251444
production,eta,57.5,0.003545802304687409
production,eta,58.5,0.004317618711589315
production,eta,59.5,0.005198060008629466
production,eta,60.5,0.006189276743883104
production,eta,61.5,0.007291177061446325
production,eta,62.5,0.008501397361964383
production,eta,63.5,0.00981538574106382
production,eta,64.5,0.011226584864839005
production,eta,65.5,0.012726694049805896
production,eta,66.5,0.014305986493365851
production,eta,67.5,0.015953656775639112
production,eta,68.5,0.017658175418707265
production,eta,69.5,0.019407630711637383
production,eta,70.5,0.021190042521426707
production,eta,71.5,0.022993637612374537
production,eta,72.5,0.024807080195434435
production,eta,73.5,0.02661965542408084
production,eta,74.5,0.028421407667274832
production,eta,75.5,0.03020323669372467
production,eta,76.5,0.0319569537892722
production,eta,77.5,0.03367530420257658
production,eta,78.5,0.035351968319543015
production,eta,79.5,0.03698154421893752
production,eta,80.5,0.03855950115916895
production,eta,81.5,0.040082113237043235
production,eta,82.5,0.041546410331216393
production,eta,83.5,0.0429501489898176
production,eta,84.5,0.04429174281706927
production,eta,85.5,0.045570130131367154
production,eta,86.5,0.04678467916043984
production,eta,87.5,0.047935224417749556
production,eta,88.5,0.04902212832152563
production,eta,89.5,0.05004615562267726
production,eta,90.5,0.05100817858042106
production,eta,91.5,0.05190904149907649
production,eta,92.5,0.05274981272776898
production,eta,93.5,0.05353214717480088
production,eta,94.5,0.05425820919335645
production,eta,95.5,0.05493003795083194
production,eta,96.5,0.05554897042219182
production,eta,97.5,0.05611586461220991
production,eta,98.5,0.05663207954819214
production,eta,99.5,0.057100241727581956
production,eta,100.5,0.05752383003929672
production,eta,101.5,0.05790570510490892
production,eta,102.5,0.05824687400112193
production,eta,103.5,0.05854680319701848
production,eta,104.5,0.05880530135601953
production,eta,105.5,0.05902449485608754
production,eta,106.5,0.059209096713228986
production,eta,107.5,0.05936442238658691
production,eta,108.5,0.05949346664682204
production,eta,109.5,0.05959529926808923
production,eta,110.5,0.05966624248792719
production,eta,111.5,0.05970329874804
production,eta,112.5,0.05970756683221089
production,eta,113.5,0.05968519431113157
production,eta,114.5,0.059644939157297586
production,eta,115.5,0.05959363997015988
production,eta,116.5,0.05953234830118332
production,eta,117.5,0.05945561472890142
production,eta,118.5,0.05935461028915942
production,eta,119.5,0.05922251542443083
production,eta,120.5,0.05905924060248217
production,eta,121.5,0.05887281413980699
production,eta,122.5,0.05867650213735883
production,eta,123.5,0.058482955375578016
production,eta,124.5,0.05829823000318213
production,eta,125.5,0.05811863248230393
production,eta,126.5,0.05793200007273989
production,eta,127.5,0.05772295687203529
production,eta,128.5,0.057479878632168885
production,eta,129.5,0.05720054720854095
production,eta,130.5,0.05689404505142696
production,eta,131.5,0.05657802682942224
production,eta,132.5,0.05627240668256806
production,eta,133.5,0.05599192469671045
production,eta,134.5,0.05574045479170944
production,eta,135.5,0.055509193597276706
production,eta,136.5,0.05527938556014694
production,eta,137.5,0.055028604521028056
production,eta,138.5,0.054738414103867414
production,eta,139.5,0.054400829935171584
production,eta,140.5,0.054021469132479925
production,eta,141.5,0.05361839231290802
production,eta,142.5,0.05321703371558824
production,eta,143.5,0.05284282451645099
production,eta,144.5,0.05251376763862433
production,eta,145.5,0.05223514624836426
production,eta,146.5,0.051997824797393656
production,eta,147.5,0.05178051455330127
production,eta,148.5,0.05155528047509192
production,eta,149.5,0.05129475922253218
production,eta,150.5,0.05097920433575778
production,eta,151.5,0.05060160449481235
production,eta,152.5,0.050169660084994516
production,eta,153.5,0.04970420471709329
production,eta,154.5,0.04923452639925642
production,eta,155.5,0.04879176686174279
production,eta,156.5,0.04840198107399653
production,eta,157.5,0.048080435658838225
production,eta,158.5,0.047828346867943176
production,eta,159.5,0.04763264005314151
production,eta,160.5,0.04746863279523647
production,eta,161.5,0.0473049637159207
production,eta,162.5,0.047109709044758585
production,eta,163.5,0.046856483761855486
production,eta,164.5,0.0465294005572413
production,eta,165.5,0.046126019732310425
production,eta,166.5,0.045657815098464706
production,eta,167.5,0.04514814101513512
production,eta,168.5,0.04462813650805408
production,eta,169.5,0.044131360386443164
production,eta,170.5,0.04368814558940081
production,eta,171.5,0.04332065606685002
production,eta,172.5,0.04303943865911978
production,eta,173.5,0.04284194354546342
production,eta,174.5,0.04271312121193541
production,eta,175.5,0.04262786907757784
production,eta,176.5,0.04255484995614649
production,eta,177.5,0.042461059114619344
production,eta,178.5,0.042316473181712236
production,eta,179.5,0.04209815575374671
production,eta,180.5,0.04179330210690454
production,eta,181.5,0.04140086253226408
production,eta,182.5,0.0409315757088009
production,eta,183.5,0.04040645291098545
production,eta,184.5,0.039853957529548345
production,eta,185.5,0.03930629407548061
production,eta,186.5,0.038795328710880615
production,eta,187.5,0.03834869030570814
production,eta,188.5,0.03798654372010101
production,eta,189.5,0.037719400046219924
production,eta,190.5,0.03754716038886658
production,eta,191.5,0.03745941422946836
production,eta,192.5,0.037436860239692976
production,eta,193.5,0.03745360562446142
production,eta,194.5,0.03748003602855463
production,eta,195.5,0.03748592767890458
production,eta,196.5,0.037443486932544165
production,eta,197.5,0.03733003894055011
production,eta,198.5,0.03713013820515871
production,eta,199.5,0.0368369343733715
production,eta,200.5,0.03645269443386449
production,eta,201.5,0.03598845624517001
production,eta,202.5,0.0354628655375205
production,eta,203.5,0.03490032412081294
production,eta,204.5,0.03432864318963401
production,eta,205.5,0.03377644314447
production,eta,206.5,0.03327056209068197
production,eta,207.5,0.03283372468174458
production,eta,208.5,0.03248268232391176
production,eta,209.5,0.03222697178327499
production,eta,210.5,0.03206836294365648
production,eta,211.5,0.03200099027973594
production,eta,212.5,0.03201209740460002
production,eta,213.5,0.03208327695387271
production,eta,214.5,0.03219206162292679
production,eta,215.5,0.03231371481885766
production,eta,216.5,0.03242307683405682
production,eta,217.5,0.03249633932695437
production,eta,218.5,0.03251264220747945
production,eta,219.5,0.03245540907770197
production,eta,220.5,0.03231335817654518
production,eta,221.5,0.032081144936068576
production,eta,222.5,0.031759610571319555
production,eta,223.5,0.031355629933723754
production,eta,224.5,0.03088157232284385
production,eta,225.5,0.030354411407588364
production,eta,226.5,0.029794543929678195
production,eta,227.5,0.029224399199390152
production,eta,228.5,0.02866693935296246
production,eta,229.5,0.028144160555384712
production,eta,230.5,0.02767570521407017
production,eta,231.5,0.027277683845342432
production,eta,232.5,0.026961783573438848
production,eta,233.5,0.02673471130609395
production,eta,234.5,0.026597987621372953
production,eta,235.5,0.02654807679093356
production,eta,236.5,0.026576812955552143
production,eta,237.5,0.026672064718414386
production,eta,238.5,0.026818571193238223
production,eta,239.5,0.02699888124991229
production,eta,240.5,0.027194332712061335
production,eta,241.5,0.027386017424068248
production,eta,242.5,0.027555689211709894
production,eta,243.5,0.027686582898576565
production,eta,244.5,0.027764122302892054
production,eta,245.5,0.027776502709264978
production,eta,246.5,0.027715138456546606
production,eta,247.5,0.027574969299980778
production,eta,248.5,0.027354620800495093
production,eta,249.5,0.02705641513650854
production,eta,250.5,0.026686230464147035
production,eta,251.5,0.026253210161169792
production,eta,252.5,0.02576932850360926
production,eta,253.5,0.0252488265358563
production,eta,254.5,0.024707540499573476
production,beta,20.5,8.342348155022655e-05
production,beta,21.5,9.81765477623885e-05
production,beta,22.5,0.0001152878318342728
production,beta,23.5,0.0001350837881757341
production,beta,24.5,0.00015792706487071143
production,beta,25.5,0.00018421904370934808
production,beta,26.5,0.00021440232892250055
production,beta,27.5,0.00024896314217219377
production,beta,28.5,0.00028843357727423123
production,beta,29.5,0.0003333936645844638
production,beta,30.5,0.00038447319215117895
production,beta,31.5,0.000442353228812872
production,beta,32.5,0.0005077672935632338
production,beta,33.5,0.0005815021158561899
production,beta,34.5,0.0006643979332647081
production,beta,35.5,0.0007573482762641913
production,beta,36.5,0.0008612991949029385
production,beta,37.5,0.0009772478883490346
production,beta,38.5,0.0011062407057172868
production,beta,39.5,0.001249370496268864
production,beta,40.5,0.0014077732997027975
production,beta,41.5,0.0015826243798709098
production,beta,42.5,0.0017751336137646068
production,beta,43.5,0.0019865402561520967
production,beta,44.5,0.002218107120676733
production,beta,45.5,0.002471114247813665
production,beta,46.5,0.0027468521387876304
production,beta,47.5,0.003046614606426759
production,beta,48.5,0.0033716912814745962
production,beta,49.5,0.003723359886937084
production,beta,50.5,0.0041028784981119735
production,beta,51.5,0.004511477957960053
production,beta,52.5,0.004950354381305155
production,beta,53.5,0.005420661579312843
production,beta,54.5,0.0059235035915227155
production,beta,55.5,0.006459928003666576
production,beta,56.5,0.007030920509483247
production,beta,57.5,0.007637400095835994
production,beta,58.5,0.008280213621516225
production,beta,59.5,0.00896012982642357
production,beta,60.5,0.009677834980241997
production,beta,61.5,0.010433932296850147
production,beta,62.5,0.011228943603322265
production,beta,63.5,0.012063308385023754
production,beta,64.5,0.012937377805361652
production,beta,65.5,0.013851408946178917
production,beta,66.5,0.014805568211344088
production,beta,67.5,0.015799944866767102
production,beta,68.5,0.016834562140553375
production,beta,69.5,0.017909371437565057
production,beta,70.5,0.01902423319863805
production,beta,71.5,0.020178909088158448
production,beta,72.5,0.021373086222956156
production,beta,73.5,0.022606419924393387
production,beta,74.5,0.023878551192535333
production,beta,75.5,0.025189070943094548
production,beta,76.5,0.026537461769008522
production,beta,77.5,0.027923088982927807
production,beta,78.5,0.029345276864814536
production,beta,79.5,0.030803412013318626
production,beta,80.5,0.03229696154989992
production,beta,81.5,0.03382535976720762
production,beta,82.5,0.035387860522322095
production,beta,83.5,0.036983524873153185
production,beta,84.5,0.03861140641090482
production,beta,85.5,0.0402707842793586
production,beta,86.5,0.04196119397912655
production,beta,87.5,0.04368216530146963
production,beta,88.5,0.04543288298784143
production,beta,89.5,0.04721213103914123
production,beta,90.5,0.0490186620840458
production,beta,91.5,0.050851701671278705
production,beta,92.5,0.05271107675939568
production,beta,93.5,0.05459673816805452
production,beta,94.5,0.056508040855051955
production,beta,95.5,0.05844348796967784
production,beta,96.5,0.0604013163774099
production,beta,97.5,0.06238050530502465
production,beta,98.5,0.06438126001771063
production,beta,99.5,0.06640436232961443
production,beta,100.5,0.06844981230931445
production,beta,101.5,0.07051599016668399
production,beta,102.5,0.07260028450306284
production,beta,103.5,0.07470084681971771
production,beta,104.5,0.0768179483285403
production,beta,105.5,0.07895352878245662
production,beta,106.5,0.08110905032362167
production,beta,107.5,0.08328344409352396
production,beta,108.5,0.0854731526017349
production,beta,109.5,0.08767458217748306
production,beta,110.5,0.08988701750874423
production,beta,111.5,0.09211329782328387
production,beta,112.5,0.09435725932960043
production,beta,113.5,0.09661985483639339
production,beta,114.5,0.09889739183976304
production,beta,115.5,0.10118384749109476
production,beta,116.5,0.10347569634038435
production,beta,117.5,0.10577513498957129
production,beta,118.5,0.10808850690444256
production,beta,119.5,0.11042072525039016
production,beta,120.5,0.11277027057193967
production,beta,121.5,0.11512939959195366
production,beta,122.5,0.11749003246113683
production,beta,123.5,0.11985068752416891
production,beta,124.5,0.122218328268411
production,beta,125.5,0.1246028564644098
production,beta,126.5,0.12700834522796506
production,beta,127.5,0.12942849329138498
production,beta,128.5,0.13185082325873027
production,beta,129.5,0.13426682783931035
production,beta,130.5,0.13667967948702367
production,beta,131.5,0.13910241585683078
production,beta,132.5,0.14154724251899511
production,beta,133.5,0.14401452524383246
production,beta,134.5,0.1464911440908455
production,beta,135.5,0.14896053330981496
production,beta,136.5,0.15141666386402414
production,beta,137.5,0.15387006274646814
production,beta,138.5,0.15633989325282724
production,beta,139.5,0.15883782989962036
production,beta,140.5,0.16135714072552743
production,beta,141.5,0.16387692916481433
production,beta,142.5,0.16637903412344393
production,beta,143.5,0.16886384748031835
production,beta,144.5,0.1713511915660675
production,beta,145.5,0.1738643820029843
production,beta,146.5,0.17641014333922905
production,beta,147.5,0.17897156884923457
production,beta,148.5,0.18152112307427887
production,beta,149.5,0.1840437010638756
production,beta,150.5,0.18655034777645355
production,beta,151.5,0.18907011167184976
production,beta,152.5,0.1916257847955431
production,beta,153.5,0.19421371548442465
production,beta,154.5,0.1968055088197323
production,beta,155.5,0.19937132440324462
production,beta,156.5,0.20190562007555707
production,beta,157.5,0.20443301014690723
production,beta,158.5,0.20698810573447368
production,beta,159.5,0.20958571482001592
production,beta,160.5,0.21220706685818697
production,beta,161.5,0.21481483835159165
production,beta,162.5,0.21738501550585435
production,beta,163.5,0.21992830083475295
production,beta,164.5,0.22248179429700501
production,beta,165.5,0.22507714248718286
production,beta,166.5,0.2277124771331363
production,beta,167.5,0.2303531236968124
production,beta,168.5,0.23296135638177234
production,beta,169.5,0.23552965206894294
production,beta,170.5,0.23808793438211173
production,beta,171.5,0.24067760339099575
production,beta,172.5,0.2433147618734864
production,beta,173.5,0.2459754203253179
production,beta,174.5,0.24861644953480938
production,beta,175.5,0.25121406945899205
production,beta,176.5,0.25378538671731843
production,beta,177.5,0.2563731429296511
production,beta,178.5,0.2590070167180195
production,beta,179.5,0.2616765723536559
production,beta,180.5,0.26434076728727957
production,beta,181.5,0.2669655535162557
production,beta,182.5,0.2695550742344223
production,beta,183.5,0.272147538186111
production,beta,184.5,0.2747794947199958
production,beta,185.5,0.27745186235410096
production,beta,186.5,0.2801295544997512
production,beta,187.5,0.28277489099536235
production,beta,188.5,0.28538303000589293
production,beta,189.5,0.287985802172707
production,beta,190.5,0.29062060516372173
production,beta,191.5,0.2932945959405212
production,beta,192.5,0.295978709502582
production,beta,193.5,0.2986367313752019
production,beta,194.5,0.3012604884424211
production,beta,195.5,0.30387669992079974
production,beta,196.5,0.30651946953476567
production,beta,197.5,0.3091964955886617
production,beta,198.5,0.3118826907202449
production,beta,199.5,0.3145466358477821
production,beta,200.5,0.317182178746915
production,beta,201.5,0.3198131591932867
production,beta,202.5,0.32246759384395496
production,beta,203.5,0.32514900702970523
production,beta,204.5,0.32783443968952514
production,beta,205.5,0.3304998018515118
production,beta,206.5,0.3331447679031395
production,beta,207.5,0.33579126007402
production,beta,208.5,0.3384587390927905
production,beta,209.5,0.34114394871202497
production,beta,210.5,0.3438263632226682
production,beta,211.5,0.346491616978809
production,beta,212.5,0.3491462676959035
production,beta,213.5,0.3518085688503827
production,beta,214.5,0.3544873852180188
production,beta,215.5,0.35717353189643425
production,beta,216.5,0.35985196598123637
production,beta,217.5,0.3625191507563278
production,beta,218.5,0.36518552722939146
production,beta,219.5,0.36786191202704926
production,beta,220.5,0.3705471801172042
production,beta,221.5,0.37323124471169594
production,beta,222.5,0.3759079700058965
production,beta,223.5,0.3785816447859183
production,beta,224.5,0.3812602806947222
production,beta,225.5,0.38394556075324204
production,beta,226.5,0.3866319485125181
production,beta,227.5,0.3893146057584433
production,beta,228.5,0.39199508085696677
production,beta,229.5,0.3946781917824183
production,beta,230.5,0.3973655098147679
production,beta,231.5,0.40005417713999253
production,beta,232.5,0.40274152601037777
production,beta,233.5,0.40542852497290205
production,beta,234.5,0.4081179438612293
production,beta,235.5,0.4108107885002528
production,beta,236.5,0.41350607779000903
production,beta,237.5,0.41620357381589385
production,beta,238.5,0.4189053227562039
production,beta,239.5,0.42161452611719924
production,beta,240.5,0.424334335670956
production,beta,241.5,0.4270687709629795
production,beta,242.5,0.42982472945143346
production,beta,243.5,0.4326132175180589
production,beta,244.5,0.4354500584353528
production,beta,245.5,0.43835764629899654
production,beta,246.5,0.4413681999758356
production,beta,247.5,0.44452774164089953
production,beta,248.5,0.44790043549326486
production,beta,249.5,0.45157372549592417
production,beta,250.5,0.4556643913502812
production,beta,251.5,0.4603247520645356
production,beta,252.5,0.46574791880346517
production,beta,253.5,0.47217111617613267
production,beta,254.5,0.47987604846819426
quadrature,homogeneous,20.5,7.564804304227901e-09
quadrature,homogeneous,21.5,1.0148628812372358e-08
quadrature,homogeneous,22.5,1.360819379263295e-08
quadrature,homogeneous,23.5,1.8237738810859512e-08
quadrature,homogeneous,24.5,2.442938759469952e-08
quadrature,homogeneous,25.5,3.270534076730741e-08
quadrature,homogeneous,26.5,4.3760516199485386e-08
quadrature,homogeneous,27.5,5.8518974587501994e-08
quadrature,homogeneous,28.5,7.820851406583838e-08
quadrature,homogeneous,29.5,1.0445918422998183e-07
quadrature,homogeneous,30.5,1.394332521096376e-07
quadrature,homogeneous,31.5,1.859964728472619e-07
quadrature,homogeneous,32.5,2.479435331401255e-07
quadrature,homogeneous,33.5,3.3029444670542906e-07
quadrature,homogeneous,34.5,4.396837441391384e-07
quadrature,homogeneous,35.5,5.848708398417746e-07
quadrature,homogeneous,36.5,7.774083880123398e-07
quadrature,homogeneous,37.5,1.032516277369487e-06
quadrature,homogeneous,38.5,1.370222812361871e-06
quadrature,homogeneous,39.5,1.8168524019645583e-06
quadrature,homogeneous,40.5,2.4069617386982015e-06
quadrature,homogeneous,41.5,3.1858552518448936e-06
quadrature,homogeneous,42.5,4.212847096543279e-06
quadrature,homogeneous,43.5,5.565482966591263e-06
quadrature,homogeneous,44.5,7.344992854551602e-06
quadrature,homogeneous,45.5,9.683318232659566e-06
quadrature,homogeneous,46.5,1.275214718836313e-05
quadrature,homogeneous,47.5,1.677450254460319e-05
quadrature,homogeneous,48.5,2.203956519527001e-05
quadrature,homogeneous,49.5,2.892158257655829e-05
quadrature,homogeneous,50.5,3.79039155931188e-05
quadrature,homogeneous,51.5,4.9609521899249036e-05
quadrature,homogeneous,52.5,6.483946463252163e-05
quadrature,homogeneous,53.5,8.462137842114894e-05
quadrature,homogeneous,54.5,0.00011027022243023551
quadrature,homogeneous,55.5,0.0001434641048393498
quadrature,homogeneous,56.5,0.00018633847234442543
quadrature,homogeneous,57.5,0.0002416025145703066
quadrature,homogeneous,58.5,0.0003126822215753582
quadrature,homogeneous,59.5,0.00040389512751431457
quadrature,homogeneous,60.5,0.0005206623361669837
quadrature,homogeneous,61.5,0.0006697638989226308
quadrature,homogeneous,62.5,0.0008596439276307183
quadrature,homogeneous,63.5,0.0011007718761714093
quadrature,homogeneous,64.5,0.0014060660957174757
quadrature,homogeneous,65.5,0.0017913849193158385
quadrature,homogeneous,66.5,0.002276089007989031
quadrature,homogeneous,67.5,0.002883676338707339
quadrature,homogeneous,68.5,0.0036424878994612948
quadrature,homogeneous,69.5,0.0045864777909559
quadrature,homogeneous,70.5,0.0057560360142088806
quadrature,homogeneous,71.5,0.007198845867781241
quadrature,homogeneous,72.5,0.008970750868792681
quadrature,homogeneous,73.5,0.011136598919987703
quadrature,homogeneous,74.5,0.0137710247392959
quadrature,homogeneous,75.5,0.01695912618601057
quadrature,homogeneous,76.5,0.02079698699290015
quadrature,homogeneous,77.5,0.025391998458684114
quadrature,homogeneous,78.5,0.030862936603421074
quadrature,homogeneous,79.5,0.03733975952361143
quadrature,homogeneous,80.5,0.04496310208466587
quadrature,homogeneous,81.5,0.05388346094691814
quadrature,homogeneous,82.5,0.06426008094997246
quadrature,homogeneous,83.5,0.0762595723438293
quadrature,homogeneous,84.5,0.09005430530874482
quadrature,homogeneous,85.5,0.10582064180106739
quadrature,homogeneous,86.5,0.12373707355164071
quadrature,homogeneous,87.5,0.1439823382182288
quadrature,homogeneous,88.5,0.16673358319635734
quadrature,homogeneous,89.5,0.1921646390844552
quadrature,homogeneous,90.5,0.2204444534942769
quadrature,homogeneous,91.5,0.2517357223224001
quadrature,homogeneous,92.5,0.28619374132329445
quadrature,homogeneous,93.5,0.3239654872334154
quadrature,homogeneous,94.5,0.3651889258381167
quadrature,homogeneous,95.5,0.4099925348898379
quadrature,homogeneous,96.5,0.45849502292741207
quadrature,homogeneous,97.5,0.5108052207399634
quadrature,homogeneous,98.5,0.5670221201615908
quadrature,homogeneous,99.5,0.6272350346456037
quadrature,homogeneous,100.5,0.6915238571772989
quadrature,homogeneous,101.5,0.7599593930887985
quadrature,homogeneous,102.5,0.8326037478492663
quadrature,homogeneous,103.5,0.9095107526064433
quadrature,homogeneous,104.5,0.9907264129241484
quadrature,homogeneous,105.5,1.0762893686431942
quadrature,homogeneous,106.5,1.1662313550044934
quadrature,homogeneous,107.5,1.260577657076404
quadrature,homogeneous,108.5,1.3593475511258297
quadrature,homogeneous,109.5,1.462554727890408
quadrature,homogeneous,110.5,1.5702076937901521
quadrature,homogeneous,111.5,1.682310147010395
quadrature,homogeneous,112.5,1.7988613261441926
quadrature,homogeneous,113.5,1.9198563297498341
quadrature,homogeneous,114.5,2.045286405795775
quadrature,homogeneous,115.5,2.1751392105627225
quadrature,homogeneous,116.5,2.309399037166843
quadrature,homogeneous,117.5,2.448047014468257
quadrature,homogeneous,118.5,2.59106127772575
quadrature,homogeneous,119.5,2.7384171129387704
quadrature,homogeneous,120.5,2.890087077356575
quadrature,homogeneous,121.5,3.046041099103623
quadrature,homogeneous,122.5,3.2062465592416043
quadrature,homogeneous,123.5,3.3706683598357827
quadrature,homogeneous,124.5,3.5392689816995735
quadrature,homogeneous,125.5,3.7120085354457037
quadrature,homogeneous,126.5,3.888844809277906
quadrature,homogeneous,127.5,4.069733316627251
quadrature,homogeneous,128.5,4.254627346294342
quadrature,homogeneous,129.5,4.443478017234441
quadrature,homogeneous,130.5,4.636234339552026
quadrature,homogeneous,131.5,4.832843282690327
quadrature,homogeneous,132.5,5.033249851245604
quadrature,homogeneous,133.5,5.237397168332886
quadrature,homogeneous,134.5,5.445226566002936
quadrature,homogeneous,135.5,5.656677681871812
quadrature,homogeneous,136.5,5.871688560883696
quadrature,homogeneous,137.5,6.0901957609786015
quadrature,homogeneous,138.5,6.312134461375893
quadrature,homogeneous,139.5,6.5374385721986314
quadrature,homogeneous,140.5,6.766040844236564
quadrature,homogeneous,141.5,6.997872977764207
quadrature,homogeneous,142.5,7.232865729477655
quadrature,homogeneous,143.5,7.470949016775828
quadrature,homogeneous,144.5,7.7120520187776
quadrature,homogeneous,145.5,7.956103273625332
quadrature,homogeneous,146.5,8.203030771772227
quadrature,homogeneous,147.5,8.452762045079522
quadrature,homogeneous,148.5,8.705224251658393
quadrature,homogeneous,149.5,8.960344256480179
quadrature,homogeneous,150.5,9.21804870784689
quadrature,homogeneous,151.5,9.478264109864377
quadrature,homogeneous,152.5,9.74091689109408
quadrature,homogeneous,153.5,10.005933469580603
quadrature,homogeneous,154.5,10.273240314460352
quadrature,homogeneous,155.5,10.54276400435805
quadrature,homogeneous,156.5,10.814431282771517
quadrature,homogeneous,157.5,11.08816911063408
quadrature,homogeneous,158.5,11.363904716231458
quadrature,homogeneous,159.5,11.641565642634053
quadrature,homogeneous,160.5,11.921079792790149
quadrature,homogeneous,161.5,12.202375472410107
quadrature,homogeneous,162.5,12.485381430757032
quadrature,homogeneous,163.5,12.770026899445355
quadrature,homogeneous,164.5,13.056241629336998
quadrature,homogeneous,165.5,13.343955925613631
quadrature,homogeneous,166.5,13.633100681093959
quadrature,homogeneous,167.5,13.923607407857377
quadrature,homogeneous,168.5,14.215408267228078
quadrature,homogeneous,169.5,14.508436098168172
quadrature,homogeneous,170.5,14.802624444124211
quadrature,homogeneous,171.5,15.097907578367014
quadrature,homogeneous,172.5,15.39422052786279
quadrature,homogeneous,173.5,15.69149909571028
quadrature,homogeneous,174.5,15.989679882177887
quadrature,homogeneous,175.5,16.28870030437262
quadrature,homogeneous,176.5,16.58849861457256
quadrature,homogeneous,177.5,16.889013917253415
quadrature,homogeneous,178.5,17.190186184839487
quadrature,homogeneous,179.5,17.49195627220942
quadrature,homogeneous,180.5,17.79426592998668
quadrature,homogeneous,181.5,18.097057816644565
quadrature,homogeneous,182.5,18.4002755094564
quadrature,homogeneous,183.5,18.703863514320556
quadrature,homogeneous,184.5,19.007767274491137
quadrature,homogeneous,185.5,19.311933178244523
quadrature,homogeneous,186.5,19.61630856551208
quadrature,homogeneous,187.5,19.9208417335103
quadrature,homogeneous,188.5,20.225481941398368
quadrature,homogeneous,189.5,20.53017941399434
quadrature,homogeneous,190.5,20.834885344580485
quadrature,homogeneous,191.5,21.139551896828426
quadrature,homogeneous,192.5,21.444132205874556
quadrature,homogeneous,193.5,21.748580378576577
quadrature,homogeneous,194.5,22.052851492980846
quadrature,homogeneous,195.5,22.35690159703139
quadrature,homogeneous,196.5,22.66068770654952
quadrature,homogeneous,197.5,22.964167802514798
quadrature,homogeneous,198.5,23.267300827675303
quadrature,homogeneous,199.5,23.570046682517543
quadrature,homogeneous,200.5,23.87236622062335
quadrature,homogeneous,201.5,24.17422124344298
quadrature,homogeneous,202.5,24.475574494511253
quadrature,homogeneous,203.5,24.776389653135148
quadrature,homogeneous,204.5,25.076631327578422
quadrature,homogeneous,205.5,25.37626504777074
quadrature,homogeneous,206.5,25.675257257566496
quadrature,homogeneous,207.5,25.973575306578912
quadrature,homogeneous,208.5,26.271187441613982
quadrature,homogeneous,209.5,26.568062797728793
quadrature,homogeneous,210.5,26.86417138893744
quadrature,homogeneous,211.5,27.15948409858793
quadrature,homogeneous,212.5,27.45397266943245
quadrature,homogeneous,213.5,27.747609693412716
quadrature,homogeneous,214.5,28.040368601181882
quadrature,homogeneous,215.5,28.332223651383412
quadrature,homogeneous,216.5,28.623149919707195
quadrature,homogeneous,217.5,28.913123287742255
quadrature,homogeneous,218.5,29.20212043164471
quadrature,homogeneous,219.5,29.49011881063937
quadrature,homogeneous,220.5,29.77709665537254
quadrature,homogeneous,221.5,30.063032956132922
quadrature,homogeneous,222.5,30.347907450956946
quadrature,homogeneous,223.5,30.631700613634614
quadrature,homogeneous,224.5,30.91439364163051
quadrature,homogeneous,225.5,31.19596844393526
quadrature,homogeneous,226.5,31.47640762886071
quadrature,homogeneous,227.5,31.755694491792845
quadrature,homogeneous,228.5,32.03381300291518
quadrature,homogeneous,229.5,32.31074779491468
quadrature,homogeneous,230.5,32.58648415068246
quadrature,homogeneous,231.5,32.861007991020095
quadrature,homogeneous,232.5,33.13430586236251
quadrature,homogeneous,233.5,33.40636492452756
quadrature,homogeneous,234.5,33.67717293850215
quadrature,homogeneous,235.5,33.94671825427404
quadrature,homogeneous,236.5,34.214989798717745
quadrature,homogeneous,237.5,34.48197706354361
quadrature,homogeneous,238.5,34.74767009331709
quadrature,homogeneous,239.5,35.01205947355602
quadrature,homogeneous,240.5,35.275136318912786
quadrature,homogeneous,241.5,35.536892261447754
quadrature,homogeneous,242.5,35.79731943900059
quadrature,homogeneous,243.5,36.0564104836643
quadrature,homogeneous,244.5,36.3141585103685
quadrature,homogeneous,245.5,36.57055710557588
quadrature,homogeneous,246.5,36.82560031609711
quadrature,homogeneous,247.5,37.079282638028296
quadrature,homogeneous,248.5,37.33159900581501
quadrature,homogeneous,249.5,37.582544781446266
quadrature,homogeneous,250.5,37.83211574378237
quadrature,homogeneous,251.5,38.08030807801887
quadrature,homogeneous,252.5,38.32711836529016
quadrature,homogeneous,253.5,38.572543572414666
quadrature,homogeneous,254.5,38.81658104178393
quadrature,Xc,20.5,0.0001551771681522013
quadrature,Xc,21.5,0.00016345496602839497
quadrature,Xc,22.5,0.00017252543137540011
quadrature,Xc,23.5,0.00018245159877055715
quadrature,Xc,24.5,0.0001933049520197959
quadrature,Xc,25.5,0.0002051661216860407
quadrature,Xc,26.5,0.00021812573575010158
quadrature,Xc,27.5,0.00023228542953191843
quadrature,Xc,28.5,0.0002477590258456123
quadrature,Xc,29.5,0.0002646739007954413
quadrature,Xc,30.5,0.000283172554935563
quadrature,Xc,31.5,0.0003034144139278242
quadrature,Xc,32.5,0.0003255778875149594
quadrature,Xc,33.5,0.0003498627207330954
quadrature,Xc,34.5,0.0003764926769570565
quadrature,Xc,35.5,0.0004057185987451153
quadrature,Xc,36.5,0.0004378218996694319
quadrature,Xc,37.5,0.00047311854853342405
quadrature,Xc,38.5,0.0005119636167564231
quadrature,Xc,39.5,0.0005547564704255668
quadrature,Xc,40.5,0.0006019467007834743
quadrature,Xc,41.5,0.0006540409009494442
quadrature,Xc,42.5,0.0007116104127205143
quadrature,Xc,43.5,0.0007753001856236159
quadrature,Xc,44.5,0.0008458389113014327
quadrature,Xc,45.5,0.0009240506201191036
quadrature,Xc,46.5,0.0010108679539384165
quadrature,Xc,47.5,0.001107347359674767
quadrature,Xc,48.5,0.0012146864829193447
quadrature,Xc,49.5,0.0013342440799622719
quadrature,Xc,50.5,0.0014675628103757701
quadrature,Xc,51.5,0.0016163953212726767
quadrature,Xc,52.5,0.0017827340887659588
quadrature,Xc,53.5,0.0019688455422668953
quadrature,Xc,54.5,0.002177309063204529
quadrature,Xc,55.5,0.0024110615215143017
quadrature,Xc,56.5,0.0026734480905893495
quadrature,Xc,57.5,0.0029682801637999005
quadrature,Xc,58.5,0.003299901282279719
quadrature,Xc,59.5,0.003673262073111698
quadrature,Xc,60.5,0.004094005287409366
quadrature,Xc,61.5,0.004568562116491971
quadrature,Xc,62.5,0.005104261047983144
quadrature,Xc,63.5,0.005709450597894922
quadrature,Xc,64.5,0.0063936373141744865
quadrature,Xc,65.5,0.007167640485215062
quadrature,Xc,66.5,0.008043764995655164
quadrature,Xc,67.5,0.009035993742193436
quadrature,Xc,68.5,0.010160200943748397
quadrature,Xc,69.5,0.011434387541290392
quadrature,Xc,70.5,0.012878939670293606
quadrature,Xc,71.5,0.014516910889303057
quadrature,Xc,72.5,0.016374328447355223
quadrature,Xc,73.5,0.01848052335674372
quadrature,Xc,74.5,0.020868483392270404
quadrature,Xc,75.5,0.023575227351429837
quadrature,Xc,76.5,0.02664219797227986
quadrature,Xc,77.5,0.030115669811026105
quadrature,Xc,78.5,0.03404716712923069
quadrature,Xc,79.5,0.03849388543803398
quadrature,Xc,80.5,0.04351910881159112
quadrature,Xc,81.5,0.04919261344496036
quadrature,Xc,82.5,0.05559104624180735
quadrature,Xc,83.5,0.06279826554446509
quadrature,Xc,84.5,0.07090562955876639
quadrature,Xc,85.5,0.08001221670168755
quadrature,Xc,86.5,0.09022496116234224
quadrature,Xc,87.5,0.10165868659053981
quadrature,Xc,88.5,0.114436021199895
quadrature,Xc,89.5,0.12868717887900616
quadrature,Xc,90.5,0.1445495933013631
quadrature,Xc,91.5,0.16216739561267116
quadrature,Xc,92.5,0.18169073106373793
quadrature,Xc,93.5,0.20327491584111737
quadrature,Xc,94.5,0.22707944208187722
quadrature,Xc,95.5,0.2532668462601648
quadrature,Xc,96.5,0.2820014632989134
quadrature,Xc,97.5,0.3134480953121145
quadrature,Xc,98.5,0.34777062923156915
quadrature,Xc,99.5,0.38513064119038515
quadrature,Xc,100.5,0.4256860270354398
quadrature,Xc,101.5,0.469589697531084
quadrature,Xc,102.5,0.516988373734312
quadrature,Xc,103.5,0.5680215129318592
quadrature,Xc,104.5,0.6228203888871654
quadrature,Xc,105.5,0.6815073425321166
quadrature,Xc,106.5,0.7441952112862292
quadrature,Xc,107.5,0.8109869374974004
quadrature,Xc,108.5,0.8819753495822727
quadrature,Xc,109.5,0.9572431036717164
quadrature,Xc,110.5,1.0368627691532557
quadrature,Xc,111.5,1.1208970385117853
quadrature,Xc,112.5,1.2093990402395651
quadrature,Xc,113.5,1.3024127331600208
quadrature,Xc,114.5,1.3999733610748448
quadrature,Xc,115.5,1.502107947966893
quadrature,Xc,116.5,1.6088358158454208
quadrature,Xc,117.5,1.7201691095040845
quadrature,Xc,118.5,1.8361133148108786
quadrature,Xc,119.5,1.9566677595366595
quadrature,Xc,120.5,2.0818260880650135
quadrature,Xc,121.5,2.211576703550799
quadrature,Xc,122.5,2.345903173168944
quadrature,Xc,123.5,2.4847845939946103
quadrature,Xc,124.5,2.6281959187630286
quadrature,Xc,125.5,2.776108242258052
quadrature,Xc,126.5,2.9284890503584013
quadrature,Xc,127.5,3.0853024348162763
quadrature,Xc,128.5,3.246509277642634
quadrature,Xc,129.5,3.4120674095193313
quadrature,Xc,130.5,3.581931746950519
quadrature,Xc,131.5,3.756054412912908
quadrature,Xc,132.5,3.934384845587036
quadrature,Xc,133.5,4.1168698993796
quadrature,Xc,134.5,4.303453941920173
quadrature,Xc,135.5,4.4940789500801035
quadrature,Xc,136.5,4.688684607365682
quadrature,Xc,137.5,4.887208404329787
quadrature,Xc,138.5,5.089585742968804
quadrature,Xc,139.5,5.295750045460326
quadrature,Xc,140.5,5.5056328670776615
quadrature,Xc,141.5,5.719164012705295
quadrature,Xc,142.5,5.936271656080521
quadrature,Xc,143.5,6.156882460697857
quadrature,Xc,144.5,6.380921701223841
quadrature,Xc,145.5,6.608313384266191
quadrature,Xc,146.5,6.838980367404838
quadrature,Xc,147.5,7.0728444755050885
quadrature,Xc,148.5,7.309826613477279
quadrature,Xc,149.5,7.549846874807241
quadrature,Xc,150.5,7.792824645344599
quadrature,Xc,151.5,8.038678701991474
quadrature,Xc,152.5,8.287327306075593
quadrature,Xc,153.5,8.538688291314394
quadrature,Xc,154.5,8.792679146379228
quadrature,Xc,155.5,9.049217092150315
quadrature,Xc,156.5,9.308219153815704
quadrature,Xc,157.5,9.569602228013416
quadrature,Xc,158.5,9.833283145247607
quadrature,Xc,159.5,10.099178727831344
quadrature,Xc,160.5,10.367205843623113
quadrature,Xc,161.5,10.637281455835067
quadrature,Xc,162.5,10.909322669202115
quadrature,Xc,163.5,11.183246772814556
quadrature,Xc,164.5,11.458971279937114
quadrature,Xc,165.5,11.736413965165818
quadrature,Xc,166.5,12.015492899314637
quadrature,Xc,167.5,12.296126482478428
quadrature,Xc,168.5,12.57823347578973
quadrature,Xc,169.5,12.861733032476797
quadrature,Xc,170.5,13.146544728939968
quadrature,Xc,171.5,13.432588596694488
quadrature,Xc,172.5,13.719785156179528
quadrature,Xc,173.5,14.008055453603768
quadrature,Xc,174.5,14.297321102183215
quadrature,Xc,175.5,14.58750432931965
quadrature,Xc,176.5,14.878528031457662
quadrature,Xc,177.5,15.170315838526925
quadrature,Xc,178.5,15.462792190004116
quadrature,Xc,179.5,15.755882424685057
quadrature,Xc,180.5,16.049512886207545
quadrature,Xc,181.5,16.34361104616697
quadrature,Xc,182.5,16.638105646273054
quadrature,Xc,183.5,16.932926860360237
quadrature,Xc,184.5,17.22800647614302
quadrature,Xc,185.5,17.523278095371296
quadrature,Xc,186.5,17.818677349482833
quadrature,Xc,187.5,18.114142125998622
quadrature,Xc,188.5,18.409612798838175
quadrature,Xc,189.5,18.705032453579022
quadrature,Xc,190.5,19.000347096642905
quadrature,Xc,191.5,19.295505835711754
quadrature,Xc,192.5,19.590461017651382
quadrature,Xc,193.5,19.88516831014728
quadrature,Xc,194.5,20.17958671439322
quadrature,Xc,195.5,20.473678498683487
quadrature,Xc,196.5,20.76740904665771
quadrature,Xc,197.5,21.06074661905538
quadrature,Xc,198.5,21.353662033773926
quadrature,Xc,199.5,21.64612827522311
quadrature,Xc,200.5,21.93812004974652
quadrature,Xc,201.5,22.22961330853602
quadrature,Xc,202.5,22.52058476238965
quadrature,Xc,203.5,22.811011413459283
quadrature,Xc,204.5,23.10087012767887
quadrature,Xc,205.5,23.390137268045503
quadrature,Xc,206.5,23.6787884037991
quadrature,Xc,207.5,23.966798104457908
quadrature,Xc,208.5,24.254139821336576
quadrature,Xc,209.5,24.54078585327891
quadrature,Xc,210.5,24.826707388421635
quadrature,Xc,211.5,25.111874610212162
quadrature,Xc,212.5,25.39625685376807
quadrature,Xc,213.5,25.67982279792932
quadrature,Xc,214.5,25.96254067881622
quadrature,Xc,215.5,26.24437851207797
quadrature,Xc,216.5,26.525304312983327
quadrature,Xc,217.5,26.805286305765286
quadrature,Xc,218.5,27.084293115934152
quadrature,Xc,219.5,27.36229394142972
quadrature,Xc,220.5,27.63925870036718
quadrature,Xc,221.5,27.915158154682196
quadrature,Xc,222.5,28.189964010177697
quadrature,Xc,223.5,28.463648994338055
quadrature,Xc,224.5,28.736186913842715
quadrature,Xc,225.5,29.0075526940316
quadrature,Xc,226.5,29.277722402700096
quadrature,Xc,227.5,29.546673260583177
quadrature,Xc,228.5,29.814383640768867
quadrature,Xc,229.5,30.08083305909809
quadrature,Xc,230.5,30.346002157389773
quadrature,Xc,231.5,30.60987268109821
quadrature,Xc,232.5,30.8724274527794
quadrature,Xc,233.5,31.133650342525787
quadrature,Xc,234.5,31.393526236328977
quadrature,Xc,235.5,31.65204100315264
quadrature,Xc,236.5,31.909181461342627
quadrature,Xc,237.5,32.16493534486861
quadrature,Xc,238.5,32.41929126977941
quadrature,Xc,239.5,32.672238701161604
quadrature,Xc,240.5,32.923767920814115
quadrature,Xc,241.5,33.17386999579034
quadrature,Xc,242.5,33.422536747909625
quadrature,Xc,243.5,33.66976072430136
quadrature,Xc,244.5,33.915535169014134
quadrature,Xc,245.5,34.159853995700345
quadrature,Xc,246.5,34.40271176136784
quadrature,Xc,247.5,34.644103641178944
quadrature,Xc,248.5,34.884025404267184
quadrature,Xc,249.5,35.12247339053621
quadrature,Xc,250.5,35.35944448840206
quadrature,Xc,251.5,35.59493611343669
quadrature,Xc,252.5,35.82894618787104
quadrature,Xc,253.5,36.061473120915544
quadrature,Xc,254.5,36.29251578985641
quadrature,eta,20.5,1.5320756248777868e-08
quadrature,eta,21.5,2.1979435082201888e-08
quadrature,eta,22.5,3.159447627742767e-08
quadrature,eta,23.5,4.549970718620643e-08
quadrature,eta,24.5,6.56370044901961e-08
quadrature,eta,25.5,9.483452282651896e-08
quadrature,eta,26.5,1.3721165841353536e-07
quadrature,eta,27.5,1.987675745072746e-07
quadrature,eta,28.5,2.8823478181619884e-07
quadrature,eta,29.5,4.1831400799945274e-07
quadrature,eta,30.5,6.074550592463057e-07
quadrature,eta,31.5,8.824152186268957e-07
quadrature,eta,32.5,1.2819175954165466e-06
quadrature,eta,33.5,1.8618531857647054e-06
quadrature,eta,34.5,2.702628810082955e-06
quadrature,eta,35.5,3.919463853131554e-06
quadrature,eta,36.5,5.676683262163064e-06
quadrature,eta,37.5,8.20733583368715e-06
quadrature,eta,38.5,1.1839764313922898e-05
quadrature,eta,39.5,1.7033023542572007e-05
quadrature,eta,40.5,2.442320953525418e-05
quadrature,eta,41.5,3.4882712354544726e-05
quadrature,eta,42.5,4.959398700939522e-05
quadrature,eta,43.5,7.013847368359998e-05
quadrature,eta,44.5,9.859962679536612e-05
quadrature,eta,45.5,0.00013767653739381636
quadrature,eta,46.5,0.0001908014078299927
quadrature,eta,47.5,0.0002622504367960741
quadrature,eta,48.5,0.00035723403815106196
quadrature,eta,49.5,0.00048194953172262477
quadrature,eta,50.5,0.0006435784164958302
quadrature,eta,51.5,0.0008502118916955665
quadrature,eta,52.5,0.001110692915442911
quadrature,eta,53.5,0.0014343706997912973
quadrature,eta,54.5,0.0018307733621159216
quadrature,eta,55.5,0.0023092150842995186
quadrature,eta,56.5,0.0028783637936250716
quadrature,eta,57.5,0.0035458023046874105
quadrature,eta,58.5,0.004317618711589294
quadrature,eta,59.5,0.005198060008629153
quadrature,eta,60.5,0.0061892767438832255
quadrature,eta,61.5,0.0072911770614462095
quadrature,eta,62.5,0.008501397361958603
quadrature,eta,63.5,0.009815385741082183
quadrature,eta,64.5,0.011226584864861723
quadrature,eta,65.5,0.012726694049591845
quadrature,eta,66.5,0.014305986493521083
quadrature,eta,67.5,0.015953656776959108
quadrature,eta,68.5,0.017658175416282822
quadrature,eta,69.5,0.019407630706305308
quadrature,eta,70.5,0.021190042537589507
quadrature,eta,71.5,0.022993637628633542
quadrature,eta,72.5,0.024807080120320315
quadrature,eta,73.5,0.026619655378014178
quadrature,eta,74.5,0.02842140794599108
quadrature,eta,75.5,0.030203236852186073
quadrature,eta,76.5,0.031956952922121966
quadrature,eta,77.5,0.033675303543016205
quadrature,eta,78.5,0.0353519705631316
quadrature,eta,79.5,0.03698154686024523
quadrature,eta,80.5,0.03855949669647128
quadrature,eta,81.5,0.04008210440284766
quadrature,eta,82.5,0.041546415290947034
quadrature,eta,83.5,0.04295017203171128
quadrature,eta,84.5,0.044291749115714
quadrature,eta,85.5,0.04557008743965379
quadrature,eta,86.5,0.04678463056423613
quadrature,eta,87.5,0.04793526376328311
quadrature,eta,88.5,0.04902225663107294
quadrature,eta,89.5,0.05004620972948329
quadrature,eta,90.5,0.05100800553091527
quadrature,eta,91.5,0.051908763739318145
quadrature,eta,92.5,0.05274980094154363
quadrature,eta,93.5,0.05353259444716458
quadrature,eta,94.5,0.05425875010986795
quadrature,eta,95.5,0.05492997388152486
quadrature,eta,96.5,0.05554804682589117
quadrature,eta,97.5,0.05611480330834796
quadrature,eta,98.5,0.05663211207764513
quadrature,eta,99.5,0.05710185996243502
quadrature,eta,100.5,0.05752593791723654
quadrature,eta,101.5,0.05790622916763078
quadrature,eta,102.5,0.058244599221634635
quadrature,eta,103.5,0.05854288753227646
quadrature,eta,104.5,0.058802900614689874
quadrature,eta,105.5,0.059026406439087284
quadrature,eta,106.5,0.05921512993824441
quadrature,eta,107.5,0.05937074948457108
quadrature,eta,108.5,0.059494894207134344
quadrature,eta,109.5,0.05958914203320017
quadrature,eta,110.5,0.05965501835186299
quadrature,eta,111.5,0.05969399520920638
quadrature,eta,112.5,0.0597074909551269
quadrature,eta,113.5,0.059696870271685076
quadrature,eta,114.5,0.05966344452148381
quadrature,eta,115.5,0.05960847236232757
quadrature,eta,116.5,0.05953316058138893
quadrature,eta,117.5,0.059438665108135794
quadrature,eta,118.5,0.05932609217081144
quadrature,eta,119.5,0.05919649956600421
quadrature,eta,120.5,0.05905089801506297
quadrature,eta,121.5,0.05889025258487648
quadrature,eta,122.5,0.05871548415377315
quadrature,eta,123.5,0.05852747090618715
quadrature,eta,124.5,0.05832704984214583
quadrature,eta,125.5,0.0581150182899272
quadrature,eta,126.5,0.05789213541215558
quadrature,eta,127.5,0.05765912369708287
quadrature,eta,128.5,0.057416670428274176
quadrature,eta,129.5,0.05716542912746819
quadrature,eta,130.5,0.056906020966151924
quadrature,eta,131.5,0.05663903614205041
quadrature,eta,132.5,0.05636503521796536
quadrature,eta,133.5,0.05608455042149432
quadrature,eta,134.5,0.05579808690379557
quadrature,eta,135.5,0.05550612395571552
quadrature,eta,136.5,0.0552091161814193
quadrature,eta,137.5,0.054907494630502575
quadrature,eta,138.5,0.054601667887565666
quadrature,eta,139.5,0.05429202311792345
quadrature,eta,140.5,0.05397892707153942
quadrature,eta,141.5,0.05366272704857988
quadrature,eta,142.5,0.053343751825657086
quadrature,eta,143.5,0.05302231253953969
quadrature,eta,144.5,0.05269870353086349
quadrature,eta,145.5,0.05237320315532367
quadrature,eta,146.5,0.052046074563409206
quadrature,eta,147.5,0.051717566441155084
quadrature,eta,148.5,0.05138791370967587
quadrature,eta,149.5,0.05105733819498762
quadrature,eta,150.5,0.05072604927880945
quadrature,eta,151.5,0.0503942445225758
quadrature,eta,152.5,0.050062110248609216
quadrature,eta,153.5,0.04972982208143706
quadrature,eta,154.5,0.049397545473925844
quadrature,eta,155.5,0.049065436231738375
quadrature,eta,156.5,0.04873364101535761
quadrature,eta,157.5,0.048402297789957915
quadrature,eta,158.5,0.0480715362296747
quadrature,eta,159.5,0.047741478119895944
quadrature,eta,160.5,0.04741223778430815
quadrature,eta,161.5,0.047083922505410505
quadrature,eta,162.5,0.046756632881377415
quadrature,eta,163.5,0.046430463110659695
quadrature,eta,164.5,0.046105501267392525
quadrature,eta,165.5,0.04578182963502142
quadrature,eta,166.5,0.04545952508462178
quadrature,eta,167.5,0.0451386594058138
quadrature,eta,168.5,0.044819299519652474
quadrature,eta,169.5,0.04450150761471639
quadrature,eta,170.5,0.04418534133113065
quadrature,eta,171.5,0.04387085407088156
quadrature,eta,172.5,0.043558095370239934
quadrature,eta,173.5,0.04324711117676016
quadrature,eta,174.5,0.042937943938030985
quadrature,eta,175.5,0.042630632583722676
quadrature,eta,176.5,0.042325212597468236
quadrature,eta,177.5,0.04202171630499076
quadrature,eta,178.5,0.04172017329823482
quadrature,eta,179.5,0.04142061076060278
quadrature,eta,180.5,0.04112305351161126
quadrature,eta,181.5,0.04082752382190559
quadrature,eta,182.5,0.04053404126358103
quadrature,eta,183.5,0.04024262285825243
quadrature,eta,184.5,0.03995328354779947
quadrature,eta,185.5,0.0396660367272252
quadrature,eta,186.5,0.0393808944878345
quadrature,eta,187.5,0.039097867416260465
quadrature,eta,188.5,0.03881696414052693
quadrature,eta,189.5,0.03853819103823506
quadrature,eta,190.5,0.03826155243493945
quadrature,eta,191.5,0.03798705126827831
quadrature,eta,192.5,0.037714689828625005
quadrature,eta,193.5,0.03744447008581867
quadrature,eta,194.5,0.03717639336702132
quadrature,eta,195.5,0.03691045959870511
quadrature,eta,196.5,0.036646666655865544
quadrature,eta,197.5,0.036385010333765136
quadrature,eta,198.5,0.036125485070694054
quadrature,eta,199.5,0.035868085048681254
quadrature,eta,200.5,0.035612805012880756
quadrature,eta,201.5,0.03535964027896261
quadrature,eta,202.5,0.0351085858776474
quadrature,eta,203.5,0.03485963532756084
quadrature,eta,204.5,0.034612779795152974
quadrature,eta,205.5,0.034368008217601366
quadrature,eta,206.5,0.034125308423793035
quadrature,eta,207.5,0.033884668697753306
quadrature,eta,208.5,0.033646078932085405
quadrature,eta,209.5,0.03340953069703432
quadrature,eta,210.5,0.03317501611862062
quadrature,eta,211.5,0.03294252611285117
quadrature,eta,212.5,0.03271204890680962
quadrature,eta,213.5,0.032483569676974036
quadrature,eta,214.5,0.03225707159081756
quadrature,eta,215.5,0.03203253782261904
quadrature,eta,216.5,0.03180995359189232
quadrature,eta,217.5,0.03158930721122789
quadrature,eta,218.5,0.03137058957013258
quadrature,eta,219.5,0.031153792216648123
quadrature,eta,220.5,0.030938904879911997
quadrature,eta,221.5,0.03072591357984798
quadrature,eta,222.5,0.0305148002472261
quadrature,eta,223.5,0.030305544123560735
quadrature,eta,224.5,0.030098124416710892
quadrature,eta,225.5,0.0298925231073125
quadrature,eta,226.5,0.029688726691247648
quadrature,eta,227.5,0.029486726056312387
quadrature,eta,228.5,0.029286514455256887
quadrature,eta,229.5,0.029088084333732726
quadrature,eta,230.5,0.02889142427044118
quadrature,eta,231.5,0.028696517282775554
quadrature,eta,232.5,0.028503341243822648
quadrature,eta,233.5,0.02831187134525527
quadrature,eta,234.5,0.028122083741752547
quadrature,eta,235.5,0.02793395903384451
quadrature,eta,236.5,0.02774748426956344
quadrature,eta,237.5,0.0275626526618772
quadrature,eta,238.5,0.02737946103768365
quadrature,eta,239.5,0.027197905856447862
quadrature,eta,240.5,0.02701797916769637
quadrature,eta,241.5,0.02683966592955538
quadrature,eta,242.5,0.026662943669096162
quadrature,eta,243.5,0.02648778468375465
quadrature,eta,244.5,0.026314160128570817
quadrature,eta,245.5,0.026142044692736892
quadrature,eta,246.5,0.02597142035090131
quadrature,eta,247.5,0.025802277947453937
quadrature,eta,248.5,0.025634616043557053
quadrature,eta,249.5,0.025468437310806735
quadrature,eta,250.5,0.02530374352315358
quadrature,eta,251.5,0.02514053064460613
quadrature,eta,252.5,0.024978785502120675
quadrature,eta,253.5,0.024818485079021388
quadrature,eta,254.5,0.024659598704288258
quadrature,beta,20.5,8.342348155022865e-05
quadrature,beta,21.5,9.81765477623931e-05
quadrature,beta,22.5,0.00011528783183428178
quadrature,beta,23.5,0.00013508378817573942
quadrature,beta,24.5,0.00015792706487068606
quadrature,beta,25.5,0.00018421904370929232
quadrature,beta,26.5,0.00021440232892260265
quadrature,beta,27.5,0.0002489631421726292
quadrature,beta,28.5,0.00028843357727426186
quadrature,beta,29.5,0.00033339366458261027
quadrature,beta,30.5,0.00038447319214917697
quadrature,beta,31.5,0.0004423532288182144
quadrature,beta,32.5,0.0005077672935760493
quadrature,beta,33.5,0.0005815021158489253
quadrature,beta,34.5,0.0006643979332123172
quadrature,beta,35.5,0.0007573482762388209
quadrature,beta,36.5,0.0008612991950495176
quadrature,beta,37.5,0.000977247888568137
quadrature,beta,38.5,0.0011062407054827357
quadrature,beta,39.5,0.001249370495405148
quadrature,beta,40.5,0.0014077732995348602
quadrature,beta,41.5,0.0015826243820642298
quadrature,beta,42.5,0.001775133616335355
quadrature,beta,43.5,0.001986540253046854
quadrature,beta,44.5,0.002218107111240453
quadrature,beta,45.5,0.002471114245975888
quadrature,beta,46.5,0.0027468521591085984
quadrature,beta,47.5,0.003046614631014456
quadrature,beta,48.5,0.003371691261055342
quadrature,beta,49.5,0.003723359812713937
quadrature,beta,50.5,0.004102878465331842
quadrature,beta,51.5,0.004511478078053184
quadrature,beta,52.5,0.004950354572743794
quadrature,beta,53.5,0.0054206615412927045
quadrature,beta,54.5,0.005923503178817139
quadrature,beta,55.5,0.006459927638035336
quadrature,beta,56.5,0.007030920891640766
quadrature,beta,57.5,0.00763740117919421
quadrature,beta,58.5,0.00828021410318986
quadrature,beta,59.5,0.008960128425942496
quadrature,beta,60.5,0.009677832605178039
quadrature,beta,61.5,0.010433932092130773
quadrature,beta,62.5,0.01122894740196337
quadrature,beta,63.5,0.012063312952782339
quadrature,beta,64.5,0.012937376656820094
quadrature,beta,65.5,0.01385140023573978
quadrature,beta,66.5,0.014805560221728525
quadrature,beta,67.5,0.015799949597305914
quadrature,beta,68.5,0.01683458001959127
quadrature,beta,69.5,0.01790938456931998
quadrature,beta,70.5,0.0190242209610373
quadrature,beta,71.5,0.02017887514869933
quadrature,beta,72.5,0.02137306526013116
quadrature,beta,73.5,0.022606445794443233
quadrature,beta,74.5,0.023878612018310076
quadrature,beta,75.5,0.0251891044998557
quadrature,beta,76.5,0.026537413722581782
quadrature,beta,77.5,0.027922984726103144
quadrature,beta,78.5,0.029345221725287373
quadrature,beta,79.5,0.030803492664509262
quadrature,beta,80.5,0.03229713366904145
quadrature,beta,81.5,0.03382545336090523
quadrature,beta,82.5,0.035387737011731916
quadrature,beta,83.5,0.03698325051024218
quadrature,beta,84.5,0.038611244126688954
quadrature,beta,85.5,0.04027095606109562
quadrature,beta,86.5,0.041961615766192145
quadrature,beta,87.5,0.043682447039616684
quadrature,beta,88.5,0.045432670883270534
quadrature,beta,89.5,0.047211508130596574
quadrature,beta,90.5,0.04901818184497234
quadrature,beta,91.5,0.05085191949456491
quadrature,beta,92.5,0.05271195491070367
quadrature,beta,93.5,0.054597530038198984
quadrature,beta,94.5,0.05650789648715078
quadrature,beta,95.5,0.05844231689657813
quadrature,beta,96.5,0.060400066120770715
quadrature,beta,97.5,0.062380432249568234
quadrature,beta,98.5,0.0643827174739837
quadrature,beta,99.5,0.06640623880850442
quadrature,beta,100.5,0.0684503286813103
quadrature,beta,101.5,0.0705143354033642
quadrature,beta,102.5,0.07259762352699288
quadrature,beta,103.5,0.0746995741041316
quadrature,beta,104.5,0.076819584853994
quadrature,beta,105.5,0.07895707024933728
quadrature,beta,106.5,0.0811114615300287
quadrature,beta,107.5,0.0832822066520369
quadrature,beta,108.5,0.08546877017942613
quadrature,beta,109.5,0.08767063312639303
quadrature,beta,110.5,0.08988729275582424
quadrature,beta,111.5,0.09211826234037408
quadrature,beta,112.5,0.09436307089151379
quadrature,beta,113.5,0.09662126286152754
quadrature,beta,114.5,0.09889239782301214
quadrature,beta,115.5,0.10117605012997233
quadrature,beta,116.5,0.10347180856418921
quadrature,beta,117.5,0.10577927597018115
quadrature,beta,118.5,0.10809806888174768
quadrature,beta,119.5,0.1104278171426906
quadrature,beta,120.5,0.11276816352406761
quadrature,beta,121.5,0.11511876334004345
quadrature,beta,122.5,0.1174792840641199
quadrature,beta,123.5,0.11984940494734712
quadrature,beta,124.5,0.12222881663985571
quadrature,beta,125.5,0.1246172208168951
quadrature,beta,126.5,0.12701432981035687
quadrature,beta,127.5,0.12941986624667487
quadrature,beta,128.5,0.1318335626917369
quadrature,beta,129.5,0.1342551613034578
quadrature,beta,130.5,0.13668441349242785
quadrature,beta,131.5,0.13912107959104192
quadrature,beta,132.5,0.14156492853137587
quadrature,beta,133.5,0.14401573753200578
quadrature,beta,134.5,0.1464732917939237
quadrature,beta,135.5,0.14893738420561245
quadrature,beta,136.5,0.15140781505730677
quadrature,beta,137.5,0.15388439176442495
quadrature,beta,138.5,0.156366928600094
quadrature,beta,139.5,0.15885524643670856
quadrature,beta,140.5,0.16134917249635397
quadrature,beta,141.5,0.16384854010997946
quadrature,beta,142.5,0.16635318848516228
quadrature,beta,143.5,0.16886296248224933
quadrature,beta,144.5,0.17137771239872307
quadrature,beta,145.5,0.17389729376152946
quadrature,beta,146.5,0.17642156712721185
quadrature,beta,147.5,0.17895039788960204
quadrature,beta,148.5,0.18148365609484535
quadrature,beta,149.5,0.18402121626354417
quadrature,beta,150.5,0.18656295721977376
quadrature,beta,151.5,0.18910876192677656
quadrature,beta,152.5,0.19165851732907774
quadrature,beta,153.5,0.19421211420082943
quadrature,beta,154.5,0.19676944700012397
quadrature,beta,155.5,0.19933041372909588
quadrature,beta,156.5,0.20189491579959284
quadrature,beta,157.5,0.20446285790420024
quadrature,beta,158.5,0.20703414789241395
quadrature,beta,159.5,0.2096086966517753
quadrature,beta,160.5,0.2121864179937811
quadrature,beta,161.5,0.2147672285443526
quadrature,beta,162.5,0.21735104763871638
quadrature,beta,163.5,0.21993779722051648
quadrature,beta,164.5,0.2225274017449681
quadrature,beta,165.5,0.2251197880858954
quadrature,beta,166.5,0.22771488544652463
quadrature,beta,167.5,0.2303126252738508
quadrature,beta,168.5,0.2329129411764176
quadrature,beta,169.5,0.23551576884542247
quadrature,beta,170.5,0.23812104597896994
quadrature,beta,171.5,0.24072871220932557
quadrature,beta,172.5,0.24333870903311247
quadrature,beta,173.5,0.24595097974425936
quadrature,beta,174.5,0.24856546936961618
quadrature,beta,175.5,0.25118212460713796
quadrature,beta,176.5,0.25380089376650294
quadrature,beta,177.5,0.2564217267120764
quadrature,beta,178.5,0.2590445748081285
quadrature,beta,179.5,0.26166939086618796
quadrature,beta,180.5,0.2642961290944834
quadrature,beta,181.5,0.26692474504933517
quadrature,beta,182.5,0.26955519558845714
quadrature,beta,183.5,0.2721874388260658
quadrature,beta,184.5,0.27482143408973153
quadrature,beta,185.5,0.27745714187889065
quadrature,beta,186.5,0.2800945238249648
quadrature,beta,187.5,0.28273354265299533
quadrature,beta,188.5,0.2853741621447508
quadrature,beta,189.5,0.2880163471032555
quadrature,beta,190.5,0.2906600633186407
quadrature,beta,191.5,0.29330527753529956
quadrature,beta,192.5,0.2959519574202884
quadrature,beta,193.5,0.2986000715328986
quadrature,beta,194.5,0.30124958929539736
quadrature,beta,195.5,0.3039004809648317
quadrature,beta,196.5,0.30655271760589337
quadrature,beta,197.5,0.3092062710648097
quadrature,beta,198.5,0.31186111394418076
quadrature,beta,199.5,0.3145172195787648
quadrature,beta,200.5,0.3171745620121665
quadrature,beta,201.5,0.31983311597438446
quadrature,beta,202.5,0.3224928568602113
quadrature,beta,203.5,0.32515376070846885
quadrature,beta,204.5,0.3278158041820397
quadrature,beta,205.5,0.33047896454872183
quadrature,beta,206.5,0.33314321966289556
quadrature,beta,207.5,0.3358085479480582
quadrature,beta,208.5,0.3384749283802518
quadrature,beta,209.5,0.34114234047251807
quadrature,beta,210.5,0.3438107642605176
quadrature,beta,211.5,0.3464801802895952
quadrature,beta,212.5,0.3491505696036451
quadrature,beta,213.5,0.35182191373637617
quadrature,beta,214.5,0.35449419470588617
quadrature,beta,215.5,0.35716739501384226
quadrature,beta,216.5,0.35984149765129037
quadrature,beta,217.5,0.3625164861140949
quadrature,beta,218.5,0.36519234443259535
quadrature,beta,219.5,0.36786905722224433
quadrature,beta,220.5,0.37054660976565423
quadrature,beta,221.5,0.37322498814158794
quadrature,beta,222.5,0.3759041794246734
quadrature,beta,223.5,0.3785841719916193
quadrature,beta,224.5,0.38126495598862986
quadrature,beta,225.5,0.3839465240428558
quadrature,beta,226.5,0.38662887234432397
quadrature,beta,227.5,0.38931200229075663
quadrature,beta,228.5,0.3919959229887933
quadrature,beta,229.5,0.3946806550589735
quadrature,beta,230.5,0.3973662364261567
quadrature,beta,231.5,0.4000527311331837
quadrature,beta,232.5,0.4027402427546796
quadrature,beta,233.5,0.40542893480138076
quadrature,beta,234.5,0.40811906172513884
quadrature,beta,235.5,0.4108110159513294
quadrature,beta,236.5,0.413505399045134
quadrature,beta,237.5,0.41620312902462625
quadrature,beta,238.5,0.41890560144186517
quadrature,beta,239.5,0.4216149297487
quadrature,beta,240.5,0.42433430129922567
quadrature,beta,241.5,0.4270684997159382
quadrature,beta,242.5,0.4298246625511698
quadrature,beta,243.5,0.43261336472230927
quadrature,beta,244.5,0.43545014107201196
quadrature,beta,245.5,0.43835758100274796
quadrature,beta,246.5,0.44136813604190006
quadrature,beta,247.5,0.44452776421245493
quadrature,beta,248.5,0.44790047546401784
quadrature,beta,249.5,0.45157372073561536
quadrature,beta,250.5,0.4556643695637196
quadrature,beta,251.5,0.4603247513113715
quadrature,beta,252.5,0.46574792956102834
quadrature,beta,253.5,0.47217111771494674
quadrature,beta,254.5,0.4798760435269778
refined,homogeneous,20.5,7.555385241038547e-09
refined,homogeneous,21.5,1.0136009812912493e-08
refined,homogeneous,22.5,1.3591296904975893e-08
refined,homogeneous,23.5,1.8215126438675116e-08
refined,homogeneous,24.5,2.4399143828675978e-08
refined,homogeneous,25.5,3.266491406235764e-08
refined,homogeneous,26.5,4.370651099678996e-08
refined,homogeneous,27.5,5.844687557501132e-08
refined,homogeneous,28.5,7.811232166072923e-08
refined,homogeneous,29.5,1.0433093319562784e-07
refined,homogeneous,30.5,1.3926237651957335e-07
refined,homogeneous,31.5,1.8576896928733985e-07
refined,homogeneous,32.5,2.476408593305315e-07
refined,homogeneous,33.5,3.298920736542561e-07
refined,homogeneous,34.5,4.39149255259745e-07
refined,homogeneous,35.5,5.841614386132292e-07
refined,homogeneous,36.5,7.764676347210434e-07
refined,homogeneous,37.5,1.0312698227542161e-06
refined,homogeneous,38.5,1.3685728284438783e-06
refined,homogeneous,39.5,1.8146703240362425e-06
refined,homogeneous,40.5,2.404078822561184e-06
refined,homogeneous,41.5,3.182050310902105e-06
refined,homogeneous,42.5,4.20783060701854e-06
refined,homogeneous,43.5,5.55887650705147e-06
refined,homogeneous,44.5,7.336302567539171e-06
refined,homogeneous,45.5,9.671900649052902e-06
refined,homogeneous,46.5,1.2737165324287133e-05
refined,homogeneous,47.5,1.6754869649994025e-05
refined,homogeneous,48.5,2.201387288326417e-05
refined,homogeneous,49.5,2.888800927447049e-05
refined,homogeneous,50.5,3.786011030729642e-05
refined,homogeneous,51.5,4.955245715885181e-05
refined,homogeneous,52.5,6.476525115470133e-05
refined,homogeneous,53.5,8.452503251514807e-05
refined,homogeneous,54.5,0.00011014537543472501
refined,homogeneous,55.5,0.00014330264199480835
refined,homogeneous,56.5,0.00018613008650307042
refined,homogeneous,57.5,0.0002413341581505778
refined,homogeneous,58.5,0.00031233743836470775
refined,homogeneous,59.5,0.0004034532445962098
refined,homogeneous,60.5,0.000520097495826813
refined,homogeneous,61.5,0.000669043911472836
refined,homogeneous,62.5,0.0008587289295434259
refined,homogeneous,63.5,0.0010996127848568826
refined,homogeneous,64.5,0.0014046028642501164
refined,homogeneous,65.5,0.0017895446133267298
refined,homogeneous,66.5,0.002273783755220125
refined,homogeneous,67.5,0.0028808012422671153
refined,homogeneous,68.5,0.003638919061985081
refined,homogeneous,69.5,0.004582070672351681
refined,homogeneous,70.5,0.0057506244443006034
refined,homogeneous,71.5,0.007192242160357157
refined,homogeneous,72.5,0.00896274763830614
refined,homogeneous,73.5,0.011126973387407802
refined,homogeneous,74.5,0.013759546528677963
refined,homogeneous,75.5,0.016945569854005107
refined,homogeneous,76.5,0.020781150791974446
refined,homogeneous,77.5,0.02537373109930134
refined,homogeneous,78.5,0.030842174035156825
refined,homogeneous,79.5,0.037316573980744915
refined,homogeneous,80.5,0.04493776581757716
refined,homogeneous,81.5,0.053856527166136675
refined,homogeneous,82.5,0.06423248452719804
refined,homogeneous,83.5,0.07623275273102516
refined,homogeneous,84.5,0.09003035394794712
refined,homogeneous,85.5,0.10580247600622697
refined,homogeneous,86.5,0.12372863846156701
refined,homogeneous,87.5,0.14398883796550457
refined,homogeneous,88.5,0.16676174193409923
refined,homogeneous,89.5,0.19222299198805348
refined,homogeneous,90.5,0.2205436673347627
refined,homogeneous,91.5,0.25188894471615947
refined,homogeneous,92.5,0.2864169773183252
refined,homogeneous,93.5,0.32427800151169917
refined,homogeneous,94.5,0.3656136685041405
refined,homogeneous,95.5,0.4105565885832966
refined,homogeneous,96.5,0.45923006884307715
refined,homogeneous,97.5,0.511748021055954
refined,homogeneous,98.5,0.5682150143634719
refined,homogeneous,99.5,0.6287264472804391
refined,homogeneous,100.5,0.6933688146690892
refined,homogeneous,101.5,0.7622200473856648
refined,homogeneous,102.5,0.8353499048431874
refined,homogeneous,103.5,0.9128204034565637
refined,homogeneous,104.5,0.9946862666147516
refined,homogeneous,105.5,1.080995384306256
refined,homogeneous,106.5,1.1717892727219523
refined,homogeneous,107.5,1.267103526039351
refined,homogeneous,108.5,1.366968254155818
refined,homogeneous,109.5,1.4714085014125748
refined,homogeneous,110.5,1.5804446423828526
refined,homogeneous,111.5,1.694092751635024
refined,homogeneous,112.5,1.8123649450837014
refined,homogeneous,113.5,1.9352696911551877
refined,homogeneous,114.5,2.0628120905660543
refined,homogeneous,115.5,2.1949941240787485
refined,homogeneous,116.5,2.33181486817575
refined,homogeneous,117.5,2.4732706791984485
refined,homogeneous,118.5,2.6193553471185433
refined,homogeneous,119.5,2.7700602207377263
refined,homogeneous,120.5,2.9253743067152698
refined,homogeneous,121.5,3.085284345374003
refined,homogeneous,122.5,3.249774866695473
refined,homogeneous,123.5,3.4188282302538577
refined,homogeneous,124.5,3.5924246530276647
refined,homogeneous,125.5,3.770542229054138
refined,homogeneous,126.5,3.9531569447470134
refined,homogeneous,127.5,4.14024269339545
refined,homogeneous,128.5,4.331771291921155
refined,homogeneous,129.5,4.527712502423921
refined,homogeneous,130.5,4.728034060432211
refined,homogeneous,131.5,4.932701711135339
refined,homogeneous,132.5,5.141679254249058
refined,homogeneous,133.5,5.354928597591468
refined,homogeneous,134.5,5.572409818948487
refined,homogeneous,135.5,5.794081235408491
refined,homogeneous,136.5,6.019899479052088
refined,homogeneous,137.5,6.249819577696716
refined,homogeneous,138.5,6.483795039309019
refined,homogeneous,139.5,6.721777938700032
refined,homogeneous,140.5,6.963719005190459
refined,homogeneous,141.5,7.209567710059469
refined,homogeneous,142.5,7.459272352752825
refined,homogeneous,143.5,7.71278014500612
refined,homogeneous,144.5,7.970037292225462
refined,homogeneous,145.5,8.230989071647977
refined,homogeneous,146.5,8.495579906968235
refined,homogeneous,147.5,8.76375343926382
refined,homogeneous,148.5,9.035452594173245
refined,homogeneous,149.5,9.310619645379166
refined,homogeneous,150.5,9.58919627452415
refined,homogeneous,151.5,9.871123627739898
refined,homogeneous,152.5,10.156342369006346
refined,homogeneous,153.5,10.444792730575841
refined,homogeneous,154.5,10.73641456070411
refined,homogeneous,155.5,11.031147368927236
refined,homogeneous,156.5,11.328930369111445
refined,homogeneous,157.5,11.629702520489086
refined,homogeneous,158.5,11.933402566874056
refined,homogeneous,159.5,12.239969074230446
refined,homogeneous,160.5,12.549340466747871
refined,homogeneous,161.5,12.861455061557205
refined,homogeneous,162.5,13.17625110220096
refined,homogeneous,163.5,13.493666790957125
refined,homogeneous,164.5,13.813640320097743
refined,homogeneous,165.5,14.136109902152109
refined,homogeneous,166.5,14.461013799231061
refined,homogeneous,167.5,14.788290351460027
refined,homogeneous,168.5,15.117878004558788
refined,homogeneous,169.5,15.449715336600537
refined,homogeneous,170.5,15.783741083974968
refined,homogeneous,171.5,16.119894166577605
refined,homogeneous,172.5,16.458113712241218
refined,homogeneous,173.5,16.7983390804254
refined,homogeneous,174.5,17.140509885174634
refined,homogeneous,175.5,17.484566017356105
refined,homogeneous,176.5,17.830447666185616
refined,homogeneous,177.5,18.178095340048912
refined,homogeneous,178.5,18.52744988662667
refined,homogeneous,179.5,18.87845251232842
refined,homogeneous,180.5,19.231044801042927
refined,homogeneous,181.5,19.585168732210146
refined,homogeneous,182.5,19.94076669822174
refined,homogeneous,183.5,20.29778152115549
refined,homogeneous,184.5,20.656156468851083
refined,homogeneous,185.5,21.015835270332467
refined,homogeneous,186.5,21.376762130584513
refined,homogeneous,187.5,21.73888174469008
refined,homogeneous,188.5,22.102139311335595
refined,homogeneous,189.5,22.466480545691365
refined,homogeneous,190.5,22.831851691675737
refined,homogeneous,191.5,23.198199533609856
refined,homogeneous,192.5,23.56547140727182
refined,homogeneous,193.5,23.933615210359076
refined,homogeneous,194.5,24.302579412366732
refined,homogeneous,195.5,24.672313063892048
refined,homogeneous,196.5,25.04276580537309
refined,homogeneous,197.5,25.41388787527229
refined,homogeneous,198.5,25.785630117713314
refined,homogeneous,199.5,26.157943989581863
refined,homogeneous,200.5,26.530781567100068
refined,homogeneous,201.5,26.90409555188501
refined,homogeneous,202.5,27.277839276501357
refined,homogeneous,203.5,27.65196670951832
refined,homogeneous,204.5,28.02643246008292
refined,homogeneous,205.5,28.401191782018184
refined,homogeneous,206.5,28.776200577458784
refined,homogeneous,207.5,29.151415400034427
refined,homogeneous,208.5,29.526793457611557
refined,homogeneous,209.5,29.902292614604995
refined,homogeneous,210.5,30.277871393870278
refined,homogeneous,211.5,30.653488978187674
refined,homogeneous,212.5,31.02910521134917
refined,homogeneous,213.5,31.404680598859372
refined,homogeneous,214.5,31.78017630826156
refined,homogeneous,215.5,32.1555541690995
refined,homogeneous,216.5,32.530776672526926
refined,homogeneous,217.5,32.905806970574446
refined,homogeneous,218.5,33.28060887508592
refined,homogeneous,219.5,33.65514685633438
refined,homogeneous,220.5,34.02938604132892
refined,homogeneous,221.5,34.403292211822404
refined,homogeneous,222.5,34.77683180203139
refined,homogeneous,223.5,35.149971896078426
refined,homogeneous,224.5,35.522680225167036
refined,homogeneous,225.5,35.89492516449958
refined,homogeneous,226.5,36.26667572994883
refined,homogeneous,227.5,36.63790157449177
refined,homogeneous,228.5,37.00857298441749
refined,homogeneous,229.5,37.37866087531706
refined,homogeneous,230.5,37.74813678786628
refined,homogeneous,231.5,38.116972883409666
refined,homogeneous,232.5,38.48514193935605
refined,homogeneous,233.5,38.85261734439387
refined,homogeneous,234.5,39.21937309353578
refined,homogeneous,235.5,39.585383783000985
refined,homogeneous,236.5,39.95062460494401
refined,homogeneous,237.5,40.315071342038415
refined,homogeneous,238.5,40.678700361923724
refined,homogeneous,239.5,41.04148861152315
refined,homogeneous,240.5,41.403413611240694
refined,homogeneous,241.5,41.76445344904496
refined,homogeneous,242.5,42.12458677444721
refined,homogeneous,243.5,42.4837927923809
refined,homogeneous,244.5,42.842051256990345
refined,homogeneous,245.5,43.19934246533469
refined,homogeneous,246.5,43.5556472510146
refined,homogeneous,247.5,43.91094697772837
refined,homogeneous,248.5,44.26522353276289
refined,homogeneous,249.5,44.618459320426965
refined,homogeneous,250.5,44.970637255432166
refined,homogeneous,251.5,45.32174075622754
refined,homogeneous,252.5,45.671753738293575
refined,homogeneous,253.5,46.02066060740102
refined,homogeneous,254.5,46.36844625284011
refined,Xc,20.5,0.00015514311530341523
refined,Xc,21.5,0.00016341886308666686
refined,Xc,22.5,0.00017248702858712922
refined,Xc,23.5,0.0001824106258687048
refined,Xc,24.5,0.0001932611147480663
refined,Xc,25.5,0.00020511909808599926
refined,Xc,26.5,0.00021807517213131783
refined,Xc,27.5,0.00023223093604640265
refined,Xc,28.5,0.00024770017158488514
refined,Xc,29.5,0.0002646102083237063
refined,Xc,30.5,0.0002831034941649873
refined,Xc,31.5,0.00030333939523149924
refined,Xc,32.5,0.00032549625396170094
refined,Xc,33.5,0.00034977373931322127
refined,Xc,34.5,0.0003763955286511416
refined,Xc,35.5,0.00040561236726868987
refined,Xc,36.5,0.00043770555870285295
refined,Xc,37.5,0.00047299094722120486
refined,Xc,38.5,0.0005118234632295619
refined,Xc,39.5,0.0005546023130688519
refined,Xc,40.5,0.000601776906929621
refined,Xc,41.5,0.0006538536326418512
refined,Xc,42.5,0.0007114035991374617
refined,Xc,43.5,0.0007750714917060998
refined,Xc,44.5,0.0008455857020676447
refined,Xc,45.5,0.000923769920086907
refined,Xc,46.5,0.0010105564010095263
refined,Xc,47.5,0.0011070011527623393
refined,Xc,48.5,0.0012143013225266012
refined,Xc,49.5,0.0013338151008442573
refined,Xc,50.5,0.0014670845053444694
refined,Xc,51.5,0.0016158614551360533
refined,Xc,52.5,0.0017821376013429327
refined,Xc,53.5,0.001968178439383315
refined,Xc,54.5,0.002176562294578368
refined,Xc,55.5,0.0024102248444871246
refined,Xc,56.5,0.0026725099187811835
refined,Xc,57.5,0.0029672273999817355
refined,Xc,58.5,0.0032987191351099452
refined,Xc,59.5,0.003671933857917909
refined,Xc,60.5,0.00409251221197235
refined,Xc,61.5,0.004566883053897702
refined,Xc,62.5,0.005102372300133505
refined,Xc,63.5,0.005707325655358828
refined,Xc,64.5,0.006391246620877346
refined,Xc,65.5,0.007164951220209271
refined,Xc,66.5,0.008040740889171376
refined,Xc,67.5,0.009032594949656463
refined,Xc,68.5,0.010156384009881222
refined,Xc,69.5,0.011430105497326572
refined,Xc,70.5,0.012874142321336586
refined,Xc,71.5,0.014511545366732029
refined,Xc,72.5,0.016368340123902033
refined,Xc,73.5,0.0184738572505142
refined,Xc,74.5,0.020861086221959882
refined,Xc,75.5,0.0235670504498185
refined,Xc,76.5,0.026633201320636988
refined,Xc,77.5,0.030105827525319217
refined,Xc,78.5,0.03403647481217965
refined,Xc,79.5,0.0384823699114807
refined,Xc,80.5,0.04350684086338113
refined,Xc,81.5,0.04917972436575231
refined,Xc,82.5,0.05557774909098706
refined,Xc,83.5,0.06278488227126329
refined,Xc,84.5,0.07089262531328655
refined,Xc,85.5,0.08000024289796417
refined,Xc,86.5,0.09021490909562445
refined,Xc,87.5,0.10165175365493219
refined,Xc,88.5,0.11443379198791817
refined,Xc,89.5,0.12869172365558507
refined,Xc,90.5,0.14456358651241813
refined,Xc,91.5,0.16219425719223882
refined,Xc,92.5,0.18173479332198045
refined,Xc,93.5,0.20334161862966632
refined,Xc,94.5,0.2271755587277335
refined,Xc,95.5,0.2534007424270287
refined,Xc,96.5,0.2821833904768718
refined,Xc,97.5,0.3136905200650463
refined,Xc,98.5,0.34808859866934105
refined,Xc,99.5,0.38554218441251153
refined,Xc,100.5,0.4262125915535655
refined,Xc,101.5,0.47025661896197
refined,Xc,102.5,0.517825376404392
refined,Xc,103.5,0.5690632384847921
refined,Xc,104.5,0.6241069495644513
refined,Xc,105.5,0.6830848955197796
refined,Xc,106.5,0.7461165503922879
refined,Xc,107.5,0.8133120984382203
refined,Xc,108.5,0.8847722252945432
refined,Xc,109.5,0.9605880663069767
refined,Xc,110.5,1.0408412957255386
refined,Xc,111.5,1.1256043375259468
refined,Xc,112.5,1.2149406769986422
refined,Xc,113.5,1.3089052518066127
refined,Xc,114.5,1.407544901739984
refined,Xc,115.5,1.5108988576599818
refined,Xc,116.5,1.618999251905719
refined,Xc,117.5,1.731871634538497
refined,Xc,118.5,1.8495354820611294
refined,Xc,119.5,1.972004687554277
refined,Xc,120.5,2.0992880234344704
refined,Xc,121.5,2.2313895702051414
refined,Xc,122.5,2.368309106609502
refined,Xc,123.5,2.510042458482075
refined,Xc,124.5,2.656581805318958
refined,Xc,125.5,2.8079159451311724
refined,Xc,126.5,2.964030519494007
refined,Xc,127.5,3.124908201839281
refined,Xc,128.5,3.2905288529379644
refined,Xc,129.5,3.4608696481710033
refined,Xc,130.5,3.6359051815770482
refined,Xc,131.5,3.815607551797174
refined,Xc,132.5,3.9999464349213594
refined,Xc,133.5,4.188889148904769
refined,Xc,134.5,4.382400713701715
refined,Xc,135.5,4.580443910608303
refined,Xc,136.5,4.782979343563719
refined,Xc,137.5,4.989965504388465
refined,Xc,138.5,5.201358843185424
refined,Xc,139.5,5.417113844439151
refined,Xc,140.5,5.637183108753177
refined,Xc,141.5,5.86151743968514
refined,Xc,142.5,6.090065934785289
refined,Xc,143.5,6.3227760797142745
refined,Xc,144.5,6.559593844201553
refined,Xc,145.5,6.800463778590843
refined,Xc,146.5,7.045329109783666
refined,Xc,147.5,7.29413183551591
refined,Xc,148.5,7.5468128160644214
refined,Xc,149.5,7.803311862662958
refined,Xc,150.5,8.063567822093614
refined,Xc,151.5,8.327518657099052
refined,Xc,152.5,8.595101522424052
refined,Xc,153.5,8.866252836436443
refined,Xc,154.5,9.140908348395046
refined,Xc,155.5,9.419003201525268
refined,Xc,156.5,9.700471992133096
refined,Xc,157.5,9.98524882503767
refined,Xc,158.5,10.273267365634698
refined,Xc,159.5,10.564460888921392
refined,Xc,160.5,10.858762325821152
refined,Xc,161.5,11.15610430714722
refined,Xc,162.5,11.456419205540648
refined,Xc,163.5,11.759639175712625
refined,Xc,164.5,12.065696193315677
refined,Xc,165.5,12.37452209276427
refined,Xc,166.5,12.686048604323771
refined,Xc,167.5,13.000207390787702
refined,Xc,168.5,13.31693008406701
refined,Xc,169.5,13.636148322020755
refined,Xc,170.5,13.95779378586432
refined,Xc,171.5,14.28179823849749
refined,Xc,172.5,14.608093564098006
refined,Xc,173.5,14.936611809324992
refined,Xc,174.5,15.26728522646676
refined,Xc,175.5,15.600046318846939
refined,Xc,176.5,15.934827888766947
refined,Xc,177.5,16.2715630882088
refined,Xc,178.5,16.610185472445796
refined,Xc,179.5,16.950629056607116
refined,Xc,180.5,17.292828375113118
refined,Xc,181.5,17.636718543739992
refined,Xc,182.5,17.982235323886485
refined,Xc,183.5,18.329315188403662
refined,Xc,184.5,18.677895388117975
refined,Xc,185.5,19.027914017936034
refined,Xc,186.5,19.379310081179682
refined,Xc,187.5,19.73202355057736
refined,Xc,188.5,20.08599542415075
refined,Xc,189.5,20.441167774105345
refined,Xc,190.5,20.797483786779868
refined,Xc,191.5,21.154887791752298
refined,Xc,192.5,21.513325278355467
refined,Xc,193.5,21.872742898131445
refined,Xc,194.5,22.233088452153364
refined,Xc,195.5,22.5943108626557
refined,Xc,196.5,22.956360129019693
refined,Xc,197.5,23.31918726882802
refined,Xc,198.5,23.68274424539156
refined,Xc,199.5,24.046983883814104
refined,Xc,200.5,24.411859778249866
refined,Xc,201.5,24.77732619347675
refined,Xc,202.5,25.143337964217483
refined,Xc,203.5,25.509850395764527
refined,Xc,204.5,25.876819169391638
refined,Xc,205.5,26.24420025577003
refined,Xc,206.5,26.611949839172716
refined,Xc,207.5,26.980024254679407
refined,Xc,208.5,27.348379939932773
refined,Xc,209.5,27.7169734022928
refined,Xc,210.5,28.085761201538446
refined,Xc,211.5,28.45469994761913
refined,Xc,212.5,28.823746312398658
refined,Xc,213.5,29.192857053885156
refined,Xc,214.5,29.56198905111702
refined,Xc,215.5,29.931099347679012
refined,Xc,216.5,30.30014520174682
refined,Xc,217.5,30.66908414059023
refined,Xc,218.5,31.03787401758299
refined,Xc,219.5,31.40647306995286
refined,Xc,220.5,31.774839975734125
refined,Xc,221.5,32.14293390863882
refined,Xc,222.5,32.51071458982313
refined,Xc,223.5,32.87814233577891
refined,Xc,224.5,33.24517810181497
refined,Xc,225.5,33.611783520803435
refined,Xc,226.5,33.977920937046775
refined,Xc,227.5,34.343553435271055
refined,Xc,228.5,34.70864486487059
refined,Xc,229.5,35.07315985961985
refined,Xc,230.5,35.43706385313343
refined,Xc,231.5,35.80032309039861
refined,Xc,232.5,36.16290463572777
refined,Xc,233.5,36.52477637748843
refined,Xc,234.5,36.885907029964486
refined,Xc,235.5,37.246266132690856
refined,Xc,236.5,37.60582404758557
refined,Xc,237.5,37.96455195418042
refined,Xc,238.5,38.32242184322685
refined,Xc,239.5,38.67940650892724
refined,Xc,240.5,39.035479540016105
refined,Xc,241.5,39.390615309889895
refined,Xc,242.5,39.74478896596109
refined,Xc,243.5,40.09797641838859
refined,Xc,244.5,40.45015432831722
refined,Xc,245.5,40.801300095739876
refined,Xc,246.5,41.151391847079545
refined,Xc,247.5,41.50040842257392
refined,Xc,248.5,41.848329363532
refined,Xc,249.5,42.19513489952127
refined,Xc,250.5,42.54080593553413
refined,Xc,251.5,42.8853240391739
refined,Xc,252.5,43.22867142789366
refined,Xc,253.5,43.57083095631477
refined,Xc,254.5,43.911786103647465
refined,eta,20.5,1.5297119162563913e-08
refined,eta,21.5,2.1945296413399973e-08
refined,eta,22.5,3.1545089632222494e-08
refined,eta,23.5,4.542815587111659e-08
refined,eta,24.5,6.553320391470865e-08
refined,eta,25.5,9.468376557325375e-08
refined,eta,26.5,1.3699249510085863e-07
refined,eta,27.5,1.9844873268910187e-07
refined,eta,28.5,2.877706965436692e-07
refined,eta,29.5,4.1763835729409905e-07
refined,eta,30.5,6.06471447630822e-07
refined,eta,31.5,8.809838099638528e-07
refined,eta,32.5,1.2798360373132328e-06
refined,eta,33.5,1.8588295659216789e-06
refined,eta,34.5,2.6982436201224646e-06
refined,eta,35.5,3.913117005033355e-06
refined,eta,36.5,5.66752114121911e-06
refined,eta,37.5,8.194152282191109e-06
refined,eta,38.5,1.1820868532172071e-05
refined,eta,39.5,1.7006067531958215e-05
refined,eta,40.5,2.438496844359367e-05
refined,eta,41.5,3.482881364917092e-05
refined,eta,42.5,4.9518589626508774e-05
refined,eta,43.5,7.003390689742258e-05
refined,eta,44.5,9.845601077711422e-05
refined,eta,45.5,0.00013748142266155865
refined,eta,46.5,0.00019053948712616047
refined,eta,47.5,0.0002619033970540776
refined,eta,48.5,0.0003567806277161605
refined,eta,49.5,0.0004813659142595723
refined,eta,50.5,0.0006428388645929992
refined,eta,51.5,0.0008492898392532472
refined,eta,52.5,0.0011095623414117118
refined,eta,53.5,0.0014330077634506961
refined,eta,54.5,0.001829158161365173
refined,eta,55.5,0.0023073333735332117
refined,eta,56.5,0.002876208484895752
refined,eta,57.5,0.003543374589032726
refined,eta,58.5,0.004314928675268616
refined,eta,59.5,0.00519512667514028
refined,eta,60.5,0.006186127537160817
refined,eta,61.5,0.007287846747682801
refined,eta,62.5,0.008497926577626484
refined,eta,63.5,0.009811819246720298
refined,eta,64.5,0.011222969675846326
refined,eta,65.5,0.012723077587960962
refined,eta,66.5,0.014302414883180153
refined,eta,67.5,0.015950173373881615
refined,eta,68.5,0.017654819631234737
refined,eta,69.5,0.019404437144977103
refined,eta,70.5,0.02118704045509945
refined,eta,71.5,0.022990850674024493
refined,eta,72.5,0.024804526332402734
refined,eta,73.5,0.02661734738623267
refined,eta,74.5,0.02841935332774883
refined,eta,75.5,0.030201438600024257
refined,eta,76.5,0.03195540997880553
refined,eta,77.5,0.033674011368859044
refined,eta,78.5,0.035350921706752136
refined,eta,79.5,0.03698073151071596
refined,eta,80.5,0.03855890320100676
refined,eta,81.5,0.04008171973961689
refined,eta,82.5,0.0415462254910149
refined,eta,83.5,0.0429501625476635
refined,eta,84.5,0.04429190513722963
refined,eta,85.5,0.045570394158159916
refined,eta,86.5,0.046785073390131694
refined,eta,87.5,0.047935828499987496
refined,eta,88.5,0.04902292961054433
refined,eta,89.5,0.0500469779139587
refined,eta,90.5,0.05100885658553295
refined,eta,91.5,0.051909686080005096
refined,eta,92.5,0.05275078376222351
refined,eta,93.5,0.05353362772993805
refined,eta,94.5,0.05425982462144782
refined,eta,95.5,0.05493108115874133
refined,eta,96.5,0.055549179152748956
refined,eta,97.5,0.05611595368672594
refined,eta,98.5,0.05663327419340933
refined,eta,99.5,0.05710302814844014
refined,eta,100.5,0.057527107114433304
refined,eta,101.5,0.057907394885258735
refined,eta,102.5,0.05824575749729545
refined,eta,103.5,0.05854403489249374
refined,eta,104.5,0.058804034036456114
refined,eta,105.5,0.05902752331274928
refined,eta,106.5,0.05921622803197987
refined,eta,107.5,0.059371826910650925
refined,eta,108.5,0.059495949390070274
refined,eta,109.5,0.05959017367984723
refined,eta,110.5,0.05965602542349327
refined,eta,111.5,0.05969497689553476
refined,eta,112.5,0.059708446650251504
refined,eta,113.5,0.05969779955186907
refined,eta,114.5,0.05966434712472101
refined,eta,115.5,0.059609348169612185
refined,eta,116.5,0.059534009599567
refined,eta,117.5,0.05943948745427893
refined,eta,118.5,0.059326888057999454
refined,eta,119.5,0.059197269290419165
refined,eta,120.5,0.05905164194432574
refined,eta,121.5,0.05889097114749727
refined,eta,122.5,0.05871617782966146
refined,eta,123.5,0.058528140218129035
refined,eta,124.5,0.05832769534815514
refined,eta,125.5,0.05811564057641687
refined,eta,126.5,0.057892735087858076
refined,eta,127.5,0.05765970138763069
refined,eta,128.5,0.05741722677141249
refined,eta,129.5,0.05716596476881228
refined,eta,130.5,0.05690653655546821
refined,eta,131.5,0.05663953233000046
refined,eta,132.5,0.05636551265324254
refined,eta,133.5,0.05608500974833775
refined,eta,134.5,0.05579852875988156
refined,eta,135.5,0.05550654897033599
refined,eta,136.5,0.055209524973886336
refined,eta,137.5,0.05490788780881323
refined,eta,138.5,0.05460204604735475
refined,eta,139.5,0.05429238684160069
refined,eta,140.5,0.05397927692748905
refined,eta,141.5,0.05366306359051046
refined,eta,142.5,0.05334407559226239
refined,eta,143.5,0.05302262405429513
refined,eta,144.5,0.05269900330173397
refined,eta,145.5,0.05237349167441341
refined,eta,146.5,0.052046352306990847
refined,eta,147.5,0.05171783387002983
refined,eta,148.5,0.051388171269322935
refined,eta,149.5,0.05105758631530332
refined,eta,150.5,0.050726288374003586
refined,eta,151.5,0.050394474991790006
refined,eta,152.5,0.05006233247680667
refined,eta,153.5,0.049730036439565424
refined,eta,154.5,0.04939775231832539
refined,eta,155.5,0.04906563590404553
refined,eta,156.5,0.04873383384369913
refined,eta,157.5,0.0484024840904899
refined,eta,158.5,0.048071716306765946
refined,eta,159.5,0.047741652264856486
refined,eta,160.5,0.0474124062746613
refined,eta,161.5,0.047084085606407665
refined,eta,162.5,0.04675679084871501
refined,eta,163.5,0.04643061619151703
refined,eta,164.5,0.046105649698514856
refined,eta,165.5,0.04578197364016677
refined,eta,166.5,0.04545966487491075
refined,eta,167.5,0.04513879518363797
refined,eta,168.5,0.04481943148252338
refined,eta,169.5,0.044501635954894724
refined,eta,170.5,0.04418546623104113
refined,eta,171.5,0.04387097569912014
refined,eta,172.5,0.04355821388312607
refined,eta,173.5,0.043247226725059845
refined,eta,174.5,0.04293805667286508
refined,eta,175.5,0.042630742655628925
refined,eta,176.5,0.04232532014874256
refined,eta,177.5,0.04202182146227193
refined,eta,178.5,0.041720276172961285
refined,eta,179.5,0.04142071145837942
refined,eta,180.5,0.041123152143093734
refined,eta,181.5,0.04082762050551177
refined,eta,182.5,0.04053413611658634
refined,eta,183.5,0.040242715982928834
refined,eta,184.5,0.03995337502432419
refined,eta,185.5,0.03966612662056962
refined,eta,186.5,0.03938098286472313
refined,eta,187.5,0.039097954359454845
refined,eta,188.5,0.03881704974860401
refined,eta,189.5,0.0385382754094816
refined,eta,190.5,0.03826163564639238
refined,eta,191.5,0.03798713336574321
refined,eta,192.5,0.037714770836550615
refined,eta,193.5,0.03744455003184816
refined,eta,194.5,0.037176472304848815
refined,eta,195.5,0.03691053761269016
refined,eta,196.5,0.03664674384248073
refined,eta,197.5,0.03638508677067136
refined,eta,198.5,0.03612556079351612
refined,eta,199.5,0.035868160051853365
refined,eta,200.5,0.03561287927616128
refined,eta,201.5,0.03535971380469145
refined,eta,202.5,0.03510865871595446
refined,eta,203.5,0.034859707572815465
refined,eta,204.5,0.03461285155364057
refined,eta,205.5,0.0343680795638859
refined,eta,206.5,0.03412537937092981
refined,eta,207.5,0.033884739199899774
refined,eta,208.5,0.0336461489203073
refined,eta,209.5,0.03340960013037195
refined,eta,210.5,0.03317508502296563
refined,eta,211.5,0.03294259458559076
refined,eta,212.5,0.032712117082557925
refined,eta,213.5,0.032483637670261335
refined,eta,214.5,0.03225713944429582
refined,eta,215.5,0.03203260548780643
refined,eta,216.5,0.03181002095406982
refined,eta,217.5,0.03158937414855561
refined,eta,218.5,0.03137065601986267
refined,eta,219.5,0.031153858216858173
refined,eta,220.5,0.03093897056568727
refined,eta,221.5,0.030725979133458405
refined,eta,222.5,0.030514865823070052
refined,eta,223.5,0.030305609780792383
refined,eta,224.5,0.030098190090023937
refined,eta,225.5,0.029892588630453472
refined,eta,226.5,0.029688791865363124
refined,eta,227.5,0.029486790735781136
refined,eta,228.5,0.029286578615632754
refined,eta,229.5,0.02908814809290965
refined,eta,230.5,0.02889148785261764
refined,eta,231.5,0.028696580937615974
refined,eta,232.5,0.028503405151295205
refined,eta,233.5,0.028311935542855618
refined,eta,234.5,0.02812214810292138
refined,eta,235.5,0.02793402330750145
refined,eta,236.5,0.02774754816786402
refined,eta,237.5,0.02756271596533298
refined,eta,238.5,0.027379523679895712
refined,eta,239.5,0.027197967957485327
refined,eta,240.5,0.02701804100288178
refined,eta,241.5,0.026839727842790213
refined,eta,242.5,0.02666300595910083
refined,eta,243.5,0.026487847501127947
refined,eta,244.5,0.026314223418368667
refined,eta,245.5,0.02614210820259359
refined,eta,246.5,0.025971483703559423
refined,eta,247.5,0.02580234075581811
refined,eta,248.5,0.02563467803276625
refined,eta,249.5,0.025468498409316406
refined,eta,250.5,0.025303803894162296
refined,eta,251.5,0.025140590647138538
refined,eta,252.5,0.024978845592180922
refined,eta,253.5,0.024818545679032085
refined,eta,254.5,0.024659660078433888
refined,beta,20.5,8.337364454750028e-05
refined,beta,21.5,9.811911456143693e-05
refined,beta,22.5,0.00011522181387845905
refined,beta,23.5,0.00013500809930551863
refined,beta,24.5,0.00015784051676879794
refined,beta,25.5,0.00018412034196296995
refined,beta,26.5,0.00021429006985857556
refined,beta,27.5,0.00024883581062740384
refined,beta,28.5,0.00028828954546679435
refined,beta,29.5,0.0003332311922572834
refined,beta,30.5,0.00038429042815413115
refined,beta,31.5,0.00044214821427600407
refined,beta,32.5,0.0005075379667914351
refined,beta,33.5,0.0005812463190812871
refined,beta,34.5,0.0006641134214162962
refined,beta,35.5,0.0007570327278498169
refined,beta,36.5,0.0008609502248571385
refined,beta,37.5,0.000976863062683361
refined,beta,38.5,0.0011058175583629605
refined,beta,39.5,0.0012489065488586115
refined,beta,40.5,0.0014072660835780719
refined,beta,41.5,0.001582071457461663
refined,beta,42.5,0.001774532598604742
refined,beta,43.5,0.001985888837669572
refined,beta,44.5,0.0022174030997790723
refined,beta,45.5,0.0024703555727651214
refined,beta,46.5,0.002746036918161282
refined,beta,47.5,0.003045741102762427
refined,beta,48.5,0.003370757938535005
refined,beta,49.5,0.003722365426805403
refined,beta,50.5,0.004101822008669076
refined,beta,51.5,0.004510358827236147
refined,beta,52.5,0.00494917210851697
refined,beta,53.5,0.0054194157663832645
refined,beta,54.5,0.005922194333172387
refined,beta,55.5,0.0064585563112412175
refined,beta,56.5,0.007029488032367187
refined,beta,57.5,0.007635908101554591
refined,beta,58.5,0.008278662489970588
refined,beta,59.5,0.008958520328710437
refined,beta,60.5,0.009676170441319548
refined,beta,61.5,0.010432218638949367
refined,beta,62.5,0.011227185787979158
refined,beta,63.5,0.012061506646440056
refined,beta,64.5,0.012935529452843894
refined,beta,65.5,0.013849516239374152
refined,beta,66.5,0.014803643831165544
refined,beta,67.5,0.015798005484582767
refined,beta,68.5,0.016832613110243498
refined,beta,69.5,0.01790740002110161
refined,beta,70.5,0.01902222414199192
refined,beta,71.5,0.0201768716148504
refined,beta,72.5,0.021371060733066084
refined,beta,73.5,0.02260444613902133
refined,beta,74.5,0.023876623220712354
refined,beta,75.5,0.025187132646185044
refined,beta,76.5,0.026535464978164346
refined,beta,77.5,0.02792106531564275
refined,beta,78.5,0.029343337914000015
refined,beta,79.5,0.03080165074031404
refined,beta,80.5,0.03229533992589007
refined,beta,81.5,0.033823714083298186
refined,beta,82.5,0.03538605846044815
refined,beta,83.5,0.036981638909294325
refined,beta,84.5,0.03860970565149353
refined,beta,85.5,0.04026949682785454
refined,beta,86.5,0.04196024182243559
refined,beta,87.5,0.04368116435587864
refined,beta,88.5,0.04543148534585604
refined,beta,89.5,0.04721042553536602
refined,beta,90.5,0.04901720789209982
refined,beta,91.5,0.050851059784213094
refined,beta,92.5,0.052711214939524506
refined,beta,93.5,0.05459691519663392
refined,beta,94.5,0.05650741205743637
refined,beta,95.5,0.058441968051403025
refined,beta,96.5,0.06039985792252981
refined,beta,97.5,0.06238036965015103
refined,beta,98.5,0.064382805315023
refined,beta,99.5,0.06640648182206237
refined,beta,100.5,0.06845073149093336
refined,beta,101.5,0.07051490252545084
refined,beta,102.5,0.07259835937244956
refined,beta,103.5,0.07470048298027787
refined,beta,104.5,0.07682067096664526
refined,beta,105.5,0.07895833770507638
refined,beta,106.5,0.08111291433859372
refined,beta,107.5,0.08328384872884893
refined,beta,108.5,0.08547060534815655
refined,beta,109.5,0.08767266512162994
refined,beta,110.5,0.08988952522575738
refined,beta,111.5,0.09212069884951575
refined,beta,112.5,0.09436571492340617
refined,beta,113.5,0.09662411782146833
refined,beta,114.5,0.0988954670407419
refined,beta,115.5,0.10117933686234132
refined,beta,116.5,0.1034753159977797
refined,beta,117.5,0.1057830072239042
refined,beta,118.5,0.10810202700935276
refined,beta,119.5,0.11043200513525438
refined,beta,120.5,0.11277258431239935
refined,beta,121.5,0.11512341979703174
refined,beta,122.5,0.11748417900702945
refined,beta,123.5,0.11985454114002154
refined,beta,124.5,0.12223419679486944
refined,beta,125.5,0.12462284759761931
refined,beta,126.5,0.1270202058329813
refined,beta,127.5,0.12942599408212668
refined,beta,128.5,0.13183994486756748
refined,beta,129.5,0.13426180030562618
refined,beta,130.5,0.13669131176704424
refined,beta,131.5,0.13912823954602643
refined,beta,132.5,0.14157235253805822
refined,beta,133.5,0.14402342792666817
refined,beta,134.5,0.14648125087927377
refined,beta,135.5,0.14894561425220568
refined,beta,136.5,0.1514163183049028
refined,beta,137.5,0.15389317042329181
refined,beta,138.5,0.15637598485225948
refined,beta,139.5,0.15886458243715323
refined,beta,140.5,0.16135879037415965
refined,beta,141.5,0.1638584419694297
refined,beta,142.5,0.16636337640679302
refined,beta,143.5,0.16887343852386402
refined,beta,144.5,0.17138847859634238
refined,beta,145.5,0.17390835213032194
refined,beta,146.5,0.17643291966236993
refined,beta,147.5,0.17896204656720696
refined,beta,148.5,0.18149560287265384
refined,beta,149.5,0.1840334630817679
refined,beta,150.5,0.18657550600183043
refined,beta,151.5,0.18912161457998777
refined,beta,152.5,0.19167167574535493
refined,beta,153.5,0.19422558025731398
refined,beta,154.5,0.19678322255981426
refined,beta,155.5,0.1993445006414406
refined,beta,156.5,0.20190931590106886
refined,beta,157.5,0.2044775730188386
refined,beta,158.5,0.20704917983233542
refined,beta,159.5,0.2096240472176932
refined,beta,160.5,0.21220208897546847
refined,beta,161.5,0.21478322172111222
refined,beta,162.5,0.21736736477981536
refined,beta,163.5,0.2199544400856048
refined,beta,164.5,0.22254437208447725
refined,beta,165.5,0.22513708764144255
refined,beta,166.5,0.22773251595126712
refined,beta,167.5,0.23033058845284662
refined,beta,168.5,0.2329312387469686
refined,beta,169.5,0.2355344025174002
refined,beta,170.5,0.23814001745512833
refined,beta,171.5,0.24074802318560773
refined,beta,172.5,0.24335836119892887
refined,beta,173.5,0.2459709747827728
refined,beta,174.5,0.24858580895801555
refined,beta,175.5,0.2512028104168852
refined,beta,176.5,0.25382192746357635
refined,beta,177.5,0.25644310995721914
refined,beta,178.5,0.2590663092570663
refined,beta,179.5,0.26169147816984983
refined,beta,180.5,0.26431857089921457
refined,beta,181.5,0.26694754299710105
refined,beta,182.5,0.2695783513170325
refined,beta,183.5,0.272210953969234
refined,beta,184.5,0.27484531027744297
refined,beta,185.5,0.27748138073746487
refined,beta,186.5,0.28011912697723873
refined,beta,187.5,0.28275851171849337
refined,beta,188.5,0.2853994987398352
refined,beta,189.5,0.28804205284127976
refined,beta,190.5,0.29068613981009755
refined,beta,191.5,0.2933317263879539
refined,beta,192.5,0.2959787802393126
refined,beta,193.5,0.2986272699210152
refined,beta,194.5,0.3012771648529957
refined,beta,195.5,0.30392843529008007
refined,beta,196.5,0.3065810522948685
refined,beta,197.5,0.3092349877116093
refined,beta,198.5,0.3118902141410351
refined,beta,199.5,0.3145467049161376
refined,beta,200.5,0.31720443407885374
refined,beta,201.5,0.31986337635762135
refined,beta,202.5,0.3225235071457741
refined,beta,203.5,0.32518480248075876
refined,beta,204.5,0.32784723902417146
refined,beta,205.5,0.33051079404261724
refined,beta,206.5,0.33317544538938165
refined,beta,207.5,0.33584117148693327
refined,beta,208.5,0.3385079513103802
refined,beta,209.5,0.34117576437191466
refined,beta,210.5,0.34384459070643536
refined,beta,211.5,0.34651441085860896
refined,beta,212.5,0.3491852058717488
refined,beta,213.5,0.351856957279096
refined,beta,214.5,0.3545296470983971
refined,beta,215.5,0.35720325783111756
refined,beta,216.5,0.35987777246828506
refined,beta,217.5,0.36255317450601443
refined,beta,218.5,0.36522944797523116
refined,beta,219.5,0.36790657749247174
refined,beta,220.5,0.3705845483421341
refined,beta,221.5,0.37326334660584415
refined,beta,222.5,0.37594295936263955
refined,beta,223.5,0.3786233749960199
refined,beta,224.5,0.3813045836625549
refined,beta,225.5,0.38398657800523217
refined,beta,226.5,0.38666935423824084
refined,beta,227.5,0.38935291379625653
refined,beta,228.5,0.3920372658425279
refined,beta,229.5,0.3947224310844524
refined,beta,230.5,0.39740844758049026
refined,beta,231.5,0.40009537957926966
refined,beta,232.5,0.40278333097295405
refined,beta,233.5,0.4054724657629107
refined,beta,234.5,0.4081630391598578
refined,beta,235.5,0.4108554447637716
refined,beta,236.5,0.41355028595841836
refined,beta,237.5,0.41624848357691846
refined,beta,238.5,0.41895143752528546
refined,beta,239.5,0.4216612679793462
refined,beta,240.5,0.4243811726530587
refined,beta,241.5,0.42711595107784067
refined,beta,242.5,0.42987276512776457
refined,beta,243.5,0.4326622266890874
refined,beta,244.5,0.4354999263874816
refined,beta,245.5,0.4384085370381702
refined,beta,246.5,0.44142063352750205
refined,beta,247.5,0.4445823539167762
refined,beta,248.5,0.447957966844599
refined,beta,249.5,0.45163528826224225
refined,beta,250.5,0.45573169215867887
refined,beta,251.5,0.4604001889877189
refined,beta,252.5,0.4658347386142391
refined,beta,253.5,0.4722737018398032
refined,beta,254.5,0.480000233660899
