scenario,fraction,probability
baseline,0.0,0.005247153182080241
baseline,0.0005,0.015431364099186853
baseline,0.001,0.022096307822070168
baseline,0.0015,0.022155132255934983
baseline,0.002,0.02004027060161379
baseline,0.0025,0.017494070843886364
baseline,0.003,0.015126985347046118
baseline,0.0035,0.013096716093310893
baseline,0.004,0.011403824944181472
baseline,0.0045000000000000005,0.009991058315846865
baseline,0.005,0.00882536257235009
baseline,0.0055,0.007842287516960115
baseline,0.006,0.007014247155895599
baseline,0.006500000000000001,0.006335428760331339
baseline,0.007,0.005735955139513472
baseline,0.0075,0.005225267899675026
baseline,0.008,0.004794332851329311
baseline,0.0085,0.004410810704064311
baseline,0.009000000000000001,0.0040826929004940385
baseline,0.0095,0.0037925063935179415
baseline,0.01,0.0035389644938464923
baseline,0.0105,0.003311594583793463
baseline,0.011,0.0031188200515482535
baseline,0.0115,0.0029406534362995773
baseline,0.012,0.00278375798672295
baseline,0.0125,0.002643395344971161
baseline,0.013000000000000001,0.0025186464600020744
baseline,0.0135,0.002405833288780362
baseline,0.014,0.0023058167674856367
baseline,0.0145,0.002215152527448768
baseline,0.015,0.002131827561144162
baseline,0.0155,0.0020606061091413335
baseline,0.016,0.0019904995283845255
baseline,0.0165,0.0019322511632239802
baseline,0.017,0.0018769851390957662
baseline,0.0175,0.001827453929752654
baseline,0.018000000000000002,0.0017837672931181295
baseline,0.0185,0.0017400608214958356
baseline,0.019,0.0017077330321408023
baseline,0.0195,0.0016714871604280972
baseline,0.02,0.0016408975942625273
baseline,0.0205,0.0016133285611200224
baseline,0.021,0.0015878574451415079
baseline,0.021500000000000002,0.0015655031811496847
baseline,0.022,0.0015456188947092636
baseline,0.0225,0.0015259037822598351
baseline,0.023,0.0015051192730790226
baseline,0.0235,0.001495439504226268
baseline,0.024,0.0014794574173875653
baseline,0.0245,0.0014666873162210502
baseline,0.025,0.001454801431463866
baseline,0.025500000000000002,0.001443883843872446
baseline,0.026000000000000002,0.0014345272616965651
baseline,0.0265,0.001427000334712973
baseline,0.027,0.0014190108052129502
baseline,0.0275,0.0014114465381549366
baseline,0.028,0.00140715429190098
baseline,0.0285,0.0013998431215382955
baseline,0.029,0.0013955038539272444
baseline,0.029500000000000002,0.0013919635683701497
baseline,0.03,0.001387113019669693
baseline,0.0305,0.0013847807464863842
baseline,0.031,0.0013728130187036182
baseline,0.0315,0.001389943285174385
baseline,0.032,0.0013717681725641498
baseline,0.0325,0.0013791621223901412
baseline,0.033,0.0013735433757357963
baseline,0.0335,0.001373179803067475
baseline,0.034,0.0013718562152734933
baseline,0.0345,0.0013725307067627259
baseline,0.035,0.001370310631969668
baseline,0.035500000000000004,0.001371920662712107
baseline,0.036000000000000004,0.001369940708019517
baseline,0.0365,0.0013710746752566348
baseline,0.037,0.0013724996396294493
baseline,0.0375,0.0013717530285448027
baseline,0.038,0.0013715414395362008
baseline,0.0385,0.001374228429466912
baseline,0.039,0.0013744437018420965
baseline,0.0395,0.0013748873675340804
baseline,0.04,0.0013772065336455478
baseline,0.0405,0.0013771679391409914
baseline,0.041,0.0013783591229353308
baseline,0.0415,0.0013814020399624332
baseline,0.042,0.0013794697769779886
baseline,0.0425,0.0013844026160283822
baseline,0.043000000000000003,0.0013839372870987675
baseline,0.043500000000000004,0.0013852643271653736
baseline,0.044,0.0013899057627513643
baseline,0.0445,0.001388110985063915
baseline,0.045,0.0013912785917913778
baseline,0.0455,0.001392453067167736
baseline,0.046,0.0013944532168109845
baseline,0.0465,0.0013963261903518764
baseline,0.047,0.0013977617338049135
baseline,0.0475,0.0014006561478811796
baseline,0.048,0.0014013667224682482
baseline,0.0485,0.0014027099400608879
baseline,0.049,0.0014054358258874552
baseline,0.0495,0.001406469611660454
baseline,0.05,0.0014099636003026762
baseline,0.0505,0.0014110726983653876
baseline,0.051000000000000004,0.0014120009713026126
baseline,0.051500000000000004,0.00141485511561772
baseline,0.052000000000000005,0.0014163595930019434
baseline,0.0525,0.0014193337637846766
baseline,0.053,0.001419678455965347
baseline,0.0535,0.0014214084093097554
baseline,0.054,0.0014243343237788596
baseline,0.0545,0.0014251139503241173
baseline,0.055,0.0014278908918846731
baseline,0.0555,0.0014302861251868804
baseline,0.056,0.0014286827906646623
baseline,0.0565,0.0014345422761121616
baseline,0.057,0.0014348585871147015
baseline,0.0575,0.0014357861541408172
baseline,0.058,0.0014372610933358024
baseline,0.0585,0.0014402444381787182
baseline,0.059000000000000004,0.0014431503841538815
baseline,0.059500000000000004,0.001443086377663126
baseline,0.06,0.0014452160883843786
baseline,0.0605,0.001446434336873417
baseline,0.061,0.0014481168906469778
baseline,0.0615,0.0014502943034290865
baseline,0.062,0.001451034169462994
baseline,0.0625,0.0014546139272397136
baseline,0.063,0.0014547141840947232
baseline,0.0635,0.0014557113180798389
baseline,0.064,0.0014579696175007666
baseline,0.0645,0.0014604165494152101
baseline,0.065,0.001459955010975469
baseline,0.0655,0.0014621734647259478
baseline,0.066,0.00146333024694309
baseline,0.0665,0.0014671648297993475
baseline,0.067,0.0014664267765645018
baseline,0.0675,0.00146736794948937
baseline,0.068,0.0014699163862205297
baseline,0.0685,0.0014684015416309966
baseline,0.069,0.0014740495557471445
baseline,0.0695,0.0014728915625161325
baseline,0.07,0.0014744687891059976
baseline,0.07050000000000001,0.0014758916556918585
baseline,0.07100000000000001,0.0014762908746045163
baseline,0.07150000000000001,0.001480651386362642
baseline,0.07200000000000001,0.001478813601540164
baseline,0.0725,0.001480331529793228
baseline,0.073,0.0014812702425231546
baseline,0.0735,0.0014823062587482436
baseline,0.074,0.0014845029786785839
baseline,0.0745,0.0014845354459598191
baseline,0.075,0.0014857426808451864
baseline,0.0755,0.0014872723769144107
baseline,0.076,0.0014864718709826285
baseline,0.0765,0.0014889678744283783
baseline,0.077,0.0014910410272617972
baseline,0.0775,0.0014902611156891383
baseline,0.078,0.0014910982185273075
baseline,0.0785,0.0014917347568183994
baseline,0.079,0.0014933348199120697
baseline,0.0795,0.0014934350825760285
baseline,0.08,0.0014944012366651294
baseline,0.0805,0.0014954285055250524
baseline,0.081,0.0014938841793197648
baseline,0.0815,0.0014980622775840897
baseline,0.082,0.0014966681508421962
baseline,0.0825,0.001498065436627533
baseline,0.083,0.0014980804909938356
baseline,0.0835,0.00150038625404355
baseline,0.084,0.0014998993493280913
baseline,0.0845,0.0015010959494982307
baseline,0.085,0.0014984299882978439
baseline,0.0855,0.0015008421408656753
baseline,0.08600000000000001,0.0015008405092971377
baseline,0.08650000000000001,0.0015018663477303993
baseline,0.08700000000000001,0.001502904476036583
baseline,0.08750000000000001,0.0015015693906233086
baseline,0.088,0.0015010590852826502
baseline,0.0885,0.0015038513495832385
baseline,0.089,0.0015035760537925125
baseline,0.0895,0.001502394549941607
baseline,0.09,0.0015040659387678002
baseline,0.0905,0.001503275602980425
baseline,0.091,0.0015058175322075883
baseline,0.0915,0.001504125278408976
baseline,0.092,0.0015034917544738547
baseline,0.0925,0.0015044462616644462
baseline,0.093,0.0015040570053007128
baseline,0.0935,0.001494690091089133
baseline,0.094,0.0015131854088762014
baseline,0.0945,0.0015039120181444825
baseline,0.095,0.0015092169559267816
baseline,0.0955,0.0014983879762191757
baseline,0.096,0.0015037892953043265
baseline,0.0965,0.001503418137791382
baseline,0.097,0.0015035968609238468
baseline,0.0975,0.0015031430203013008
baseline,0.098,0.001502608789520039
baseline,0.0985,0.0015022199847078697
baseline,0.099,0.0015025840197911908
baseline,0.0995,0.0015013774833364767
baseline,0.1,0.0015039268643343238
baseline,0.1005,0.0015011313355788901
baseline,0.101,0.0015003524664453547
baseline,0.1015,0.001500663299336707
baseline,0.10200000000000001,0.0014998332930495509
baseline,0.10250000000000001,0.0014992489227526281
baseline,0.10300000000000001,0.0014983612881260802
baseline,0.10350000000000001,0.0014981945473337827
baseline,0.10400000000000001,0.0014979116839288634
baseline,0.1045,0.0014968610518386258
baseline,0.105,0.0014912635023650782
baseline,0.1055,0.0015013290147657462
baseline,0.106,0.0014932689083987777
baseline,0.1065,0.0014959383109145097
baseline,0.107,0.0014939986918989792
baseline,0.1075,0.0014924415937214895
baseline,0.108,0.0014919366861291556
baseline,0.1085,0.0014910925898018407
baseline,0.109,0.0014907917378159596
baseline,0.1095,0.0014898545309925835
baseline,0.11,0.001487900430835785
baseline,0.1105,0.0014877639784084333
baseline,0.111,0.0014887011623721754
baseline,0.1115,0.0014858357936326757
baseline,0.112,0.0014841031338791166
baseline,0.1125,0.0014840135394125391
baseline,0.113,0.0014825532040704612
baseline,0.1135,0.0014812368088140855
baseline,0.114,0.0014807286879170646
baseline,0.1145,0.001477645283494918
baseline,0.115,0.0014794840541727085
baseline,0.1155,0.0014773791078418752
baseline,0.116,0.0014750837734482092
baseline,0.1165,0.0014743267467663681
baseline,0.117,0.0014736875783544405
baseline,0.11750000000000001,0.0014723013805166601
baseline,0.11800000000000001,0.0014705241949945944
baseline,0.11850000000000001,0.0014675314536562916
baseline,0.11900000000000001,0.0014694613599911175
baseline,0.11950000000000001,0.0014666343329466278
baseline,0.12,0.001465547154895734
baseline,0.1205,0.0014631407453284462
baseline,0.121,0.001462010665759178
baseline,0.1215,0.0014608315240857588
baseline,0.122,0.0014594785778054495
baseline,0.1225,0.0014575097030140314
baseline,0.123,0.001456139412813845
baseline,0.1235,0.0014538365601923602
baseline,0.124,0.0014530771751505834
baseline,0.1245,0.0014512930348773913
baseline,0.125,0.0014525481410110922
baseline,0.1255,0.0014482639964343237
baseline,0.126,0.0014452489229809472
baseline,0.1265,0.0014445135339215575
baseline,0.127,0.0014428267626557943
baseline,0.1275,0.0014409543942944987
baseline,0.128,0.0014394725826021276
baseline,0.1285,0.001436805349297214
baseline,0.129,0.0014353094980491545
baseline,0.1295,0.0014343090438356403
baseline,0.13,0.0014318705333416575
baseline,0.1305,0.0014296904939063448
baseline,0.131,0.0014264089166870994
baseline,0.1315,0.0014279164570523669
baseline,0.132,0.0014235943180120495
baseline,0.1325,0.0014223718051689124
baseline,0.133,0.0014196198609768
baseline,0.1335,0.0014185808902645609
baseline,0.134,0.001416112567951799
baseline,0.1345,0.0014132891164948984
baseline,0.135,0.0014123313360110692
baseline,0.1355,0.0014098147805978033
baseline,0.136,0.0014069918323851782
baseline,0.1365,0.001405185341662273
baseline,0.137,0.001402124872531101
baseline,0.1375,0.0014027926171569674
baseline,0.138,0.0013991662409322922
baseline,0.1385,0.0013957341448647316
baseline,0.139,0.0013946917787359206
baseline,0.1395,0.0013920475917846066
baseline,0.14,0.0013895523062381816
baseline,0.1405,0.0013873763440052655
baseline,0.14100000000000001,0.0013845739060413637
baseline,0.14150000000000001,0.0013830322777363116
baseline,0.14200000000000002,0.0013799553278521007
baseline,0.14250000000000002,0.0013764275996432842
baseline,0.14300000000000002,0.0013801698797868184
baseline,0.14350000000000002,0.0013715847424534363
baseline,0.14400000000000002,0.0013723829168448712
baseline,0.1445,0.001367856972189762
baseline,0.145,0.0013652699442320906
baseline,0.1455,0.0013639820817978878
baseline,0.146,0.001359990691350289
baseline,0.1465,0.0013582805114247649
baseline,0.147,0.0013557047858260096
baseline,0.1475,0.0013529922846328578
baseline,0.148,0.0013507497765553194
baseline,0.1485,0.0013473687600039249
baseline,0.149,0.0013442375577584278
baseline,0.1495,0.0013436831176108024
baseline,0.15,0.0013402542743305844
baseline,0.1505,0.0013373741628469684
baseline,0.151,0.0013342384387319474
baseline,0.1515,0.0013319248974284995
baseline,0.152,0.0013297888512162918
baseline,0.1525,0.0013262911983878598
baseline,0.153,0.0013236041547168554
baseline,0.1535,0.0013204362770613107
baseline,0.154,0.0013195375838550248
baseline,0.1545,0.0013152083348394923
baseline,0.155,0.0013122455319640363
baseline,0.1555,0.0013102621988974551
baseline,0.156,0.00129885634416979
baseline,0.1565,0.0013121837065466879
baseline,0.157,0.0013012470734343144
baseline,0.1575,0.0012981313509145723
baseline,0.158,0.0012962282418106374
baseline,0.1585,0.0012920156892652684
baseline,0.159,0.0012897806220219907
baseline,0.1595,0.0012870275008202024
baseline,0.16,0.0012839611618479683
baseline,0.1605,0.0012806959984564732
baseline,0.161,0.0012776429926778848
baseline,0.1615,0.0012754359087552808
baseline,0.162,0.0012720594062942908
baseline,0.1625,0.0012687216591342108
baseline,0.163,0.0012658679910183153
baseline,0.1635,0.0012628199112385177
baseline,0.164,0.0012597991300807097
baseline,0.1645,0.0012569289955915116
baseline,0.165,0.0012540348991340808
baseline,0.1655,0.001250758840794226
baseline,0.166,0.0012473332027690307
baseline,0.1665,0.001241762786395134
baseline,0.167,0.0012484749115211457
baseline,0.1675,0.0012381539775949836
baseline,0.168,0.001235437757279845
baseline,0.1685,0.001230554108134407
baseline,0.169,0.0012305833221913924
baseline,0.1695,0.0012258478234185763
baseline,0.17,0.0012227652478627633
baseline,0.1705,0.0012197862839334452
baseline,0.171,0.001215783856577612
baseline,0.1715,0.0012136530920358844
baseline,0.17200000000000001,0.0012102516589311424
baseline,0.17250000000000001,0.0012067372966167705
baseline,0.17300000000000001,0.0012033500914682036
baseline,0.17350000000000002,0.0012001980182213936
baseline,0.17400000000000002,0.0011977026156763987
baseline,0.17450000000000002,0.0011938633814544707
baseline,0.17500000000000002,0.001190739984244399
baseline,0.17550000000000002,0.0011874392679966138
baseline,0.176,0.0011840114816529606
baseline,0.1765,0.0011817508958798886
baseline,0.177,0.0011774875266261076
baseline,0.1775,0.0011744416518471965
baseline,0.178,0.0011712367589997868
baseline,0.1785,0.0011677411255709342
baseline,0.179,0.0011644743344647896
baseline,0.1795,0.001161747760192812
baseline,0.18,0.0011579864525887473
baseline,0.1805,0.0011546992815727897
baseline,0.181,0.001149851057263335
baseline,0.1815,0.0011485107645642996
baseline,0.182,0.001146585712447878
baseline,0.1825,0.0011415099022400116
baseline,0.183,0.0011380992496895386
baseline,0.1835,0.001134370573037515
baseline,0.184,0.001131760682090669
baseline,0.1845,0.0011276892722537734
baseline,0.185,0.001124951934996987
baseline,0.1855,0.0011211469401282708
baseline,0.186,0.0011178766401770208
baseline,0.1865,0.0011146133949920946
baseline,0.187,0.001111121454104052
baseline,0.1875,0.0011086607295010683
baseline,0.188,0.0011042894753167645
baseline,0.1885,0.001100891208796083
baseline,0.189,0.0010980618976916628
baseline,0.1895,0.0010942934279848243
baseline,0.19,0.001090908652286369
baseline,0.1905,0.0010872705932091866
baseline,0.191,0.0010842720341360777
baseline,0.1915,0.0010809153746033633
baseline,0.192,0.0010772935954541222
baseline,0.1925,0.0010741984821200457
baseline,0.193,0.0010706046222110923
baseline,0.1935,0.0010657956276859753
baseline,0.194,0.001065000073867573
baseline,0.1945,0.00106030421682453
baseline,0.195,0.0010567900542721095
baseline,0.1955,0.0010536142510878814
baseline,0.196,0.0010498934866718958
baseline,0.1965,0.0010469970736098322
baseline,0.197,0.001043011505041022
baseline,0.1975,0.0010399103839781828
baseline,0.198,0.0010362815275877164
baseline,0.1985,0.0010329296445024312
baseline,0.199,0.0010296550798877008
baseline,0.1995,0.001026060893320751
baseline,0.2,0.001027462995148419
baseline,0.2005,0.0010191362330489555
baseline,0.201,0.0010157580590130478
baseline,0.2015,0.0010129808097189793
baseline,0.202,0.0010095267594801333
baseline,0.2025,0.0010051522110127828
baseline,0.203,0.0010015058347769812
baseline,0.20350000000000001,0.0009991473189469482
baseline,0.20400000000000001,0.000995578027747293
baseline,0.20450000000000002,0.0009920667640399008
baseline,0.20500000000000002,0.0009885097711782068
baseline,0.20550000000000002,0.000985278590232278
baseline,0.20600000000000002,0.0009806827847893256
baseline,0.20650000000000002,0.000979284990854884
baseline,0.20700000000000002,0.0009753225523836135
baseline,0.20750000000000002,0.0009714862170940084
baseline,0.20800000000000002,0.0009681419720821981
baseline,0.2085,0.0009647451676123896
baseline,0.209,0.0009616414387462423
baseline,0.2095,0.0009579771273173309
baseline,0.21,0.000954572985673625
baseline,0.2105,0.0009514494110832013
baseline,0.211,0.0009474631128623788
baseline,0.2115,0.0009445585455342749
baseline,0.212,0.0009412100074357585
baseline,0.2125,0.0009373820000016812
baseline,0.213,0.0009343424148421576
baseline,0.2135,0.0009307894799174774
baseline,0.214,0.0009296108917730199
baseline,0.2145,0.0009226422308624523
baseline,0.215,0.000920876350370879
baseline,0.2155,0.0009175107985220625
baseline,0.216,0.000913842358605041
baseline,0.2165,0.0009111775338155796
baseline,0.217,0.0009070709812040987
baseline,0.2175,0.00090407754684487
baseline,0.218,0.0009006860919620737
baseline,0.2185,0.0008918197906236827
baseline,0.219,0.0008992714592064143
baseline,0.2195,0.0008910580284629483
baseline,0.22,0.0008873149561024225
baseline,0.2205,0.0008838362927062185
baseline,0.221,0.0008806161180494939
baseline,0.2215,0.0008775097408836822
baseline,0.222,0.0008817814417776105
baseline,0.2225,0.0008646938486759612
baseline,0.223,0.0008672427184893196
baseline,0.2235,0.0008639036413067917
baseline,0.224,0.0008610158213853327
baseline,0.2245,0.0008577117565957762
baseline,0.225,0.0008543401066325092
baseline,0.2255,0.0008510771794674846
baseline,0.226,0.0008475672798814242
baseline,0.2265,0.0008446556713402045
baseline,0.227,0.0008423338078933886
baseline,0.2275,0.0008370576642493994
baseline,0.228,0.0008348774590689261
baseline,0.2285,0.000831312635491908
baseline,0.229,0.0008286934861415053
baseline,0.2295,0.0008249164219946299
baseline,0.23,0.0008217813255427293
baseline,0.2305,0.0008144193055858084
baseline,0.231,0.000819118320244254
baseline,0.2315,0.0008132295677843956
baseline,0.232,0.0008088790750697867
baseline,0.2325,0.0008059265924067614
baseline,0.233,0.0008024176546332504
baseline,0.2335,0.0007994436901579039
baseline,0.234,0.0007964274767453573
baseline,0.23450000000000001,0.0007930294530244751
baseline,0.23500000000000001,0.0007896912170595117
baseline,0.23550000000000001,0.0007874528722999145
baseline,0.23600000000000002,0.0007833823200384404
baseline,0.23650000000000002,0.0007808381637995394
baseline,0.23700000000000002,0.0007770922067492816
baseline,0.23750000000000002,0.0007744264790411908
baseline,0.23800000000000002,0.0007712789896379749
baseline,0.23850000000000002,0.0007677151676067766
baseline,0.23900000000000002,0.0007650271835607103
baseline,0.23950000000000002,0.000761871983957387
baseline,0.24,0.0007588284144452572
baseline,0.2405,0.000755182397379821
baseline,0.241,0.0007526983237717664
baseline,0.2415,0.0007496906134475499
baseline,0.242,0.0007463509959840638
baseline,0.2425,0.0007434863335201028
baseline,0.243,0.0007416017622413915
baseline,0.2435,0.0007350127803951326
baseline,0.244,0.0007351861404534745
baseline,0.2445,0.0007310937448094074
baseline,0.245,0.0007281498330271539
baseline,0.2455,0.0007253283409680525
baseline,0.246,0.0007219296550086302
baseline,0.2465,0.0007187018544649877
baseline,0.247,0.0007168898805071063
baseline,0.2475,0.0007129968342187815
baseline,0.248,0.0007103518885212941
baseline,0.2485,0.0007069975785766706
baseline,0.249,0.0007045451622289935
baseline,0.2495,0.0007011872214524857
baseline,0.25,0.0007038632706539039
baseline,0.2505,0.0006955656852026549
baseline,0.251,0.0006926193042615957
baseline,0.2515,0.0006897702467543336
baseline,0.252,0.0006859810965977684
baseline,0.2525,0.0006847297500640847
baseline,0.253,0.0006803241319715781
baseline,0.2535,0.0006783267905026999
baseline,0.254,0.0006751125635612236
baseline,0.2545,0.0006721839923166188
baseline,0.255,0.000669425374437998
baseline,0.2555,0.0006667111484991786
baseline,0.256,0.0006628987587464865
baseline,0.2565,0.0006619726852462172
baseline,0.257,0.0006579735777669506
baseline,0.2575,0.000655215265293101
baseline,0.258,0.0006526168342437839
baseline,0.2585,0.0006494719317293107
baseline,0.259,0.0006454108802332029
baseline,0.2595,0.0006458624213748982
baseline,0.26,0.0006413308033486687
baseline,0.2605,0.0006384434537960336
baseline,0.261,0.0006358276721506721
baseline,0.2615,0.0006332441486706456
baseline,0.262,0.000630317628958859
baseline,0.2625,0.0006275240732720094
baseline,0.263,0.0006251561687092399
baseline,0.2635,0.0006219441209824149
baseline,0.264,0.0006197977599409928
baseline,0.2645,0.0006165283452106898
baseline,0.265,0.0006140543744870259
baseline,0.2655,0.0006113888739071056
baseline,0.266,0.0006086017127109795
baseline,0.2665,0.0006065603744687724
baseline,0.267,0.0006034045110781403
baseline,0.2675,0.0006006818644670645
baseline,0.268,0.0005981588779796884
baseline,0.2685,0.0005947628513265065
baseline,0.269,0.0005932181032899413
baseline,0.2695,0.00059079969778328
baseline,0.27,0.000587540709127458
baseline,0.2705,0.0005851745749656165
baseline,0.271,0.0005823494299239665
baseline,0.2715,0.000580075765029913
baseline,0.272,0.0005770915647817065
baseline,0.2725,0.0005792652259959159
baseline,0.273,0.0005686684361373317
baseline,0.2735,0.0005695963558237752
baseline,0.274,0.0005673434079612095
baseline,0.2745,0.0005646740856827952
baseline,0.275,0.0005621695765281908
baseline,0.2755,0.0005595731135841993
baseline,0.276,0.0005571230448358553
baseline,0.2765,0.0005548260883027594
baseline,0.277,0.0005522064012720117
baseline,0.2775,0.0005502737130234936
baseline,0.278,0.0005468588994004684
baseline,0.2785,0.0005447453718338259
baseline,0.279,0.0005424905940770835
baseline,0.2795,0.000540039184962402
baseline,0.28,0.0005375691803517353
baseline,0.2805,0.0005350726520247687
baseline,0.281,0.0005293406551380788
baseline,0.28150000000000003,0.000533722463526065
baseline,0.28200000000000003,0.0005279515099862585
baseline,0.28250000000000003,0.0005256351309055787
baseline,0.28300000000000003,0.0005231733363092165
baseline,0.28350000000000003,0.0005206765836258002
baseline,0.28400000000000003,0.0005186156361150549
baseline,0.28450000000000003,0.0005160397601347416
baseline,0.28500000000000003,0.0005137734538061342
baseline,0.28550000000000003,0.0005182864847308341
baseline,0.28600000000000003,0.0005040599500972581
baseline,0.28650000000000003,0.0005069013429649581
baseline,0.28700000000000003,0.0005045151753839399
baseline,0.28750000000000003,0.0005023981786869896
baseline,0.28800000000000003,0.0004998714939328026
baseline,0.2885,0.0004976259317317214
baseline,0.289,0.000495583469653293
baseline,0.2895,0.0004932322433135988
baseline,0.29,0.0004909852273399701
baseline,0.2905,0.0004888529181473569
baseline,0.291,0.0004862336062995798
baseline,0.2915,0.00048444302784903117
baseline,0.292,0.0004820652395168735
baseline,0.2925,0.0004799610830460304
baseline,0.293,0.00047759463169395536
baseline,0.2935,0.00047490048381729314
baseline,0.294,0.00047414773648098916
baseline,0.2945,0.0004711240170572989
baseline,0.295,0.0004689660884490834
baseline,0.2955,0.0004668544910399716
baseline,0.296,0.000464591924554106
baseline,0.2965,0.0004627330057873252
baseline,0.297,0.0004604784412391276
baseline,0.2975,0.0004583950776849192
baseline,0.298,0.00045675063404697537
baseline,0.2985,0.0004534717223622392
baseline,0.299,0.0004521038263551166
baseline,0.2995,0.0004499112442581191
baseline,0.3,0.000448777626861132
baseline,0.3005,0.000445567738589207
baseline,0.301,0.00044388869292412214
baseline,0.3015,0.00044180410733431474
baseline,0.302,0.0004396067262302412
baseline,0.3025,0.0004375009822922946
baseline,0.303,0.0004360613150213909
baseline,0.3035,0.00043342330740912826
baseline,0.304,0.00043163065680522844
baseline,0.3045,0.0004298052846308102
baseline,0.305,0.00042762550448825613
baseline,0.3055,0.00042569508071472226
baseline,0.306,0.00042320616694973157
baseline,0.3065,0.00042243988009540463
baseline,0.307,0.0004196136706911845
baseline,0.3075,0.0004183446155290036
baseline,0.308,0.0004157864964032101
baseline,0.3085,0.00041388586806207823
baseline,0.309,0.0004121256968532575
baseline,0.3095,0.00041019972428249155
baseline,0.31,0.00040826804632271193
baseline,0.3105,0.0004063563053406615
baseline,0.311,0.0004043569300462956
baseline,0.3115,0.00040259902372207743
baseline,0.312,0.00040075499680762686
baseline,0.3125,0.0003991110619472565
baseline,0.313,0.00039664327605402693
baseline,0.3135,0.00039540350154861986
baseline,0.314,0.00039333252330604
baseline,0.3145,0.00039150219212263454
baseline,0.315,0.00038966969490636405
baseline,0.3155,0.00038778894608033633
baseline,0.316,0.0003861664812921169
baseline,0.3165,0.0003843486731668288
baseline,0.317,0.0003824399000463728
baseline,0.3175,0.0003805948169919286
baseline,0.318,0.0003790173033217219
baseline,0.3185,0.00037662785951297244
baseline,0.319,0.0003759626905264548
baseline,0.3195,0.00037354281883226597
baseline,0.32,0.00037189003461411284
baseline,0.3205,0.00036960035707225955
baseline,0.321,0.0003687946278484872
baseline,0.3215,0.00036679567941708737
baseline,0.322,0.00036492173801830504
baseline,0.3225,0.00036323192976500386
baseline,0.323,0.0003616956811604243
baseline,0.3235,0.00035980222728836396
baseline,0.324,0.0003581751645226528
baseline,0.3245,0.0003566429076766679
baseline,0.325,0.00035485664624060245
baseline,0.3255,0.0003531810259314153
baseline,0.326,0.00035144412619620856
baseline,0.3265,0.0003499266326787156
baseline,0.327,0.0003482851429366591
baseline,0.3275,0.0003466385812927823
baseline,0.328,0.00034499784097464945
baseline,0.3285,0.0003432753310643492
baseline,0.329,0.0003418763777939043
baseline,0.3295,0.00034021532141572053
baseline,0.33,0.000338499046873767
baseline,0.3305,0.00033701004210130736
baseline,0.331,0.0003348982988460694
baseline,0.3315,0.0003342408239996546
baseline,0.332,0.00033218987811714805
baseline,0.3325,0.00033067679151915595
baseline,0.333,0.00032160042708561444
baseline,0.3335,0.00034241750074830976
baseline,0.334,0.00032603983443074247
baseline,0.3345,0.00032450469759858305
baseline,0.335,0.00032300435616641017
baseline,0.3355,0.000321495461710294
baseline,0.336,0.000319940860066946
baseline,0.3365,0.00031861070155164527
baseline,0.337,0.00031696520444292385
baseline,0.3375,0.0003157009745168881
baseline,0.338,0.0003139520304200467
baseline,0.3385,0.0003124999674503447
baseline,0.339,0.0003111384392666131
baseline,0.3395,0.00030974988413750274
baseline,0.34,0.00030828685460696463
baseline,0.3405,0.0003066851596583293
baseline,0.341,0.00030528641374346233
baseline,0.3415,0.0003039903996080097
baseline,0.342,0.00030249207537523493
baseline,0.3425,0.00030108817582813355
baseline,0.343,0.0002996906424721943
baseline,0.3435,0.00029620799468731016
baseline,0.34400000000000003,0.0002988809762441867
baseline,0.34450000000000003,0.00029542400922218386
baseline,0.34500000000000003,0.00029414802636387044
baseline,0.34550000000000003,0.0002927174368794797
baseline,0.34600000000000003,0.00029133402853189546
baseline,0.34650000000000003,0.00029005117258198347
baseline,0.34700000000000003,0.0002885593028318685
baseline,0.34750000000000003,0.00028719840462509494
baseline,0.34800000000000003,0.00028601735910496366
baseline,0.34850000000000003,0.00028449105896609947
baseline,0.34900000000000003,0.00028334228727673496
baseline,0.34950000000000003,0.0002818396444383267
baseline,0.35000000000000003,0.00028074959944945725
baseline,0.35050000000000003,0.0002792400418708268
baseline,0.35100000000000003,0.0002779006999411074
baseline,0.35150000000000003,0.000276779498947761
baseline,0.352,0.0002752932031588922
baseline,0.3525,0.00027401766504648884
baseline,0.353,0.0002730942875367335
baseline,0.3535,0.00027143954034196887
baseline,0.354,0.00027032096386476497
baseline,0.3545,0.00026893202018132844
baseline,0.355,0.0002677579770746537
baseline,0.3555,0.0002665078552366953
baseline,0.356,0.0002648679220009556
baseline,0.3565,0.0002642920366067076
baseline,0.357,0.00026318520137372464
baseline,0.3575,0.0002614232848909761
baseline,0.358,0.00026030943969015144
baseline,0.3585,0.00025900123006927827
baseline,0.359,0.0002579888754741435
baseline,0.3595,0.0002566148773285166
baseline,0.36,0.0002556526646991291
baseline,0.3605,0.0002541283897369597
baseline,0.361,0.00025308011432925584
baseline,0.3615,0.00025197395351372984
baseline,0.362,0.0002507170511213037
baseline,0.3625,0.0002495217247524342
baseline,0.363,0.0002483560709665628
baseline,0.3635,0.000247857601525962
baseline,0.364,0.00024608668615189443
baseline,0.3645,0.00024486934215205077
baseline,0.365,0.0002437888674258893
baseline,0.3655,0.00024261947010532223
baseline,0.366,0.00024152667630491888
baseline,0.3665,0.00024050087616902212
baseline,0.367,0.00023927767950059444
baseline,0.3675,0.00023814414549757108
baseline,0.368,0.00023702887442159147
baseline,0.3685,0.0002358291660186192
baseline,0.369,0.00023515086731740227
baseline,0.3695,0.00023389506277260108
baseline,0.37,0.0002325231762663449
baseline,0.3705,0.0002316505984146315
baseline,0.371,0.00023045720220065037
baseline,0.3715,0.00022952774649573406
baseline,0.372,0.0002283587008552967
baseline,0.3725,0.00022730121627586973
baseline,0.373,0.00022627243665291995
baseline,0.3735,0.00022517061355854063
baseline,0.374,0.00022418027441830005
baseline,0.3745,0.00022307229313547948
baseline,0.375,0.0002233465775247867
baseline,0.3755,0.00022093862535775276
baseline,0.376,0.00021997475358554748
baseline,0.3765,0.00021904393653732378
baseline,0.377,0.00021799559943044727
baseline,0.3775,0.0002169685554512965
baseline,0.378,0.00021596372655105213
baseline,0.3785,0.00021499034851241663
baseline,0.379,0.00021399792499556043
baseline,0.3795,0.0002132751892318517
baseline,0.38,0.0002118312207987786
baseline,0.3805,0.00021099529637657225
baseline,0.381,0.00020993437744135213
baseline,0.3815,0.00020931709845663457
baseline,0.382,0.00020813046677656212
baseline,0.3825,0.0002072474988491758
baseline,0.383,0.00020616218996854493
baseline,0.3835,0.00020521145996737716
baseline,0.384,0.0002043178936294309
baseline,0.3845,0.00020381685173601795
baseline,0.385,0.00020237126942152265
baseline,0.3855,0.0002015160742960427
baseline,0.386,0.00020047510363874953
baseline,0.3865,0.00019968876554843246
baseline,0.387,0.00019877061309471453
baseline,0.3875,0.0001975151488004908
baseline,0.388,0.00019718091367474793
baseline,0.3885,0.00019591390946151926
baseline,0.389,0.00019536205463372355
baseline,0.3895,0.00019418572493366598
baseline,0.39,0.0001936465232142461
baseline,0.3905,0.00019209250675082822
baseline,0.391,0.00019142563927243772
baseline,0.3915,0.0001907002787390509
baseline,0.392,0.0001899172109153282
baseline,0.3925,0.00018891889996564608
baseline,0.393,0.00018807548051765
baseline,0.3935,0.00018693223924001005
baseline,0.394,0.00018659707295060299
baseline,0.3945,0.00018553873733364188
baseline,0.395,0.0001845778660444003
baseline,0.3955,0.0001837871682808844
baseline,0.396,0.00018295054523420943
baseline,0.3965,0.0001821201909034614
baseline,0.397,0.00018127476384172323
baseline,0.3975,0.00018044590593144897
baseline,0.398,0.00017962146810076817
baseline,0.3985,0.00017870566194939317
baseline,0.399,0.0001779606755423199
baseline,0.3995,0.00017707768490185397
baseline,0.4,0.00017930280167043668
baseline,0.4005,0.0001755056444522554
baseline,0.401,0.000174632138885361
baseline,0.4015,0.0001739714178710801
baseline,0.402,0.00017315510195236168
baseline,0.4025,0.0001723725072223915
baseline,0.403,0.00017166658872452522
baseline,0.4035,0.00017076317088436847
baseline,0.404,0.00016984619342401126
baseline,0.4045,0.00016952115469626419
baseline,0.405,0.0001685491964147867
baseline,0.4055,0.00016775350874971134
baseline,0.406,0.0001658321635876861
baseline,0.40650000000000003,0.0001674828110047488
baseline,0.40700000000000003,0.0001654876955793173
baseline,0.40750000000000003,0.00016479481197404362
baseline,0.40800000000000003,0.00016399578702066652
baseline,0.40850000000000003,0.00016321193168026746
baseline,0.40900000000000003,0.00016269205586486507
baseline,0.40950000000000003,0.00016176605266228071
baseline,0.41000000000000003,0.00016074940956414924
baseline,0.41050000000000003,0.00016065910716209577
baseline,0.41100000000000003,0.00015954498668864256
baseline,0.41150000000000003,0.00015825396256175984
baseline,0.41200000000000003,0.00015905781970545487
baseline,0.41250000000000003,0.00015744507302941393
baseline,0.41300000000000003,0.0001567840820954994
baseline,0.41350000000000003,0.00015594116755882434
baseline,0.41400000000000003,0.00015545255325856726
baseline,0.41450000000000004,0.00015467832290113449
baseline,0.41500000000000004,0.00015394549981943983
baseline,0.41550000000000004,0.0001532694996714354
baseline,0.41600000000000004,0.00015250504604285878
baseline,0.4165,0.00015251192825603888
baseline,0.417,0.0001511257199009872
baseline,0.4175,0.0001504995292800011
baseline,0.418,0.0001498273596103658
baseline,0.4185,0.00014903125464983192
baseline,0.419,0.00014871609332623098
baseline,0.4195,0.00014778300777004317
baseline,0.42,0.00014733470431461723
baseline,0.4205,0.00014654627770929973
baseline,0.421,0.00014603263907635373
baseline,0.4215,0.00014521718698053406
baseline,0.422,0.00014463950153353333
baseline,0.4225,0.00014391348621851658
baseline,0.423,0.00014341787474475445
baseline,0.4235,0.00014263877498850533
baseline,0.424,0.0001423941427384635
baseline,0.4245,0.00014112598109445543
baseline,0.425,0.00014079572477965625
baseline,0.4255,0.00014014252989037325
baseline,0.426,0.00013951446344424384
baseline,0.4265,0.0001388687373559462
baseline,0.427,0.00013834485246824458
baseline,0.4275,0.00013765367470807197
baseline,0.428,0.00013699824256439955
baseline,0.4285,0.00013802255324893192
baseline,0.429,0.00013580576962781107
baseline,0.4295,0.00013514616732258802
baseline,0.43,0.0001347447192242467
baseline,0.4305,0.0001340491689512748
baseline,0.431,0.0001333045956017315
baseline,0.4315,0.00013308042315172855
baseline,0.432,0.00013233080240054334
baseline,0.4325,0.00013181235112507048
baseline,0.433,0.00013109836834884883
baseline,0.4335,0.00013061121225901805
baseline,0.434,0.00013000622887573054
baseline,0.4345,0.00012940436728605038
baseline,0.435,0.00012900811462859775
baseline,0.4355,0.00012829227449781766
baseline,0.436,0.00012774030944461785
baseline,0.4365,0.0001272104486296018
baseline,0.437,0.0001265832140801349
baseline,0.4375,0.00012634028718266246
baseline,0.438,0.00012551929703020516
baseline,0.4385,0.00012493711959771564
baseline,0.439,0.00012439602800456726
baseline,0.4395,0.00012395471187237725
baseline,0.44,0.00012338573160207335
baseline,0.4405,0.0001228443274062183
baseline,0.441,0.00012229920051515244
baseline,0.4415,0.00012173746817423056
baseline,0.442,0.00012121579016569523
baseline,0.4425,0.00012075950627110085
baseline,0.443,0.00012009990476415765
baseline,0.4435,0.00011943363977215225
baseline,0.444,0.00011920695265888664
baseline,0.4445,0.00011958234571960044
baseline,0.445,0.0001180249270875205
baseline,0.4455,0.00011755853282211868
baseline,0.446,0.00011704384149141195
baseline,0.4465,0.0001165853388303663
baseline,0.447,0.00011606923652195248
baseline,0.4475,0.00011557974765875809
baseline,0.448,0.00011503133405042849
baseline,0.4485,0.0001146400423822946
baseline,0.449,0.00011409267820101387
baseline,0.4495,0.00011356771687924675
baseline,0.45,0.00011327384130483194
baseline,0.4505,0.00011258925332768121
baseline,0.451,0.00011210437151466777
baseline,0.4515,0.00011172688945103098
baseline,0.452,0.00011113126518461365
baseline,0.4525,0.00011069985754846799
baseline,0.453,0.00011022996514481279
baseline,0.4535,0.00010970806955833018
baseline,0.454,0.00010924790305496396
baseline,0.4545,0.00010946416726240707
baseline,0.455,0.00010827529233582786
baseline,0.4555,0.00010786063011524076
baseline,0.456,0.00010727000141509994
baseline,0.4565,0.00010711586937761076
baseline,0.457,0.00010658052855869315
baseline,0.4575,0.00010602472690966682
baseline,0.458,0.00010555164377446652
baseline,0.4585,0.00010526164999561508
baseline,0.459,0.00010472537369041196
baseline,0.4595,0.00010429134459349681
baseline,0.46,0.000103791621074827
baseline,0.4605,0.00010338253404456476
baseline,0.461,0.00010289925862084093
baseline,0.4615,0.00010300373480445462
baseline,0.462,0.00010202182118081487
baseline,0.4625,0.00010163363562556487
baseline,0.463,0.0001012079343653998
baseline,0.4635,0.00010077216358823977
baseline,0.464,0.00010035023179722513
baseline,0.4645,0.00010003674916109236
baseline,0.465,9.954529877923566e-05
baseline,0.4655,9.900324364344228e-05
baseline,0.466,9.872969425432334e-05
baseline,0.4665,9.865756332966589e-05
baseline,0.467,9.781269666039512e-05
baseline,0.4675,9.74453261451319e-05
baseline,0.468,9.700460618268087e-05
baseline,0.4685,9.587475900677079e-05
baseline,0.46900000000000003,9.702739927882088e-05
baseline,0.46950000000000003,9.582411859512497e-05
baseline,0.47000000000000003,9.542617075282848e-05
baseline,0.47050000000000003,9.528783151778269e-05
baseline,0.47100000000000003,9.455694891540657e-05
baseline,0.47150000000000003,9.427584529108635e-05
baseline,0.47200000000000003,9.389524060768026e-05
baseline,0.47250000000000003,9.343542187489488e-05
baseline,0.47300000000000003,9.301928259365347e-05
baseline,0.47350000000000003,9.291154386792077e-05
baseline,0.47400000000000003,9.225488182223953e-05
baseline,0.47450000000000003,9.196070191382498e-05
baseline,0.47500000000000003,9.154836278166804e-05
baseline,0.47550000000000003,9.107933665961929e-05
baseline,0.47600000000000003,9.095122010930096e-05
baseline,0.47650000000000003,9.037954127829678e-05
baseline,0.47700000000000004,8.99743151587096e-05
baseline,0.47750000000000004,8.968933622027569e-05
baseline,0.47800000000000004,8.901123932037125e-05
baseline,0.47850000000000004,8.927440637692458e-05
baseline,0.47900000000000004,8.857495420948758e-05
baseline,0.47950000000000004,8.815180103935548e-05
baseline,0.48,8.794943521641687e-05
baseline,0.4805,8.741113047767435e-05
baseline,0.481,8.69940301699157e-05
baseline,0.4815,8.692126631347986e-05
baseline,0.482,8.642513283326654e-05
baseline,0.4825,8.58209391130289e-05
baseline,0.483,8.593943581572839e-05
baseline,0.4835,8.530080736329338e-05
baseline,0.484,8.506478220367486e-05
baseline,0.4845,8.461814380539669e-05
baseline,0.485,8.434256933325333e-05
baseline,0.4855,8.40250723997965e-05
baseline,0.486,8.355008574684826e-05
baseline,0.4865,8.33048848619977e-05
baseline,0.487,8.296890256953309e-05
baseline,0.4875,8.254055038900932e-05
baseline,0.488,8.228409379120359e-05
baseline,0.4885,8.19308615675269e-05
baseline,0.489,8.162338560786514e-05
baseline,0.4895,8.126057686912333e-05
baseline,0.49,8.095372244089859e-05
baseline,0.4905,8.061466813477209e-05
baseline,0.491,8.027539947172187e-05
baseline,0.4915,7.995829739976043e-05
baseline,0.492,7.962445349488682e-05
baseline,0.4925,7.92341728035393e-05
baseline,0.493,7.906228315577068e-05
baseline,0.4935,7.854657967454506e-05
baseline,0.494,7.840727409228992e-05
baseline,0.4945,7.809087146495618e-05
baseline,0.495,7.7707936069242e-05
baseline,0.4955,7.737696452863379e-05
baseline,0.496,7.707140069769243e-05
baseline,0.4965,7.677006618327773e-05
baseline,0.497,7.644789398940683e-05
baseline,0.4975,7.612259651633406e-05
baseline,0.498,7.580315974749084e-05
baseline,0.4985,7.545214795041381e-05
baseline,0.499,7.513541349393091e-05
baseline,0.4995,7.439778685719618e-05
baseline,0.5,8.691591817447645e-05
baseline,0.5005000000000001,7.380236271112635e-05
baseline,0.501,7.391206946521999e-05
baseline,0.5015000000000001,7.369970152901138e-05
baseline,0.502,7.342258052515138e-05
baseline,0.5025000000000001,7.314697649079662e-05
baseline,0.503,7.287659485201278e-05
baseline,0.5035000000000001,7.257119583279427e-05
baseline,0.504,7.234191380071754e-05
baseline,0.5045000000000001,7.202092649221325e-05
baseline,0.505,7.175553871441743e-05
baseline,0.5055000000000001,7.15370823542302e-05
baseline,0.506,7.104066718201669e-05
baseline,0.5065000000000001,7.103383069745437e-05
baseline,0.507,7.071740547362098e-05
baseline,0.5075000000000001,7.031012327685565e-05
baseline,0.508,7.009713617287287e-05
baseline,0.5085000000000001,6.979521857928605e-05
baseline,0.509,6.958572353685912e-05
baseline,0.5095000000000001,6.928975996035621e-05
baseline,0.51,6.904002549352782e-05
baseline,0.5105000000000001,6.87408282903574e-05
baseline,0.511,6.847450272187583e-05
baseline,0.5115000000000001,6.824699979102265e-05
baseline,0.512,6.797157340727068e-05
baseline,0.5125,6.762735825740631e-05
baseline,0.513,6.745562851436441e-05
baseline,0.5135,6.716037679221361e-05
baseline,0.514,6.686849413670545e-05
baseline,0.5145,6.671181362176238e-05
baseline,0.515,6.642729599668545e-05
baseline,0.5155,6.609822290242406e-05
baseline,0.516,6.591301908017268e-05
baseline,0.5165,6.560866155556971e-05
baseline,0.517,6.55638975121445e-05
baseline,0.5175,6.493853286929786e-05
baseline,0.518,6.487693236565108e-05
baseline,0.5185,6.45652464750357e-05
baseline,0.519,6.447638927820574e-05
baseline,0.5195,6.406078647488617e-05
baseline,0.52,6.398567525132078e-05
baseline,0.5205,6.358588235616e-05
baseline,0.521,6.336884560066858e-05
baseline,0.5215,6.34497037268491e-05
baseline,0.522,6.269887465800401e-05
baseline,0.5225,6.268805726457005e-05
baseline,0.523,6.235583458542224e-05
baseline,0.5235,6.211531179548801e-05
baseline,0.524,6.215443951967179e-05
baseline,0.5245,6.165451669251072e-05
baseline,0.525,6.148651239250736e-05
baseline,0.5255,6.125930645716148e-05
baseline,0.526,6.092134629942475e-05
baseline,0.5265,6.104197731266308e-05
baseline,0.527,6.04969092826859e-05
baseline,0.5275,6.029192986733017e-05
baseline,0.528,6.013873830328264e-05
baseline,0.5285,5.986244594715818e-05
baseline,0.529,5.958310080780589e-05
baseline,0.5295,5.9688101840869656e-05
baseline,0.53,5.9164432066408535e-05
baseline,0.5305,5.896551920896283e-05
baseline,0.531,5.8204719670207685e-05
baseline,0.5315,5.909558258338259e-05
baseline,0.532,5.8261738973257325e-05
baseline,0.5325,5.8090405942121194e-05
baseline,0.533,5.7790639064966196e-05
baseline,0.5335,5.80287326610285e-05
baseline,0.534,5.746646773472938e-05
baseline,0.5345,5.715791241910054e-05
baseline,0.535,5.7030197584761555e-05
baseline,0.5355,5.689927425560194e-05
baseline,0.536,5.6526193814211324e-05
baseline,0.5365,5.6386977062236035e-05
baseline,0.537,5.615303624025706e-05
baseline,0.5375,5.594514906560278e-05
baseline,0.538,5.567719690187615e-05
baseline,0.5385,5.6028837819426845e-05
baseline,0.539,5.5304425523971566e-05
baseline,0.5395,5.512494842730454e-05
baseline,0.54,5.4915850044573466e-05
baseline,0.5405,5.475021934911446e-05
baseline,0.541,5.449600508803083e-05
baseline,0.5415,5.447798210692662e-05
baseline,0.542,5.40599763227783e-05
baseline,0.5425,5.390385766892755e-05
baseline,0.543,5.378505253068537e-05
baseline,0.5435,5.344071468122189e-05
baseline,0.544,5.3421121267729605e-05
baseline,0.5445,5.311131880799499e-05
baseline,0.545,5.286281575390165e-05
baseline,0.5455,5.3443786321518535e-05
baseline,0.546,5.2484007958626164e-05
baseline,0.5465,5.2357562046574816e-05
baseline,0.547,5.218675792503757e-05
baseline,0.5475,5.199680869010514e-05
baseline,0.548,5.176326730150984e-05
baseline,0.5485,5.165591130284495e-05
baseline,0.549,5.143293194089113e-05
baseline,0.5495,5.121027501935869e-05
baseline,0.55,5.1247718572563444e-05
baseline,0.5505,5.084893918872029e-05
baseline,0.551,5.0654815968218414e-05
baseline,0.5515,5.062957071229204e-05
baseline,0.552,5.027509658756346e-05
baseline,0.5525,5.0150281621596925e-05
baseline,0.553,4.996357467831122e-05
baseline,0.5535,4.9746846534373065e-05
baseline,0.554,4.960450539570558e-05
baseline,0.5545,4.938969077050135e-05
baseline,0.555,4.916056932427456e-05
baseline,0.5555,5.009212013095051e-05
baseline,0.556,4.8705112614287736e-05
baseline,0.5565,4.875841259325676e-05
baseline,0.557,4.8512165721170415e-05
baseline,0.5575,4.840485139415217e-05
baseline,0.558,4.8201420978936554e-05
baseline,0.5585,4.7977168060640306e-05
baseline,0.559,4.7922974838603964e-05
baseline,0.5595,4.7689666048933404e-05
baseline,0.56,4.761592426756465e-05
baseline,0.5605,4.735418655339957e-05
baseline,0.561,4.71659238293139e-05
baseline,0.5615,4.701546368609655e-05
baseline,0.562,4.681442796889687e-05
baseline,0.5625,4.700804926562887e-05
baseline,0.5630000000000001,4.647864298944332e-05
baseline,0.5635,4.633861407040554e-05
baseline,0.5640000000000001,4.623444516470357e-05
baseline,0.5645,4.6018045497467006e-05
baseline,0.5650000000000001,4.604881697052985e-05
baseline,0.5655,4.562965411413263e-05
baseline,0.5660000000000001,4.552609052051062e-05
baseline,0.5665,4.549228341468258e-05
baseline,0.5670000000000001,4.5186851568186684e-05
baseline,0.5675,4.51178322032977e-05
baseline,0.5680000000000001,4.4935002858839124e-05
baseline,0.5685,4.4671317923467276e-05
baseline,0.5690000000000001,4.469128628963513e-05
baseline,0.5695,4.440983422945042e-05
baseline,0.5700000000000001,4.429780781804206e-05
baseline,0.5705,4.4063233970800594e-05
baseline,0.5710000000000001,4.384147577435355e-05
baseline,0.5715,4.547135784294345e-05
baseline,0.5720000000000001,4.357890651822745e-05
baseline,0.5725,4.3493905069245615e-05
baseline,0.5730000000000001,4.3372657460442144e-05
baseline,0.5735,4.31830980087551e-05
baseline,0.5740000000000001,4.310818840480372e-05
baseline,0.5745,4.295157108132487e-05
baseline,0.5750000000000001,4.2808576473694654e-05
baseline,0.5755,4.254622717587002e-05
baseline,0.5760000000000001,4.260212479158745e-05
baseline,0.5765,4.236091383289496e-05
baseline,0.577,4.232063429096968e-05
baseline,0.5775,4.201817496052232e-05
baseline,0.578,4.196341583282677e-05
baseline,0.5785,4.1721265798914395e-05
baseline,0.579,4.187701188969903e-05
baseline,0.5795,4.147906913112189e-05
baseline,0.58,4.1380810392953244e-05
baseline,0.5805,4.1254190508385436e-05
baseline,0.581,4.096592794287743e-05
baseline,0.5815,4.102219383125043e-05
baseline,0.582,4.078932761856854e-05
baseline,0.5825,4.063805021429854e-05
baseline,0.583,4.040281007921552e-05
baseline,0.5835,4.10192350112233e-05
baseline,0.584,4.0210109396432935e-05
baseline,0.5845,4.0122291002507376e-05
baseline,0.585,3.99557798018744e-05
baseline,0.5855,3.98843230255309e-05
baseline,0.586,3.980496845992169e-05
baseline,0.5865,3.9527034901639565e-05
baseline,0.587,3.945414233151315e-05
baseline,0.5875,3.930552746805788e-05
baseline,0.588,3.960298064981305e-05
baseline,0.5885,3.886878987885453e-05
baseline,0.589,3.890097119068851e-05
baseline,0.5895,3.8913238648628235e-05
baseline,0.59,3.859096693623384e-05
baseline,0.5905,3.849390644555633e-05
baseline,0.591,3.857649304114904e-05
baseline,0.5915,3.826410235272794e-05
baseline,0.592,3.8169826842711114e-05
baseline,0.5925,3.812608058567367e-05
baseline,0.593,3.789846629780177e-05
baseline,0.5935,3.736345851769451e-05
baseline,0.594,3.810820031431107e-05
baseline,0.5945,3.755794444741795e-05
baseline,0.595,3.7470042907756225e-05
baseline,0.5955,3.7299099516675875e-05
baseline,0.596,3.7105447430840816e-05
baseline,0.5965,3.702321561390098e-05
baseline,0.597,3.694949375879147e-05
baseline,0.5975,3.67763874514663e-05
baseline,0.598,3.6650185420504806e-05
baseline,0.5985,3.650757553771318e-05
baseline,0.599,3.636785201303294e-05
baseline,0.5995,3.616293378366402e-05
baseline,0.6,3.906550593599828e-05
baseline,0.6005,3.5924608238736914e-05
baseline,0.601,3.58824490174907e-05
baseline,0.6015,3.581462811005303e-05
baseline,0.602,3.571175981574233e-05
baseline,0.6025,3.5637791745815195e-05
baseline,0.603,3.549062484501224e-05
baseline,0.6035,3.535638978400519e-05
baseline,0.604,3.534302896249778e-05
baseline,0.6045,3.518546886113169e-05
baseline,0.605,3.497804590847463e-05
baseline,0.6055,3.502776625307863e-05
baseline,0.606,3.482556931068188e-05
baseline,0.6065,3.478665000074081e-05
baseline,0.607,3.46985089941341e-05
baseline,0.6075,3.4459743798816e-05
baseline,0.608,3.4420846123750667e-05
baseline,0.6085,3.4441365045263993e-05
baseline,0.609,3.410993654786458e-05
baseline,0.6095,3.3994076204529476e-05
baseline,0.61,3.4048868303723766e-05
baseline,0.6105,3.382460785913977e-05
baseline,0.611,3.4018248948150565e-05
baseline,0.6115,3.357225995916486e-05
baseline,0.612,3.359943774786018e-05
baseline,0.6125,3.3350522524960736e-05
baseline,0.613,3.3387829869500664e-05
baseline,0.6135,3.3226938420384955e-05
baseline,0.614,3.309816066410142e-05
baseline,0.6145,3.298760705111902e-05
baseline,0.615,3.2822211379380855e-05
baseline,0.6155,3.33596286895097e-05
baseline,0.616,3.2639220808519964e-05
baseline,0.6165,3.260764325445027e-05
baseline,0.617,3.249215451780212e-05
baseline,0.6175,3.2465059927720625e-05
baseline,0.618,3.2282033823061905e-05
baseline,0.6185,3.20982163467541e-05
baseline,0.619,3.2354920766619785e-05
baseline,0.6195,3.1967545519763016e-05
baseline,0.62,3.186112223214663e-05
baseline,0.6205,3.193676242340179e-05
baseline,0.621,3.1652585944771335e-05
baseline,0.6215,3.164288926332211e-05
baseline,0.622,3.1533687768378854e-05
baseline,0.6225,3.1377433678347914e-05
baseline,0.623,3.131070768244487e-05
baseline,0.6235,3.117758180205778e-05
baseline,0.624,3.1095289924107284e-05
baseline,0.6245,3.090789011994604e-05
baseline,0.625,3.2265726440379534e-05
baseline,0.6255000000000001,3.07257931881194e-05
baseline,0.626,3.067948939960358e-05
baseline,0.6265000000000001,3.064573843995945e-05
baseline,0.627,3.055480435437189e-05
baseline,0.6275000000000001,3.0464846428822873e-05
baseline,0.628,3.038979649336917e-05
baseline,0.6285000000000001,3.031608849852106e-05
baseline,0.629,3.0178565387500457e-05
baseline,0.6295000000000001,3.0210668118695734e-05
baseline,0.63,2.995207250715505e-05
baseline,0.6305000000000001,2.9920630001798524e-05
baseline,0.631,2.9762694660043467e-05
baseline,0.6315000000000001,3.0051856912053875e-05
baseline,0.632,2.9591368281304367e-05
baseline,0.6325000000000001,2.957579938186605e-05
baseline,0.633,2.9419115536094405e-05
baseline,0.6335000000000001,2.9465289539461024e-05
baseline,0.634,2.9340264405059787e-05
baseline,0.6345000000000001,2.919366246669607e-05
baseline,0.635,2.911141663406126e-05
baseline,0.6355000000000001,2.8998650001796385e-05
baseline,0.636,2.881620286091247e-05
baseline,0.6365000000000001,2.9654839179389357e-05
baseline,0.637,2.8705884957185173e-05
baseline,0.6375000000000001,2.8691995497379988e-05
baseline,0.638,2.858119208124521e-05
baseline,0.6385000000000001,2.8531825290825695e-05
baseline,0.639,2.8489580468009055e-05
baseline,0.6395000000000001,2.832819449641556e-05
baseline,0.64,2.841202220202111e-05
baseline,0.6405,2.816052210364922e-05
baseline,0.641,2.8127984106136642e-05
baseline,0.6415,2.802010976289652e-05
baseline,0.642,2.7932525202048585e-05
baseline,0.6425,2.775782940794135e-05
baseline,0.643,2.8290172483480534e-05
baseline,0.6435,2.7599907114115632e-05
baseline,0.644,2.767318421185327e-05
baseline,0.6445,2.7562509057762623e-05
baseline,0.645,2.752583092033736e-05
baseline,0.6455,2.732928991756529e-05
baseline,0.646,2.730854699392087e-05
baseline,0.6465,2.7193223579728274e-05
baseline,0.647,2.7474427855827253e-05
baseline,0.6475,2.7011786591083985e-05
baseline,0.648,2.698050668190877e-05
baseline,0.6485,2.6944874531021413e-05
baseline,0.649,2.6808116608590444e-05
baseline,0.6495,2.673115274973682e-05
baseline,0.65,2.690637352878053e-05
baseline,0.6505,2.655220580587337e-05
baseline,0.651,2.6563152799101347e-05
baseline,0.6515,2.643061880644434e-05
baseline,0.652,2.6566984502474247e-05
baseline,0.6525,2.6219004949258926e-05
baseline,0.653,2.6241468629653737e-05
baseline,0.6535,2.609499537226875e-05
baseline,0.654,2.6218454653688564e-05
baseline,0.6545,2.598742947243567e-05
baseline,0.655,2.605347730662267e-05
baseline,0.6555,2.5841787463157034e-05
baseline,0.656,2.5424412380588383e-05
baseline,0.6565,2.6097981046112858e-05
baseline,0.657,2.56849080089445e-05
baseline,0.6575,2.5525888447099158e-05
baseline,0.658,2.5548978083831544e-05
baseline,0.6585,2.5428343818989312e-05
baseline,0.659,2.5369504143654002e-05
baseline,0.6595,2.5287979499475524e-05
baseline,0.66,2.5211947064186063e-05
baseline,0.6605,2.5176880502076792e-05
baseline,0.661,2.502738180979907e-05
baseline,0.6615,2.4997020503263944e-05
baseline,0.662,2.4937539512707765e-05
baseline,0.6625,2.4853602502752422e-05
baseline,0.663,2.4765702236863644e-05
baseline,0.6635,2.46946979265144e-05
baseline,0.664,2.4620564730424013e-05
baseline,0.6645,2.4527553553234572e-05
baseline,0.665,2.443254463650855e-05
baseline,0.6655,2.432656253914991e-05
baseline,0.666,2.415785915427803e-05
baseline,0.6665,3.057086718883968e-05
baseline,0.667,2.3860411067821907e-05
baseline,0.6675,2.4006657933665242e-05
baseline,0.668,2.4013376414566744e-05
baseline,0.6685,2.3923790969859527e-05
baseline,0.669,2.3988370861603757e-05
baseline,0.6695,2.388808480605849e-05
baseline,0.67,2.3830740116876792e-05
baseline,0.6705,2.3789966967867538e-05
baseline,0.671,2.3719701242676412e-05
baseline,0.6715,2.3644451739760175e-05
baseline,0.672,2.3611054543271854e-05
baseline,0.6725,2.3577003340555732e-05
baseline,0.673,2.3449430832956993e-05
baseline,0.6735,2.3414778948852184e-05
baseline,0.674,2.33811131347502e-05
baseline,0.6745,2.3306645479198117e-05
baseline,0.675,2.3252064933349452e-05
baseline,0.6755,2.323032202795133e-05
baseline,0.676,2.305394168057748e-05
baseline,0.6765,2.3102017520488715e-05
baseline,0.677,2.2973141464010236e-05
baseline,0.6775,2.298970017958032e-05
baseline,0.678,2.2850700798438458e-05
baseline,0.6785,2.290393533616767e-05
baseline,0.679,2.2778731187223122e-05
baseline,0.6795,2.261617958078534e-05
baseline,0.68,2.275583534097329e-05
baseline,0.6805,2.2528593766881645e-05
baseline,0.681,2.2478266645892612e-05
baseline,0.6815,2.241474804756269e-05
baseline,0.682,2.2623686666648892e-05
baseline,0.6825,2.2296934749881083e-05
baseline,0.683,2.2293147884678463e-05
baseline,0.6835,2.2191956541852834e-05
baseline,0.684,2.249690661042606e-05
baseline,0.6845,2.1974644964732138e-05
baseline,0.685,2.2052483888965462e-05
baseline,0.6855,2.205765519304181e-05
baseline,0.686,2.183059464003435e-05
baseline,0.6865,2.193360774728868e-05
baseline,0.687,2.1733627127493297e-05
baseline,0.6875,2.215282182396405e-05
baseline,0.6880000000000001,2.16431059091199e-05
baseline,0.6885,2.16303130314431e-05
baseline,0.6890000000000001,2.161334818733351e-05
baseline,0.6895,2.164007838810054e-05
baseline,0.6900000000000001,2.1430155335455585e-05
baseline,0.6905,2.1450507112854363e-05
baseline,0.6910000000000001,2.136596367115813e-05
baseline,0.6915,2.1288094368992526e-05
baseline,0.6920000000000001,2.1103906808846875e-05
baseline,0.6925,2.1863985732288147e-05
baseline,0.6930000000000001,2.1103032994405728e-05
baseline,0.6935,2.1046913915085647e-05
baseline,0.6940000000000001,2.1100122438038886e-05
baseline,0.6945,2.1048837336151983e-05
baseline,0.6950000000000001,2.0929002700403082e-05
baseline,0.6955,2.1077936838217163e-05
baseline,0.6960000000000001,2.076963610726685e-05
baseline,0.6965,2.077465490437259e-05
baseline,0.6970000000000001,2.0809505771500476e-05
baseline,0.6975,2.0700031494947084e-05
baseline,0.6980000000000001,2.0608707849132807e-05
baseline,0.6985,2.055952706308283e-05
baseline,0.6990000000000001,2.051280653326469e-05
baseline,0.6995,2.036030119155948e-05
baseline,0.7000000000000001,2.139879772076042e-05
baseline,0.7005,2.027229096726481e-05
baseline,0.7010000000000001,2.0278579207603766e-05
baseline,0.7015,2.0231509479633557e-05
baseline,0.7020000000000001,2.029488088148834e-05
baseline,0.7025,2.023364774277971e-05
baseline,0.7030000000000001,2.0073189584068343e-05
baseline,0.7035,2.02324588312473e-05
baseline,0.704,1.9973034911172233e-05
baseline,0.7045,1.9968332337972167e-05
baseline,0.705,1.991549844521041e-05
baseline,0.7055,1.9808681092011607e-05
baseline,0.706,2.0155076109355925e-05
baseline,0.7065,1.979633208326173e-05
baseline,0.707,1.9709543731195163e-05
baseline,0.7075,1.974483754594984e-05
baseline,0.708,1.9564161311503164e-05
baseline,0.7085,1.978298339696954e-05
baseline,0.709,1.9532434668267954e-05
baseline,0.7095,1.960628952404256e-05
baseline,0.71,1.9402742357796252e-05
baseline,0.7105,1.9449171410124382e-05
baseline,0.711,1.9356849990597644e-05
baseline,0.7115,1.931265403802721e-05
baseline,0.712,1.9263753156106256e-05
baseline,0.7125,1.9194209273414102e-05
baseline,0.713,1.9145168437120605e-05
baseline,0.7135,1.9029681360741096e-05
baseline,0.714,1.881338164866448e-05
baseline,0.7145,2.0906812320276724e-05
baseline,0.715,1.889239180101051e-05
baseline,0.7155,1.8898762526836098e-05
baseline,0.716,1.8890726850112532e-05
baseline,0.7165,1.8856987526248763e-05
baseline,0.717,1.8809039643423326e-05
baseline,0.7175,1.8786352512175143e-05
baseline,0.718,1.8745629346632674e-05
baseline,0.7185,1.8395983008255466e-05
baseline,0.719,1.896507202664245e-05
baseline,0.7195,1.860221232803902e-05
baseline,0.72,1.8694026172819057e-05
baseline,0.7205,1.8483938437360375e-05
baseline,0.721,1.8470987487580622e-05
baseline,0.7215,1.8433234223985077e-05
baseline,0.722,1.8780124405329008e-05
baseline,0.7225,1.8182848819800692e-05
baseline,0.723,1.828700514466243e-05
baseline,0.7235,1.825906142417865e-05
baseline,0.724,1.8330789874714503e-05
baseline,0.7245,1.8127132699476483e-05
baseline,0.725,1.815421487802778e-05
baseline,0.7255,1.8086523252649647e-05
baseline,0.726,1.804210681909299e-05
baseline,0.7265,1.796853737495477e-05
baseline,0.727,1.7741872411262774e-05
baseline,0.7275,1.8870571236057697e-05
baseline,0.728,1.780913150995001e-05
baseline,0.7285,1.7828406799744924e-05
baseline,0.729,1.784632664530662e-05
baseline,0.7295,1.784679030118912e-05
baseline,0.73,1.7656288881235002e-05
baseline,0.7305,1.7569440771122472e-05
baseline,0.731,1.7808065613557457e-05
baseline,0.7315,1.7713020315008964e-05
baseline,0.732,1.753175236987666e-05
baseline,0.7325,1.749196188576176e-05
baseline,0.733,1.7368842081992888e-05
baseline,0.7335,1.7959376880235094e-05
baseline,0.734,1.73784715171356e-05
baseline,0.7345,1.740251482804717e-05
baseline,0.735,1.7251766240657175e-05
baseline,0.7355,1.7380158200506436e-05
baseline,0.736,1.724992076528641e-05
baseline,0.7365,1.7145350731353502e-05
baseline,0.737,1.7502164042622896e-05
baseline,0.7375,1.713976268707413e-05
baseline,0.738,1.7111718755795844e-05
baseline,0.7385,1.7057234998160867e-05
baseline,0.739,1.7232814546916327e-05
baseline,0.7395,1.694945847195079e-05
baseline,0.74,1.692156842164032e-05
baseline,0.7405,1.71487437902169e-05
baseline,0.741,1.6756860741192677e-05
baseline,0.7415,1.6839275600900163e-05
baseline,0.742,1.6887434406812198e-05
baseline,0.7425,1.6748857793668375e-05
baseline,0.743,1.6839398456627098e-05
baseline,0.7435,1.666461260320218e-05
baseline,0.744,1.6745983999777696e-05
baseline,0.7445,1.6635094452346358e-05
baseline,0.745,1.6582906264383828e-05
baseline,0.7455,1.652062878167598e-05
baseline,0.746,1.653110449618625e-05
baseline,0.7465,1.6501559846431594e-05
baseline,0.747,1.641858860805564e-05
baseline,0.7475,1.6425541527467914e-05
baseline,0.748,1.6304240563599265e-05
baseline,0.7485,1.627463546858894e-05
baseline,0.749,1.6183986245835952e-05
baseline,0.7495,1.60025080311393e-05
baseline,0.75,2.0409874093830988e-05
baseline,0.7505000000000001,1.5932055936452582e-05
baseline,0.751,1.6041649026158735e-05
baseline,0.7515000000000001,1.606883660267504e-05
baseline,0.752,1.605228355175393e-05
baseline,0.7525000000000001,1.605481166150073e-05
baseline,0.753,1.605050189530464e-05
baseline,0.7535000000000001,1.5964136745793567e-05
baseline,0.754,1.5988354411763524e-05
baseline,0.7545000000000001,1.5979561265267465e-05
baseline,0.755,1.590413694952077e-05
baseline,0.7555000000000001,1.5886664809029797e-05
baseline,0.756,1.583487855692677e-05
baseline,0.7565000000000001,1.5764514153620507e-05
baseline,0.757,1.589956473736275e-05
baseline,0.7575000000000001,1.582310177577287e-05
baseline,0.758,1.571929486393808e-05
baseline,0.7585000000000001,1.577792804403136e-05
baseline,0.759,1.5573549663888334e-05
baseline,0.7595000000000001,1.5661654344709284e-05
baseline,0.76,1.5745319637677802e-05
baseline,0.7605000000000001,1.5529648516506748e-05
baseline,0.761,1.555590762021004e-05
baseline,0.7615000000000001,1.543600478801803e-05
baseline,0.762,1.572250926718713e-05
baseline,0.7625000000000001,1.5437710031933142e-05
baseline,0.763,1.5440436070652442e-05
baseline,0.7635000000000001,1.535246620570496e-05
baseline,0.764,1.5326337788420487e-05
baseline,0.7645000000000001,1.5769095758529457e-05
baseline,0.765,1.513293425253388e-05
baseline,0.7655000000000001,1.5232108237134478e-05
baseline,0.766,1.5255350419988732e-05
baseline,0.7665000000000001,1.5302186016855474e-05
baseline,0.767,1.5117229484049686e-05
baseline,0.7675000000000001,1.5146050696342513e-05
baseline,0.768,1.5098369701315685e-05
baseline,0.7685,1.4994785860056345e-05
baseline,0.769,1.5849933581916702e-05
baseline,0.7695,1.4798135034761572e-05
baseline,0.77,1.492861915215209e-05
baseline,0.7705,1.4953290684465392e-05
baseline,0.771,1.4945225597546095e-05
baseline,0.7715,1.4976514062361093e-05
baseline,0.772,1.4844057792155832e-05
baseline,0.7725,1.5157219226195698e-05
baseline,0.773,1.4667015424577438e-05
baseline,0.7735,1.4784407530844733e-05
baseline,0.774,1.4890553158366368e-05
baseline,0.7745,1.4662726930487897e-05
baseline,0.775,1.4728260125579482e-05
baseline,0.7755,1.4680054052520899e-05
baseline,0.776,1.464109237765666e-05
baseline,0.7765,1.4603188930160825e-05
baseline,0.777,1.4510964978069617e-05
baseline,0.7775,1.4284332526545373e-05
baseline,0.778,1.5892190860441417e-05
baseline,0.7785,1.441177635098368e-05
baseline,0.779,1.4480437165151439e-05
baseline,0.7795,1.4441624972814853e-05
baseline,0.78,1.4432952428293954e-05
baseline,0.7805,1.4426390361165591e-05
baseline,0.781,1.4088186279548144e-05
baseline,0.7815,1.467063549015531e-05
baseline,0.782,1.4313823138381975e-05
baseline,0.7825,1.4517361740385417e-05
baseline,0.783,1.419552230468201e-05
baseline,0.7835,1.4188190295003056e-05
baseline,0.784,1.4298532997573209e-05
baseline,0.7845,1.4207260660368169e-05
baseline,0.785,1.4132476363988902e-05
baseline,0.7855,1.4814751248400286e-05
baseline,0.786,1.3891249568379947e-05
baseline,0.7865,1.4065580181219307e-05
baseline,0.787,1.4131738731916629e-05
baseline,0.7875,1.3946946946581439e-05
baseline,0.788,1.4110650227685177e-05
baseline,0.7885,1.398933041453859e-05
baseline,0.789,1.3886114231114731e-05
baseline,0.7895,1.4252830167513798e-05
baseline,0.79,1.385912991125249e-05
baseline,0.7905,1.3948174508347759e-05
baseline,0.791,1.3812021689188171e-05
baseline,0.7915,1.4052827249430889e-05
baseline,0.792,1.3737917821919126e-05
baseline,0.7925,1.3784593312063422e-05
baseline,0.793,1.3878888244526634e-05
baseline,0.7935,1.3658049330183608e-05
baseline,0.794,1.3827962080130399e-05
baseline,0.7945,1.3644728682839037e-05
baseline,0.795,1.3709065046037885e-05
baseline,0.7955,1.3662104297422751e-05
baseline,0.796,1.359722151991549e-05
baseline,0.7965,1.3645491613411467e-05
baseline,0.797,1.3535073857400522e-05
baseline,0.7975,1.35095024502979e-05
baseline,0.798,1.3530868272409808e-05
baseline,0.7985,1.3415481601005123e-05
baseline,0.799,1.3360744967662781e-05
baseline,0.7995,1.3194824010121427e-05
baseline,0.8,1.6477536867476505e-05
baseline,0.8005,1.3145118969845706e-05
baseline,0.801,1.3268736599205848e-05
baseline,0.8015,1.3300894115846304e-05
baseline,0.802,1.329529270522257e-05
baseline,0.8025,1.3287742283446836e-05
baseline,0.803,1.3270102154538407e-05
baseline,0.8035,1.3304761725849299e-05
baseline,0.804,1.3233803413270706e-05
baseline,0.8045,1.324516565359843e-05
baseline,0.805,1.3245106553616902e-05
baseline,0.8055,1.3223323763270839e-05
baseline,0.806,1.309791007080008e-05
baseline,0.8065,1.3275706147053485e-05
baseline,0.807,1.3120778658511694e-05
baseline,0.8075,1.3280666794117827e-05
baseline,0.808,1.2999860290628935e-05
baseline,0.8085,1.304215125565322e-05
baseline,0.809,1.3012485880760622e-05
baseline,0.8095,1.325542836228451e-05
baseline,0.81,1.2936570297701209e-05
baseline,0.8105,1.2930427555634763e-05
baseline,0.811,1.3008303985802818e-05
baseline,0.8115,1.2927034307032441e-05
baseline,0.812,1.285494659848265e-05
baseline,0.8125,1.3346785640192653e-05
baseline,0.8130000000000001,1.2779212348083007e-05
baseline,0.8135,1.2842861550562974e-05
baseline,0.8140000000000001,1.2831030765228965e-05
baseline,0.8145,1.2733502592121702e-05
baseline,0.8150000000000001,1.2967740633440197e-05
baseline,0.8155,1.2689498785375006e-05
baseline,0.8160000000000001,1.2805947210680952e-05
baseline,0.8165,1.2757557777209101e-05
baseline,0.8170000000000001,1.2678955051760703e-05
baseline,0.8175,1.2604341876328874e-05
baseline,0.8180000000000001,1.3650351887914218e-05
baseline,0.8185,1.23651525644682e-05
baseline,0.8190000000000001,1.2599394448542633e-05
baseline,0.8195,1.2608700834129396e-05
baseline,0.8200000000000001,1.2585683743561123e-05
baseline,0.8205,1.2566876025102624e-05
baseline,0.8210000000000001,1.2518272472441754e-05
baseline,0.8215,1.2653135025693487e-05
baseline,0.8220000000000001,1.2566191699492787e-05
baseline,0.8225,1.2414909889720936e-05
baseline,0.8230000000000001,1.241700402875696e-05
baseline,0.8235,1.285195469541714e-05
baseline,0.8240000000000001,1.2361774783605119e-05
baseline,0.8245,1.2419440948269994e-05
baseline,0.8250000000000001,1.2417476315398112e-05
baseline,0.8255,1.2321240308133618e-05
baseline,0.8260000000000001,1.2571823538628404e-05
baseline,0.8265,1.2281130920903758e-05
baseline,0.8270000000000001,1.2306588631353624e-05
baseline,0.8275,1.2412630104752493e-05
baseline,0.8280000000000001,1.224597665487446e-05
baseline,0.8285,1.2317215474953556e-05
baseline,0.8290000000000001,1.2153083160201773e-05
baseline,0.8295,1.2278627418847713e-05
baseline,0.8300000000000001,1.2284450370596219e-05
baseline,0.8305,1.2129685847441821e-05
baseline,0.8310000000000001,1.2143699494229924e-05
baseline,0.8315,1.215403656841754e-05
baseline,0.8320000000000001,1.2065673205243942e-05
baseline,0.8325,1.1987397151913751e-05
baseline,0.833,1.1705445307638817e-05
baseline,0.8335,1.4507597503289801e-05
baseline,0.834,1.189011522027079e-05
baseline,0.8345,1.1969361203165036e-05
baseline,0.835,1.1982749591417445e-05
baseline,0.8355,1.1990252834359664e-05
baseline,0.836,1.1970060733794232e-05
baseline,0.8365,1.2063470422206468e-05
baseline,0.837,1.196290947032763e-05
baseline,0.8375,1.1855522601571002e-05
baseline,0.838,1.2027229785858488e-05
baseline,0.8385,1.2020156579614517e-05
baseline,0.839,1.17767964482172e-05
baseline,0.8395,1.1885089467522704e-05
baseline,0.84,1.202298206413629e-05
baseline,0.8405,1.1802019079875116e-05
baseline,0.841,1.1807139588987668e-05
baseline,0.8415,1.1810390671855714e-05
baseline,0.842,1.2137452581023108e-05
baseline,0.8425,1.16839952901608e-05
baseline,0.843,1.177142860499323e-05
baseline,0.8435,1.1443416359362811e-05
baseline,0.844,1.2056854409355757e-05
baseline,0.8445,1.1730653252184022e-05
baseline,0.845,1.1711356243245017e-05
baseline,0.8455,1.1593512781267225e-05
baseline,0.846,1.2386059518626852e-05
baseline,0.8465,1.1466839145957517e-05
baseline,0.847,1.1612644156744324e-05
baseline,0.8475,1.1562828026674582e-05
baseline,0.848,1.1635860761279114e-05
baseline,0.8485,1.1654429407354105e-05
baseline,0.849,1.1558626079403856e-05
baseline,0.8495,1.1502891346499274e-05
baseline,0.85,1.1830035292020693e-05
baseline,0.8505,1.1523568581503844e-05
baseline,0.851,1.1468436773610715e-05
baseline,0.8515,1.141639445967832e-05
baseline,0.852,1.1631429301454018e-05
baseline,0.8525,1.1446902558376156e-05
baseline,0.853,1.1517523170324062e-05
baseline,0.8535,1.1472669197109715e-05
baseline,0.854,1.1417313003750822e-05
baseline,0.8545,1.1392434243901839e-05
baseline,0.855,1.134221104260471e-05
baseline,0.8555,1.1358924962526069e-05
baseline,0.856,1.125395009663331e-05
baseline,0.8565,1.1229200842252702e-05
baseline,0.857,1.3231443257972913e-05
baseline,0.8575,1.0982740740335797e-05
baseline,0.858,1.118483582970798e-05
baseline,0.8585,1.1229119890454744e-05
baseline,0.859,1.1250545643652108e-05
baseline,0.8595,1.1261230666525388e-05
baseline,0.86,1.1252106305475156e-05
baseline,0.8605,1.1210334301469432e-05
baseline,0.861,1.1307346007868103e-05
baseline,0.8615,1.1161988626869783e-05
baseline,0.862,1.131531131881593e-05
baseline,0.8625,1.1225414366763498e-05
baseline,0.863,1.1081460773946661e-05
baseline,0.8635,1.137970839830496e-05
baseline,0.864,1.1046983764543595e-05
baseline,0.8645,1.1084932952960845e-05
baseline,0.865,1.118395526168767e-05
baseline,0.8655,1.1085043295697278e-05
baseline,0.866,1.1023744839512489e-05
baseline,0.8665,1.1646248791128522e-05
baseline,0.867,1.0858315810041589e-05
baseline,0.8675,1.1026199319995717e-05
baseline,0.868,1.1012373602651054e-05
baseline,0.8685,1.1014375405795017e-05
baseline,0.869,1.102547661751015e-05
baseline,0.8695,1.1203574796610725e-05
baseline,0.87,1.0906705260163275e-05
baseline,0.8705,1.0965023431233883e-05
baseline,0.871,1.1016966763634312e-05
baseline,0.8715,1.086701779024433e-05
baseline,0.872,1.0994489849329472e-05
baseline,0.8725,1.0985387343844849e-05
baseline,0.873,1.0881903543617146e-05
baseline,0.8735,1.0807140068501704e-05
baseline,0.874,1.079180878127573e-05
baseline,0.8745,1.0675622095692436e-05
baseline,0.875,1.232563137050585e-05
baseline,0.8755000000000001,1.0639817660348196e-05
baseline,0.876,1.0737227966625187e-05
baseline,0.8765000000000001,1.0799215735723954e-05
baseline,0.877,1.080071749631259e-05
baseline,0.8775000000000001,1.0761879488873084e-05
baseline,0.878,1.0801704619857404e-05
baseline,0.8785000000000001,1.0669828683249407e-05
baseline,0.879,1.0879468669936981e-05
baseline,0.8795000000000001,1.0736893908857179e-05
baseline,0.88,1.0887244195265469e-05
baseline,0.8805000000000001,1.0685166404894684e-05
baseline,0.881,1.0669366197334342e-05
baseline,0.8815000000000001,1.0732369197312352e-05
baseline,0.882,1.0530500291610432e-05
baseline,0.8825000000000001,1.1105636467062274e-05
baseline,0.883,1.0623160392410877e-05
baseline,0.8835000000000001,1.0721185146450085e-05
baseline,0.884,1.056120621693825e-05
baseline,0.8845000000000001,1.0791954247408251e-05
baseline,0.885,1.0619151843611311e-05
baseline,0.8855000000000001,1.0656083460130462e-05
baseline,0.886,1.0474236396711317e-05
baseline,0.8865000000000001,1.0584388279924247e-05
baseline,0.887,1.0592546500465178e-05
baseline,0.8875000000000001,1.0506594318327473e-05
baseline,0.888,1.049547317112323e-05
baseline,0.8885000000000001,1.0277276093416e-05
baseline,0.889,1.1764361933776787e-05
baseline,0.8895000000000001,1.0373850477093834e-05
baseline,0.89,1.0495579630497569e-05
baseline,0.8905000000000001,1.0419561328388071e-05
baseline,0.891,1.0451553595470264e-05
baseline,0.8915000000000001,1.0492304898527811e-05
baseline,0.892,1.0513112167578376e-05
baseline,0.8925000000000001,1.0392121485493789e-05
baseline,0.893,1.0583742970133113e-05
baseline,0.8935000000000001,1.0400464622053732e-05
baseline,0.894,1.0438875079322256e-05
baseline,0.8945000000000001,1.087407318238785e-05
baseline,0.895,1.0157075219715186e-05
baseline,0.8955000000000001,1.0327154522123978e-05
baseline,0.896,1.0397899921620619e-05
baseline,0.8965,1.0480150406799906e-05
baseline,0.897,1.0303483796156537e-05
baseline,0.8975,1.0400256433775968e-05
baseline,0.898,1.0310164793459858e-05
baseline,0.8985,1.0353426009874586e-05
baseline,0.899,1.0243364503705802e-05
baseline,0.8995,1.0146786618968658e-05
baseline,0.9,1.1292498693029352e-05
baseline,0.9005,1.0115247324583696e-05
baseline,0.901,1.0250396296021703e-05
baseline,0.9015,1.0236274894844402e-05
baseline,0.902,1.0236350332078873e-05
baseline,0.9025,1.026830744023818e-05
baseline,0.903,1.0441894462898899e-05
baseline,0.9035,1.0085800656479703e-05
baseline,0.904,1.0196130871623231e-05
baseline,0.9045,1.0000546432345902e-05
baseline,0.905,1.059127346552581e-05
baseline,0.9055,1.0212236484599625e-05
baseline,0.906,9.865156974970884e-06
baseline,0.9065,1.0521441148606077e-05
baseline,0.907,1.0186906155599844e-05
baseline,0.9075,1.0169226272447773e-05
baseline,0.908,1.0073135765413052e-05
baseline,0.9085,1.0038863894995805e-05
baseline,0.909,1.0984064594883096e-05
baseline,0.9095,9.921211040727991e-06
baseline,0.91,1.00124377646359e-05
baseline,0.9105,1.0170167738936931e-05
baseline,0.911,1.0080777385386463e-05
baseline,0.9115,9.93742599372337e-06
baseline,0.912,1.0208477673360122e-05
baseline,0.9125,1.0055547707137598e-05
baseline,0.913,1.0275288021272367e-05
baseline,0.9135,9.961181296074729e-06
baseline,0.914,9.983343955251971e-06
baseline,0.9145,1.0151315040223841e-05
baseline,0.915,9.956246724328274e-06
baseline,0.9155,1.0068492531040411e-05
baseline,0.916,9.92673032995581e-06
baseline,0.9165,1.07816892262156e-05
baseline,0.917,9.7457423082522e-06
baseline,0.9175,9.924752801170444e-06
baseline,0.918,9.952958838418827e-06
baseline,0.9185,9.917683324362966e-06
baseline,0.919,1.0036644971479826e-05
baseline,0.9195,9.916287158795569e-06
baseline,0.92,1.0116728753475139e-05
baseline,0.9205,9.8896477078432e-06
baseline,0.921,9.947786092383234e-06
baseline,0.9215,9.938884000158824e-06
baseline,0.922,9.887478314804782e-06
baseline,0.9225,9.804346921304487e-06
baseline,0.923,1.0488159281519774e-05
baseline,0.9235,9.731579299949462e-06
baseline,0.924,9.907748857718191e-06
baseline,0.9245,9.8240992791355e-06
baseline,0.925,9.884630524638168e-06
baseline,0.9255,9.798694793961271e-06
baseline,0.926,9.971972904239229e-06
baseline,0.9265,9.786195860923152e-06
baseline,0.927,9.839864977195889e-06
baseline,0.9275,9.874782042272348e-06
baseline,0.928,9.71809729003305e-06
baseline,0.9285,1.0326225518666595e-05
baseline,0.929,9.672062593837906e-06
baseline,0.9295,9.749783953566776e-06
baseline,0.93,9.915286101638998e-06
baseline,0.9305,9.674805101785948e-06
baseline,0.931,9.825437037545562e-06
baseline,0.9315,9.744346050553684e-06
baseline,0.932,9.844537131654741e-06
baseline,0.9325,9.696858841627016e-06
baseline,0.933,9.547193494752053e-06
baseline,0.9335,1.0228573000132047e-05
baseline,0.934,9.69895470390159e-06
baseline,0.9345,9.650758354947724e-06
baseline,0.935,9.745516243952191e-06
baseline,0.9355,9.807222468850236e-06
baseline,0.936,9.720922412749864e-06
baseline,0.9365,9.681062051326514e-06
baseline,0.937,9.59716079319085e-06
baseline,0.9375,1.0047602515221777e-05
baseline,0.9380000000000001,9.573322217609397e-06
baseline,0.9385,9.61911946037612e-06
baseline,0.9390000000000001,9.696624814885315e-06
baseline,0.9395,9.699790731639607e-06
baseline,0.9400000000000001,9.670086866557303e-06
baseline,0.9405,9.64064094939763e-06
baseline,0.9410000000000001,1.000860621909759e-05
baseline,0.9415,9.495339992925477e-06
baseline,0.9420000000000001,9.548197640233973e-06
baseline,0.9425,9.611475048051233e-06
baseline,0.9430000000000001,9.666610689176522e-06
baseline,0.9435,9.56691253484726e-06
baseline,0.9440000000000001,9.553303513070476e-06
baseline,0.9445,9.85769312343883e-06
baseline,0.9450000000000001,9.567774617994604e-06
baseline,0.9455,9.562299284727512e-06
baseline,0.9460000000000001,9.620364774251143e-06
baseline,0.9465,9.557953246296453e-06
baseline,0.9470000000000001,9.43696562851992e-06
baseline,0.9475,9.811229070698931e-06
baseline,0.9480000000000001,9.491287977332733e-06
baseline,0.9485,9.676860326358548e-06
baseline,0.9490000000000001,9.46965077346241e-06
baseline,0.9495,9.492841276897871e-06
baseline,0.9500000000000001,9.72387007710512e-06
baseline,0.9505,9.450031180807122e-06
baseline,0.9510000000000001,9.603783943878145e-06
baseline,0.9515,9.43221639937597e-06
baseline,0.9520000000000001,9.422051936517663e-06
baseline,0.9525,9.673661875807241e-06
baseline,0.9530000000000001,9.480380736787234e-06
baseline,0.9535,9.49006295859476e-06
baseline,0.9540000000000001,9.486815483764138e-06
baseline,0.9545,9.588834056135531e-06
baseline,0.9550000000000001,9.4623588089183e-06
baseline,0.9555,9.40533526474658e-06
baseline,0.9560000000000001,9.413749851303249e-06
baseline,0.9565,9.621317446318293e-06
baseline,0.9570000000000001,9.402542622471567e-06
baseline,0.9575,9.520013536980168e-06
baseline,0.9580000000000001,9.267685723882451e-06
baseline,0.9585,9.563248732189149e-06
baseline,0.9590000000000001,9.46985609854625e-06
baseline,0.9595,9.36435944922353e-06
baseline,0.96,9.50122178459153e-06
baseline,0.9605,9.341869094117759e-06
baseline,0.961,9.435096946013358e-06
baseline,0.9615,9.487544318990266e-06
baseline,0.962,9.276374152062221e-06
baseline,0.9625,9.42123815149494e-06
baseline,0.963,9.459350776217226e-06
baseline,0.9635,9.34796821955923e-06
baseline,0.964,9.24941474004685e-06
baseline,0.9645,9.51414860720029e-06
baseline,0.965,9.326589136456803e-06
baseline,0.9655,9.38934139870563e-06
baseline,0.966,9.335970529698426e-06
baseline,0.9665,9.420892232157819e-06
baseline,0.967,9.299034895344627e-06
baseline,0.9675,9.48887389577535e-06
baseline,0.968,9.068461305898422e-06
baseline,0.9685,9.087770789612729e-06
baseline,0.969,9.657305975021076e-06
baseline,0.9695,9.34079767423435e-06
baseline,0.97,9.229035293380681e-06
baseline,0.9705,9.31319218750628e-06
baseline,0.971,9.247629050193662e-06
baseline,0.9715,9.281962676629818e-06
baseline,0.972,9.375208487397001e-06
baseline,0.9725,9.177663601106339e-06
baseline,0.973,9.261942681007403e-06
baseline,0.9735,9.283051623574023e-06
baseline,0.974,9.203517380504719e-06
baseline,0.9745,9.253386801846542e-06
baseline,0.975,9.22923916901391e-06
baseline,0.9755,9.21470891437501e-06
baseline,0.976,9.233583129856472e-06
baseline,0.9765,9.292223493899868e-06
baseline,0.977,9.025539934471825e-06
baseline,0.9775,9.198042057643393e-06
baseline,0.978,9.150540166408944e-06
baseline,0.9785,9.287037413715192e-06
baseline,0.979,9.130057268079368e-06
baseline,0.9795,9.146212088979654e-06
baseline,0.98,9.1364431933977e-06
baseline,0.9805,9.09507711517256e-06
baseline,0.981,9.119325124235208e-06
baseline,0.9815,9.140812377467987e-06
baseline,0.982,9.1346171751305e-06
baseline,0.9825,9.014088809279059e-06
baseline,0.983,9.12865335156556e-06
baseline,0.9835,9.063966831906528e-06
baseline,0.984,9.020434257142757e-06
baseline,0.9845,9.066486258146732e-06
baseline,0.985,9.001763235244063e-06
baseline,0.9855,9.024502833945472e-06
baseline,0.986,8.969231921835604e-06
baseline,0.9865,8.969670274471958e-06
baseline,0.987,8.95894302118532e-06
baseline,0.9875,8.925495441003551e-06
baseline,0.988,8.919203665932804e-06
baseline,0.9885,8.855046498277868e-06
baseline,0.989,8.90265385950206e-06
baseline,0.9895,8.79561474196149e-06
baseline,0.99,8.792896593617451e-06
baseline,0.9905,8.763407079255532e-06
baseline,0.991,8.705581711737352e-06
baseline,0.9915,8.678941004187227e-06
baseline,0.992,8.633635360995758e-06
baseline,0.9925,8.532497947771782e-06
baseline,0.993,8.500271590121632e-06
baseline,0.9935,8.363902350894615e-06
baseline,0.994,8.330701605724612e-06
baseline,0.9945,8.17455013826293e-06
baseline,0.995,8.015842433688093e-06
baseline,0.9955,7.796765606271463e-06
baseline,0.996,7.509790462190939e-06
baseline,0.9965,7.128333430943921e-06
baseline,0.997,6.573285379167639e-06
baseline,0.9975,5.796966122369964e-06
baseline,0.998,4.723285083936137e-06
baseline,0.9985,3.337176971495696e-06
baseline,0.999,1.806286080185107e-06
baseline,0.9995,5.428206732324798e-07
baseline,1.0,2.450876022944699e-09
xc_only,0.0,0.00012104848806944822
xc_only,0.0005,0.0004615846851556627
xc_only,0.001,0.0012612212619199517
xc_only,0.0015,0.0021525748083530056
xc_only,0.002,0.0029062708819910543
xc_only,0.0025,0.003435857669376017
xc_only,0.003,0.003753132202921207
xc_only,0.0035,0.0039053263877101567
xc_only,0.004,0.003941515342229212
xc_only,0.0045000000000000005,0.003896344895093277
xc_only,0.005,0.0038048050482267725
xc_only,0.0055,0.003678904819548083
xc_only,0.006,0.003536425967875189
xc_only,0.006500000000000001,0.003397946731517798
xc_only,0.007,0.0032462470492885783
xc_only,0.0075,0.0031001143265530803
xc_only,0.008,0.0029636794758534047
xc_only,0.0085,0.002827554553021412
xc_only,0.009000000000000001,0.002702811033380408
xc_only,0.0095,0.00258298647469747
xc_only,0.01,0.0024720334897481103
xc_only,0.0105,0.0023655617859317155
xc_only,0.011,0.0022717020262371795
xc_only,0.0115,0.002180120628007252
xc_only,0.012,0.002095388040911575
xc_only,0.0125,0.002016777127512296
xc_only,0.013000000000000001,0.0019440973564816204
xc_only,0.0135,0.0018756980557108737
xc_only,0.014,0.0018134652377408442
xc_only,0.0145,0.0017546219262129332
xc_only,0.015,0.0016991904510345209
xc_only,0.0155,0.0016502638033789405
xc_only,0.016,0.0016007592710974997
xc_only,0.0165,0.0015584297835205569
xc_only,0.017,0.0015166387140889766
xc_only,0.0175,0.0014800680627862044
xc_only,0.018000000000000002,0.0014448266148232142
xc_only,0.0185,0.0014102676254938962
xc_only,0.019,0.0013830077630615605
xc_only,0.0195,0.0013531837258803211
xc_only,0.02,0.0013265886690950518
xc_only,0.0205,0.001302511966776616
xc_only,0.021,0.0012795199717059384
xc_only,0.021500000000000002,0.0012580018412246012
xc_only,0.022,0.0012406529139859107
xc_only,0.0225,0.0012212884624285456
xc_only,0.023,0.0012026037022385009
xc_only,0.0235,0.0011905778904052866
xc_only,0.024,0.0011750186862510988
xc_only,0.0245,0.0011619955177316248
xc_only,0.025,0.001149432485451136
xc_only,0.025500000000000002,0.001137676278143384
xc_only,0.026000000000000002,0.0011278110576793726
xc_only,0.0265,0.0011186518923046263
xc_only,0.027,0.0011099101868702048
xc_only,0.0275,0.0011017676466616143
xc_only,0.028,0.0010951666293771605
xc_only,0.0285,0.0010875547937450776
xc_only,0.029,0.0010822882512832276
xc_only,0.029500000000000002,0.001077174122523046
xc_only,0.03,0.0010718179365275088
xc_only,0.0305,0.0010680029525618263
xc_only,0.031,0.0010578503529711655
xc_only,0.0315,0.001068272419769609
xc_only,0.032,0.0010548323902568803
xc_only,0.0325,0.001057811776903865
xc_only,0.033,0.001053293402648633
xc_only,0.0335,0.0010517338145926178
xc_only,0.034,0.0010503429881472777
xc_only,0.0345,0.0010502041837109524
xc_only,0.035,0.0010484197642233858
xc_only,0.035500000000000004,0.0010486550686881401
xc_only,0.036000000000000004,0.0010479811419118895
xc_only,0.0365,0.001048542987741941
xc_only,0.037,0.0010492788440655467
xc_only,0.0375,0.0010496504387253033
xc_only,0.038,0.001049525612019228
xc_only,0.0385,0.0010516298344999445
xc_only,0.039,0.0010527957507913965
xc_only,0.0395,0.0010539967259036635
xc_only,0.04,0.0010561546657355584
xc_only,0.0405,0.0010573459355678254
xc_only,0.041,0.0010592543176476854
xc_only,0.0415,0.001062193534047446
xc_only,0.042,0.0010627658846882665
xc_only,0.0425,0.001067246034360952
xc_only,0.043000000000000003,0.0010685175132289894
xc_only,0.043500000000000004,0.0010704766284299865
xc_only,0.044,0.001075922975953062
xc_only,0.0445,0.0010763864745712284
xc_only,0.045,0.00108035282618914
xc_only,0.0455,0.0010826822502667684
xc_only,0.046,0.0010863637022737822
xc_only,0.0465,0.001089703276699881
xc_only,0.047,0.001092968841526301
xc_only,0.0475,0.0010964554378179439
xc_only,0.048,0.0010997300957436668
xc_only,0.0485,0.001102951521394352
xc_only,0.049,0.001107171630295166
xc_only,0.0495,0.001110395312551813
xc_only,0.05,0.0011147183640058593
xc_only,0.0505,0.0011185288253325336
xc_only,0.051000000000000004,0.0011216455555561509
xc_only,0.051500000000000004,0.0011262632760725656
xc_only,0.052000000000000005,0.001130059968194602
xc_only,0.0525,0.0011343001169974668
xc_only,0.053,0.0011377698999344695
xc_only,0.0535,0.0011418240858921032
xc_only,0.054,0.0011466399641214986
xc_only,0.0545,0.0011501154183325298
xc_only,0.055,0.001154949543880899
xc_only,0.0555,0.001159035098324797
xc_only,0.056,0.0011613659634601072
xc_only,0.0565,0.0011686579754144964
xc_only,0.057,0.001171871066600442
xc_only,0.0575,0.0011754675633544123
xc_only,0.058,0.0011797782971186895
xc_only,0.0585,0.0011847950126408645
xc_only,0.059000000000000004,0.0011897343572739461
xc_only,0.059500000000000004,0.001193260908081334
xc_only,0.06,0.0011983334560892389
xc_only,0.0605,0.0012017007207292256
xc_only,0.061,0.0012067291161971252
xc_only,0.0615,0.001211463540932847
xc_only,0.062,0.0012152706328441936
xc_only,0.0625,0.0012206195668458145
xc_only,0.063,0.0012246424230608172
xc_only,0.0635,0.001228629264372726
xc_only,0.064,0.001233700298298887
xc_only,0.0645,0.0012386816941393573
xc_only,0.065,0.0012419293364287739
xc_only,0.0655,0.0012469453229745828
xc_only,0.066,0.0012512979539530526
xc_only,0.0665,0.001257089519559043
xc_only,0.067,0.0012603798536659422
xc_only,0.0675,0.0012645757563916424
xc_only,0.068,0.0012699153430061364
xc_only,0.0685,0.0012722682720768697
xc_only,0.069,0.0012800617241285075
xc_only,0.0695,0.0012824352830757102
xc_only,0.07,0.0012876932211026222
xc_only,0.07050000000000001,0.0012922669385772624
xc_only,0.07100000000000001,0.0012959191133435958
xc_only,0.07150000000000001,0.0013020546801971258
xc_only,0.07200000000000001,0.0013050487545887455
xc_only,0.0725,0.0013097598446991938
xc_only,0.073,0.0013138334569432323
xc_only,0.0735,0.001318484051474363
xc_only,0.074,0.001323556349008095
xc_only,0.0745,0.0013274090032184675
xc_only,0.075,0.0013318256872918487
xc_only,0.0755,0.0013370738313480174
xc_only,0.076,0.0013391692206242032
xc_only,0.0765,0.0013453070273729383
xc_only,0.077,0.0013495686312886498
xc_only,0.0775,0.001353696089939991
xc_only,0.078,0.0013576971601344987
xc_only,0.0785,0.0013620099703262572
xc_only,0.079,0.0013669135939597973
xc_only,0.0795,0.0013704424101490345
xc_only,0.08,0.0013747473423060964
xc_only,0.0805,0.0013798342587635812
xc_only,0.081,0.0013815859185844959
xc_only,0.0815,0.0013890081238473898
xc_only,0.082,0.0013915898725254132
xc_only,0.0825,0.0013962819859006529
xc_only,0.083,0.001400705053302064
xc_only,0.0835,0.001403747672318866
xc_only,0.084,0.0014087821637380723
xc_only,0.0845,0.0014132688912383597
xc_only,0.085,0.0014150627896188936
xc_only,0.0855,0.001420537983951642
xc_only,0.08600000000000001,0.0014240594561085859
xc_only,0.08650000000000001,0.0014288443114835261
xc_only,0.08700000000000001,0.0014328745693675657
xc_only,0.08750000000000001,0.0014358236834724554
xc_only,0.088,0.001438058570971627
xc_only,0.0885,0.0014459217683456646
xc_only,0.089,0.001448485853632437
xc_only,0.0895,0.0014507166708689584
xc_only,0.09,0.0014565490660420825
xc_only,0.0905,0.0014592728928820222
xc_only,0.091,0.0014638626709784287
xc_only,0.0915,0.001467463903843741
xc_only,0.092,0.001470186380803531
xc_only,0.0925,0.0014747667877214128
xc_only,0.093,0.0014780890898682176
xc_only,0.0935,0.0014729015618471853
xc_only,0.094,0.0014937648793662587
xc_only,0.0945,0.001488965858623094
xc_only,0.095,0.0014962165890683873
xc_only,0.0955,0.0014915640546670638
xc_only,0.096,0.0014999112522273575
xc_only,0.0965,0.0015023541432578203
xc_only,0.097,0.0015071893264400414
xc_only,0.0975,0.0015100859509583806
xc_only,0.098,0.001512905761122661
xc_only,0.0985,0.0015161837397564698
xc_only,0.099,0.0015203792690497281
xc_only,0.0995,0.0015227155380559943
xc_only,0.1,0.0015273224682268655
xc_only,0.1005,0.0015296440716846928
xc_only,0.101,0.0015324914963121329
xc_only,0.1015,0.0015365017454364081
xc_only,0.10200000000000001,0.0015391282436229624
xc_only,0.10250000000000001,0.0015421787460636097
xc_only,0.10300000000000001,0.0015450301719625334
xc_only,0.10350000000000001,0.0015481886375682229
xc_only,0.10400000000000001,0.0015517369896214798
xc_only,0.1045,0.0015541011468488799
xc_only,0.105,0.0015533735687563034
xc_only,0.1055,0.0015642326155418376
xc_only,0.106,0.001561352732944722
xc_only,0.1065,0.0015675415806804254
xc_only,0.107,0.0015690445848768305
xc_only,0.1075,0.0015711192442942163
xc_only,0.108,0.001573919410455887
xc_only,0.1085,0.0015769515365446636
xc_only,0.109,0.0015802475128732657
xc_only,0.1095,0.0015828218768296756
xc_only,0.11,0.0015837752370138577
xc_only,0.1105,0.0015875518404020053
xc_only,0.111,0.0015908099758440907
xc_only,0.1115,0.001592249502529935
xc_only,0.112,0.0015939350553652823
xc_only,0.1125,0.001597937364305561
xc_only,0.113,0.001599648342136757
xc_only,0.1135,0.001601734074317303
xc_only,0.114,0.0016046352526911441
xc_only,0.1145,0.00160531890168114
xc_only,0.115,0.0016099246594733175
xc_only,0.1155,0.0016113508502723327
xc_only,0.116,0.0016125332950486788
xc_only,0.1165,0.0016153901031909148
xc_only,0.117,0.0016179268899138598
xc_only,0.11750000000000001,0.0016194387053496888
xc_only,0.11800000000000001,0.0016213560884618396
xc_only,0.11850000000000001,0.0016217206030332482
xc_only,0.11900000000000001,0.0016270963870248963
xc_only,0.11950000000000001,0.0016273880001627542
xc_only,0.12,0.001629759020308335
xc_only,0.1205,0.0016302949125170134
xc_only,0.121,0.0016326563699029847
xc_only,0.1215,0.001634595259834366
xc_only,0.122,0.001636503558068931
xc_only,0.1225,0.0016378047388001355
xc_only,0.123,0.0016395825698237872
xc_only,0.1235,0.00164050294592038
xc_only,0.124,0.0016429909495169366
xc_only,0.1245,0.0016443032060061318
xc_only,0.125,0.0016468720031414955
xc_only,0.1255,0.001647377822023214
xc_only,0.126,0.0016476342064759093
xc_only,0.1265,0.0016496478660313462
xc_only,0.127,0.0016514680816115093
xc_only,0.1275,0.001652466192318953
xc_only,0.128,0.0016540771206072589
xc_only,0.1285,0.001654341740617478
xc_only,0.129,0.001655970749114695
xc_only,0.1295,0.0016577004180216741
xc_only,0.13,0.0016586080882945037
xc_only,0.1305,0.0016588882348681625
xc_only,0.131,0.0016585935394091602
xc_only,0.1315,0.001663365153857544
xc_only,0.132,0.0016618649662343639
xc_only,0.1325,0.00166363592324288
xc_only,0.133,0.0016631447638452395
xc_only,0.1335,0.0016651054737795298
xc_only,0.134,0.0016657689536051176
xc_only,0.1345,0.001665847041198396
xc_only,0.135,0.0016673839882485266
xc_only,0.1355,0.0016679336440532373
xc_only,0.136,0.0016675761339830196
xc_only,0.1365,0.0016686290278720743
xc_only,0.137,0.0016684392964036556
xc_only,0.1375,0.0016714308517981197
xc_only,0.138,0.0016705213117556832
xc_only,0.1385,0.0016699007675439663
xc_only,0.139,0.001671800667464858
xc_only,0.1395,0.0016712965217802935
xc_only,0.14,0.0016713549767205466
xc_only,0.1405,0.0016721222931469347
xc_only,0.14100000000000001,0.0016715791214945105
xc_only,0.14150000000000001,0.0016727572101066423
xc_only,0.14200000000000002,0.001672149475735556
xc_only,0.14250000000000002,0.0016679961010939116
xc_only,0.14300000000000002,0.0016785608384560847
xc_only,0.14350000000000002,0.0016708929741427233
xc_only,0.14400000000000002,0.00167463791448698
xc_only,0.1445,0.0016721549739175615
xc_only,0.145,0.001672243342756187
xc_only,0.1455,0.0016730338100054937
xc_only,0.146,0.001671461991590401
xc_only,0.1465,0.0016721412010921334
xc_only,0.147,0.0016716857503645754
xc_only,0.1475,0.0016713899904605592
xc_only,0.148,0.0016714417577971589
xc_only,0.1485,0.0016700909446446554
xc_only,0.149,0.0016695582983881532
xc_only,0.1495,0.0016708329661382422
xc_only,0.15,0.0016695152910211843
xc_only,0.1505,0.0016688612403827235
xc_only,0.151,0.0016679628471959358
xc_only,0.1515,0.0016678375611946811
xc_only,0.152,0.0016676162087572689
xc_only,0.1525,0.0016662727982470493
xc_only,0.153,0.0016656905576860118
xc_only,0.1535,0.001664037295590793
xc_only,0.154,0.001665439086401879
xc_only,0.1545,0.0016632901967382754
xc_only,0.155,0.0016620539231142475
xc_only,0.1555,0.0016620398649822966
xc_only,0.156,0.0016510579822925518
xc_only,0.1565,0.0016693839366050886
xc_only,0.157,0.0016587537835533533
xc_only,0.1575,0.0016574168580369183
xc_only,0.158,0.0016571231465213401
xc_only,0.1585,0.0016549445259475117
xc_only,0.159,0.0016544958907433781
xc_only,0.1595,0.0016535424300085008
xc_only,0.16,0.0016520022643920452
xc_only,0.1605,0.0016504326906976383
xc_only,0.161,0.001649067198639555
xc_only,0.1615,0.00164891583125534
xc_only,0.162,0.0016468375793101194
xc_only,0.1625,0.0016450837774264063
xc_only,0.163,0.00164341599213998
xc_only,0.1635,0.0016427559089414732
xc_only,0.164,0.0016410165824292924
xc_only,0.1645,0.0016395763564091123
xc_only,0.165,0.0016382296036477639
xc_only,0.1655,0.0016364513230918204
xc_only,0.166,0.001634253018378854
xc_only,0.1665,0.001622226170595584
xc_only,0.167,0.0016446271330038886
xc_only,0.1675,0.0016294143963136247
xc_only,0.168,0.0016280779003152116
xc_only,0.1685,0.0016242039622959108
xc_only,0.169,0.0016263942673959615
xc_only,0.1695,0.0016223869719303912
xc_only,0.17,0.001620696735335396
xc_only,0.1705,0.0016193582905502265
xc_only,0.171,0.0016155640982449856
xc_only,0.1715,0.001615298680844918
xc_only,0.17200000000000001,0.00161301174439401
xc_only,0.17250000000000001,0.001610632917669582
xc_only,0.17300000000000001,0.0016083534279252914
xc_only,0.17350000000000002,0.0016064115381391431
xc_only,0.17400000000000002,0.0016048895228286749
xc_only,0.17450000000000002,0.0016021356237883285
xc_only,0.17500000000000002,0.0016001429833463064
xc_only,0.17550000000000002,0.0015980188764744445
xc_only,0.176,0.0015955046284117406
xc_only,0.1765,0.0015940971131027499
xc_only,0.177,0.0015908024439699581
xc_only,0.1775,0.001588801565556012
xc_only,0.178,0.0015867189606274357
xc_only,0.1785,0.0015837699886318897
xc_only,0.179,0.0015813011945799169
xc_only,0.1795,0.00158006228042176
xc_only,0.18,0.001576835755223482
xc_only,0.1805,0.0015743362219365706
xc_only,0.181,0.0015697809427924606
xc_only,0.1815,0.0015682930449246685
xc_only,0.182,0.0015698231793786922
xc_only,0.1825,0.0015641853321798273
xc_only,0.183,0.0015616761699240027
xc_only,0.1835,0.0015582650576881866
xc_only,0.184,0.0015565786655896675
xc_only,0.1845,0.001553175849181716
xc_only,0.185,0.0015510065798157436
xc_only,0.1855,0.0015478118522842521
xc_only,0.186,0.0015450735019597243
xc_only,0.1865,0.0015423435256323884
xc_only,0.187,0.0015397841701654147
xc_only,0.1875,0.0015373769345890726
xc_only,0.188,0.0015337626620692084
xc_only,0.1885,0.0015307879042366628
xc_only,0.189,0.0015286125371769307
xc_only,0.1895,0.0015252673137640788
xc_only,0.19,0.001522216689276021
xc_only,0.1905,0.001518909604065379
xc_only,0.191,0.0015163446272702253
xc_only,0.1915,0.001513552183101188
xc_only,0.192,0.0015102860895762093
xc_only,0.1925,0.0015073275725461335
xc_only,0.193,0.0015043455701730627
xc_only,0.1935,0.001499119220250555
xc_only,0.194,0.0014997503513320813
xc_only,0.1945,0.0014946590927098183
xc_only,0.195,0.0014914535506343686
xc_only,0.1955,0.00148851537692572
xc_only,0.196,0.0014849956400003641
xc_only,0.1965,0.0014825549805597324
xc_only,0.197,0.0014783225398694558
xc_only,0.1975,0.0014757289460898423
xc_only,0.198,0.0014722236911004698
xc_only,0.1985,0.0014688370249793588
xc_only,0.199,0.0014657596290019487
xc_only,0.1995,0.0014618731929761364
xc_only,0.2,0.0014626927324810433
xc_only,0.2005,0.001454967323143218
xc_only,0.201,0.001452075079953847
xc_only,0.2015,0.001449839649365057
xc_only,0.202,0.0014456720965513137
xc_only,0.2025,0.0014415794369985017
xc_only,0.203,0.0014379025080163703
xc_only,0.20350000000000001,0.0014354364057793819
xc_only,0.20400000000000001,0.0014319771554427772
xc_only,0.20450000000000002,0.0014283881038036697
xc_only,0.20500000000000002,0.0014246207949388985
xc_only,0.20550000000000002,0.0014214033174612505
xc_only,0.20600000000000002,0.0014161609872460623
xc_only,0.20650000000000002,0.001415551589292487
xc_only,0.20700000000000002,0.0014109043219366524
xc_only,0.20750000000000002,0.0014070716230774598
xc_only,0.20800000000000002,0.0014034900547788042
xc_only,0.2085,0.0013998009136266922
xc_only,0.209,0.0013967994419377971
xc_only,0.2095,0.0013926685013006758
xc_only,0.21,0.001389050833747605
xc_only,0.2105,0.001385598457218427
xc_only,0.211,0.001381361688447231
xc_only,0.2115,0.0013783772975741496
xc_only,0.212,0.0013747378994648882
xc_only,0.2125,0.0013700838624473382
xc_only,0.213,0.0013675370840574442
xc_only,0.2135,0.0013632284959982754
xc_only,0.214,0.0013643126975151653
xc_only,0.2145,0.0013517282003773737
xc_only,0.215,0.0013523909537006623
xc_only,0.2155,0.0013485185981064998
xc_only,0.216,0.0013444239920973721
xc_only,0.2165,0.0013414827318081152
xc_only,0.217,0.0013368539686426928
xc_only,0.2175,0.0013333836020159363
xc_only,0.218,0.001329732472114335
xc_only,0.2185,0.0013181955156056381
xc_only,0.219,0.0013293495202210672
xc_only,0.2195,0.0013186234381310329
xc_only,0.22,0.0013144181867365025
xc_only,0.2205,0.0013103284654665532
xc_only,0.221,0.0013065932530449585
xc_only,0.2215,0.0013031409644484566
xc_only,0.222,0.0013065488929436195
xc_only,0.2225,0.0012886933638308563
xc_only,0.223,0.0012911020747289068
xc_only,0.2235,0.0012871187479639324
xc_only,0.224,0.0012838137369907071
xc_only,0.2245,0.0012798013853454583
xc_only,0.225,0.0012758488524993207
xc_only,0.2255,0.0012720265093866278
xc_only,0.226,0.0012677220088273163
xc_only,0.2265,0.001264343439002662
xc_only,0.227,0.0012628827311890096
xc_only,0.2275,0.0012537521429648532
xc_only,0.228,0.0012527369310300965
xc_only,0.2285,0.0012481317855307019
xc_only,0.229,0.0012451472345007708
xc_only,0.2295,0.0012405384344873077
xc_only,0.23,0.0012367966119956734
xc_only,0.2305,0.001228220914615506
xc_only,0.231,0.001232334827177626
xc_only,0.2315,0.0012264661759380708
xc_only,0.232,0.0012208843644818809
xc_only,0.2325,0.001217314960447495
xc_only,0.233,0.00121291140058973
xc_only,0.2335,0.0012091058935791218
xc_only,0.234,0.0012055780168531496
xc_only,0.23450000000000001,0.0012012486503791028
xc_only,0.23500000000000001,0.0011962872205047474
xc_only,0.23550000000000001,0.0011949585383466829
xc_only,0.23600000000000002,0.001189081833503986
xc_only,0.23650000000000002,0.0011860070591481187
xc_only,0.23700000000000002,0.0011812850676452635
xc_only,0.23750000000000002,0.0011778689356780159
xc_only,0.23800000000000002,0.0011737792670268603
xc_only,0.23850000000000002,0.0011693748207879133
xc_only,0.23900000000000002,0.001165988329199041
xc_only,0.23950000000000002,0.0011620179390790083
xc_only,0.24,0.0011579168079925725
xc_only,0.2405,0.0011529194467680517
xc_only,0.241,0.001150651599307236
xc_only,0.2415,0.0011461704105837594
xc_only,0.242,0.0011421605513410233
xc_only,0.2425,0.0011383072685706619
xc_only,0.243,0.0011356227666044932
xc_only,0.2435,0.0011274477883458295
xc_only,0.244,0.0011276817220504892
xc_only,0.2445,0.0011221176966012725
xc_only,0.245,0.0011184979538169542
xc_only,0.2455,0.001114668127699052
xc_only,0.246,0.0011102138643947566
xc_only,0.2465,0.0011061508794668765
xc_only,0.247,0.0011036462805299047
xc_only,0.2475,0.0010982587029356745
xc_only,0.248,0.0010952081207327234
xc_only,0.2485,0.001090462854136846
xc_only,0.249,0.0010873711311701656
xc_only,0.2495,0.0010842824688764906
xc_only,0.25,0.0010795023252447352
xc_only,0.2505,0.001076788578660993
xc_only,0.251,0.001071450273673211
xc_only,0.2515,0.001067551580310662
xc_only,0.252,0.001062678892372661
xc_only,0.2525,0.0010606783825512854
xc_only,0.253,0.0010548657383996035
xc_only,0.2535,0.0010524152705393833
xc_only,0.254,0.0010480299876009232
xc_only,0.2545,0.001043664473951827
xc_only,0.255,0.0010402446279906684
xc_only,0.2555,0.0010364527870349292
xc_only,0.256,0.001031267396032507
xc_only,0.2565,0.0010304167007850519
xc_only,0.257,0.0010242171319433627
xc_only,0.2575,0.0010208855660725144
xc_only,0.258,0.0010171847744696054
xc_only,0.2585,0.0010129533451639946
xc_only,0.259,0.001007736267774908
xc_only,0.2595,0.0010077384219133172
xc_only,0.26,0.0010015970023852666
xc_only,0.2605,0.000997825696437078
xc_only,0.261,0.000993977326355548
xc_only,0.2615,0.0009906992201191664
xc_only,0.262,0.0009864728818602716
xc_only,0.2625,0.0009825725334580647
xc_only,0.263,0.0009792281345945173
xc_only,0.2635,0.0009748534376894518
xc_only,0.264,0.0009718473152168806
xc_only,0.2645,0.000967309168894925
xc_only,0.265,0.0009638521356318676
xc_only,0.2655,0.0009601380076753982
xc_only,0.266,0.000956202499162047
xc_only,0.2665,0.0009530810679405071
xc_only,0.267,0.0009488433573819782
xc_only,0.2675,0.0009451487526623657
xc_only,0.268,0.0009414707860074427
xc_only,0.2685,0.0009366509867802062
xc_only,0.269,0.0009336765358050643
xc_only,0.2695,0.0009319042240299436
xc_only,0.27,0.0009262323599932663
xc_only,0.2705,0.0009233890309780283
xc_only,0.271,0.0009190007981694338
xc_only,0.2715,0.0009158227384096284
xc_only,0.272,0.0009117209749597474
xc_only,0.2725,0.0009132436314257635
xc_only,0.273,0.0009003918981756967
xc_only,0.2735,0.0009008461220035821
xc_only,0.274,0.0008976948806899921
xc_only,0.2745,0.0008937705300410474
xc_only,0.275,0.0008901949541943901
xc_only,0.2755,0.000886521663897611
xc_only,0.276,0.0008828331199556359
xc_only,0.2765,0.0008795980890849506
xc_only,0.277,0.0008759301352707069
xc_only,0.2775,0.0008741301345390316
xc_only,0.278,0.0008667919475796962
xc_only,0.2785,0.0008650276613733176
xc_only,0.279,0.0008617488707367577
xc_only,0.2795,0.0008582259335364733
xc_only,0.28,0.0008544784732762155
xc_only,0.2805,0.0008509748211056917
xc_only,0.281,0.0008426652387901417
xc_only,0.28150000000000003,0.000848966395269059
xc_only,0.28200000000000003,0.0008406088327100642
xc_only,0.28250000000000003,0.0008371251666583942
xc_only,0.28300000000000003,0.000833643285956279
xc_only,0.28350000000000003,0.0008298585850145542
xc_only,0.28400000000000003,0.0008268882927659253
xc_only,0.28450000000000003,0.0008231632613204572
xc_only,0.28500000000000003,0.0008197884961012371
xc_only,0.28550000000000003,0.0008237070324945482
xc_only,0.28600000000000003,0.0008065929322599869
xc_only,0.28650000000000003,0.000809673017093075
xc_only,0.28700000000000003,0.0008061585029734259
xc_only,0.28750000000000003,0.000802969112902988
xc_only,0.28800000000000003,0.000799278202108634
xc_only,0.2885,0.000795877280751135
xc_only,0.289,0.000792821996378799
xc_only,0.2895,0.0007894020416787046
xc_only,0.29,0.0007860877440430667
xc_only,0.2905,0.0007827953745065667
xc_only,0.291,0.0007789868284486195
xc_only,0.2915,0.0007762140403047149
xc_only,0.292,0.0007728008389111645
xc_only,0.2925,0.0007695461040899288
xc_only,0.293,0.0007660527309602253
xc_only,0.2935,0.0007620930875956478
xc_only,0.294,0.0007606454587080732
xc_only,0.2945,0.0007563983196179655
xc_only,0.295,0.0007531693371219115
xc_only,0.2955,0.0007499655658475133
xc_only,0.296,0.0007465257739369092
xc_only,0.2965,0.0007436391675540774
xc_only,0.297,0.000740489760146751
xc_only,0.2975,0.0007372475891652351
xc_only,0.298,0.0007344952905174384
xc_only,0.2985,0.0007299063960555279
xc_only,0.299,0.0007277238125613812
xc_only,0.2995,0.0007245013998789213
xc_only,0.3,0.0007218480821206394
xc_only,0.3005,0.0007179058403806355
xc_only,0.301,0.000715218859428369
xc_only,0.3015,0.0007120913675468165
xc_only,0.302,0.0007088197495757157
xc_only,0.3025,0.000705580526764543
xc_only,0.303,0.0007032438540381501
xc_only,0.3035,0.0006993632464805775
xc_only,0.304,0.000696670685358945
xc_only,0.3045,0.0006936568520357319
xc_only,0.305,0.0006905304577446537
xc_only,0.3055,0.0006875257223039861
xc_only,0.306,0.0006837413284573661
xc_only,0.3065,0.0006825183193598254
xc_only,0.307,0.0006782991695388432
xc_only,0.3075,0.0006763351842752886
xc_only,0.308,0.0006719144891421756
xc_only,0.3085,0.0006694366418130993
xc_only,0.309,0.0006667026590931164
xc_only,0.3095,0.0006637906800618954
xc_only,0.31,0.0006608305062439741
xc_only,0.3105,0.0006577883528623061
xc_only,0.311,0.0006547624656771942
xc_only,0.3115,0.0006520914587023344
xc_only,0.312,0.0006492134200119742
xc_only,0.3125,0.0006463714388380989
xc_only,0.313,0.0006430001868389808
xc_only,0.3135,0.0006408499819747881
xc_only,0.314,0.0006377383278606641
xc_only,0.3145,0.0006348933295437957
xc_only,0.315,0.0006320235450118244
xc_only,0.3155,0.0006288944936760227
xc_only,0.316,0.0006267278203353664
xc_only,0.3165,0.00062380010307767
xc_only,0.317,0.0006208212758139126
xc_only,0.3175,0.0006179070717001422
xc_only,0.318,0.0006154011809428142
xc_only,0.3185,0.0006118563415178244
xc_only,0.319,0.0006106796037799747
xc_only,0.3195,0.0006069959556801765
xc_only,0.32,0.0006042965920791784
xc_only,0.3205,0.0006009470822003266
xc_only,0.321,0.0005994420827961763
xc_only,0.3215,0.0005963644962807293
xc_only,0.322,0.000593500486998079
xc_only,0.3225,0.0005908124725744348
xc_only,0.323,0.0005884121296639559
xc_only,0.3235,0.0005854435000204292
xc_only,0.324,0.0005829597711669312
xc_only,0.3245,0.0005804543055776602
xc_only,0.325,0.0005776910729947767
xc_only,0.3255,0.0005750797461419232
xc_only,0.326,0.0005723126146678931
xc_only,0.3265,0.0005699586046207463
xc_only,0.327,0.0005673904586648747
xc_only,0.3275,0.0005647762209530816
xc_only,0.328,0.0005622008426642271
xc_only,0.3285,0.0005594282066349928
xc_only,0.329,0.00055728012884954
xc_only,0.3295,0.0005546354775142826
xc_only,0.33,0.0005519521431486665
xc_only,0.3305,0.00054960286417675
xc_only,0.331,0.0005463118269567529
xc_only,0.3315,0.0005451938770801877
xc_only,0.332,0.0005420577960117484
xc_only,0.3325,0.0005396371537630248
xc_only,0.333,0.0005265947589908359
xc_only,0.3335,0.000550218153465803
xc_only,0.334,0.0005321722270196115
xc_only,0.3345,0.0005298351222088374
xc_only,0.335,0.0005274138335660693
xc_only,0.3355,0.0005250130562789077
xc_only,0.336,0.0005225609542454707
xc_only,0.3365,0.0005204030159878187
xc_only,0.337,0.0005177909944021126
xc_only,0.3375,0.0005157424939371934
xc_only,0.338,0.0005129567367944097
xc_only,0.3385,0.0005106825009245539
xc_only,0.339,0.000508516949976984
xc_only,0.3395,0.0005062218830249351
xc_only,0.34,0.0005039308468289843
xc_only,0.3405,0.0005013641723962733
xc_only,0.341,0.0004991377022954568
xc_only,0.3415,0.0004970814227885387
xc_only,0.342,0.0004946289898919255
xc_only,0.3425,0.0004924220693372397
xc_only,0.343,0.0004901481390151879
xc_only,0.3435,0.0004848660053436087
xc_only,0.34400000000000003,0.0004885337105750434
xc_only,0.34450000000000003,0.0004833998648053775
xc_only,0.34500000000000003,0.00048122011906841
xc_only,0.34550000000000003,0.0004790183131008544
xc_only,0.34600000000000003,0.0004766878547503471
xc_only,0.34650000000000003,0.0004747531286122412
xc_only,0.34700000000000003,0.000472334465467297
xc_only,0.34750000000000003,0.00047019738611077177
xc_only,0.34800000000000003,0.0004680491151427029
xc_only,0.34850000000000003,0.00046581760614321823
xc_only,0.34900000000000003,0.0004639017759240419
xc_only,0.34950000000000003,0.00046152267674688663
xc_only,0.35000000000000003,0.00045957853942666483
xc_only,0.35050000000000003,0.0004572861419823458
xc_only,0.35100000000000003,0.000455261096872693
xc_only,0.35150000000000003,0.0004533250896740836
xc_only,0.352,0.00045096626193447017
xc_only,0.3525,0.0004489380090387031
xc_only,0.353,0.0004471199996258208
xc_only,0.3535,0.0004447711893984886
xc_only,0.354,0.0004429373726537559
xc_only,0.3545,0.0004406626251864219
xc_only,0.355,0.0004387779755326987
xc_only,0.3555,0.00043673676038703796
xc_only,0.356,0.00043412714600213695
xc_only,0.3565,0.000433144040065372
xc_only,0.357,0.00043096127983920405
xc_only,0.3575,0.0004285936094314746
xc_only,0.358,0.0004267323014535823
xc_only,0.3585,0.0004246061722097945
xc_only,0.359,0.00042292985508901885
xc_only,0.3595,0.00042075349372154715
xc_only,0.36,0.00041903790953488695
xc_only,0.3605,0.00041671538422798174
xc_only,0.361,0.00041494254227559423
xc_only,0.3615,0.0004131998938675093
xc_only,0.362,0.0004111295327033388
xc_only,0.3625,0.00040910828761696983
xc_only,0.363,0.0004074073259301217
xc_only,0.3635,0.0004058601649893468
xc_only,0.364,0.0004036756242116162
xc_only,0.3645,0.00040165681965236905
xc_only,0.365,0.000399830645542503
xc_only,0.3655,0.0003980037096522508
xc_only,0.366,0.0003961417241045408
xc_only,0.3665,0.00039444266078040533
xc_only,0.367,0.0003925419967245005
xc_only,0.3675,0.00039063364125223646
xc_only,0.368,0.00038890588484845367
xc_only,0.3685,0.00038669956236646053
xc_only,0.369,0.0003857241123234214
xc_only,0.3695,0.00038371916059732816
xc_only,0.37,0.0003815293260507245
xc_only,0.3705,0.00037992744684216034
xc_only,0.371,0.00037813977343497936
xc_only,0.3715,0.00037656586161741737
xc_only,0.372,0.00037463436543898223
xc_only,0.3725,0.0003729352424427977
xc_only,0.373,0.00037125055313447176
xc_only,0.3735,0.00036945564843765403
xc_only,0.374,0.0003678947088943291
xc_only,0.3745,0.00036607106191903
xc_only,0.375,0.0003651834389868037
xc_only,0.3755,0.00036260291104843635
xc_only,0.376,0.00036095862198344097
xc_only,0.3765,0.0003594417786732835
xc_only,0.377,0.0003576911734569782
xc_only,0.3775,0.0003560066043231238
xc_only,0.378,0.0003543162953968705
xc_only,0.3785,0.0003527202659822359
xc_only,0.379,0.00035115394670338505
xc_only,0.3795,0.00034981470617695187
xc_only,0.38,0.00034758979487287475
xc_only,0.3805,0.0003461859020894034
xc_only,0.381,0.000344332826269721
xc_only,0.3815,0.0003434078538356646
xc_only,0.382,0.0003414667734178574
xc_only,0.3825,0.00033997577717474384
xc_only,0.383,0.0003382128829223919
xc_only,0.3835,0.0003366823408200648
xc_only,0.384,0.0003352508737217665
xc_only,0.3845,0.000333867210215982
xc_only,0.385,0.00033198909940057553
xc_only,0.3855,0.0003306581004755298
xc_only,0.386,0.0003288771489527595
xc_only,0.3865,0.0003275516644861005
xc_only,0.387,0.0003259964189314319
xc_only,0.3875,0.00032403120444869437
xc_only,0.388,0.00032337870504335663
xc_only,0.3885,0.00032139636766084957
xc_only,0.389,0.00032019951502286156
xc_only,0.3895,0.0003184947469496281
xc_only,0.39,0.0003175270751541754
xc_only,0.3905,0.00031507577284272146
xc_only,0.391,0.00031397566050270643
xc_only,0.3915,0.0003125874849511378
xc_only,0.392,0.0003114025956405571
xc_only,0.3925,0.0003098304489932507
xc_only,0.393,0.00030828276511741756
xc_only,0.3935,0.00030656813686055664
xc_only,0.394,0.00030584962793417305
xc_only,0.3945,0.00030394124479969805
xc_only,0.395,0.00030285164226381297
xc_only,0.3955,0.00030127603910503047
xc_only,0.396,0.00029986567861387854
xc_only,0.3965,0.0002985477433888925
xc_only,0.397,0.0002971355479103372
xc_only,0.3975,0.00029578156661025243
xc_only,0.398,0.00029441082744543503
xc_only,0.3985,0.00029291502388708674
xc_only,0.399,0.00029171407750550374
xc_only,0.3995,0.000290285059398204
xc_only,0.4,0.0002910235128719627
xc_only,0.4005,0.00028770152281979924
xc_only,0.401,0.00028618897997627433
xc_only,0.4015,0.0002850702067539072
xc_only,0.402,0.0002836904934986769
xc_only,0.4025,0.0002823923448805191
xc_only,0.403,0.000281179404482076
xc_only,0.4035,0.00027972195920136826
xc_only,0.404,0.000278194684665386
xc_only,0.4045,0.00027780071027061324
xc_only,0.405,0.0002758250658376916
xc_only,0.4055,0.0002746729290877967
xc_only,0.406,0.00027179137699964755
xc_only,0.40650000000000003,0.0002739465507223499
xc_only,0.40700000000000003,0.00027094222632674227
xc_only,0.40750000000000003,0.0002696857838745712
xc_only,0.40800000000000003,0.0002684531976023253
xc_only,0.40850000000000003,0.00026717840861584306
xc_only,0.40900000000000003,0.00026612410846043265
xc_only,0.40950000000000003,0.0002647997641272154
xc_only,0.41000000000000003,0.00026307918209199864
xc_only,0.41050000000000003,0.0002628501053828357
xc_only,0.41100000000000003,0.00026107202170837186
xc_only,0.41150000000000003,0.0002589623517653975
xc_only,0.41200000000000003,0.00025996976513356727
xc_only,0.41250000000000003,0.00025758125620964736
xc_only,0.41300000000000003,0.0002564371694988354
xc_only,0.41350000000000003,0.0002551000087393805
xc_only,0.41400000000000003,0.000254151757127484
xc_only,0.41450000000000004,0.0002529171616462847
xc_only,0.41500000000000004,0.0002517933764253131
xc_only,0.41550000000000004,0.0002505597236077831
xc_only,0.41600000000000004,0.00024936268170516285
xc_only,0.4165,0.000248715301933041
xc_only,0.417,0.00024717260484677253
xc_only,0.4175,0.00024598778509809984
xc_only,0.418,0.0002448762780706647
xc_only,0.4185,0.00024357488554968443
xc_only,0.419,0.00024300750080011877
xc_only,0.4195,0.00024139054233896523
xc_only,0.42,0.00024071340516341807
xc_only,0.4205,0.00023941088614304838
xc_only,0.421,0.00023832046680286156
xc_only,0.4215,0.00023721398129959424
xc_only,0.422,0.0002361764572712777
xc_only,0.4225,0.00023504183004002314
xc_only,0.423,0.00023408309191369015
xc_only,0.4235,0.00023286815436463558
xc_only,0.424,0.00023243035874338685
xc_only,0.4245,0.00023037640541246905
xc_only,0.425,0.00022978027167279647
xc_only,0.4255,0.000228699773427202
xc_only,0.426,0.000227630418147839
xc_only,0.4265,0.0002266008417735321
xc_only,0.427,0.00022573032677771946
xc_only,0.4275,0.00022459581201995604
xc_only,0.428,0.00022355662554072471
xc_only,0.4285,0.00022357379777081663
xc_only,0.429,0.00022158886709786345
xc_only,0.4295,0.0002204099954012749
xc_only,0.43,0.00021970946264599587
xc_only,0.4305,0.00021856182526868348
xc_only,0.431,0.00021730756280653453
xc_only,0.4315,0.00021688272309937207
xc_only,0.432,0.0002156190132991335
xc_only,0.4325,0.00021476658400821733
xc_only,0.433,0.00021362465192295612
xc_only,0.4335,0.0002126823735596818
xc_only,0.434,0.000211766669666753
xc_only,0.4345,0.00021080071384244455
xc_only,0.435,0.00020998440186844924
xc_only,0.4355,0.00020888545099165878
xc_only,0.436,0.0002079540943233477
xc_only,0.4365,0.0002070954834703736
xc_only,0.437,0.00020607549253441108
xc_only,0.4375,0.0002053146716726408
xc_only,0.438,0.00020431103490160162
xc_only,0.4385,0.0002032863807605479
xc_only,0.439,0.00020235373374713578
xc_only,0.4395,0.00020166771185769718
xc_only,0.44,0.00020056971476542786
xc_only,0.4405,0.00019979450039368354
xc_only,0.441,0.00019881609935689211
xc_only,0.4415,0.00019794669348431677
xc_only,0.442,0.0001970625973120976
xc_only,0.4425,0.00019628657078552382
xc_only,0.443,0.00019519471130324017
xc_only,0.4435,0.00019414551889664574
xc_only,0.444,0.00019376301487221463
xc_only,0.4445,0.00019332850873083173
xc_only,0.445,0.00019177496511454405
xc_only,0.4455,0.00019097326315698304
xc_only,0.446,0.00019006520614104285
xc_only,0.4465,0.00018932117024691663
xc_only,0.447,0.0001884238467791076
xc_only,0.4475,0.00018759295690122795
xc_only,0.448,0.00018671865879189362
xc_only,0.4485,0.00018594743525730624
xc_only,0.449,0.0001851408450050638
xc_only,0.4495,0.0001842476181668226
xc_only,0.45,0.0001835611368595689
xc_only,0.4505,0.00018263173008427222
xc_only,0.451,0.00018179678009311596
xc_only,0.4515,0.00018110483187363486
xc_only,0.452,0.00018018497708632692
xc_only,0.4525,0.00017942506398874772
xc_only,0.453,0.0001786395978218618
xc_only,0.4535,0.00017779837877465173
xc_only,0.454,0.00017705596281428795
xc_only,0.4545,0.0001767098138917399
xc_only,0.455,0.00017544434540052998
xc_only,0.4555,0.0001747227955957632
xc_only,0.456,0.0001737125683581092
xc_only,0.4565,0.00017338789714174785
xc_only,0.457,0.0001724883758269859
xc_only,0.4575,0.0001715846552500527
xc_only,0.458,0.0001708971208206086
xc_only,0.4585,0.00017017379806407877
xc_only,0.459,0.00016944020891787747
xc_only,0.4595,0.00016867022268373674
xc_only,0.46,0.00016784206767680743
xc_only,0.4605,0.00016717782155503412
xc_only,0.461,0.00016641962120798895
xc_only,0.4615,0.00016603593935067922
xc_only,0.462,0.0001649765035107857
xc_only,0.4625,0.00016424354876040418
xc_only,0.463,0.0001635234096487466
xc_only,0.4635,0.0001627969384961453
xc_only,0.464,0.00016213607697991244
xc_only,0.4645,0.0001614401236339103
xc_only,0.465,0.00016071921198669925
xc_only,0.4655,0.00015982484976685015
xc_only,0.466,0.00015940646440429118
xc_only,0.4665,0.00015884816568538014
xc_only,0.467,0.00015793666639607104
xc_only,0.4675,0.0001571455334765781
xc_only,0.468,0.00015657378220219355
xc_only,0.4685,0.00015481265433479473
xc_only,0.46900000000000003,0.00015621696870092827
xc_only,0.46950000000000003,0.0001544775363989071
xc_only,0.47000000000000003,0.00015387348767340492
xc_only,0.47050000000000003,0.0001533038347671124
xc_only,0.47100000000000003,0.0001524440887558318
xc_only,0.47150000000000003,0.00015188346453006603
xc_only,0.47200000000000003,0.00015119083246167934
xc_only,0.47250000000000003,0.00015051110667048823
xc_only,0.47300000000000003,0.00014982623246053255
xc_only,0.47350000000000003,0.00014936857222557022
xc_only,0.47400000000000003,0.00014857922145875474
xc_only,0.47450000000000003,0.0001480435093196395
xc_only,0.47500000000000003,0.00014730522162149898
xc_only,0.47550000000000003,0.00014653038463450314
xc_only,0.47600000000000003,0.00014612668745257748
xc_only,0.47650000000000003,0.00014539253609843568
xc_only,0.47700000000000004,0.00014477682601782236
xc_only,0.47750000000000004,0.00014416568613082918
xc_only,0.47800000000000004,0.0001430589181814073
xc_only,0.47850000000000004,0.00014341077155160305
xc_only,0.47900000000000004,0.00014232264174940376
xc_only,0.47950000000000004,0.00014165594426814585
xc_only,0.48,0.00014119100925196772
xc_only,0.4805,0.0001404265854679003
xc_only,0.481,0.00013970881561494475
xc_only,0.4815,0.00013942871223681484
xc_only,0.482,0.00013874136361310906
xc_only,0.4825,0.00013772920044057146
xc_only,0.483,0.00013787371414034598
xc_only,0.4835,0.00013687188490280655
xc_only,0.484,0.00013639201273674725
xc_only,0.4845,0.0001357183167487707
xc_only,0.485,0.00013519586876623135
xc_only,0.4855,0.00013462665665790795
xc_only,0.486,0.00013395522565214449
xc_only,0.4865,0.00013347299648643637
xc_only,0.487,0.0001329000470856445
xc_only,0.4875,0.00013227169777490607
xc_only,0.488,0.00013175786038046143
xc_only,0.4885,0.0001311904634480069
xc_only,0.489,0.00013065901243286966
xc_only,0.4895,0.0001301014827266881
xc_only,0.49,0.00012950210291548037
xc_only,0.4905,0.00012900755920242286
xc_only,0.491,0.00012840397809847686
xc_only,0.4915,0.00012793334898209566
xc_only,0.492,0.0001273162377557829
xc_only,0.4925,0.00012667964601199505
xc_only,0.493,0.00012640162728275712
xc_only,0.4935,0.00012558265516971262
xc_only,0.494,0.00012526330189427948
xc_only,0.4945,0.00012478788119968303
xc_only,0.495,0.00012414367772288338
xc_only,0.4955,0.0001236032656954359
xc_only,0.496,0.00012310093945928774
xc_only,0.4965,0.00012260132969989324
xc_only,0.497,0.00012207838087835757
xc_only,0.4975,0.00012154491979754476
xc_only,0.498,0.00012103230695441065
xc_only,0.4985,0.00012047884538054905
xc_only,0.499,0.00012000588209618051
xc_only,0.4995,0.00011982110073337226
xc_only,0.5,0.00012783985577532564
xc_only,0.5005000000000001,0.00011881711770150334
xc_only,0.501,0.00011796110629040568
xc_only,0.5015000000000001,0.00011754074926326465
xc_only,0.502,0.00011704570979827799
xc_only,0.5025000000000001,0.00011656175869073251
xc_only,0.503,0.00011609745018317169
xc_only,0.5035000000000001,0.00011557295666854128
xc_only,0.504,0.00011517655379807279
xc_only,0.5045000000000001,0.00011463281296766917
xc_only,0.505,0.00011417554037948658
xc_only,0.5055000000000001,0.00011381095867684583
xc_only,0.506,0.00011299906267047175
xc_only,0.5065000000000001,0.00011292684750237277
xc_only,0.507,0.0001124254436748053
xc_only,0.5075000000000001,0.00011173179788989621
xc_only,0.508,0.00011136130387083654
xc_only,0.5085000000000001,0.00011091652003855591
xc_only,0.509,0.00011049650592198977
xc_only,0.5095000000000001,0.00011004076107350246
xc_only,0.51,0.00010954770508166643
xc_only,0.5105000000000001,0.00010913029745795412
xc_only,0.511,0.00010864387472147014
xc_only,0.5115000000000001,0.00010826880440375743
xc_only,0.512,0.0001077863524763053
xc_only,0.5125,0.00010729563543824447
xc_only,0.513,0.00010691856157421657
xc_only,0.5135,0.00010643757869290548
xc_only,0.514,0.0001060153363631065
xc_only,0.5145,0.0001056292186500765
xc_only,0.515,0.00010518781098751463
xc_only,0.5155,0.00010470739648659892
xc_only,0.516,0.00010431524079606476
xc_only,0.5165,0.0001038875028434648
xc_only,0.517,0.00010374939254562952
xc_only,0.5175,0.00010275451898332158
xc_only,0.518,0.00010265696213020568
xc_only,0.5185,0.00010205900087706255
xc_only,0.519,0.00010192389162334409
xc_only,0.5195,0.00010132242034228307
xc_only,0.52,0.00010105533427609173
xc_only,0.5205,0.00010051611362259938
xc_only,0.521,0.0001001127441159477
xc_only,0.5215,0.00010015421829188505
xc_only,0.522,9.899459996167521e-05
xc_only,0.5225,9.894609193384901e-05
xc_only,0.523,9.851103834031765e-05
xc_only,0.5235,9.808252666058451e-05
xc_only,0.524,9.788994507429494e-05
xc_only,0.5245,9.725370095584354e-05
xc_only,0.525,9.696109665687091e-05
xc_only,0.5255,9.662688849258364e-05
xc_only,0.526,9.611976256642718e-05
xc_only,0.5265,9.598531349893971e-05
xc_only,0.527,9.536596685968494e-05
xc_only,0.5275,9.500790434545534e-05
xc_only,0.528,9.466513518203358e-05
xc_only,0.5285,9.425162936774872e-05
xc_only,0.529,9.38765320825799e-05
xc_only,0.5295,9.368300251147949e-05
xc_only,0.53,9.315333929833341e-05
xc_only,0.5305,9.275478021566444e-05
xc_only,0.531,9.173762654086e-05
xc_only,0.5315,9.270570098691253e-05
xc_only,0.532,9.165529488273755e-05
xc_only,0.5325,9.127351481076141e-05
xc_only,0.533,9.092974139167616e-05
xc_only,0.5335,9.080444051518982e-05
xc_only,0.534,9.031092777939669e-05
xc_only,0.5345,8.976090398573679e-05
xc_only,0.535,8.95201660600425e-05
xc_only,0.5355,8.920720242977217e-05
xc_only,0.536,8.875951835415055e-05
xc_only,0.5365,8.847192041197193e-05
xc_only,0.537,8.809026258668181e-05
xc_only,0.5375,8.773937423480231e-05
xc_only,0.538,8.737889019061956e-05
xc_only,0.5385,8.738226846338272e-05
xc_only,0.539,8.673098381457277e-05
xc_only,0.5395,8.637871838461763e-05
xc_only,0.54,8.600693539350097e-05
xc_only,0.5405,8.572147348671735e-05
xc_only,0.541,8.534643202431734e-05
xc_only,0.5415,8.513758560059312e-05
xc_only,0.542,8.467211912278509e-05
xc_only,0.5425,8.433969332738383e-05
xc_only,0.543,8.409398569932347e-05
xc_only,0.5435,8.359719922168882e-05
xc_only,0.544,8.349629221712389e-05
xc_only,0.5445,8.304849383044177e-05
xc_only,0.545,8.269584140218082e-05
xc_only,0.5455,8.290326660922794e-05
xc_only,0.546,8.204589682454773e-05
xc_only,0.5465,8.17864049910481e-05
xc_only,0.547,8.14682944472004e-05
xc_only,0.5475,8.115053292916753e-05
xc_only,0.548,8.080442850021237e-05
xc_only,0.5485,8.054238260562297e-05
xc_only,0.549,8.022492269286974e-05
xc_only,0.5495,7.988268285106426e-05
xc_only,0.55,7.971959975408023e-05
xc_only,0.5505,7.926824482916675e-05
xc_only,0.551,7.895686066603522e-05
xc_only,0.5515,7.875271634396792e-05
xc_only,0.552,7.834974237811179e-05
xc_only,0.5525,7.808352322384758e-05
xc_only,0.553,7.777297041533812e-05
xc_only,0.5535,7.745194253313866e-05
xc_only,0.554,7.718789461556283e-05
xc_only,0.5545,7.686452945523631e-05
xc_only,0.555,7.654442359536373e-05
xc_only,0.5555,7.70345339908141e-05
xc_only,0.556,7.585067170806546e-05
xc_only,0.5565,7.578972783810576e-05
xc_only,0.557,7.538190186975547e-05
xc_only,0.5575,7.518661532905452e-05
xc_only,0.558,7.485570039217868e-05
xc_only,0.5585,7.453083089381348e-05
xc_only,0.559,7.433692247337685e-05
xc_only,0.5595,7.402540478426871e-05
xc_only,0.56,7.375966208203228e-05
xc_only,0.5605,7.348660548138819e-05
xc_only,0.561,7.311476326013136e-05
xc_only,0.5615,7.289891553043702e-05
xc_only,0.562,7.261117420421056e-05
xc_only,0.5625,7.255128930828171e-05
xc_only,0.5630000000000001,7.203975015202697e-05
xc_only,0.5635,7.17819503505205e-05
xc_only,0.5640000000000001,7.156078625109903e-05
xc_only,0.5645,7.12501701799131e-05
xc_only,0.5650000000000001,7.109480155393453e-05
xc_only,0.5655,7.070357308649497e-05
xc_only,0.5660000000000001,7.04282152514456e-05
xc_only,0.5665,7.025701825989409e-05
xc_only,0.5670000000000001,6.989816496259838e-05
xc_only,0.5675,6.972043574106892e-05
xc_only,0.5680000000000001,6.942226630846888e-05
xc_only,0.5685,6.905355485172199e-05
xc_only,0.5690000000000001,6.899027640893684e-05
xc_only,0.5695,6.861844970417505e-05
xc_only,0.5700000000000001,6.841687100234697e-05
xc_only,0.5705,6.805648258437546e-05
xc_only,0.5710000000000001,6.780336879730948e-05
xc_only,0.5715,6.886455176525988e-05
xc_only,0.5720000000000001,6.732227077364124e-05
xc_only,0.5725,6.71002516009285e-05
xc_only,0.5730000000000001,6.689409361288006e-05
xc_only,0.5735,6.657337580498563e-05
xc_only,0.5740000000000001,6.640517883831103e-05
xc_only,0.5745,6.613536228317129e-05
xc_only,0.5750000000000001,6.590829827823281e-05
xc_only,0.5755,6.551234712715586e-05
xc_only,0.5760000000000001,6.556631802428627e-05
xc_only,0.5765,6.518241965942349e-05
xc_only,0.577,6.501295908164153e-05
xc_only,0.5775,6.467023388154844e-05
xc_only,0.578,6.448578551343437e-05
xc_only,0.5785,6.417501525512923e-05
xc_only,0.579,6.415030431109321e-05
xc_only,0.5795,6.37499554837128e-05
xc_only,0.58,6.358002560707677e-05
xc_only,0.5805,6.327598360592019e-05
xc_only,0.581,6.295784401579425e-05
xc_only,0.5815,6.293988659143768e-05
xc_only,0.582,6.258729632579473e-05
xc_only,0.5825,6.235509645620806e-05
xc_only,0.583,6.209320546817508e-05
xc_only,0.5835,6.236864278017029e-05
xc_only,0.584,6.168558051080485e-05
xc_only,0.5845,6.148045883505062e-05
xc_only,0.585,6.124472847169558e-05
xc_only,0.5855,6.105669319974441e-05
xc_only,0.586,6.086177782604352e-05
xc_only,0.5865,6.0566995780779064e-05
xc_only,0.587,6.039166376255602e-05
xc_only,0.5875,6.015092666576135e-05
xc_only,0.588,6.03924516661411e-05
xc_only,0.5885,5.944963843211884e-05
xc_only,0.589,5.950953602806997e-05
xc_only,0.5895,5.944402100017107e-05
xc_only,0.59,5.897211102966359e-05
xc_only,0.5905,5.885895690969992e-05
xc_only,0.591,5.877490950846258e-05
xc_only,0.5915,5.846041081149143e-05
xc_only,0.592,5.825587012286255e-05
xc_only,0.5925,5.810394302325222e-05
xc_only,0.593,5.7834936051469967e-05
xc_only,0.5935,5.7183198318041945e-05
xc_only,0.594,5.791873240715521e-05
xc_only,0.5945,5.723691463106509e-05
xc_only,0.595,5.705770845622552e-05
xc_only,0.5955,5.688517488199241e-05
xc_only,0.596,5.652418945635612e-05
xc_only,0.5965,5.641417213433701e-05
xc_only,0.597,5.624461453309357e-05
xc_only,0.5975,5.600828418316761e-05
xc_only,0.598,5.5807471087350426e-05
xc_only,0.5985,5.559091258564352e-05
xc_only,0.599,5.5392124318675086e-05
xc_only,0.5995,5.5176766957830193e-05
xc_only,0.6,5.7356010361726476e-05
xc_only,0.6005,5.47804334707405e-05
xc_only,0.601,5.460617467590277e-05
xc_only,0.6015,5.444983298261547e-05
xc_only,0.602,5.427088103512601e-05
xc_only,0.6025,5.409504003115868e-05
xc_only,0.603,5.3899254237909825e-05
xc_only,0.6035,5.369040010185532e-05
xc_only,0.604,5.357502159791682e-05
xc_only,0.6045,5.3355353945464903e-05
xc_only,0.605,5.311254239372105e-05
xc_only,0.6055,5.303466643911763e-05
xc_only,0.606,5.2751953723538326e-05
xc_only,0.6065,5.268468730131194e-05
xc_only,0.607,5.248455812170359e-05
xc_only,0.6075,5.223406448538431e-05
xc_only,0.608,5.211090538246338e-05
xc_only,0.6085,5.196691058566112e-05
xc_only,0.609,5.1682426336278974e-05
xc_only,0.6095,5.144194707772892e-05
xc_only,0.61,5.146771242744275e-05
xc_only,0.6105,5.116972778204812e-05
xc_only,0.611,5.119705011997439e-05
xc_only,0.6115,5.080778188237813e-05
xc_only,0.612,5.074247721527007e-05
xc_only,0.6125,5.040018919209878e-05
xc_only,0.613,5.036220251065726e-05
xc_only,0.6135,5.0145487196443855e-05
xc_only,0.614,4.99670652000989e-05
xc_only,0.6145,4.979680612444176e-05
xc_only,0.615,4.959521352883841e-05
xc_only,0.6155,4.987243486524487e-05
xc_only,0.616,4.926066669823868e-05
xc_only,0.6165,4.914463984692303e-05
xc_only,0.617,4.8961766117079804e-05
xc_only,0.6175,4.885420773683956e-05
xc_only,0.618,4.863591497273583e-05
xc_only,0.6185,4.8380717886452386e-05
xc_only,0.619,4.85230773438094e-05
xc_only,0.6195,4.813149096871263e-05
xc_only,0.62,4.794574701508885e-05
xc_only,0.6205,4.7943730211386655e-05
xc_only,0.621,4.763521106785793e-05
xc_only,0.6215,4.754705085706318e-05
xc_only,0.622,4.7361312286258237e-05
xc_only,0.6225,4.7177942577074144e-05
xc_only,0.623,4.7034097492407516e-05
xc_only,0.6235,4.6851619108277715e-05
xc_only,0.624,4.671407725939501e-05
xc_only,0.6245,4.6500144896903644e-05
xc_only,0.625,4.746177653988279e-05
xc_only,0.6255000000000001,4.6206209859413157e-05
xc_only,0.626,4.606547439767495e-05
xc_only,0.6265000000000001,4.595982941387982e-05
xc_only,0.627,4.580483430016996e-05
xc_only,0.6275000000000001,4.565159387837853e-05
xc_only,0.628,4.5512287459940136e-05
xc_only,0.6285000000000001,4.5374245591928314e-05
xc_only,0.629,4.52028557722419e-05
xc_only,0.6295000000000001,4.513312764059153e-05
xc_only,0.63,4.486292818135951e-05
xc_only,0.6305000000000001,4.478246962300559e-05
xc_only,0.631,4.4544547012239506e-05
xc_only,0.6315000000000001,4.471986006227512e-05
xc_only,0.632,4.429266903721397e-05
xc_only,0.6325000000000001,4.4187610100050635e-05
xc_only,0.633,4.401120313472743e-05
xc_only,0.6335000000000001,4.3943978643822206e-05
xc_only,0.634,4.378887842107603e-05
xc_only,0.6345000000000001,4.359740949713389e-05
xc_only,0.635,4.346415563973682e-05
xc_only,0.6355000000000001,4.330169792744218e-05
xc_only,0.636,4.3116617280957054e-05
xc_only,0.6365000000000001,4.365103609136584e-05
xc_only,0.637,4.286746669779311e-05
xc_only,0.6375000000000001,4.277082621579082e-05
xc_only,0.638,4.2621080766537864e-05
xc_only,0.6385000000000001,4.2497934706145644e-05
xc_only,0.639,4.240255784333998e-05
xc_only,0.6395000000000001,4.2196709229075914e-05
xc_only,0.64,4.219844868351501e-05
xc_only,0.6405,4.193621035277495e-05
xc_only,0.641,4.183831813008155e-05
xc_only,0.6415,4.168997308831661e-05
xc_only,0.642,4.1550670755336135e-05
xc_only,0.6425,4.136516603961515e-05
xc_only,0.643,4.1672476914151545e-05
xc_only,0.6435,4.1074061793723926e-05
xc_only,0.644,4.109136167984857e-05
xc_only,0.6445,4.0918091917339466e-05
xc_only,0.645,4.0819489634799275e-05
xc_only,0.6455,4.061490219796257e-05
xc_only,0.646,4.0517912741995244e-05
xc_only,0.6465,4.0374331140427345e-05
xc_only,0.647,4.0512653761003606e-05
xc_only,0.6475,4.010084851910375e-05
xc_only,0.648,4.000005642369704e-05
xc_only,0.6485,3.990760943485597e-05
xc_only,0.649,3.974811481150125e-05
xc_only,0.6495,3.9619692138194775e-05
xc_only,0.65,3.9679605309166306e-05
xc_only,0.6505,3.935574654953984e-05
xc_only,0.651,3.9286866700267405e-05
xc_only,0.6515,3.9134284299458834e-05
xc_only,0.652,3.9156244490411155e-05
xc_only,0.6525,3.885376584716252e-05
xc_only,0.653,3.8785137347373345e-05
xc_only,0.6535,3.862721840021624e-05
xc_only,0.654,3.864255295298052e-05
xc_only,0.6545,3.841524708943788e-05
xc_only,0.655,3.8384147183932885e-05
xc_only,0.6555,3.81731315178278e-05
xc_only,0.656,3.771987023060604e-05
xc_only,0.6565,3.832283266973508e-05
xc_only,0.657,3.786864117216222e-05
xc_only,0.6575,3.769744036651631e-05
xc_only,0.658,3.763739009750531e-05
xc_only,0.6585,3.749052716162168e-05
xc_only,0.659,3.739039303646037e-05
xc_only,0.6595,3.725871589756421e-05
xc_only,0.66,3.71524495001449e-05
xc_only,0.6605,3.705885279985975e-05
xc_only,0.661,3.688953895858091e-05
xc_only,0.6615,3.681010339770886e-05
xc_only,0.662,3.66918997649884e-05
xc_only,0.6625,3.65899259125049e-05
xc_only,0.663,3.6455381854466134e-05
xc_only,0.6635,3.634385080264562e-05
xc_only,0.664,3.623605720582536e-05
xc_only,0.6645,3.610959870906073e-05
xc_only,0.665,3.598786916788341e-05
xc_only,0.6655,3.5859602224815904e-05
xc_only,0.666,3.570161957089256e-05
xc_only,0.6665,4.1765804239010035e-05
xc_only,0.667,3.495760382899506e-05
xc_only,0.6675,3.541031157174567e-05
xc_only,0.668,3.5332853156600136e-05
xc_only,0.6685,3.518999672131035e-05
xc_only,0.669,3.520497312130239e-05
xc_only,0.6695,3.506100373229373e-05
xc_only,0.67,3.495614210609936e-05
xc_only,0.6705,3.4872423706711536e-05
xc_only,0.671,3.47625128265903e-05
xc_only,0.6715,3.466109575785011e-05
xc_only,0.672,3.4571737079226e-05
xc_only,0.6725,3.448728082895038e-05
xc_only,0.673,3.435270375488037e-05
xc_only,0.6735,3.426009032825546e-05
xc_only,0.674,3.418446735094219e-05
xc_only,0.6745,3.4077385061837734e-05
xc_only,0.675,3.3983378245533774e-05
xc_only,0.6755,3.391421181434423e-05
xc_only,0.676,3.373042375843654e-05
xc_only,0.6765,3.371482094377006e-05
xc_only,0.677,3.357100285093302e-05
xc_only,0.6775,3.352363937769819e-05
xc_only,0.678,3.336982757705861e-05
xc_only,0.6785,3.335348437105072e-05
xc_only,0.679,3.323013123990726e-05
xc_only,0.6795,3.302891551360221e-05
xc_only,0.68,3.309462310923551e-05
xc_only,0.6805,3.287628509176022e-05
xc_only,0.681,3.2774991483588436e-05
xc_only,0.6815,3.271764491450762e-05
xc_only,0.682,3.27865263138982e-05
xc_only,0.6825,3.250586328241494e-05
xc_only,0.683,3.244863131772951e-05
xc_only,0.6835,3.232615456423056e-05
xc_only,0.684,3.249333947208182e-05
xc_only,0.6845,3.209020013368356e-05
xc_only,0.685,3.207390775063534e-05
xc_only,0.6855,3.202343248277587e-05
xc_only,0.686,3.1824721903513705e-05
xc_only,0.6865,3.184597557334687e-05
xc_only,0.687,3.164261061370053e-05
xc_only,0.6875,3.192563850000284e-05
xc_only,0.6880000000000001,3.1491621331238596e-05
xc_only,0.6885,3.1421576304480465e-05
xc_only,0.6890000000000001,3.136811422343552e-05
xc_only,0.6895,3.133680808278205e-05
xc_only,0.6900000000000001,3.114464265845308e-05
xc_only,0.6905,3.1104959136153725e-05
xc_only,0.6910000000000001,3.099505830298629e-05
xc_only,0.6915,3.0898046364212784e-05
xc_only,0.6920000000000001,3.074276946729966e-05
xc_only,0.6925,3.12464805936217e-05
xc_only,0.6930000000000001,3.061908993626823e-05
xc_only,0.6935,3.0523312695898545e-05
xc_only,0.6940000000000001,3.054169261966111e-05
xc_only,0.6945,3.0442213531670035e-05
xc_only,0.6950000000000001,3.0310213803093e-05
xc_only,0.6955,3.0382188684646634e-05
xc_only,0.6960000000000001,3.0106506538868145e-05
xc_only,0.6965,3.0063888675186777e-05
xc_only,0.6970000000000001,3.0054555490128766e-05
xc_only,0.6975,2.9916491497147963e-05
xc_only,0.6980000000000001,2.9809436206410076e-05
xc_only,0.6985,2.9728482325846303e-05
xc_only,0.6990000000000001,2.9659736848858786e-05
xc_only,0.6995,2.9505586699896886e-05
xc_only,0.7000000000000001,3.0314069041740808e-05
xc_only,0.7005,2.9357642240227214e-05
xc_only,0.7010000000000001,2.9308803574225883e-05
xc_only,0.7015,2.9225686961764165e-05
xc_only,0.7020000000000001,2.9243349785462125e-05
xc_only,0.7025,2.9146570855546934e-05
xc_only,0.7030000000000001,2.8994414251727868e-05
xc_only,0.7035,2.9059800620198736e-05
xc_only,0.704,2.884211051761087e-05
xc_only,0.7045,2.8792769567390276e-05
xc_only,0.705,2.8707599850779096e-05
xc_only,0.7055,2.8595709395073323e-05
xc_only,0.706,2.8810279152742453e-05
xc_only,0.7065,2.851259921158545e-05
xc_only,0.707,2.8395583880153125e-05
xc_only,0.7075,2.8378941418893408e-05
xc_only,0.708,2.821557971942484e-05
xc_only,0.7085,2.832721307998173e-05
xc_only,0.709,2.810598626895515e-05
xc_only,0.7095,2.811977282265771e-05
xc_only,0.71,2.7935609180931044e-05
xc_only,0.7105,2.7924843040094415e-05
xc_only,0.711,2.7820224133309007e-05
xc_only,0.7115,2.775021288134523e-05
xc_only,0.712,2.7670625742446785e-05
xc_only,0.7125,2.7587962079984224e-05
xc_only,0.713,2.750756905269217e-05
xc_only,0.7135,2.739276948589844e-05
xc_only,0.714,2.713929252003246e-05
xc_only,0.7145,2.9024902114886104e-05
xc_only,0.715,2.718236270027422e-05
xc_only,0.7155,2.7140550685766882e-05
xc_only,0.716,2.7093836207097858e-05
xc_only,0.7165,2.703741676025536e-05
xc_only,0.717,2.6961410861775206e-05
xc_only,0.7175,2.6910296461410032e-05
xc_only,0.718,2.6846610909038475e-05
xc_only,0.7185,2.6487048468347726e-05
xc_only,0.719,2.69980374106885e-05
xc_only,0.7195,2.662619528634964e-05
xc_only,0.72,2.6670424091833103e-05
xc_only,0.7205,2.647210082816659e-05
xc_only,0.721,2.6425432381072612e-05
xc_only,0.7215,2.636216934076752e-05
xc_only,0.722,2.6602324719633666e-05
xc_only,0.7225,2.61197019360785e-05
xc_only,0.723,2.6147699227296478e-05
xc_only,0.7235,2.6094233356169835e-05
xc_only,0.724,2.611849529098032e-05
xc_only,0.7245,2.5929648100683108e-05
xc_only,0.725,2.59156862716195e-05
xc_only,0.7255,2.5830912559136538e-05
xc_only,0.726,2.5760929499144212e-05
xc_only,0.7265,2.5677490165055e-05
xc_only,0.727,2.5456962029081992e-05
xc_only,0.7275,2.6406802901052112e-05
xc_only,0.728,2.5459898111235454e-05
xc_only,0.7285,2.5435439204768586e-05
xc_only,0.729,2.5419927165298762e-05
xc_only,0.7295,2.538030993503796e-05
xc_only,0.73,2.522177159413625e-05
xc_only,0.7305,2.512509282220633e-05
xc_only,0.731,2.525238840219746e-05
xc_only,0.7315,2.5166462304016133e-05
xc_only,0.732,2.499632174181443e-05
xc_only,0.7325,2.4932262666237015e-05
xc_only,0.733,2.4820856117925866e-05
xc_only,0.7335,2.5253016067542005e-05
xc_only,0.734,2.475504510669297e-05
xc_only,0.7345,2.4737055369724282e-05
xc_only,0.735,2.460367281362081e-05
xc_only,0.7355,2.4657728094814323e-05
xc_only,0.736,2.4534903084468927e-05
xc_only,0.7365,2.4432339898129102e-05
xc_only,0.737,2.4680740571579725e-05
xc_only,0.7375,2.4359176244970144e-05
xc_only,0.738,2.4312952460577083e-05
xc_only,0.7385,2.4234387992183868e-05
xc_only,0.739,2.4355680763318424e-05
xc_only,0.7395,2.4099684919184388e-05
xc_only,0.74,2.4055539882075687e-05
xc_only,0.7405,2.4196706978549623e-05
xc_only,0.741,2.3864632557813838e-05
xc_only,0.7415,2.3900335049339233e-05
xc_only,0.742,2.3913927122414274e-05
xc_only,0.7425,2.3774071924352673e-05
xc_only,0.743,2.3813178697418656e-05
xc_only,0.7435,2.3649610635145066e-05
xc_only,0.744,2.369621310140428e-05
xc_only,0.7445,2.357793278104914e-05
xc_only,0.745,2.3509352503590318e-05
xc_only,0.7455,2.3439956519639916e-05
xc_only,0.746,2.3410642647792933e-05
xc_only,0.7465,2.3363489565360127e-05
xc_only,0.747,2.3273367684742488e-05
xc_only,0.7475,2.3253329622567636e-05
xc_only,0.748,2.3134689153825073e-05
xc_only,0.7485,2.308780225185788e-05
xc_only,0.749,2.30036326026671e-05
xc_only,0.7495,2.287182794791101e-05
xc_only,0.75,2.692918038201299e-05
xc_only,0.7505000000000001,2.276451585740901e-05
xc_only,0.751,2.2787172544096477e-05
xc_only,0.7515000000000001,2.2776056420153387e-05
xc_only,0.752,2.2733667797785668e-05
xc_only,0.7525000000000001,2.2707064528791342e-05
xc_only,0.753,2.2678928074443754e-05
xc_only,0.7535000000000001,2.2587129485556357e-05
xc_only,0.754,2.2580845754901433e-05
xc_only,0.7545000000000001,2.2548765732656246e-05
xc_only,0.755,2.2467761979835362e-05
xc_only,0.7555000000000001,2.2430773309328374e-05
xc_only,0.756,2.235765971569133e-05
xc_only,0.7565000000000001,2.229663868085559e-05
xc_only,0.757,2.2364443880426482e-05
xc_only,0.7575000000000001,2.2286782066592794e-05
xc_only,0.758,2.2174263883612395e-05
xc_only,0.7585000000000001,2.2207852036044816e-05
xc_only,0.759,2.2024995625371723e-05
xc_only,0.7595000000000001,2.2056644706324293e-05
xc_only,0.76,2.2116453998456392e-05
xc_only,0.7605000000000001,2.191339168357268e-05
xc_only,0.761,2.1908679577261734e-05
xc_only,0.7615000000000001,2.1798358968681386e-05
xc_only,0.762,2.2011649191975398e-05
xc_only,0.7625000000000001,2.1748933575137365e-05
xc_only,0.763,2.1731166055005157e-05
xc_only,0.7635000000000001,2.1638451475754895e-05
xc_only,0.764,2.1595621982011443e-05
xc_only,0.7645000000000001,2.1938785626610864e-05
xc_only,0.765,2.1420342333100074e-05
xc_only,0.7655000000000001,2.1455455918076648e-05
xc_only,0.766,2.1446815519901017e-05
xc_only,0.7665000000000001,2.1473031339701338e-05
xc_only,0.767,2.1300414247089474e-05
xc_only,0.7675000000000001,2.1303159065595354e-05
xc_only,0.768,2.124240534996099e-05
xc_only,0.7685,2.113232627781086e-05
xc_only,0.769,2.186231211450444e-05
xc_only,0.7695,2.095865971498469e-05
xc_only,0.77,2.1026477183956196e-05
xc_only,0.7705,2.102089013335564e-05
xc_only,0.771,2.099323541629939e-05
xc_only,0.7715,2.1001563668358897e-05
xc_only,0.772,2.087774010054017e-05
xc_only,0.7725,2.1106556976130216e-05
xc_only,0.773,2.0708910052034062e-05
xc_only,0.7735,2.076516197804929e-05
xc_only,0.774,2.08317128158073e-05
xc_only,0.7745,2.0635858195281205e-05
xc_only,0.775,2.0664789715781915e-05
xc_only,0.7755,2.0605476685694593e-05
xc_only,0.776,2.0552889342242793e-05
xc_only,0.7765,2.050444438473438e-05
xc_only,0.777,2.0416225537755944e-05
xc_only,0.7775,2.0241574335631833e-05
xc_only,0.778,2.163394253980815e-05
xc_only,0.7785,2.0280558768095557e-05
xc_only,0.779,2.030963979086931e-05
xc_only,0.7795,2.0263397108834408e-05
xc_only,0.78,2.0236167770342402e-05
xc_only,0.7805,2.0214579274602112e-05
xc_only,0.781,1.989288417533312e-05
xc_only,0.7815,2.0409409008782613e-05
xc_only,0.782,2.0069565011243217e-05
xc_only,0.7825,2.0225968318110103e-05
xc_only,0.783,1.994155321712169e-05
xc_only,0.7835,1.9917646766395675e-05
xc_only,0.784,1.9982831043885884e-05
xc_only,0.7845,1.989409861700704e-05
xc_only,0.785,1.981497017843178e-05
xc_only,0.7855,2.0396819404302954e-05
xc_only,0.786,1.9610862556973103e-05
xc_only,0.7865,1.97101752490835e-05
xc_only,0.787,1.973960128140473e-05
xc_only,0.7875,1.9588999203145276e-05
xc_only,0.788,1.9697161003622982e-05
xc_only,0.7885,1.9579989448947746e-05
xc_only,0.789,1.9486502266003066e-05
xc_only,0.7895,1.979047975120367e-05
xc_only,0.79,1.9427455688030863e-05
xc_only,0.7905,1.948081476870226e-05
xc_only,0.791,1.9356774876894365e-05
xc_only,0.7915,1.954639718967762e-05
xc_only,0.792,1.926830674437806e-05
xc_only,0.7925,1.928438891051733e-05
xc_only,0.793,1.9353680173440786e-05
xc_only,0.7935,1.9147152663210457e-05
xc_only,0.794,1.928275025168941e-05
xc_only,0.7945,1.9109295203230245e-05
xc_only,0.795,1.9148211137940417e-05
xc_only,0.7955,1.909264316539716e-05
xc_only,0.796,1.902581636699266e-05
xc_only,0.7965,1.904463848367425e-05
xc_only,0.797,1.8947002242392246e-05
xc_only,0.7975,1.8910069195436287e-05
xc_only,0.798,1.890257170595553e-05
xc_only,0.7985,1.880327748362976e-05
xc_only,0.799,1.8749722750038535e-05
xc_only,0.7995,1.862642248025272e-05
xc_only,0.8,2.1788890149429758e-05
xc_only,0.8005,1.8557100750789793e-05
xc_only,0.801,1.86130977579593e-05
xc_only,0.8015,1.8622238385159613e-05
xc_only,0.802,1.8602426712788757e-05
xc_only,0.8025,1.8581854404929528e-05
xc_only,0.803,1.855403127154821e-05
xc_only,0.8035,1.8563419097371212e-05
xc_only,0.804,1.849920041081493e-05
xc_only,0.8045,1.849165107816497e-05
xc_only,0.805,1.8480219980184353e-05
xc_only,0.8055,1.8452768729662478e-05
xc_only,0.806,1.8323191053406698e-05
xc_only,0.8065,1.8475144492286403e-05
xc_only,0.807,1.8321270907190354e-05
xc_only,0.8075,1.8450497409884675e-05
xc_only,0.808,1.8201816298540035e-05
xc_only,0.8085,1.821982602486833e-05
xc_only,0.809,1.8180190374922144e-05
xc_only,0.8095,1.839916501998054e-05
xc_only,0.81,1.8093804541804818e-05
xc_only,0.8105,1.8077544163839077e-05
xc_only,0.811,1.8128612644631698e-05
xc_only,0.8115,1.8050692296915305e-05
xc_only,0.812,1.7975151238553622e-05
xc_only,0.8125,1.8426819135824352e-05
xc_only,0.8130000000000001,1.7893166031356198e-05
xc_only,0.8135,1.7926923793901036e-05
xc_only,0.8140000000000001,1.7911477161074154e-05
xc_only,0.8145,1.7819337702137243e-05
xc_only,0.8150000000000001,1.8005360671238682e-05
xc_only,0.8155,1.7760513291399774e-05
xc_only,0.8160000000000001,1.7839811424300804e-05
xc_only,0.8165,1.779065140396597e-05
xc_only,0.8170000000000001,1.771035503257542e-05
xc_only,0.8175,1.7639397945470167e-05
xc_only,0.8180000000000001,1.86161160391195e-05
xc_only,0.8185,1.7440154799635227e-05
xc_only,0.8190000000000001,1.7605869138195186e-05
xc_only,0.8195,1.7596406350518466e-05
xc_only,0.8200000000000001,1.7567733101035088e-05
xc_only,0.8205,1.754832054349174e-05
xc_only,0.8210000000000001,1.748657563382513e-05
xc_only,0.8215,1.7605179444330758e-05
xc_only,0.8220000000000001,1.750556926225217e-05
xc_only,0.8225,1.737654073696464e-05
xc_only,0.8230000000000001,1.736271379248437e-05
xc_only,0.8235,1.7769529101770073e-05
xc_only,0.8240000000000001,1.729690671541274e-05
xc_only,0.8245,1.73322413493237e-05
xc_only,0.8250000000000001,1.7326281281252918e-05
xc_only,0.8255,1.7235771336218977e-05
xc_only,0.8260000000000001,1.7454681731619987e-05
xc_only,0.8265,1.717928495982652e-05
xc_only,0.8270000000000001,1.71921042707482e-05
xc_only,0.8275,1.7282777661333605e-05
xc_only,0.8280000000000001,1.7118498119469274e-05
xc_only,0.8285,1.717596508841264e-05
xc_only,0.8290000000000001,1.7030045959933238e-05
xc_only,0.8295,1.711777611384667e-05
xc_only,0.8300000000000001,1.7114656103403123e-05
xc_only,0.8305,1.6978863618672444e-05
xc_only,0.8310000000000001,1.6971044711704402e-05
xc_only,0.8315,1.6981736735450457e-05
xc_only,0.8320000000000001,1.6894023686007834e-05
xc_only,0.8325,1.6823768224617043e-05
xc_only,0.833,1.6621028652661172e-05
xc_only,0.8335,1.9343820291003543e-05
xc_only,0.834,1.6722061312129104e-05
xc_only,0.8345,1.6768138970019102e-05
xc_only,0.835,1.6770547918873e-05
xc_only,0.8355,1.676912722709328e-05
xc_only,0.836,1.6747506578588807e-05
xc_only,0.8365,1.6812956888915643e-05
xc_only,0.837,1.6728737852809067e-05
xc_only,0.8375,1.662577385071784e-05
xc_only,0.838,1.6764326066184403e-05
xc_only,0.8385,1.675603307473807e-05
xc_only,0.839,1.6539471922681284e-05
xc_only,0.8395,1.6615492932535745e-05
xc_only,0.84,1.67505876706415e-05
xc_only,0.8405,1.65305299410179e-05
xc_only,0.841,1.653378264823332e-05
xc_only,0.8415,1.6522804327016295e-05
xc_only,0.842,1.6840463656770043e-05
xc_only,0.8425,1.6403421219681085e-05
xc_only,0.843,1.646962947642719e-05
xc_only,0.8435,1.615853564342175e-05
xc_only,0.844,1.6733508165102754e-05
xc_only,0.8445,1.6412438690333657e-05
xc_only,0.845,1.6389910707669398e-05
xc_only,0.8455,1.6283313193415507e-05
xc_only,0.846,1.706191201640746e-05
xc_only,0.8465,1.617223466496188e-05
xc_only,0.847,1.62774255060376e-05
xc_only,0.8475,1.623193955758832e-05
xc_only,0.848,1.6284590427523237e-05
xc_only,0.8485,1.630614662728537e-05
xc_only,0.849,1.6208876669605773e-05
xc_only,0.8495,1.6152476191118174e-05
xc_only,0.85,1.647400576626579e-05
xc_only,0.8505,1.6150302827775144e-05
xc_only,0.851,1.611487044835194e-05
xc_only,0.8515,1.6057228620858714e-05
xc_only,0.852,1.625372873472703e-05
xc_only,0.8525,1.6069301082378774e-05
xc_only,0.853,1.6133947479392195e-05
xc_only,0.8535,1.6085868144654373e-05
xc_only,0.854,1.6032200100212463e-05
xc_only,0.8545,1.5996597100670988e-05
xc_only,0.855,1.5957629798809255e-05
xc_only,0.8555,1.5959516335614395e-05
xc_only,0.856,1.5858486672314535e-05
xc_only,0.8565,1.5845604967849983e-05
xc_only,0.857,1.7919292062088963e-05
xc_only,0.8575,1.5646730491674673e-05
xc_only,0.858,1.5786465279589075e-05
xc_only,0.8585,1.5817165096250555e-05
xc_only,0.859,1.5833671852311624e-05
xc_only,0.8595,1.583947551322297e-05
xc_only,0.86,1.582561186402234e-05
xc_only,0.8605,1.5792319260237422e-05
xc_only,0.861,1.587035397376845e-05
xc_only,0.8615,1.573688684211432e-05
xc_only,0.862,1.5879232184148798e-05
xc_only,0.8625,1.5771493896001068e-05
xc_only,0.863,1.5657169967120164e-05
xc_only,0.8635,1.5951251056122818e-05
xc_only,0.864,1.561510788977392e-05
xc_only,0.8645,1.5642393251112406e-05
xc_only,0.865,1.572982572312389e-05
xc_only,0.8655,1.564193563131335e-05
xc_only,0.866,1.557566653381347e-05
xc_only,0.8665,1.62128584847543e-05
xc_only,0.867,1.543522884109466e-05
xc_only,0.8675,1.5567029493845644e-05
xc_only,0.868,1.555769404746222e-05
xc_only,0.8685,1.5556284937689625e-05
xc_only,0.869,1.556311115531642e-05
xc_only,0.8695,1.575211038530526e-05
xc_only,0.87,1.544947928577621e-05
xc_only,0.8705,1.5495165214081223e-05
xc_only,0.871,1.556099508941179e-05
xc_only,0.8715,1.5408389779119577e-05
xc_only,0.872,1.552073110367276e-05
xc_only,0.8725,1.5510237145225958e-05
xc_only,0.873,1.541137188873236e-05
xc_only,0.8735,1.5344604004370076e-05
xc_only,0.874,1.5328942695833e-05
xc_only,0.8745,1.5223294975303042e-05
xc_only,0.875,1.6992651989770735e-05
xc_only,0.8755000000000001,1.5189830219023669e-05
xc_only,0.876,1.5267850876993512e-05
xc_only,0.8765000000000001,1.5324541994290412e-05
xc_only,0.877,1.5324436365386822e-05
xc_only,0.8775000000000001,1.529028849252794e-05
xc_only,0.878,1.5326787136737357e-05
xc_only,0.8785000000000001,1.5201933717266261e-05
xc_only,0.879,1.5398702317189892e-05
xc_only,0.8795000000000001,1.5257916217410819e-05
xc_only,0.88,1.542624093804584e-05
xc_only,0.8805000000000001,1.52077479901455e-05
xc_only,0.881,1.5197246514825409e-05
xc_only,0.8815000000000001,1.5254537938918364e-05
xc_only,0.882,1.5068416284533771e-05
xc_only,0.8825000000000001,1.566358129301626e-05
xc_only,0.883,1.5143796690773566e-05
xc_only,0.8835000000000001,1.5244461505341399e-05
xc_only,0.884,1.5094540139795002e-05
xc_only,0.8845000000000001,1.5328540273458644e-05
xc_only,0.885,1.5133682397319104e-05
xc_only,0.8855000000000001,1.5196064691423291e-05
xc_only,0.886,1.5011809519087815e-05
xc_only,0.8865000000000001,1.5116367290535307e-05
xc_only,0.887,1.5121440655776828e-05
xc_only,0.8875000000000001,1.504178845161926e-05
xc_only,0.888,1.5024518311637291e-05
xc_only,0.8885000000000001,1.4839411945208659e-05
xc_only,0.889,1.6441628943774954e-05
xc_only,0.8895000000000001,1.4916404377846894e-05
xc_only,0.89,1.5025551031119189e-05
xc_only,0.8905000000000001,1.496686443821405e-05
xc_only,0.891,1.4990808981750272e-05
xc_only,0.8915000000000001,1.5035363192207316e-05
xc_only,0.892,1.5058359084210771e-05
xc_only,0.8925000000000001,1.4939699164933596e-05
xc_only,0.893,1.514153465274569e-05
xc_only,0.8935000000000001,1.4949558997754527e-05
xc_only,0.894,1.4988358908223751e-05
xc_only,0.8945000000000001,1.542281536609983e-05
xc_only,0.895,1.475638371037643e-05
xc_only,0.8955000000000001,1.4886601058346545e-05
xc_only,0.896,1.4955852544980223e-05
xc_only,0.8965,1.5054331347173786e-05
xc_only,0.897,1.4868934312904829e-05
xc_only,0.8975,1.4968913753017292e-05
xc_only,0.898,1.4880365673010899e-05
xc_only,0.8985,1.4920573018754036e-05
xc_only,0.899,1.481858933627224e-05
xc_only,0.8995,1.4728944319702072e-05
xc_only,0.9,1.6020923082805105e-05
xc_only,0.9005,1.4706042757963468e-05
xc_only,0.901,1.4830761439504397e-05
xc_only,0.9015,1.4826042767361101e-05
xc_only,0.902,1.4830267309376291e-05
xc_only,0.9025,1.4865760649821718e-05
xc_only,0.903,1.5041401272568947e-05
xc_only,0.9035,1.469436386759868e-05
xc_only,0.904,1.480594237815339e-05
xc_only,0.9045,1.4641810636301689e-05
xc_only,0.905,1.5204514065476926e-05
xc_only,0.9055,1.4826494758986627e-05
xc_only,0.906,1.4471565847753418e-05
xc_only,0.9065,1.5167457425125573e-05
xc_only,0.907,1.4816020109384144e-05
xc_only,0.9075,1.4797875985790603e-05
xc_only,0.908,1.4710368450141931e-05
xc_only,0.9085,1.4673871416747158e-05
xc_only,0.909,1.5768819315176168e-05
xc_only,0.9095,1.4575498793173433e-05
xc_only,0.91,1.466588007457259e-05
xc_only,0.9105,1.4821925927032473e-05
xc_only,0.911,1.474330882749598e-05
xc_only,0.9115,1.4611011703476268e-05
xc_only,0.912,1.488115696666866e-05
xc_only,0.9125,1.4732650452756788e-05
xc_only,0.913,1.4986763733990106e-05
xc_only,0.9135,1.4642864617733568e-05
xc_only,0.914,1.4674852594061971e-05
xc_only,0.9145,1.485310475570674e-05
xc_only,0.915,1.46709476288593e-05
xc_only,0.9155,1.4763394738691614e-05
xc_only,0.916,1.4630770152000984e-05
xc_only,0.9165,1.5626339067611488e-05
xc_only,0.917,1.4475488087984708e-05
xc_only,0.9175,1.4645749087017211e-05
xc_only,0.918,1.4687327480654326e-05
xc_only,0.9185,1.4654728328844315e-05
xc_only,0.919,1.4795504712384369e-05
xc_only,0.9195,1.4665123252789827e-05
xc_only,0.92,1.4904847839593715e-05
xc_only,0.9205,1.4651153881987821e-05
xc_only,0.921,1.47259297180323e-05
xc_only,0.9215,1.4714257388966762e-05
xc_only,0.922,1.4668390447249687e-05
xc_only,0.9225,1.458650268167327e-05
xc_only,0.923,1.5414489956477386e-05
xc_only,0.9235,1.4527212334770053e-05
xc_only,0.924,1.4711516477717184e-05
xc_only,0.9245,1.464268795425392e-05
xc_only,0.925,1.4714877983711347e-05
xc_only,0.9255,1.4625331671930156e-05
xc_only,0.926,1.4838115594237627e-05
xc_only,0.9265,1.46275480109021e-05
xc_only,0.927,1.4699686117535404e-05
xc_only,0.9275,1.4735112265144025e-05
xc_only,0.928,1.457915511106499e-05
xc_only,0.9285,1.5318628499492848e-05
xc_only,0.929,1.4547160545435092e-05
xc_only,0.9295,1.4636358943030806e-05
xc_only,0.93,1.4821795592892506e-05
xc_only,0.9305,1.4577936608607972e-05
xc_only,0.931,1.4761350965194915e-05
xc_only,0.9315,1.4667464612712292e-05
xc_only,0.932,1.4783483268353602e-05
xc_only,0.9325,1.4631876954733274e-05
xc_only,0.933,1.4488131794693166e-05
xc_only,0.9335,1.5294172175331246e-05
xc_only,0.934,1.4659477408533406e-05
xc_only,0.9345,1.4620536407999645e-05
xc_only,0.935,1.4738733691691882e-05
xc_only,0.9355,1.4818716858303356e-05
xc_only,0.936,1.4727993007921031e-05
xc_only,0.9365,1.4690438046449054e-05
xc_only,0.937,1.4606428498327294e-05
xc_only,0.9375,1.5182617026795504e-05
xc_only,0.9380000000000001,1.4602482834575056e-05
xc_only,0.9385,1.4663369017056409e-05
xc_only,0.9390000000000001,1.4760497090901401e-05
xc_only,0.9395,1.4789606747261673e-05
xc_only,0.9400000000000001,1.4751529634299518e-05
xc_only,0.9405,1.4726080782550785e-05
xc_only,0.9410000000000001,1.5203850663775074e-05
xc_only,0.9415,1.4589709567592038e-05
xc_only,0.9420000000000001,1.4665493359239605e-05
xc_only,0.9425,1.4744809678949551e-05
xc_only,0.9430000000000001,1.4828923191410207e-05
xc_only,0.9435,1.4715622764674462e-05
xc_only,0.9440000000000001,1.4713935166152073e-05
xc_only,0.9445,1.5122430686387153e-05
xc_only,0.9450000000000001,1.4744915184229152e-05
xc_only,0.9455,1.4760156010582754e-05
xc_only,0.9460000000000001,1.4844088509508103e-05
xc_only,0.9465,1.4780272329787573e-05
xc_only,0.9470000000000001,1.4654493881536574e-05
xc_only,0.9475,1.5138247085165233e-05
xc_only,0.9480000000000001,1.4737415036333026e-05
xc_only,0.9485,1.497119112687072e-05
xc_only,0.9490000000000001,1.4746075852998869e-05
xc_only,0.9495,1.4773794771597412e-05
xc_only,0.9500000000000001,1.5103885194710716e-05
xc_only,0.9505,1.475791516957445e-05
xc_only,0.9510000000000001,1.4956563387470143e-05
xc_only,0.9515,1.4769234947178434e-05
xc_only,0.9520000000000001,1.4764184677737737e-05
xc_only,0.9525,1.5112886111406056e-05
xc_only,0.9530000000000001,1.4860378454723984e-05
xc_only,0.9535,1.4894503825756179e-05
xc_only,0.9540000000000001,1.4892898903951548e-05
xc_only,0.9545,1.5077562382602811e-05
xc_only,0.9550000000000001,1.4893515968328777e-05
xc_only,0.9555,1.4862018524070515e-05
xc_only,0.9560000000000001,1.4862626318762703e-05
xc_only,0.9565,1.5167174735062822e-05
xc_only,0.9570000000000001,1.4888812866669278e-05
xc_only,0.9575,1.5039131784216548e-05
xc_only,0.9580000000000001,1.4772157576804202e-05
xc_only,0.9585,1.5154568022071464e-05
xc_only,0.9590000000000001,1.503745974647823e-05
xc_only,0.9595,1.492202899374238e-05
xc_only,0.96,1.5130607649603207e-05
xc_only,0.9605,1.4927801469281273e-05
xc_only,0.961,1.5059135468290908e-05
xc_only,0.9615,1.51599193068269e-05
xc_only,0.962,1.4906164890324584e-05
xc_only,0.9625,1.5092637419136036e-05
xc_only,0.963,1.5175503340896528e-05
xc_only,0.9635,1.5042388288058657e-05
xc_only,0.964,1.4939641306902006e-05
xc_only,0.9645,1.529128155708873e-05
xc_only,0.965,1.5071382377668842e-05
xc_only,0.9655,1.5179285456874487e-05
xc_only,0.966,1.5112339659457951e-05
xc_only,0.9665,1.5256107862590802e-05
xc_only,0.967,1.5106598359124612e-05
xc_only,0.9675,1.5353443495651692e-05
xc_only,0.968,1.4889537157891837e-05
xc_only,0.9685,1.4877309470989904e-05
xc_only,0.969,1.565748088007565e-05
xc_only,0.9695,1.5269755498560873e-05
xc_only,0.97,1.513548072215342e-05
xc_only,0.9705,1.5272786186274026e-05
xc_only,0.971,1.5198174079658409e-05
xc_only,0.9715,1.5278448563660196e-05
xc_only,0.972,1.540768881363384e-05
xc_only,0.9725,1.517484413398523e-05
xc_only,0.973,1.5310131113330734e-05
xc_only,0.9735,1.536022790766691e-05
xc_only,0.974,1.5264063290812297e-05
xc_only,0.9745,1.5367257320549715e-05
xc_only,0.975,1.5353761011698994e-05
xc_only,0.9755,1.536081464085317e-05
xc_only,0.976,1.5405431686751042e-05
xc_only,0.9765,1.5489349976095386e-05
xc_only,0.977,1.5187194731834448e-05
xc_only,0.9775,1.542696607374652e-05
xc_only,0.978,1.539271183496028e-05
xc_only,0.9785,1.5594726917368713e-05
xc_only,0.979,1.5411067041941425e-05
xc_only,0.9795,1.5454385351961564e-05
xc_only,0.98,1.546793698455473e-05
xc_only,0.9805,1.5437136372106365e-05
xc_only,0.981,1.549810743409861e-05
xc_only,0.9815,1.55528647415356e-05
xc_only,0.982,1.5569253971136073e-05
xc_only,0.9825,1.5438476302100906e-05
xc_only,0.983,1.561597229172038e-05
xc_only,0.9835,1.5559606092551027e-05
xc_only,0.984,1.5531327361669064e-05
xc_only,0.9845,1.561461531859381e-05
xc_only,0.985,1.5561511358240337e-05
xc_only,0.9855,1.5623463945364876e-05
xc_only,0.986,1.5573972038782823e-05
xc_only,0.9865,1.5609977731443082e-05
xc_only,0.987,1.5625976505246056e-05
xc_only,0.9875,1.5614363206630617e-05
xc_only,0.988,1.564162156634868e-05
xc_only,0.9885,1.558149016995847e-05
xc_only,0.989,1.5688726351860927e-05
xc_only,0.9895,1.5579804381294257e-05
xc_only,0.99,1.5613106309564265e-05
xc_only,0.9905,1.5615106980069574e-05
xc_only,0.991,1.557424142669846e-05
xc_only,0.9915,1.5586311542251865e-05
xc_only,0.992,1.5570324895528658e-05
xc_only,0.9925,1.5481685790281665e-05
xc_only,0.993,1.5498184392202993e-05
xc_only,0.9935,1.5360095911772494e-05
xc_only,0.994,1.5400925848677992e-05
xc_only,0.9945,1.5258315055337977e-05
xc_only,0.995,1.5128729554012774e-05
xc_only,0.9955,1.493096936387593e-05
xc_only,0.996,1.465273755844067e-05
xc_only,0.9965,1.425929298057253e-05
xc_only,0.997,1.3610808645411047e-05
xc_only,0.9975,1.2588989967299536e-05
xc_only,0.998,1.0954283108697893e-05
xc_only,0.9985,8.454016778747127e-06
xc_only,0.999,5.114274119220924e-06
xc_only,0.9995,1.7656292701428777e-06
xc_only,1.0,1.7195754283469523e-08
proportional,0.0,0.0031558388458126324
proportional,0.0005,0.011276380857371664
proportional,0.001,0.01889857735288728
proportional,0.0015,0.02132126380940352
proportional,0.002,0.020974223905503096
proportional,0.0025,0.019510843549781637
proportional,0.003,0.017732418002247747
proportional,0.0035,0.015982621446458425
proportional,0.004,0.014389284170567127
proportional,0.0045000000000000005,0.012970567569132663
proportional,0.005,0.011739164245339832
proportional,0.0055,0.01065596351979838
proportional,0.006,0.009715952127188541
proportional,0.006500000000000001,0.008920831713524582
proportional,0.007,0.008196027263097715
proportional,0.0075,0.00757144925334205
proportional,0.008,0.007026396789802696
proportional,0.0085,0.006533216270156084
proportional,0.009000000000000001,0.006104806418320096
proportional,0.0095,0.005716865913100404
proportional,0.01,0.005374119723171629
proportional,0.0105,0.005060565493159556
proportional,0.011,0.004788371608471734
proportional,0.0115,0.004535716783489811
proportional,0.012,0.004308271967836311
proportional,0.0125,0.00410209924683303
proportional,0.013000000000000001,0.003915523151140805
proportional,0.0135,0.003743322707796738
proportional,0.014,0.003589446381315515
proportional,0.0145,0.0034468098938030523
proportional,0.015,0.003314757399738425
proportional,0.0155,0.003197837789013512
proportional,0.016,0.0030839413512020616
proportional,0.0165,0.0029854220863608535
proportional,0.017,0.0028895104888634303
proportional,0.0175,0.002807264644756004
proportional,0.018000000000000002,0.0027268219978624653
proportional,0.0185,0.002650468272044749
proportional,0.019,0.0025880903023824636
proportional,0.0195,0.0025229159574699776
proportional,0.02,0.0024637596586750293
proportional,0.0205,0.0024106366524240803
proportional,0.021,0.0023595896482816073
proportional,0.021500000000000002,0.0023121948626901694
proportional,0.022,0.002273676498966082
proportional,0.0225,0.002230362713450932
proportional,0.023,0.0021907861307279806
proportional,0.0235,0.0021610579201288187
proportional,0.024,0.002127105807762953
proportional,0.0245,0.0020975398391014305
proportional,0.025,0.002068891283697413
proportional,0.025500000000000002,0.00204199560248079
proportional,0.026000000000000002,0.0020184812466399566
proportional,0.0265,0.001996591834068005
proportional,0.027,0.001975609824404466
proportional,0.0275,0.0019558033746412368
proportional,0.028,0.0019380747732731535
proportional,0.0285,0.0019197662824579093
proportional,0.029,0.0019050311593981318
proportional,0.029500000000000002,0.001890710053777324
proportional,0.03,0.0018759539078408297
proportional,0.0305,0.0018640503010448814
proportional,0.031,0.0018413103048475442
proportional,0.0315,0.0018534366658622139
proportional,0.032,0.0018260628280937186
proportional,0.0325,0.0018246011148272602
proportional,0.033,0.0018119855774726484
proportional,0.0335,0.0018039156295643996
proportional,0.034,0.001796143219289647
proportional,0.0345,0.0017905748393796245
proportional,0.035,0.0017821950912441952
proportional,0.035500000000000004,0.001776786665198918
proportional,0.036000000000000004,0.0017707728937572794
proportional,0.0365,0.0017659711789375443
proportional,0.037,0.0017616380936666487
proportional,0.0375,0.001756947049840491
proportional,0.038,0.0017509388209588442
proportional,0.0385,0.0017488707580138284
proportional,0.039,0.0017452522451354422
proportional,0.0395,0.0017416049896619226
proportional,0.04,0.0017395698586734562
proportional,0.0405,0.0017357324603557228
proportional,0.041,0.0017332727640756804
proportional,0.0415,0.0017322292444674513
proportional,0.042,0.0017276906105171462
proportional,0.0425,0.0017287565867691443
proportional,0.043000000000000003,0.0017252116235049848
proportional,0.043500000000000004,0.0017225645939809194
proportional,0.044,0.0017252844939806898
proportional,0.0445,0.0017204443207829003
proportional,0.045,0.0017206692065181541
proportional,0.0455,0.0017187212422221166
proportional,0.046,0.001718389461340023
proportional,0.0465,0.0017177589454660793
proportional,0.047,0.001717015237136438
proportional,0.0475,0.0017164423326314982
proportional,0.048,0.0017155009853282186
proportional,0.0485,0.0017145621616433202
proportional,0.049,0.001715157639738477
proportional,0.0495,0.0017140726881916808
proportional,0.05,0.0017146664118125796
proportional,0.0505,0.0017143523563889638
proportional,0.051000000000000004,0.0017130480115866676
proportional,0.051500000000000004,0.0017140801158100128
proportional,0.052000000000000005,0.0017136682592196492
proportional,0.0525,0.00171404384560818
proportional,0.053,0.001713058329107571
proportional,0.0535,0.0017130687916225552
proportional,0.054,0.001714088089502294
proportional,0.0545,0.0017131584910690782
proportional,0.055,0.0017140548192548079
proportional,0.0555,0.0017140613031206078
proportional,0.056,0.0017113363419488047
proportional,0.0565,0.0017157436556109803
proportional,0.057,0.0017143127734836666
proportional,0.0575,0.001713359160118173
proportional,0.058,0.001713469749946817
proportional,0.0585,0.0017142272103884218
proportional,0.059000000000000004,0.0017154869058077587
proportional,0.059500000000000004,0.0017141822518328277
proportional,0.06,0.0017152582538171304
proportional,0.0605,0.0017137357135862783
proportional,0.061,0.0017147451072925572
proportional,0.0615,0.0017150920866606
proportional,0.062,0.0017143046997396022
proportional,0.0625,0.0017156245428450625
proportional,0.063,0.0017149277996563305
proportional,0.0635,0.0017142666580454214
proportional,0.064,0.0017150467461402392
proportional,0.0645,0.0017156037429361605
proportional,0.065,0.0017139914436038732
proportional,0.0655,0.0017145623375843632
proportional,0.066,0.0017142891082678761
proportional,0.0665,0.0017160756790722763
proportional,0.067,0.0017140210286473014
proportional,0.0675,0.0017135925827553992
proportional,0.068,0.0017144497357796868
proportional,0.0685,0.0017114803557721566
proportional,0.069,0.0017155903800723778
proportional,0.0695,0.0017124730118006977
proportional,0.07,0.001713361064981327
proportional,0.07050000000000001,0.0017130944644954476
proportional,0.07100000000000001,0.0017116824648082533
proportional,0.07150000000000001,0.0017135093425676177
proportional,0.07200000000000001,0.0017112127701032307
proportional,0.0725,0.0017111222321187938
proportional,0.073,0.001710144592079662
proportional,0.0735,0.0017099733102758066
proportional,0.074,0.0017102674078433343
proportional,0.0745,0.0017090329319912334
proportional,0.075,0.0017084636081185268
proportional,0.0755,0.0017089294906336946
proportional,0.076,0.001705447946322791
proportional,0.0765,0.001706972128096455
proportional,0.077,0.0017062847835392924
proportional,0.0775,0.0017052063943723327
proportional,0.078,0.0017039896779157127
proportional,0.0785,0.0017032505125263364
proportional,0.079,0.0017031320547575618
proportional,0.0795,0.0017013381122107628
proportional,0.08,0.0017005630320806626
proportional,0.0805,0.0017006179808257233
proportional,0.081,0.0016966358359516726
proportional,0.0815,0.0016995563139489574
proportional,0.082,0.0016966010247209781
proportional,0.0825,0.0016960883942837915
proportional,0.083,0.0016955501861812465
proportional,0.0835,0.001692861747779798
proportional,0.084,0.0016928111549289247
proportional,0.0845,0.0016920072081883918
proportional,0.085,0.0016883158160872914
proportional,0.0855,0.0016886189811093958
proportional,0.08600000000000001,0.0016866590947935854
proportional,0.08650000000000001,0.0016862578251562535
proportional,0.08700000000000001,0.001684911220852752
proportional,0.08750000000000001,0.0016823941361185856
proportional,0.088,0.0016790361555805151
proportional,0.0885,0.0016819650255683978
proportional,0.089,0.0016789721930908406
proportional,0.0895,0.0016756174695687135
proportional,0.09,0.0016762212891135758
proportional,0.0905,0.001673421818313308
proportional,0.091,0.0016728149792618414
proportional,0.0915,0.001670803333507255
proportional,0.092,0.0016679347075902772
proportional,0.0925,0.0016671167399499227
proportional,0.093,0.0016649569035836948
proportional,0.0935,0.0016532846694959217
proportional,0.094,0.0016706300894289768
proportional,0.0945,0.0016593843106719685
proportional,0.095,0.0016612001757459179
proportional,0.0955,0.0016508588881653217
proportional,0.096,0.0016538068315489387
proportional,0.0965,0.0016506448195588539
proportional,0.097,0.0016501482138025234
proportional,0.0975,0.0016474430795541484
proportional,0.098,0.0016446874682165486
proportional,0.0985,0.001642421860390367
proportional,0.099,0.001641157111284161
proportional,0.0995,0.0016379169419116128
proportional,0.1,0.0016372618015816631
proportional,0.1005,0.001633770857584699
proportional,0.101,0.0016310736521589573
proportional,0.1015,0.0016295868986765218
proportional,0.10200000000000001,0.001626650602019745
proportional,0.10250000000000001,0.0016241688614013034
proportional,0.10300000000000001,0.0016214919481738464
proportional,0.10350000000000001,0.001619104466835974
proportional,0.10400000000000001,0.0016171337735964113
proportional,0.1045,0.0016139406562521658
proportional,0.105,0.0016078676814514337
proportional,0.1055,0.0016129039783333932
proportional,0.106,0.0016045802742548738
proportional,0.1065,0.0016053364451958057
proportional,0.107,0.0016012778454413707
proportional,0.1075,0.0015978522778099104
proportional,0.108,0.0015951470042022183
proportional,0.1085,0.0015926496016602175
proportional,0.109,0.0015904460106268446
proportional,0.1095,0.0015874959649904998
proportional,0.11,0.0015830677903994044
proportional,0.1105,0.0015812971173803996
proportional,0.111,0.0015794162056244608
proportional,0.1115,0.001575032608682551
proportional,0.112,0.0015713660485503086
proportional,0.1125,0.0015698013739927003
proportional,0.113,0.0015661329495052349
proportional,0.1135,0.0015627991935475056
proportional,0.114,0.0015602325691574277
proportional,0.1145,0.0015556757705846055
proportional,0.115,0.0015546365019981287
proportional,0.1155,0.0015507674931242207
proportional,0.116,0.0015466209776774107
proportional,0.1165,0.001544090196574358
proportional,0.117,0.0015411958435442967
proportional,0.11750000000000001,0.0015374887396776705
proportional,0.11800000000000001,0.0015340085338053583
proportional,0.11850000000000001,0.0015291439569276933
proportional,0.11900000000000001,0.001529020020710244
proportional,0.11950000000000001,0.0015240964362321628
proportional,0.12,0.0015211481431415194
proportional,0.1205,0.0015165596415864697
proportional,0.121,0.001513605141425661
proportional,0.1215,0.0015102779366296688
proportional,0.122,0.0015069346086052338
proportional,0.1225,0.001503078279347412
proportional,0.123,0.00149964781620489
proportional,0.1235,0.0014954763067696205
proportional,0.124,0.001492697984600516
proportional,0.1245,0.0014888718709866126
proportional,0.125,0.0014866088956426156
proportional,0.1255,0.0014816978474908454
proportional,0.126,0.001477034622522732
proportional,0.1265,0.0014739032748907535
proportional,0.127,0.0014705839700925136
proportional,0.1275,0.0014666024599573823
proportional,0.128,0.0014631351209012625
proportional,0.1285,0.001458543057683901
proportional,0.129,0.001455152525936469
proportional,0.1295,0.001451808159432793
proportional,0.13,0.0014477995936863527
proportional,0.1305,0.001443342123580916
proportional,0.131,0.0014382710327082203
proportional,0.1315,0.001437661078287677
proportional,0.132,0.001431656146839632
proportional,0.1325,0.0014284343168520384
proportional,0.133,0.0014233778445309378
proportional,0.1335,0.0014204501838052741
proportional,0.134,0.0014162799393543078
proportional,0.1345,0.00141172954905941
proportional,0.135,0.0014083994057712515
proportional,0.1355,0.0014042609574121613
proportional,0.136,0.0013994223581727846
proportional,0.1365,0.0013957834955836052
proportional,0.137,0.0013910740386380432
proportional,0.1375,0.0013889738038964765
proportional,0.138,0.0013837748068147462
proportional,0.1385,0.001378797578277223
proportional,0.139,0.0013758715425562125
proportional,0.1395,0.001371040295329483
proportional,0.14,0.0013666891325082565
proportional,0.1405,0.0013628852907365346
proportional,0.14100000000000001,0.001358090520092008
proportional,0.14150000000000001,0.0013546617661321213
proportional,0.14200000000000002,0.0013498432610271312
proportional,0.14250000000000002,0.001342435297826364
proportional,0.14300000000000002,0.0013466174325675367
proportional,0.14350000000000002,0.0013359211720653846
proportional,0.14400000000000002,0.0013346583122012187
proportional,0.1445,0.0013284528842827904
proportional,0.145,0.0013242850668326938
proportional,0.1455,0.001320689626008259
proportional,0.146,0.0013152951568631299
proportional,0.1465,0.0013116559598258602
proportional,0.147,0.0013071624358372063
proportional,0.1475,0.0013027918104324741
proportional,0.148,0.001298723539813877
proportional,0.1485,0.0012936038378783758
proportional,0.149,0.001289129120619755
proportional,0.1495,0.001286031370758804
proportional,0.15,0.0012810467402692215
proportional,0.1505,0.001276497730002253
proportional,0.151,0.001271820402234135
proportional,0.1515,0.0012677623579106397
proportional,0.152,0.0012636304368490267
proportional,0.1525,0.0012586875541188837
proportional,0.153,0.0012543317957257323
proportional,0.1535,0.001249233042031149
proportional,0.154,0.001246490083586012
proportional,0.1545,0.00124091566713671
proportional,0.155,0.001236186583019913
proportional,0.1555,0.0012323444150202907
proportional,0.156,0.001220408447712696
proportional,0.1565,0.0012302301506228143
proportional,0.157,0.0012185949303511387
proportional,0.1575,0.0012138839796916546
proportional,0.158,0.001209995374604869
proportional,0.1585,0.0012046656948810693
proportional,0.159,0.001200664047373009
proportional,0.1595,0.0011962948659409256
proportional,0.16,0.0011915848241709887
proportional,0.1605,0.0011868245733655514
proportional,0.161,0.0011822281067449649
proportional,0.1615,0.0011785238744437144
proportional,0.162,0.0011734970749829117
proportional,0.1625,0.0011687130703736187
proportional,0.163,0.0011640414313096995
proportional,0.1635,0.0011599945005140765
proportional,0.164,0.0011553149938647034
proportional,0.1645,0.0011508351191243053
proportional,0.165,0.0011464363653633097
proportional,0.1655,0.0011417627593931037
proportional,0.166,0.0011368344467355483
proportional,0.1665,0.001126653989158679
proportional,0.167,0.0011364101760993992
proportional,0.1675,0.0011233717557905486
proportional,0.168,0.0011191156841680102
proportional,0.1685,0.001113139547317896
proportional,0.169,0.0011113465504016004
proportional,0.1695,0.001105342683670441
proportional,0.17,0.001100926924497082
proportional,0.1705,0.001096741585681475
proportional,0.171,0.0010910450164673495
proportional,0.1715,0.0010876162957035073
proportional,0.17200000000000001,0.0010828895308301353
proportional,0.17250000000000001,0.0010781446635529514
proportional,0.17300000000000001,0.0010734704296307318
proportional,0.17350000000000002,0.001069028224572205
proportional,0.17400000000000002,0.0010649534205599037
proportional,0.17450000000000002,0.0010600092779349528
proportional,0.17500000000000002,0.0010556163196571051
proportional,0.17550000000000002,0.001051147652033551
proportional,0.176,0.0010464556117783831
proportional,0.1765,0.00104259319630859
proportional,0.177,0.0010373864413734549
proportional,0.1775,0.001033086594928621
proportional,0.178,0.0010287576153364386
proportional,0.1785,0.001023938598994009
proportional,0.179,0.0010194353345115916
proportional,0.1795,0.0010156425371943274
proportional,0.18,0.0010107138491608257
proportional,0.1805,0.0010062420774247084
proportional,0.181,0.0010004810729298853
proportional,0.1815,0.0009968836016349466
proportional,0.182,0.0009948693411303206
proportional,0.1825,0.0009884642745397808
proportional,0.183,0.0009840774017978566
proportional,0.1835,0.0009791975357046272
proportional,0.184,0.0009753789096946643
proportional,0.1845,0.0009704921019515844
proportional,0.185,0.0009664497926323067
proportional,0.1855,0.0009617415899111902
proportional,0.186,0.0009573644462366433
proportional,0.1865,0.0009530297368616552
proportional,0.187,0.0009487392134849181
proportional,0.1875,0.0009447479834394072
proportional,0.188,0.0009398220508474567
proportional,0.1885,0.0009354069882864874
proportional,0.189,0.0009314989841765198
proportional,0.1895,0.0009268839870029094
proportional,0.19,0.0009224954939690032
proportional,0.1905,0.0009179966619365372
proportional,0.191,0.0009139021766179593
proportional,0.1915,0.0009097140813889899
proportional,0.192,0.0009052572186479689
proportional,0.1925,0.0009010678684431088
proportional,0.193,0.0008967849246044949
proportional,0.1935,0.0008912754281631032
proportional,0.194,0.0008892089848183334
proportional,0.1945,0.0008838108305419598
proportional,0.195,0.0008795236412540982
proportional,0.1955,0.0008754257312246858
proportional,0.196,0.0008709930558583403
proportional,0.1965,0.0008672161522556001
proportional,0.197,0.0008624570172149394
proportional,0.1975,0.0008585988469564763
proportional,0.198,0.0008542697362563271
proportional,0.1985,0.0008500453766650203
proportional,0.199,0.0008460083547812744
proportional,0.1995,0.0008415465006851651
proportional,0.2,0.0008406932132924845
proportional,0.2005,0.0008331523033592315
proportional,0.201,0.0008292542815841807
proportional,0.2015,0.0008257545152797583
proportional,0.202,0.0008213062588097456
proportional,0.2025,0.0008167714617016262
proportional,0.203,0.000812549804621252
proportional,0.20350000000000001,0.0008090645293520362
proportional,0.20400000000000001,0.0008049904769460873
proportional,0.20450000000000002,0.0008008774971104033
proportional,0.20500000000000002,0.0007966998861238448
proportional,0.20550000000000002,0.00079282251670872
proportional,0.20600000000000002,0.0007878625626483991
proportional,0.20650000000000002,0.0007854854035825186
proportional,0.20700000000000002,0.0007809136661366159
proportional,0.20750000000000002,0.0007767490406450572
proportional,0.20800000000000002,0.0007727839175200295
proportional,0.2085,0.0007688069171712338
proportional,0.209,0.0007651516712923523
proportional,0.2095,0.0007609664797269908
proportional,0.21,0.0007570439789810598
proportional,0.2105,0.0007532936618784028
proportional,0.211,0.0007490242343617489
proportional,0.2115,0.0007455157111147502
proportional,0.212,0.0007416699754400468
proportional,0.2125,0.0007373300496289118
proportional,0.213,0.0007340314153862982
proportional,0.2135,0.0007299126888096831
proportional,0.214,0.0007283731402451897
proportional,0.2145,0.0007205228813001045
proportional,0.215,0.0007186772809913648
proportional,0.2155,0.0007148497831239664
proportional,0.216,0.0007109021543938987
proportional,0.2165,0.0007075885794439887
proportional,0.217,0.0007033834612910317
proportional,0.2175,0.000699865310535196
proportional,0.218,0.0006961830023286305
proportional,0.2185,0.0006883906174061232
proportional,0.219,0.0006926496145045905
proportional,0.2195,0.0006853123764106818
proportional,0.22,0.0006814363511008371
proportional,0.2205,0.0006776646304776787
proportional,0.221,0.0006740858755616182
proportional,0.2215,0.0006706567817306002
proportional,0.222,0.0006712855030321343
proportional,0.2225,0.0006598474886163609
proportional,0.223,0.0006596455672475977
proportional,0.2235,0.0006560333431065323
proportional,0.224,0.0006527768981623204
proportional,0.2245,0.0006491843594933775
proportional,0.225,0.0006456255978522331
proportional,0.2255,0.0006421403749816326
proportional,0.226,0.0006384640265525667
proportional,0.2265,0.0006352360169228242
proportional,0.227,0.0006328141253210644
proportional,0.2275,0.0006271385628488829
proportional,0.228,0.0006249186366473838
proportional,0.2285,0.0006211894263774686
proportional,0.229,0.0006182324538457011
proportional,0.2295,0.0006144885219509174
proportional,0.23,0.000611186732605923
proportional,0.2305,0.0006054232988793849
proportional,0.231,0.0006064095874791373
proportional,0.2315,0.000601870393826859
proportional,0.232,0.0005977334341650555
proportional,0.2325,0.0005946003535513423
proportional,0.233,0.0005910779728990326
proportional,0.2335,0.0005878908759519261
proportional,0.234,0.000584800497569635
proportional,0.23450000000000001,0.0005813629698256641
proportional,0.23500000000000001,0.0005777189043979562
proportional,0.23550000000000001,0.0005756511428692743
proportional,0.23600000000000002,0.0005715425659351582
proportional,0.23650000000000002,0.0005687625075501019
proportional,0.23700000000000002,0.000565206837654523
proportional,0.23750000000000002,0.0005623020085859131
proportional,0.23800000000000002,0.0005591211412965537
proportional,0.23850000000000002,0.0005557138125726634
proportional,0.23900000000000002,0.0005528699075965635
proportional,0.23950000000000002,0.0005497347377289956
proportional,0.24,0.0005466114043788952
proportional,0.2405,0.0005430653882595186
proportional,0.241,0.000540655553088933
proportional,0.2415,0.0005374533534411069
proportional,0.242,0.0005343347168826975
proportional,0.2425,0.0005313788070540551
proportional,0.243,0.0005289963213138993
proportional,0.2435,0.0005239191836840718
proportional,0.244,0.0005229497128505212
proportional,0.2445,0.00051922566299645
proportional,0.245,0.0005163896068031197
proportional,0.2455,0.0005135185434731866
proportional,0.246,0.0005103443806302291
proportional,0.2465,0.0005073486621518786
proportional,0.247,0.0005051250001681351
proportional,0.2475,0.0005015986255481676
proportional,0.248,0.0004990643937459
proportional,0.2485,0.0004958663332697863
proportional,0.249,0.0004933815902388699
proportional,0.2495,0.0004907550409364534
proportional,0.25,0.0004896276779194855
proportional,0.2505,0.0004852842300933651
proportional,0.251,0.0004820191074103503
proportional,0.2515,0.00047925666971237264
proportional,0.252,0.0004760281767643737
proportional,0.2525,0.0004741853597214193
proportional,0.253,0.00047056719228819006
proportional,0.2535,0.0004684639389442308
proportional,0.254,0.00046553467195227565
proportional,0.2545,0.0004626728519834578
proportional,0.255,0.00046015738282503946
proportional,0.2555,0.00045754035894558906
proportional,0.256,0.00045428564862823046
proportional,0.2565,0.00045295732257131583
proportional,0.257,0.000449386230377547
proportional,0.2575,0.0004469324141354072
proportional,0.258,0.00044442416758727263
proportional,0.2585,0.0004416447464631481
proportional,0.259,0.0004384138206775452
proportional,0.2595,0.00043764349844482126
proportional,0.26,0.00043404383438566083
proportional,0.2605,0.0004315029194586925
proportional,0.261,0.0004290196008928767
proportional,0.2615,0.0004266859919694548
proportional,0.262,0.00042402830178948784
proportional,0.2625,0.00042150375862514783
proportional,0.263,0.00041926927978966545
proportional,0.2635,0.0004165033275362699
proportional,0.264,0.00041440288513307244
proportional,0.2645,0.00041164630995534486
proportional,0.265,0.0004093458963596094
proportional,0.2655,0.0004069667814806804
proportional,0.266,0.00040449252305433997
proportional,0.2665,0.0004024842156498511
proportional,0.267,0.0003997998999758171
proportional,0.2675,0.0003974530879560906
proportional,0.268,0.0003951454815319715
proportional,0.2685,0.0003923506914185969
proportional,0.269,0.0003904998855805224
proportional,0.2695,0.0003887282836946797
proportional,0.27,0.0003857561417653873
proportional,0.2705,0.0003837789183321485
proportional,0.271,0.00038125862913931507
proportional,0.2715,0.0003792005786544062
proportional,0.272,0.0003767516694490772
proportional,0.2725,0.0003770162848838181
proportional,0.273,0.00037053454913297607
proportional,0.2735,0.0003701507902295213
proportional,0.274,0.00036815387591507015
proportional,0.2745,0.00036586052859855937
proportional,0.275,0.00036370832905292154
proportional,0.2755,0.0003615107771372169
proportional,0.276,0.0003593643762120483
proportional,0.2765,0.0003573594569565166
proportional,0.277,0.00035518556433732307
proportional,0.2775,0.00035364305322870996
proportional,0.278,0.00035041101714035393
proportional,0.2785,0.0003488246874202441
proportional,0.279,0.0003468652069122776
proportional,0.2795,0.0003447993026918749
proportional,0.28,0.00034270044578504346
proportional,0.2805,0.00034063794037189035
proportional,0.281,0.00033661350321143783
proportional,0.28150000000000003,0.0003386773738844203
proportional,0.28200000000000003,0.0003346476146878132
proportional,0.28250000000000003,0.00033266594586351897
proportional,0.28300000000000003,0.000330664616188446
proportional,0.28350000000000003,0.00032858433475087804
proportional,0.28400000000000003,0.00032681369428987344
proportional,0.28450000000000003,0.0003247446012663484
proportional,0.28500000000000003,0.00032283459722125566
proportional,0.28550000000000003,0.00032451292163455703
proportional,0.28600000000000003,0.0003163385256699189
proportional,0.28650000000000003,0.000317149866261037
proportional,0.28700000000000003,0.00031521601793211635
proportional,0.28750000000000003,0.00031342237197556276
proportional,0.28800000000000003,0.0003114279080638226
proportional,0.2885,0.00030956517116911413
proportional,0.289,0.0003078432998276567
proportional,0.2895,0.00030597353777939027
proportional,0.29,0.0003041453041747051
proportional,0.2905,0.00030237604017551003
proportional,0.291,0.00030035696876775097
proportional,0.2915,0.0002988103590797605
proportional,0.292,0.00029693573042080534
proportional,0.2925,0.0002952033382973259
proportional,0.293,0.0002933462960601242
proportional,0.2935,0.00029130971793201387
proportional,0.294,0.0002903739530721497
proportional,0.2945,0.0002881605059370514
proportional,0.295,0.0002864473189226194
proportional,0.2955,0.0002847517020180468
proportional,0.296,0.00028296551879591734
proportional,0.2965,0.00028143646696876957
proportional,0.297,0.0002797163743639392
proportional,0.2975,0.00027805024021608754
proportional,0.298,0.0002765873397175107
proportional,0.2985,0.00027434300551124676
proportional,0.299,0.0002730861444138783
proportional,0.2995,0.0002714079500087536
proportional,0.3,0.0002702584782135164
proportional,0.3005,0.0002680526385726096
proportional,0.301,0.0002666367652058216
proportional,0.3015,0.0002650354094998496
proportional,0.302,0.00026337679444671583
proportional,0.3025,0.0002617563203754839
proportional,0.303,0.0002604905228792002
proportional,0.3035,0.00025860641960856684
proportional,0.304,0.00025718754647778395
proportional,0.3045,0.000255720904744153
proportional,0.305,0.0002541097076534579
proportional,0.3055,0.00025261443335301663
proportional,0.306,0.00025080694110304566
proportional,0.3065,0.000249981418274378
proportional,0.307,0.00024801631475190834
proportional,0.3075,0.0002470094479230677
proportional,0.308,0.0002449627704678538
proportional,0.3085,0.0002436303346015018
proportional,0.309,0.00024226542639930402
proportional,0.3095,0.0002408243759143444
proportional,0.31,0.00023936839055748428
proportional,0.3105,0.0002379266569022024
proportional,0.311,0.00023644750097564037
proportional,0.3115,0.00023511266609280002
proportional,0.312,0.00023371226597074964
proportional,0.3125,0.0002324337631070678
proportional,0.313,0.000230747535429468
proportional,0.3135,0.00022966650885607667
proportional,0.314,0.00022817914081905912
proportional,0.3145,0.00022683457268998837
proportional,0.315,0.0002254647588099771
proportional,0.3155,0.0002240234630679685
proportional,0.316,0.000222925567347905
proportional,0.3165,0.0002215218187129428
proportional,0.317,0.00022014001049282876
proportional,0.3175,0.00021878020278924133
proportional,0.318,0.00021760797615489065
proportional,0.3185,0.00021596754292534386
proportional,0.319,0.00021527518608554618
proportional,0.3195,0.00021363773699062196
proportional,0.32,0.00021241211464855566
proportional,0.3205,0.00021087482442016785
proportional,0.321,0.00021007601133866754
proportional,0.3215,0.0002087014390987214
proportional,0.322,0.000207373774903879
proportional,0.3225,0.0002061517707276244
proportional,0.323,0.00020500615651106234
proportional,0.3235,0.00020368737112458216
proportional,0.324,0.00020251347142557097
proportional,0.3245,0.0002013788304715663
proportional,0.325,0.00020012558514068376
proportional,0.3255,0.00019893468719513823
proportional,0.326,0.0001977016109035243
proportional,0.3265,0.0001966056902548828
proportional,0.327,0.0001954374344174999
proportional,0.3275,0.00019427397284394683
proportional,0.328,0.0001931135887618121
proportional,0.3285,0.000191896448900882
proportional,0.329,0.00019088910774812959
proportional,0.3295,0.00018972211590365605
proportional,0.33,0.00018853803047826396
proportional,0.3305,0.0001874752430616333
proportional,0.331,0.0001860842693474844
proportional,0.3315,0.00018546639368967625
proportional,0.332,0.0001841262317785389
proportional,0.3325,0.00018304999665604853
proportional,0.333,0.00017824447767377769
proportional,0.3335,0.00018879998174687877
proportional,0.334,0.00017979620602083396
proportional,0.3345,0.00017876332878442964
proportional,0.335,0.00017771735041547526
proportional,0.3355,0.00017667523607866885
proportional,0.336,0.0001756145736855516
proportional,0.3365,0.00017466585590485213
proportional,0.337,0.0001735587650652265
proportional,0.3375,0.00017264909308213516
proportional,0.338,0.0001714948290416469
proportional,0.3385,0.00017050374674986454
proportional,0.339,0.00016955592531689762
proportional,0.3395,0.00016858825662316047
proportional,0.34,0.0001675982954463209
proportional,0.3405,0.00016653259255474607
proportional,0.341,0.00016557733439415956
proportional,0.3415,0.00016468218666299315
proportional,0.342,0.000163672879450052
proportional,0.3425,0.00016271702542659954
proportional,0.343,0.0001617758979668915
proportional,0.3435,0.0001597589406441006
proportional,0.34400000000000003,0.0001609027049198683
proportional,0.34450000000000003,0.00015892591906289084
proportional,0.34500000000000003,0.00015804469616730288
proportional,0.34550000000000003,0.00015709517920129305
proportional,0.34600000000000003,0.00015617074169739558
proportional,0.34650000000000003,0.00015530270474651834
proportional,0.34700000000000003,0.000154331307915507
proportional,0.34750000000000003,0.0001534250591050603
proportional,0.34800000000000003,0.00015260508510685672
proportional,0.34850000000000003,0.00015163121206547876
proportional,0.34900000000000003,0.00015084088062974543
proportional,0.34950000000000003,0.00014986845744325124
proportional,0.35000000000000003,0.00014911924072677187
proportional,0.35050000000000003,0.00014814249536397033
proportional,0.35100000000000003,0.00014728754713957707
proportional,0.35150000000000003,0.0001465121700714899
proportional,0.352,0.0001455647314490479
proportional,0.3525,0.00014472657867657725
proportional,0.353,0.0001440675969002161
proportional,0.3535,0.00014304404648028438
proportional,0.354,0.00014229577741499294
proportional,0.3545,0.0001413951146792809
proportional,0.355,0.00014063755850026434
proportional,0.3555,0.00013981470680996506
proportional,0.356,0.00013880561333153536
proportional,0.3565,0.0001383386062235351
proportional,0.357,0.0001376144704433741
proportional,0.3575,0.00013654611619520006
proportional,0.358,0.00013581311625850584
proportional,0.3585,0.00013498277229844795
proportional,0.359,0.0001343051891803795
proportional,0.3595,0.00013344830205250208
proportional,0.36,0.00013279507843498076
proportional,0.3605,0.0001318696825447316
proportional,0.361,0.00013117670020801453
proportional,0.3615,0.00013046782366728994
proportional,0.362,0.00012966745499341106
proportional,0.3625,0.00012890107942850902
proportional,0.363,0.0001281849322133073
proportional,0.3635,0.00012779729979691407
proportional,0.364,0.0001267289797965083
proportional,0.3645,0.00012597243598747447
proportional,0.365,0.00012527366442900082
proportional,0.3655,0.00012455369612227024
proportional,0.366,0.0001238527913969584
proportional,0.3665,0.00012319974784967574
proportional,0.367,0.00012244080690417344
proportional,0.3675,0.00012173193496903167
proportional,0.368,0.00012104043895428189
proportional,0.3685,0.00012030223036581926
proportional,0.369,0.00011981873427298803
proportional,0.3695,0.00011905881508236262
proportional,0.37,0.00011824416454721654
proportional,0.3705,0.00011766881390613751
proportional,0.371,0.00011695003927597013
proportional,0.3715,0.00011635733938176635
proportional,0.372,0.00011563935130922949
proportional,0.3725,0.00011498783994324053
proportional,0.373,0.0001143487791892321
proportional,0.3735,0.00011367546916031978
proportional,0.374,0.00011306483392273562
proportional,0.3745,0.00011238386784897473
proportional,0.375,0.00011244584505598072
proportional,0.3755,0.00011108793976215253
proportional,0.376,0.00011048894510192584
proportional,0.3765,0.00010991255098708669
proportional,0.377,0.00010927505630407668
proportional,0.3775,0.00010864758267033409
proportional,0.378,0.0001080374161699651
proportional,0.3785,0.00010744279531625095
proportional,0.379,0.00010684190269945662
proportional,0.3795,0.00010636931174040185
proportional,0.38,0.00010555308837384828
proportional,0.3805,0.00010502488829535413
proportional,0.381,0.00010440681035107073
proportional,0.3815,0.00010398254659146378
proportional,0.382,0.00010329263051136481
proportional,0.3825,0.0001027580450369753
proportional,0.383,0.0001021154767052321
proportional,0.3835,0.00010154993909117117
proportional,0.384,0.00010100889807263954
proportional,0.3845,0.00010067393885249366
proportional,0.385,9.984042401772094e-05
proportional,0.3855,9.93405691826409e-05
proportional,0.386,9.872356349412394e-05
proportional,0.3865,9.824241246069656e-05
proportional,0.387,9.769731003087202e-05
proportional,0.3875,9.698978284922338e-05
proportional,0.388,9.672406508383894e-05
proportional,0.3885,9.601502846390722e-05
proportional,0.389,9.566357556153448e-05
proportional,0.3895,9.498570866175947e-05
proportional,0.39,9.462912141845142e-05
proportional,0.3905,9.379141627700246e-05
proportional,0.391,9.337138097844314e-05
proportional,0.3915,9.293879213678158e-05
proportional,0.392,9.245928255991312e-05
proportional,0.3925,9.18917367638824e-05
proportional,0.393,9.139376495163777e-05
proportional,0.3935,9.076313447227725e-05
proportional,0.394,9.050630782806858e-05
proportional,0.3945,8.988581736266548e-05
proportional,0.395,8.939007243296186e-05
proportional,0.3955,8.889866390574001e-05
proportional,0.396,8.8412883030944e-05
proportional,0.3965,8.792911189706231e-05
proportional,0.397,8.743982561540359e-05
proportional,0.3975,8.6968075359287e-05
proportional,0.398,8.64851138772033e-05
proportional,0.3985,8.596738709008365e-05
proportional,0.399,8.55326565531801e-05
proportional,0.3995,8.502571911525573e-05
proportional,0.4,8.623153661322858e-05
proportional,0.4005,8.41219599202682e-05
proportional,0.401,8.363037011623036e-05
proportional,0.4015,8.324055438032456e-05
proportional,0.402,8.277404473124292e-05
proportional,0.4025,8.232772769430642e-05
proportional,0.403,8.191772813578267e-05
proportional,0.4035,8.141454157493659e-05
proportional,0.404,8.09089440552452e-05
proportional,0.4045,8.069883146980661e-05
proportional,0.405,8.012801400831754e-05
proportional,0.4055,7.970003444803612e-05
proportional,0.406,7.873702380596772e-05
proportional,0.40650000000000003,7.941409678312276e-05
proportional,0.40700000000000003,7.841698054097913e-05
proportional,0.40750000000000003,7.802360857400603e-05
proportional,0.40800000000000003,7.757776954710904e-05
proportional,0.40850000000000003,7.713757822726932e-05
proportional,0.40900000000000003,7.683271653267693e-05
proportional,0.40950000000000003,7.632456948170495e-05
proportional,0.41000000000000003,7.578069010840473e-05
proportional,0.41050000000000003,7.567316390253828e-05
proportional,0.41100000000000003,7.508146512001428e-05
proportional,0.41150000000000003,7.441553249303748e-05
proportional,0.41200000000000003,7.473846809681107e-05
proportional,0.41250000000000003,7.390926496075944e-05
proportional,0.41300000000000003,7.353249696501992e-05
proportional,0.41350000000000003,7.307680581013325e-05
proportional,0.41400000000000003,7.279259943656572e-05
proportional,0.41450000000000004,7.236654626245861e-05
proportional,0.41500000000000004,7.196757157502234e-05
proportional,0.41550000000000004,7.158163816744663e-05
proportional,0.41600000000000004,7.116792268783327e-05
proportional,0.4165,7.114464936432328e-05
proportional,0.417,7.041430040028275e-05
proportional,0.4175,7.005879003794945e-05
proportional,0.418,6.969268717513258e-05
proportional,0.4185,6.926723773581668e-05
proportional,0.419,6.905774393830961e-05
proportional,0.4195,6.857510084889408e-05
proportional,0.42,6.830859613031343e-05
proportional,0.4205,6.788733198660666e-05
proportional,0.421,6.760760257349027e-05
proportional,0.4215,6.716310230476676e-05
proportional,0.422,6.68441160625517e-05
proportional,0.4225,6.645327234701116e-05
proportional,0.423,6.617903820834716e-05
proportional,0.4235,6.57593503663078e-05
proportional,0.424,6.559880561724025e-05
proportional,0.4245,6.495884525931856e-05
proportional,0.425,6.475795354536345e-05
proportional,0.4255,6.440817299036052e-05
proportional,0.426,6.406488925363521e-05
proportional,0.4265,6.371964057797043e-05
proportional,0.427,6.342946796000204e-05
proportional,0.4275,6.306434515860575e-05
proportional,0.428,6.271339077090892e-05
proportional,0.4285,6.326552563353026e-05
proportional,0.429,6.20703142513715e-05
proportional,0.4295,6.172230516427455e-05
proportional,0.43,6.14929459365462e-05
proportional,0.4305,6.11282036773818e-05
proportional,0.431,6.0745500937182294e-05
proportional,0.4315,6.059341593961843e-05
proportional,0.432,6.020676828935389e-05
proportional,0.4325,5.992931829075906e-05
proportional,0.433,5.9555623987709696e-05
proportional,0.4335,5.929491183966346e-05
proportional,0.434,5.8971761580284596e-05
proportional,0.4345,5.8646771225636915e-05
proportional,0.435,5.844905069193266e-05
proportional,0.4355,5.8060401482997966e-05
proportional,0.436,5.777363515479633e-05
proportional,0.4365,5.74890435357679e-05
proportional,0.437,5.716202020944497e-05
proportional,0.4375,5.7033870853128875e-05
proportional,0.438,5.659896914398801e-05
proportional,0.4385,5.629424865760716e-05
proportional,0.439,5.6011590126738345e-05
proportional,0.4395,5.577148295727011e-05
proportional,0.44,5.548209912267199e-05
proportional,0.4405,5.519174470731507e-05
proportional,0.441,5.490993559101214e-05
proportional,0.4415,5.461198184508873e-05
proportional,0.442,5.4344741073374236e-05
proportional,0.4425,5.4101215456187196e-05
proportional,0.443,5.376413922262484e-05
proportional,0.4435,5.342897423587369e-05
proportional,0.444,5.328582432399601e-05
proportional,0.4445,5.350765287946996e-05
proportional,0.445,5.2681655516879966e-05
proportional,0.4455,5.2441792466159786e-05
proportional,0.446,5.217409538182015e-05
proportional,0.4465,5.193419859612405e-05
proportional,0.447,5.166893125792709e-05
proportional,0.4475,5.141527119045234e-05
proportional,0.448,5.113153164784958e-05
proportional,0.4485,5.093594061427229e-05
proportional,0.449,5.064805535581404e-05
proportional,0.4495,5.037827187286864e-05
proportional,0.45,5.023060007005905e-05
proportional,0.4505,4.987724105405873e-05
proportional,0.451,4.962970446825569e-05
proportional,0.4515,4.943329412267364e-05
proportional,0.452,4.912979971024352e-05
proportional,0.4525,4.8908995671505896e-05
proportional,0.453,4.866811049866e-05
proportional,0.4535,4.840330708500442e-05
proportional,0.454,4.8165487445609217e-05
proportional,0.4545,4.8296064532411315e-05
proportional,0.455,4.767214431723105e-05
proportional,0.4555,4.746361693530348e-05
proportional,0.456,4.7171290506229735e-05
proportional,0.4565,4.7071466652046076e-05
proportional,0.457,4.6810287228987645e-05
proportional,0.4575,4.6528144546985586e-05
proportional,0.458,4.6294617766900055e-05
proportional,0.4585,4.614654703556086e-05
proportional,0.459,4.5871363804729115e-05
proportional,0.4595,4.5654245421337746e-05
proportional,0.46,4.540346939161068e-05
proportional,0.4605,4.5195467877602164e-05
proportional,0.461,4.495335551841853e-05
proportional,0.4615,4.501684759069233e-05
proportional,0.462,4.451332065678813e-05
proportional,0.4625,4.431748740803033e-05
proportional,0.463,4.4102639215845205e-05
proportional,0.4635,4.3887667099008976e-05
proportional,0.464,4.367395354943181e-05
proportional,0.4645,4.351764892162638e-05
proportional,0.465,4.327315506669142e-05
proportional,0.4655,4.3004502144385585e-05
proportional,0.466,4.2862490518110183e-05
proportional,0.4665,4.2838893347134744e-05
proportional,0.467,4.2408375668011325e-05
proportional,0.4675,4.222075334874463e-05
proportional,0.468,4.201603898158353e-05
proportional,0.4685,4.149833062104642e-05
proportional,0.46900000000000003,4.196472284814348e-05
proportional,0.46950000000000003,4.1422427595568075e-05
proportional,0.47000000000000003,4.1223364102190457e-05
proportional,0.47050000000000003,4.1165726684094114e-05
proportional,0.47100000000000003,4.07968323694041e-05
proportional,0.47150000000000003,4.065588580035364e-05
proportional,0.47200000000000003,4.0467916286118076e-05
proportional,0.47250000000000003,4.024266540482009e-05
proportional,0.47300000000000003,4.0037852523180214e-05
proportional,0.47350000000000003,3.9991615375402555e-05
proportional,0.47400000000000003,3.9660048285483294e-05
proportional,0.47450000000000003,3.951547489840804e-05
proportional,0.47500000000000003,3.931537236879543e-05
proportional,0.47550000000000003,3.908696074157674e-05
proportional,0.47600000000000003,3.9028618033862904e-05
proportional,0.47650000000000003,3.873781387271326e-05
proportional,0.47700000000000004,3.854825004227762e-05
proportional,0.47750000000000004,3.8404974498655036e-05
proportional,0.47800000000000004,3.808196244732111e-05
proportional,0.47850000000000004,3.820080315784486e-05
proportional,0.47900000000000004,3.786107164463468e-05
proportional,0.47950000000000004,3.7655726297345675e-05
proportional,0.48,3.7560942789987274e-05
proportional,0.4805,3.729607162386005e-05
proportional,0.481,3.7101428330156075e-05
proportional,0.4815,3.7054164345060104e-05
proportional,0.482,3.68153975160714e-05
proportional,0.4825,3.6530758579527126e-05
proportional,0.483,3.657948613887981e-05
proportional,0.4835,3.627457271753862e-05
proportional,0.484,3.616200685167575e-05
proportional,0.4845,3.594226129040136e-05
proportional,0.485,3.581367971544097e-05
proportional,0.4855,3.565911533329003e-05
proportional,0.486,3.5430106802098176e-05
proportional,0.4865,3.531199226622352e-05
proportional,0.487,3.515071944108286e-05
proportional,0.4875,3.4944310167405536e-05
proportional,0.488,3.4822094628002116e-05
proportional,0.4885,3.465317676653063e-05
proportional,0.489,3.4502825104849526e-05
proportional,0.4895,3.4332474030757615e-05
proportional,0.49,3.418560699911261e-05
proportional,0.4905,3.402174925963743e-05
proportional,0.491,3.386152960400187e-05
proportional,0.4915,3.370759818418499e-05
proportional,0.492,3.354925104235501e-05
proportional,0.4925,3.336629239112636e-05
proportional,0.493,3.328048462203454e-05
proportional,0.4935,3.3044008373882585e-05
proportional,0.494,3.296419548706119e-05
proportional,0.4945,3.281917449859631e-05
proportional,0.495,3.263767287491702e-05
proportional,0.4955,3.2481780563273064e-05
proportional,0.496,3.233698500973037e-05
proportional,0.4965,3.219300908980847e-05
proportional,0.497,3.2041313706709095e-05
proportional,0.4975,3.188764394283818e-05
proportional,0.498,3.1736905228834344e-05
proportional,0.4985,3.157250915561409e-05
proportional,0.499,3.1422701941558113e-05
proportional,0.4995,3.117956257335965e-05
proportional,0.5,3.812832620409192e-05
proportional,0.5005000000000001,3.089873624263409e-05
proportional,0.501,3.084870583206898e-05
proportional,0.5015000000000001,3.074653238241386e-05
proportional,0.502,3.0616938131936094e-05
proportional,0.5025000000000001,3.0487724778503162e-05
proportional,0.503,3.0361122450799046e-05
proportional,0.5035000000000001,3.0219044220010882e-05
proportional,0.504,3.0110279938395925e-05
proportional,0.5045000000000001,2.9961683847668888e-05
proportional,0.505,2.9837036310686157e-05
proportional,0.5055000000000001,2.973545004553914e-05
proportional,0.506,2.951111348557372e-05
proportional,0.5065000000000001,2.9495299456708374e-05
proportional,0.507,2.9353635370663355e-05
proportional,0.5075000000000001,2.9166152195627254e-05
proportional,0.508,2.9065460801051583e-05
proportional,0.5085000000000001,2.8925741379990485e-05
proportional,0.509,2.8828422479788627e-05
proportional,0.5095000000000001,2.8690928817859588e-05
proportional,0.51,2.857720234243734e-05
proportional,0.5105000000000001,2.8438061575860375e-05
proportional,0.511,2.831396824036649e-05
proportional,0.5115000000000001,2.8208612649329622e-05
proportional,0.512,2.8082500690829942e-05
proportional,0.5125,2.79209924229486e-05
proportional,0.513,2.7844634150579836e-05
proportional,0.5135,2.7709323403846443e-05
proportional,0.514,2.757053011528067e-05
proportional,0.5145,2.7503107361933906e-05
proportional,0.515,2.7372841605418604e-05
proportional,0.5155,2.721614381748749e-05
proportional,0.516,2.7138199771595682e-05
proportional,0.5165,2.6991918575679235e-05
proportional,0.517,2.6976942266855762e-05
proportional,0.5175,2.6685249755747387e-05
proportional,0.518,2.665673394317322e-05
proportional,0.5185,2.6526500190057664e-05
proportional,0.519,2.6469232414912264e-05
proportional,0.5195,2.6282776875742315e-05
proportional,0.52,2.625782901889566e-05
proportional,0.5205,2.606614766639119e-05
proportional,0.521,2.596952236411012e-05
proportional,0.5215,2.6014911804880756e-05
proportional,0.522,2.5661509490567323e-05
proportional,0.5225,2.5659610263730106e-05
proportional,0.523,2.550731650786846e-05
proportional,0.5235,2.539485737897202e-05
proportional,0.524,2.542847229098083e-05
proportional,0.5245,2.5187917907913945e-05
proportional,0.525,2.5113706459454946e-05
proportional,0.5255,2.5009178082416364e-05
proportional,0.526,2.4854207162304556e-05
proportional,0.5265,2.4928010018062713e-05
proportional,0.527,2.4662698978057446e-05
proportional,0.5275,2.457087267663479e-05
proportional,0.528,2.4504662670727476e-05
proportional,0.5285,2.437896771133745e-05
proportional,0.529,2.424852727105779e-05
proportional,0.5295,2.432223468129093e-05
proportional,0.53,2.4061035888137143e-05
proportional,0.5305,2.3973961856563208e-05
proportional,0.531,2.3652734104551704e-05
proportional,0.5315,2.4011742894636457e-05
proportional,0.532,2.3659365242483303e-05
proportional,0.5325,2.357765875715307e-05
proportional,0.533,2.3442304875669595e-05
proportional,0.5335,2.358511817755691e-05
proportional,0.534,2.3298463720123884e-05
proportional,0.5345,2.316021582221484e-05
proportional,0.535,2.310647226194423e-05
proportional,0.5355,2.3052984611616278e-05
proportional,0.536,2.287789658125207e-05
proportional,0.5365,2.2817655838856782e-05
proportional,0.537,2.2711768228221922e-05
proportional,0.5375,2.261923460570435e-05
proportional,0.538,2.2497464824384012e-05
proportional,0.5385,2.2703513730942145e-05
proportional,0.539,2.23312484561184e-05
proportional,0.5395,2.225390299579369e-05
proportional,0.54,2.2161415130460132e-05
proportional,0.5405,2.20900862102003e-05
proportional,0.541,2.19745373023486e-05
proportional,0.5415,2.1977832451044806e-05
proportional,0.542,2.1779534723471433e-05
proportional,0.5425,2.171041966428843e-05
proportional,0.543,2.1663563663889678e-05
proportional,0.5435,2.1511084911929936e-05
proportional,0.544,2.1494183591118424e-05
proportional,0.5445,2.136038593193808e-05
proportional,0.545,2.1247515071647468e-05
proportional,0.5455,2.157822361983471e-05
proportional,0.546,2.108116346990914e-05
proportional,0.5465,2.1026846949627183e-05
proportional,0.547,2.095391729632621e-05
proportional,0.5475,2.087085611680192e-05
proportional,0.548,2.076473206999174e-05
proportional,0.5485,2.0725331984826076e-05
proportional,0.549,2.062122142593352e-05
proportional,0.5495,2.0522126396945296e-05
proportional,0.55,2.05588927812756e-05
proportional,0.5505,2.0363336609335306e-05
proportional,0.551,2.027974136895318e-05
proportional,0.5515,2.0276827363221236e-05
proportional,0.552,2.011116415816487e-05
proportional,0.5525,2.006083882345044e-05
proportional,0.553,1.99776802474563e-05
proportional,0.5535,1.9881546069318607e-05
proportional,0.554,1.9819090860904525e-05
proportional,0.5545,1.9724034295042978e-05
proportional,0.555,1.962142854558165e-05
proportional,0.5555,2.014443300923091e-05
proportional,0.556,1.9425740213531946e-05
proportional,0.5565,1.9445002413440447e-05
proportional,0.557,1.9341999223001433e-05
proportional,0.5575,1.9298415843309654e-05
proportional,0.558,1.9209458560677567e-05
proportional,0.5585,1.9108083863822107e-05
proportional,0.559,1.909153003906955e-05
proportional,0.5595,1.8985354652141773e-05
proportional,0.56,1.8964653688718826e-05
proportional,0.5605,1.883949360305155e-05
proportional,0.561,1.876007824328231e-05
proportional,0.5615,1.8692438533482734e-05
proportional,0.562,1.8603688378130795e-05
proportional,0.5625,1.8724796716029317e-05
proportional,0.5630000000000001,1.8458143756523245e-05
proportional,0.5635,1.8400635776406544e-05
proportional,0.5640000000000001,1.835779237333214e-05
proportional,0.5645,1.826071322549652e-05
proportional,0.5650000000000001,1.8291461052289213e-05
proportional,0.5655,1.8090162221024074e-05
proportional,0.5660000000000001,1.8049802304935832e-05
proportional,0.5665,1.804297152041536e-05
proportional,0.5670000000000001,1.7901142222345243e-05
proportional,0.5675,1.787756804821563e-05
proportional,0.5680000000000001,1.7796776462848858e-05
proportional,0.5685,1.7684091008085645e-05
proportional,0.5690000000000001,1.7688384101907338e-05
proportional,0.5695,1.7567296980385165e-05
proportional,0.5700000000000001,1.7520560811306602e-05
proportional,0.5705,1.7416220472805865e-05
proportional,0.5710000000000001,1.7319499910024168e-05
proportional,0.5715,1.822286277859883e-05
proportional,0.5720000000000001,1.7207501611261892e-05
proportional,0.5725,1.7173855809176062e-05
proportional,0.5730000000000001,1.712372676626399e-05
proportional,0.5735,1.7042188650034864e-05
proportional,0.5740000000000001,1.7012736982100227e-05
proportional,0.5745,1.6946311539832672e-05
proportional,0.5750000000000001,1.6886179781533875e-05
proportional,0.5755,1.6767273747654428e-05
proportional,0.5760000000000001,1.6804138640338617e-05
proportional,0.5765,1.6692293625406225e-05
proportional,0.577,1.6687813056213692e-05
proportional,0.5775,1.654435998470309e-05
proportional,0.578,1.6526936406021395e-05
proportional,0.5785,1.6417903696712388e-05
proportional,0.579,1.65127406027302e-05
proportional,0.5795,1.631653776381545e-05
proportional,0.58,1.6277637706139045e-05
proportional,0.5805,1.6228463395804603e-05
proportional,0.581,1.6099654907497207e-05
proportional,0.5815,1.6123484354260904e-05
proportional,0.582,1.6025413975682632e-05
proportional,0.5825,1.5959286527699266e-05
proportional,0.583,1.585480325055204e-05
proportional,0.5835,1.6197013570066475e-05
proportional,0.584,1.5776088021637755e-05
proportional,0.5845,1.5742682586105605e-05
proportional,0.585,1.5672144396882423e-05
proportional,0.5855,1.5646078081924253e-05
proportional,0.586,1.561909703031514e-05
proportional,0.5865,1.5487586504276866e-05
proportional,0.587,1.5461616544676153e-05
proportional,0.5875,1.539783802435684e-05
proportional,0.588,1.556432899931103e-05
proportional,0.5885,1.5204937446191551e-05
proportional,0.589,1.5225353228330865e-05
proportional,0.5895,1.5241794245854088e-05
proportional,0.59,1.5093486427803203e-05
proportional,0.5905,1.5053569164336106e-05
proportional,0.591,1.5111668711165294e-05
proportional,0.5915,1.4958001716281536e-05
proportional,0.592,1.4922262063024166e-05
proportional,0.5925,1.4913572918092546e-05
proportional,0.593,1.4806399251309415e-05
proportional,0.5935,1.4587980412847008e-05
proportional,0.594,1.4894735682976288e-05
proportional,0.5945,1.4667961298480859e-05
proportional,0.595,1.4630735084412074e-05
proportional,0.5955,1.4558813540742575e-05
proportional,0.596,1.447286171172157e-05
proportional,0.5965,1.4438773415470803e-05
proportional,0.597,1.4411980792701785e-05
proportional,0.5975,1.4335867888364737e-05
proportional,0.598,1.4282600694328207e-05
proportional,0.5985,1.4221985068227677e-05
proportional,0.599,1.4161007260839362e-05
proportional,0.5995,1.4072738259322993e-05
proportional,0.6,1.5704114769920334e-05
proportional,0.6005,1.3973242384265782e-05
proportional,0.601,1.3959443443785618e-05
proportional,0.6015,1.3932845821756254e-05
proportional,0.602,1.3891905168957327e-05
proportional,0.6025,1.3864120478447598e-05
proportional,0.603,1.3801665959277149e-05
proportional,0.6035,1.37450126749495e-05
proportional,0.604,1.3745827192172967e-05
proportional,0.6045,1.3678095780562813e-05
proportional,0.605,1.3585916135583783e-05
proportional,0.6055,1.3616430370838791e-05
proportional,0.606,1.3535046086822448e-05
proportional,0.6065,1.3509155385088044e-05
proportional,0.607,1.3485351387175568e-05
proportional,0.6075,1.3372196349792282e-05
proportional,0.608,1.3361879653133759e-05
proportional,0.6085,1.3387933359812621e-05
proportional,0.609,1.3225682583041926e-05
proportional,0.6095,1.3178470030437332e-05
proportional,0.61,1.3213766841821527e-05
proportional,0.6105,1.3110997716162586e-05
proportional,0.611,1.3228975429057502e-05
proportional,0.6115,1.3003613617371172e-05
proportional,0.612,1.3025905032068681e-05
proportional,0.6125,1.2912548190940324e-05
proportional,0.613,1.2941986680361198e-05
proportional,0.6135,1.2869962566768847e-05
proportional,0.614,1.281257613852482e-05
proportional,0.6145,1.2767762768437393e-05
proportional,0.615,1.269422187166025e-05
proportional,0.6155,1.2994577731549903e-05
proportional,0.616,1.2621618653552423e-05
proportional,0.6165,1.261322853135032e-05
proportional,0.617,1.2565758959677439e-05
proportional,0.6175,1.2562381823821996e-05
proportional,0.618,1.2478730164412873e-05
proportional,0.6185,1.240220744894807e-05
proportional,0.619,1.253367161667943e-05
proportional,0.6195,1.2348270828595359e-05
proportional,0.62,1.2305145832262676e-05
proportional,0.6205,1.2352806881534894e-05
proportional,0.621,1.2219037982295302e-05
proportional,0.6215,1.2222323151673522e-05
proportional,0.622,1.217616738280995e-05
proportional,0.6225,1.2107874978134801e-05
proportional,0.623,1.2082331839437316e-05
proportional,0.6235,1.2025730442025336e-05
proportional,0.624,1.1991063562597996e-05
proportional,0.6245,1.1909081493468614e-05
proportional,0.625,1.266455306656029e-05
proportional,0.6255000000000001,1.1835309176079923e-05
proportional,0.626,1.1820686640434493e-05
proportional,0.6265000000000001,1.1810252054610752e-05
proportional,0.627,1.1774660371384386e-05
proportional,0.6275000000000001,1.1738414696947461e-05
proportional,0.628,1.1710168584086393e-05
proportional,0.6285000000000001,1.1683520799558032e-05
proportional,0.629,1.1620382173527446e-05
proportional,0.6295000000000001,1.1648956858159809e-05
proportional,0.63,1.1525292779379763e-05
proportional,0.6305000000000001,1.1518306751569096e-05
proportional,0.631,1.1453123711321034e-05
proportional,0.6315000000000001,1.16036563741293e-05
proportional,0.632,1.1378834415678764e-05
proportional,0.6325000000000001,1.1379402957629879e-05
proportional,0.633,1.1309558052554035e-05
proportional,0.6335000000000001,1.1343980423098133e-05
proportional,0.634,1.1286664079808942e-05
proportional,0.6345000000000001,1.122217204297501e-05
proportional,0.635,1.118870499887387e-05
proportional,0.6355000000000001,1.114068461126016e-05
proportional,0.636,1.1060836252042803e-05
proportional,0.6365000000000001,1.1519768979620653e-05
proportional,0.637,1.1019790562282715e-05
proportional,0.6375000000000001,1.1019723573022644e-05
proportional,0.638,1.0973481886378641e-05
proportional,0.6385000000000001,1.095799655380028e-05
proportional,0.639,1.094451657072295e-05
proportional,0.6395000000000001,1.0871553675974062e-05
proportional,0.64,1.092589493678762e-05
proportional,0.6405,1.0803902092368278e-05
proportional,0.641,1.0797447118933009e-05
proportional,0.6415,1.0749018898528001e-05
proportional,0.642,1.071379436607954e-05
proportional,0.6425,1.0635731974620018e-05
proportional,0.643,1.0929073946719331e-05
proportional,0.6435,1.0577488324033273e-05
proportional,0.644,1.0610031955564071e-05
proportional,0.6445,1.0569111701088493e-05
proportional,0.645,1.056106861045313e-05
proportional,0.6455,1.0467786491994932e-05
proportional,0.646,1.0466913529951944e-05
proportional,0.6465,1.041447443834183e-05
proportional,0.647,1.0577433935014109e-05
proportional,0.6475,1.0340463139244184e-05
proportional,0.648,1.0332891210035148e-05
proportional,0.6485,1.0324684149214067e-05
proportional,0.649,1.0261796287248012e-05
proportional,0.6495,1.0230330654268804e-05
proportional,0.65,1.0335531737242133e-05
proportional,0.6505,1.0157036192522257e-05
proportional,0.651,1.0171690047418623e-05
proportional,0.6515,1.0110743201218828e-05
proportional,0.652,1.01927798311704e-05
proportional,0.6525,1.0021588470791339e-05
proportional,0.653,1.003992849044156e-05
proportional,0.6535,9.974993936828647e-06
proportional,0.654,1.0046615006135077e-05
proportional,0.6545,9.935694172838054e-06
proportional,0.655,9.978306371998414e-06
proportional,0.6555,9.876872786124316e-06
proportional,0.656,9.707406766949427e-06
proportional,0.6565,9.991792197259631e-06
proportional,0.657,9.822929725928303e-06
proportional,0.6575,9.749190039933549e-06
proportional,0.658,9.768752448479486e-06
proportional,0.6585,9.716874376422615e-06
proportional,0.659,9.69292141872305e-06
proportional,0.6595,9.659687047360759e-06
proportional,0.66,9.62899441910481e-06
proportional,0.6605,9.618551502197536e-06
proportional,0.661,9.551963761474747e-06
proportional,0.6615,9.54244131027118e-06
proportional,0.662,9.520057535281513e-06
proportional,0.6625,9.485291953197783e-06
proportional,0.663,9.44859174950461e-06
proportional,0.6635,9.420732412012484e-06
proportional,0.664,9.389335146048883e-06
proportional,0.6645,9.350809610046149e-06
proportional,0.665,9.310940271692393e-06
proportional,0.6655,9.266093228926976e-06
proportional,0.666,9.19373529698307e-06
proportional,0.6665,1.2873791654911093e-05
proportional,0.667,9.054878875183376e-06
proportional,0.6675,9.13638296484191e-06
proportional,0.668,9.143659714282652e-06
proportional,0.6685,9.110944824030265e-06
proportional,0.669,9.138407129824934e-06
proportional,0.6695,9.100709537374933e-06
proportional,0.67,9.078961516345339e-06
proportional,0.6705,9.065232089067634e-06
proportional,0.671,9.037996773103669e-06
proportional,0.6715,9.006351318824787e-06
proportional,0.672,8.996489057343637e-06
proportional,0.6725,8.98634378972247e-06
proportional,0.673,8.930227564532448e-06
proportional,0.6735,8.91983981561107e-06
proportional,0.674,8.908027552445372e-06
proportional,0.6745,8.879100912747404e-06
proportional,0.675,8.858549359041524e-06
proportional,0.6755,8.854603103272378e-06
proportional,0.676,8.77258038828963e-06
proportional,0.6765,8.803548359708714e-06
proportional,0.677,8.744262052900104e-06
proportional,0.6775,8.762269736046592e-06
proportional,0.678,8.696560340832547e-06
proportional,0.6785,8.733976456484188e-06
proportional,0.679,8.672488922654002e-06
proportional,0.6795,8.598756519255037e-06
proportional,0.68,8.680493889718177e-06
proportional,0.6805,8.567712211032665e-06
proportional,0.681,8.55504320450105e-06
proportional,0.6815,8.519093176249849e-06
proportional,0.682,8.64107952418238e-06
proportional,0.6825,8.478051471809858e-06
proportional,0.683,8.483005107596752e-06
proportional,0.6835,8.438869744590895e-06
proportional,0.684,8.604825656435102e-06
proportional,0.6845,8.3440125158063e-06
proportional,0.685,8.387221083949385e-06
proportional,0.6855,8.397160669540607e-06
proportional,0.686,8.29029544934897e-06
proportional,0.6865,8.345390550169133e-06
proportional,0.687,8.252744081786518e-06
proportional,0.6875,8.485606024219927e-06
proportional,0.6880000000000001,8.219747583415237e-06
proportional,0.6885,8.220102709577423e-06
proportional,0.6890000000000001,8.217207557690783e-06
proportional,0.6895,8.23998602471268e-06
proportional,0.6900000000000001,8.137938350035104e-06
proportional,0.6905,8.154946645473254e-06
proportional,0.6910000000000001,8.118735211192486e-06
proportional,0.6915,8.084027089899715e-06
proportional,0.6920000000000001,8.002069739850119e-06
proportional,0.6925,8.410400111221143e-06
proportional,0.6930000000000001,8.01031686423507e-06
proportional,0.6935,7.993508996846888e-06
proportional,0.6940000000000001,8.01624719381917e-06
proportional,0.6945,8.00276224544844e-06
proportional,0.6950000000000001,7.947330323897687e-06
proportional,0.6955,8.034539271490572e-06
proportional,0.6960000000000001,7.880237166962556e-06
proportional,0.6965,7.887161609786116e-06
proportional,0.6970000000000001,7.913303528878827e-06
proportional,0.6975,7.863123649664839e-06
proportional,0.6980000000000001,7.822630908785063e-06
proportional,0.6985,7.804193448467975e-06
proportional,0.6990000000000001,7.784826606380582e-06
proportional,0.6995,7.716196628314576e-06
proportional,0.7000000000000001,8.290820836353749e-06
proportional,0.7005,7.683396122416089e-06
proportional,0.7010000000000001,7.692204243213047e-06
proportional,0.7015,7.673495044132592e-06
proportional,0.7020000000000001,7.711574291429412e-06
proportional,0.7025,7.687839183603158e-06
proportional,0.7030000000000001,7.612356136144399e-06
proportional,0.7035,7.701252131959335e-06
proportional,0.704,7.572796712708735e-06
proportional,0.7045,7.577368667388513e-06
proportional,0.705,7.555376834585485e-06
proportional,0.7055,7.5075704901283045e-06
proportional,0.706,7.706523273439641e-06
proportional,0.7065,7.50728542256154e-06
proportional,0.707,7.474543748187852e-06
proportional,0.7075,7.498788975701789e-06
proportional,0.708,7.413091160057729e-06
proportional,0.7085,7.534129475731416e-06
proportional,0.709,7.4075588632804784e-06
proportional,0.7095,7.4528828894691854e-06
proportional,0.71,7.353928206295169e-06
proportional,0.7105,7.38363316692902e-06
proportional,0.711,7.3434703159366356e-06
proportional,0.7115,7.3245045093894565e-06
proportional,0.712,7.305899431923268e-06
proportional,0.7125,7.27650606122286e-06
proportional,0.713,7.256501868687338e-06
proportional,0.7135,7.205539254873809e-06
proportional,0.714,7.1032134870524e-06
proportional,0.7145,8.259196506904104e-06
proportional,0.715,7.152162604983729e-06
proportional,0.7155,7.159849385656865e-06
proportional,0.716,7.161900298656072e-06
proportional,0.7165,7.149299295337845e-06
proportional,0.717,7.131105702137143e-06
proportional,0.7175,7.125479103137112e-06
proportional,0.718,7.111296207767953e-06
proportional,0.7185,6.964872371822163e-06
proportional,0.719,7.207396307571652e-06
proportional,0.7195,7.052912549734119e-06
proportional,0.72,7.110532162641439e-06
proportional,0.7205,7.004223153594642e-06
proportional,0.721,7.004500372588803e-06
proportional,0.7215,6.988176095348308e-06
proportional,0.722,7.178620052962531e-06
proportional,0.7225,6.877053904433879e-06
proportional,0.723,6.930745903970284e-06
proportional,0.7235,6.923524049195152e-06
proportional,0.724,6.965956831650484e-06
proportional,0.7245,6.8657944727928184e-06
proportional,0.725,6.885688371764429e-06
proportional,0.7255,6.855858279528796e-06
proportional,0.726,6.838942858584067e-06
proportional,0.7265,6.805039269181676e-06
proportional,0.727,6.699425502962699e-06
proportional,0.7275,7.309912429372081e-06
proportional,0.728,6.7411296454352746e-06
proportional,0.7285,6.7558634682134676e-06
proportional,0.729,6.769535962610677e-06
proportional,0.7295,6.775052925455277e-06
proportional,0.73,6.685107927983605e-06
proportional,0.7305,6.647343315446784e-06
proportional,0.731,6.777219327689765e-06
proportional,0.7315,6.722887021409512e-06
proportional,0.732,6.641226131471549e-06
proportional,0.7325,6.625501160218017e-06
proportional,0.733,6.569742564590785e-06
proportional,0.7335,6.890486166559977e-06
proportional,0.734,6.581882041801596e-06
proportional,0.7345,6.599967332311863e-06
proportional,0.735,6.529159955676377e-06
proportional,0.7355,6.599456820624279e-06
proportional,0.736,6.538289641467359e-06
proportional,0.7365,6.48885196209886e-06
proportional,0.737,6.684728556880979e-06
proportional,0.7375,6.495619517103037e-06
proportional,0.738,6.4876222911235965e-06
proportional,0.7385,6.46364258689071e-06
proportional,0.739,6.563197113785971e-06
proportional,0.7395,6.418442212575215e-06
proportional,0.74,6.4104144461220335e-06
proportional,0.7405,6.5312019774337335e-06
proportional,0.741,6.337098923868836e-06
proportional,0.7415,6.3807754540582175e-06
proportional,0.742,6.4135753135152895e-06
proportional,0.7425,6.344899547284964e-06
proportional,0.743,6.396335778238157e-06
proportional,0.7435,6.318680149413644e-06
proportional,0.744,6.3532903347739015e-06
proportional,0.7445,6.306612674017184e-06
proportional,0.745,6.284433044534609e-06
proportional,0.7455,6.258252311351048e-06
proportional,0.746,6.267488661138565e-06
proportional,0.7465,6.255884277424353e-06
proportional,0.747,6.2189048633239844e-06
proportional,0.7475,6.22622009032503e-06
proportional,0.748,6.170487325619811e-06
proportional,0.7485,6.160253152927501e-06
proportional,0.749,6.119186432471963e-06
proportional,0.7495,6.039086195819574e-06
proportional,0.75,8.523214786662852e-06
proportional,0.7505000000000001,6.012199559853792e-06
proportional,0.751,6.066064711642412e-06
proportional,0.7515000000000001,6.081495095518493e-06
proportional,0.752,6.0782716600933405e-06
proportional,0.7525000000000001,6.082949755806515e-06
proportional,0.753,6.08566587568488e-06
proportional,0.7535000000000001,6.047630964166037e-06
proportional,0.754,6.062434375605334e-06
proportional,0.7545000000000001,6.06341801083155e-06
proportional,0.755,6.029591684272185e-06
proportional,0.7555000000000001,6.025476507774619e-06
proportional,0.756,6.0083945568696505e-06
proportional,0.7565000000000001,5.967459390817579e-06
proportional,0.757,6.04446969416393e-06
proportional,0.7575000000000001,6.01191001500662e-06
proportional,0.758,5.960390137583569e-06
proportional,0.7585000000000001,5.999823595917444e-06
proportional,0.759,5.896258260689184e-06
proportional,0.7595000000000001,5.943188615697805e-06
proportional,0.76,5.996950889211837e-06
proportional,0.7605000000000001,5.885797476792826e-06
proportional,0.761,5.9047029677377605e-06
proportional,0.7615000000000001,5.8462519473121085e-06
proportional,0.762,6.0049696748945235e-06
proportional,0.7625000000000001,5.855883549046225e-06
proportional,0.763,5.862940261723359e-06
proportional,0.7635000000000001,5.8218472452490074e-06
proportional,0.764,5.810762805236561e-06
proportional,0.7645000000000001,6.0529235697392255e-06
proportional,0.765,5.724997565072906e-06
proportional,0.7655000000000001,5.776262899518175e-06
proportional,0.766,5.79258248471827e-06
proportional,0.7665000000000001,5.822390653786519e-06
proportional,0.767,5.729830496542672e-06
proportional,0.7675000000000001,5.749659406150928e-06
proportional,0.768,5.728755586191075e-06
proportional,0.7685,5.684153881968961e-06
proportional,0.769,6.139241571120948e-06
proportional,0.7695,5.591121380117877e-06
proportional,0.77,5.658248247621994e-06
proportional,0.7705,5.674421766140972e-06
proportional,0.771,5.67523319098512e-06
proportional,0.7715,5.695141941350377e-06
proportional,0.772,5.631617541103535e-06
proportional,0.7725,5.798243812734034e-06
proportional,0.773,5.552232705927563e-06
proportional,0.7735,5.612999353161409e-06
proportional,0.774,5.671431311602147e-06
proportional,0.7745,5.5587663996960415e-06
proportional,0.775,5.596407596435735e-06
proportional,0.7755,5.5750633969846275e-06
proportional,0.776,5.559338948719587e-06
proportional,0.7765,5.542105904392721e-06
proportional,0.777,5.5002668988917255e-06
proportional,0.7775,5.393584026496594e-06
proportional,0.778,6.267325823193423e-06
proportional,0.7785,5.4619832714099914e-06
proportional,0.779,5.498281150742602e-06
proportional,0.7795,5.483955399813177e-06
proportional,0.78,5.483130015118425e-06
proportional,0.7805,5.484287669459806e-06
proportional,0.781,5.338697077208241e-06
proportional,0.7815,5.593959804071256e-06
proportional,0.782,5.437645624061425e-06
proportional,0.7825,5.550886395866766e-06
proportional,0.783,5.3846981877545486e-06
proportional,0.7835,5.3857246790749465e-06
proportional,0.784,5.444002376743207e-06
proportional,0.7845,5.401816533613193e-06
proportional,0.785,5.3663353919919975e-06
proportional,0.7855,5.737018017133402e-06
proportional,0.786,5.257689889248363e-06
proportional,0.7865,5.342562308682033e-06
proportional,0.787,5.380146268542351e-06
proportional,0.7875,5.291502028651172e-06
proportional,0.788,5.37911514690242e-06
proportional,0.7885,5.319855347851809e-06
proportional,0.789,5.269755812875207e-06
proportional,0.7895,5.472029782596762e-06
proportional,0.79,5.263172326859216e-06
proportional,0.7905,5.3127800079762345e-06
proportional,0.791,5.247216302511327e-06
proportional,0.7915,5.3774962391008005e-06
proportional,0.792,5.2161555338374645e-06
proportional,0.7925,5.242713228620968e-06
proportional,0.793,5.297960611596241e-06
proportional,0.7935,5.189801274713223e-06
proportional,0.794,5.272890509204197e-06
proportional,0.7945,5.185106326923613e-06
proportional,0.795,5.222815696514774e-06
proportional,0.7955,5.20151296618121e-06
proportional,0.796,5.172562909762241e-06
proportional,0.7965,5.198340815651248e-06
proportional,0.797,5.146932371483953e-06
proportional,0.7975,5.137013658146577e-06
proportional,0.798,5.1492935241810234e-06
proportional,0.7985,5.096419273154065e-06
proportional,0.799,5.0711377984975215e-06
proportional,0.7995,4.996103761594645e-06
proportional,0.8,6.831064348694546e-06
proportional,0.8005,4.977539317903733e-06
proportional,0.801,5.038215466104484e-06
proportional,0.8015,5.056078325617484e-06
proportional,0.802,5.057150721574955e-06
proportional,0.8025,5.056713472105214e-06
proportional,0.803,5.050965714428278e-06
proportional,0.8035,5.0721375613184195e-06
proportional,0.804,5.038980368160701e-06
proportional,0.8045,5.048362239061003e-06
proportional,0.805,5.0522265759857685e-06
proportional,0.8055,5.045383265455871e-06
proportional,0.806,4.98624506573045e-06
proportional,0.8065,5.074801687837672e-06
proportional,0.807,5.000379640986809e-06
proportional,0.8075,5.089585643769981e-06
proportional,0.808,4.945896678092426e-06
proportional,0.8085,4.971011047960707e-06
proportional,0.809,4.956843930200527e-06
proportional,0.8095,5.094766624877543e-06
proportional,0.81,4.925168912566307e-06
proportional,0.8105,4.925633072704569e-06
proportional,0.811,4.969982103777736e-06
proportional,0.8115,4.929796188949948e-06
proportional,0.812,4.895476692212572e-06
proportional,0.8125,5.168485149443369e-06
proportional,0.8130000000000001,4.864041418234544e-06
proportional,0.8135,4.8991887753066455e-06
proportional,0.8140000000000001,4.89645437592394e-06
proportional,0.8145,4.849933273394915e-06
proportional,0.8150000000000001,4.975526675965355e-06
proportional,0.8155,4.833686033008492e-06
proportional,0.8160000000000001,4.896710351305667e-06
proportional,0.8165,4.873665506844575e-06
proportional,0.8170000000000001,4.8360334208228904e-06
proportional,0.8175,4.8012828918258105e-06
proportional,0.8180000000000001,5.374877493290431e-06
proportional,0.8185,4.695182537284547e-06
proportional,0.8190000000000001,4.80315660617815e-06
proportional,0.8195,4.815230001590466e-06
proportional,0.8200000000000001,4.806736982672107e-06
proportional,0.8205,4.802144657307857e-06
proportional,0.8210000000000001,4.777764599826852e-06
proportional,0.8215,4.853428268275147e-06
proportional,0.8220000000000001,4.807927079180522e-06
proportional,0.8225,4.73483548765704e-06
proportional,0.8230000000000001,4.737448308775324e-06
proportional,0.8235,4.979687055858899e-06
proportional,0.8240000000000001,4.7144562827616986e-06
proportional,0.8245,4.747152625148617e-06
proportional,0.8250000000000001,4.750661769064267e-06
proportional,0.8255,4.703920444230826e-06
proportional,0.8260000000000001,4.841874721782003e-06
proportional,0.8265,4.687495709517504e-06
proportional,0.8270000000000001,4.704454362655678e-06
proportional,0.8275,4.765019764226779e-06
proportional,0.8280000000000001,4.67837124650039e-06
proportional,0.8285,4.720543696118173e-06
proportional,0.8290000000000001,4.637446377114419e-06
proportional,0.8295,4.7036150722030785e-06
proportional,0.8300000000000001,4.709691751872032e-06
proportional,0.8305,4.633791052953553e-06
proportional,0.8310000000000001,4.646607021074965e-06
proportional,0.8315,4.6464073560688605e-06
proportional,0.8320000000000001,4.608333643649054e-06
proportional,0.8325,4.571855292796444e-06
proportional,0.833,4.443349785862305e-06
proportional,0.8335,5.97589444874924e-06
proportional,0.834,4.531204024432932e-06
proportional,0.8345,4.572179327790895e-06
proportional,0.835,4.581812682559491e-06
proportional,0.8355,4.588420180996444e-06
proportional,0.836,4.582171813721523e-06
proportional,0.8365,4.6300899918716085e-06
proportional,0.837,4.584380952797053e-06
proportional,0.8375,4.530721949608997e-06
proportional,0.838,4.621865929281649e-06
proportional,0.8385,4.6231403500283424e-06
proportional,0.839,4.4987137562498605e-06
proportional,0.8395,4.555404695886363e-06
proportional,0.84,4.635560802116044e-06
proportional,0.8405,4.5184847425579744e-06
proportional,0.841,4.5258733052310115e-06
proportional,0.8415,4.5267963518165995e-06
proportional,0.842,4.710225105879714e-06
proportional,0.8425,4.468796247191923e-06
proportional,0.843,4.515958509392971e-06
proportional,0.8435,4.372325495211235e-06
proportional,0.844,4.6480325390725964e-06
proportional,0.8445,4.502680298726064e-06
proportional,0.845,4.494861359485094e-06
proportional,0.8455,4.437412497687292e-06
proportional,0.846,4.873484804274507e-06
proportional,0.8465,4.379750800887546e-06
proportional,0.847,4.454024943018511e-06
proportional,0.8475,4.432009195735525e-06
proportional,0.848,4.4714648958011175e-06
proportional,0.8485,4.486548308806491e-06
proportional,0.849,4.4363383272957255e-06
proportional,0.8495,4.41059233989267e-06
proportional,0.85,4.5920190532575935e-06
proportional,0.8505,4.424662484870492e-06
proportional,0.851,4.402437209114192e-06
proportional,0.8515,4.375893265053976e-06
proportional,0.852,4.493388621434102e-06
proportional,0.8525,4.3962571519772785e-06
proportional,0.853,4.437272642234711e-06
proportional,0.8535,4.416173661174004e-06
proportional,0.854,4.388480745065362e-06
proportional,0.8545,4.377537145253359e-06
proportional,0.855,4.355789909372543e-06
proportional,0.8555,4.364805429165863e-06
proportional,0.856,4.317758279187494e-06
proportional,0.8565,4.3008758830551965e-06
proportional,0.857,5.4148072609841395e-06
proportional,0.8575,4.191681253219384e-06
proportional,0.858,4.2882646322722446e-06
proportional,0.8585,4.3133040979275635e-06
proportional,0.859,4.325555504293822e-06
proportional,0.8595,4.334276300171358e-06
proportional,0.86,4.331538912888204e-06
proportional,0.8605,4.314564000180653e-06
proportional,0.861,4.3661518645387965e-06
proportional,0.8615,4.291928923158436e-06
proportional,0.862,4.3768274897193345e-06
proportional,0.8625,4.327900987214038e-06
proportional,0.863,4.258580505096781e-06
proportional,0.8635,4.422872058733465e-06
proportional,0.864,4.244422952492353e-06
proportional,0.8645,4.266178093813081e-06
proportional,0.865,4.320175488633544e-06
proportional,0.8655,4.271706886399874e-06
proportional,0.866,4.2415260810729406e-06
proportional,0.8665,4.5820858249154655e-06
proportional,0.867,4.1641821251731625e-06
proportional,0.8675,4.248460336730229e-06
proportional,0.868,4.244611448752199e-06
proportional,0.8685,4.2532452084603004e-06
proportional,0.869,4.250957109847464e-06
proportional,0.8695,4.356939398301956e-06
proportional,0.87,4.19884856953961e-06
proportional,0.8705,4.230330568278214e-06
proportional,0.871,4.26429154404783e-06
proportional,0.8715,4.1847039768655524e-06
proportional,0.872,4.2529051223488185e-06
proportional,0.8725,4.250145956140032e-06
proportional,0.873,4.198472247015446e-06
proportional,0.8735,4.163841864628547e-06
proportional,0.874,4.156212197310876e-06
proportional,0.8745,4.10115301317162e-06
proportional,0.875,5.015041104081747e-06
proportional,0.8755000000000001,4.087382823147023e-06
proportional,0.876,4.137341553421266e-06
proportional,0.8765000000000001,4.16992120208957e-06
proportional,0.877,4.173812185930592e-06
proportional,0.8775000000000001,4.15655199303816e-06
proportional,0.878,4.179592250579301e-06
proportional,0.8785000000000001,4.113912010203472e-06
proportional,0.879,4.22318715448396e-06
proportional,0.8795000000000001,4.150480981721767e-06
proportional,0.88,4.237474172197059e-06
proportional,0.8805000000000001,4.128122273053918e-06
proportional,0.881,4.127932876606913e-06
proportional,0.8815000000000001,4.152474614431304e-06
proportional,0.882,4.056497256369181e-06
proportional,0.8825000000000001,4.368164391152879e-06
proportional,0.883,4.105593798980919e-06
proportional,0.8835000000000001,4.160252564137244e-06
proportional,0.884,4.078937396965374e-06
proportional,0.8845000000000001,4.204940272267364e-06
proportional,0.885,4.110712345208738e-06
proportional,0.8855000000000001,4.13623875889072e-06
proportional,0.886,4.043524197112433e-06
proportional,0.8865000000000001,4.100804048966684e-06
proportional,0.887,4.106761898827865e-06
proportional,0.8875000000000001,4.064817930434815e-06
proportional,0.888,4.059051817332201e-06
proportional,0.8885000000000001,3.955461338035656e-06
proportional,0.889,4.767213180221669e-06
proportional,0.8895000000000001,4.00404866444676e-06
proportional,0.89,4.066215385930961e-06
proportional,0.8905000000000001,4.032623693432883e-06
proportional,0.891,4.049608546342044e-06
proportional,0.8915000000000001,4.072205972055005e-06
proportional,0.892,4.086029090133188e-06
proportional,0.8925000000000001,4.024362072625636e-06
proportional,0.893,4.12924367598207e-06
proportional,0.8935000000000001,4.0369592248970925e-06
proportional,0.894,4.0492075723961235e-06
proportional,0.8945000000000001,4.286406965054939e-06
proportional,0.895,3.918168904401957e-06
proportional,0.8955000000000001,4.002239226884682e-06
proportional,0.896,4.040859465297974e-06
proportional,0.8965,4.087962281206118e-06
proportional,0.897,3.995123446803413e-06
proportional,0.8975,4.0478869727272375e-06
proportional,0.898,4.002752905075751e-06
proportional,0.8985,4.026251929064565e-06
proportional,0.899,3.9708143646700126e-06
proportional,0.8995,3.924328553024176e-06
proportional,0.9,4.557531407489685e-06
proportional,0.9005,3.912107539217555e-06
proportional,0.901,3.9814679602216776e-06
proportional,0.9015,3.976406212662145e-06
proportional,0.902,3.979064638811689e-06
proportional,0.9025,3.9974574107357656e-06
proportional,0.903,4.0884035049922835e-06
proportional,0.9035,3.908609678295236e-06
proportional,0.904,3.965458051451936e-06
proportional,0.9045,3.870155195526732e-06
proportional,0.905,4.175921044084533e-06
proportional,0.9055,3.977808923984076e-06
proportional,0.906,3.821959133543103e-06
proportional,0.9065,4.122440215045584e-06
proportional,0.907,3.970768163621117e-06
proportional,0.9075,3.962553140834474e-06
proportional,0.908,3.9154243525951136e-06
proportional,0.9085,3.898578226940569e-06
proportional,0.909,4.420933117985135e-06
proportional,0.9095,3.843738550816299e-06
proportional,0.91,3.891112738461071e-06
proportional,0.9105,3.971600894567684e-06
proportional,0.911,3.930147809710967e-06
proportional,0.9115,3.858811987019404e-06
proportional,0.912,3.997605228521352e-06
proportional,0.9125,3.920869374925797e-06
proportional,0.913,4.042702021556454e-06
proportional,0.9135,3.875658744770271e-06
proportional,0.914,3.888594678112536e-06
proportional,0.9145,3.977415308108986e-06
proportional,0.915,3.880427680331582e-06
proportional,0.9155,3.9349798072542544e-06
proportional,0.916,3.865289596811626e-06
proportional,0.9165,4.332682273046292e-06
proportional,0.917,3.779752219758942e-06
proportional,0.9175,3.868374063890488e-06
proportional,0.918,3.885558041937306e-06
proportional,0.9185,3.873269695232078e-06
proportional,0.919,3.929753835308959e-06
proportional,0.9195,3.870979459218083e-06
proportional,0.92,3.981538665971924e-06
proportional,0.9205,3.860571986230261e-06
proportional,0.921,3.8945970587824925e-06
proportional,0.9215,3.887788837555058e-06
proportional,0.922,3.863944848478684e-06
proportional,0.9225,3.821958796354032e-06
proportional,0.923,4.20140938258145e-06
proportional,0.9235,3.789323201035386e-06
proportional,0.924,3.8778017995650606e-06
proportional,0.9245,3.84026769328567e-06
proportional,0.925,3.872936771746727e-06
proportional,0.9255,3.828559433778852e-06
proportional,0.926,3.925386702299285e-06
proportional,0.9265,3.824564266882951e-06
proportional,0.927,3.856108508439854e-06
proportional,0.9275,3.873166936937408e-06
proportional,0.928,3.7944211783330597e-06
proportional,0.9285,4.130557365667504e-06
proportional,0.929,3.7732780688786053e-06
proportional,0.9295,3.815223210022601e-06
proportional,0.93,3.90121949731001e-06
proportional,0.9305,3.7807937343801325e-06
proportional,0.931,3.867071299806332e-06
proportional,0.9315,3.813864078015548e-06
proportional,0.932,3.871679858957316e-06
proportional,0.9325,3.7962226456243447e-06
proportional,0.933,3.7233440954424925e-06
proportional,0.9335,4.0898937894321365e-06
proportional,0.934,3.8004542281706554e-06
proportional,0.9345,3.778853183444428e-06
proportional,0.935,3.82963805962331e-06
proportional,0.9355,3.864278935601496e-06
proportional,0.936,3.820013018743981e-06
proportional,0.9365,3.798536471522931e-06
proportional,0.937,3.7571312569745435e-06
proportional,0.9375,4.00734116777572e-06
proportional,0.9380000000000001,3.747820890831555e-06
proportional,0.9385,3.773846415301866e-06
proportional,0.9390000000000001,3.8136537348354973e-06
proportional,0.9395,3.820784756854968e-06
proportional,0.9400000000000001,3.803035339963061e-06
proportional,0.9405,3.7884353941188945e-06
proportional,0.9410000000000001,3.992989639957752e-06
proportional,0.9415,3.717150878938809e-06
proportional,0.9420000000000001,3.7466867974999497e-06
proportional,0.9425,3.7799418168700588e-06
proportional,0.9430000000000001,3.8123054520519237e-06
proportional,0.9435,3.763799121850539e-06
proportional,0.9440000000000001,3.7494290886470685e-06
proportional,0.9445,3.924550062329062e-06
proportional,0.9450000000000001,3.7622636057296634e-06
proportional,0.9455,3.7623275067275285e-06
proportional,0.9460000000000001,3.795653307669095e-06
proportional,0.9465,3.7621525971633436e-06
proportional,0.9470000000000001,3.701973050076686e-06
proportional,0.9475,3.9060230995510496e-06
proportional,0.9480000000000001,3.731566258791932e-06
proportional,0.9485,3.830162724125025e-06
proportional,0.9490000000000001,3.7238279010971476e-06
proportional,0.9495,3.735140688938764e-06
proportional,0.9500000000000001,3.8666099219919445e-06
proportional,0.9505,3.7168220293619714e-06
proportional,0.9510000000000001,3.7990821470401548e-06
proportional,0.9515,3.7106908812627837e-06
proportional,0.9520000000000001,3.7057875206014864e-06
proportional,0.9525,3.845995817198264e-06
proportional,0.9530000000000001,3.7380485703523566e-06
proportional,0.9535,3.7467911637321385e-06
proportional,0.9540000000000001,3.7424478744997085e-06
proportional,0.9545,3.8076052492003064e-06
proportional,0.9550000000000001,3.7329260059850494e-06
proportional,0.9555,3.70890033648642e-06
proportional,0.9560000000000001,3.714059422124272e-06
proportional,0.9565,3.822687772732361e-06
proportional,0.9570000000000001,3.707903018256083e-06
proportional,0.9575,3.7686234605541215e-06
proportional,0.9580000000000001,3.643649610282366e-06
proportional,0.9585,3.8008373548482415e-06
proportional,0.9590000000000001,3.747345921103944e-06
proportional,0.9595,3.6942981455989974e-06
proportional,0.96,3.7717675876703456e-06
proportional,0.9605,3.685098074096949e-06
proportional,0.961,3.7349105389730726e-06
proportional,0.9615,3.7664374293682867e-06
proportional,0.962,3.6567291433801154e-06
proportional,0.9625,3.730054884480171e-06
proportional,0.963,3.7554421170143672e-06
proportional,0.9635,3.6965895158835202e-06
proportional,0.964,3.646482440424168e-06
proportional,0.9645,3.785231162980512e-06
proportional,0.965,3.68859355661236e-06
proportional,0.9655,3.725016669996665e-06
proportional,0.966,3.6947446557395807e-06
proportional,0.9665,3.742356920057932e-06
proportional,0.967,3.678028774834288e-06
proportional,0.9675,3.7750318386355927e-06
proportional,0.968,3.5687449168412622e-06
proportional,0.9685,3.5909200514253632e-06
proportional,0.969,3.848850221616522e-06
proportional,0.9695,3.7077846106086124e-06
proportional,0.97,3.6491025412669278e-06
proportional,0.9705,3.695422805036811e-06
proportional,0.971,3.6610415138353124e-06
proportional,0.9715,3.6816784605448125e-06
proportional,0.972,3.7284728754884334e-06
proportional,0.9725,3.629076146974123e-06
proportional,0.973,3.674153343498143e-06
proportional,0.9735,3.68665598648568e-06
proportional,0.974,3.6430826083470746e-06
proportional,0.9745,3.6732022423116193e-06
proportional,0.975,3.661333162490306e-06
proportional,0.9755,3.655759568799718e-06
proportional,0.976,3.6661962172135847e-06
proportional,0.9765,3.6928318022712894e-06
proportional,0.977,3.5640166762921565e-06
proportional,0.9775,3.6504118018666826e-06
proportional,0.978,3.6287835136981014e-06
proportional,0.9785,3.6977649259281615e-06
proportional,0.979,3.6190925718638458e-06
proportional,0.9795,3.6281540856747046e-06
proportional,0.98,3.6245604535213365e-06
proportional,0.9805,3.6049573199198715e-06
proportional,0.981,3.6221071264581845e-06
proportional,0.9815,3.6265378677892765e-06
proportional,0.982,3.6278337264497232e-06
proportional,0.9825,3.56988250542551e-06
proportional,0.983,3.626613711695666e-06
proportional,0.9835,3.596921130785805e-06
proportional,0.984,3.5757790869729942e-06
proportional,0.9845,3.598876746348023e-06
proportional,0.985,3.5688601547168113e-06
proportional,0.9855,3.581448288778042e-06
proportional,0.986,3.5551887851929704e-06
proportional,0.9865,3.556278923348483e-06
proportional,0.987,3.5523850502559296e-06
proportional,0.9875,3.537518261471305e-06
proportional,0.988,3.536032256236811e-06
proportional,0.9885,3.505882122116987e-06
proportional,0.989,3.5299825455363554e-06
proportional,0.9895,3.4804331217976797e-06
proportional,0.99,3.480555622358269e-06
proportional,0.9905,3.468291565674965e-06
proportional,0.991,3.4426048138492486e-06
proportional,0.9915,3.431336106044712e-06
proportional,0.992,3.4123706496622945e-06
proportional,0.9925,3.3671642646511084e-06
proportional,0.993,3.355350979637519e-06
proportional,0.9935,3.296445950583651e-06
proportional,0.994,3.2821443260698975e-06
proportional,0.9945,3.216963268658051e-06
proportional,0.995,3.150916546861545e-06
proportional,0.9955,3.0601077255476073e-06
proportional,0.996,2.9430088665520497e-06
proportional,0.9965,2.7891127104803696e-06
proportional,0.997,2.567439870954389e-06
proportional,0.9975,2.2607372737094255e-06
proportional,0.998,1.8400444640086805e-06
proportional,0.9985,1.3001555481234516e-06
proportional,0.999,7.052199125893848e-07
proportional,0.9995,2.116453466202815e-07
proportional,1.0,8.939815494017612e-10
