param,cohort,age,mortality,top_age,bottom_age,ci_low,ci_high
Xc,full,50,0.0009555787624695932,101.56294628133374,71.36289852317927,0.0007870769333626498,0.0011601544049597873
Xc,full,51,0.0010737118200168795,101.56294628133374,71.36289852317927,0.0008884155261887519,0.0012976552507919866
Xc,full,52,0.0012079987130294836,101.56294628133374,71.36289852317927,0.0010042818391006124,0.0014530392105743285
Xc,full,53,0.0013607925611490255,101.56294628133374,71.36289852317927,0.001136910067939985,0.0016287624207900627
Xc,full,54,0.001534800765157385,101.56294628133374,71.36289852317927,0.001288892191331396,0.0018276263946439145
Xc,full,55,0.0017331382957985486,101.56294628133374,71.36289852317927,0.0014632356836040213,0.0020528260662459165
Xc,full,56,0.0019593886675543146,101.56294628133374,71.36289852317927,0.0016634302927803612,0.002308004108860605
Xc,full,57,0.0022176735536386686,101.56294628133374,71.36289852317927,0.0018935251579114793,0.002597312198340634
Xc,full,58,0.0025127320621676353,101.56294628133374,71.36289852317927,0.002158217639097288,0.0029254799432026158
Xc,full,59,0.0028500107564488554,101.56294628133374,71.36289852317927,0.0024629553289646734,0.003297892258276797
Xc,full,60,0.003235765564686398,101.56294628133374,71.36289852317927,0.0028140528084051246,0.0037206760151542078
Xc,full,61,0.0036771767817281088,101.56294628133374,71.36289852317927,0.0032188247969885996,0.00420079685502938
Xc,full,62,0.004182478408125888,101.56294628133374,71.36289852317927,0.0036857374114801257,0.0047461670980555115
Xc,full,63,0.0047611030861519155,101.56294628133374,71.36289852317927,0.004224579252677661,0.00536576573456341
Xc,full,64,0.00542384386412067,101.56294628133374,71.36289852317927,0.00484665394312145,0.00606977155943033
Xc,full,65,0.006183033937920751,101.56294628133374,71.36289852317927,0.005564995474209199,0.006869710650198212
Xc,full,66,0.007052745375827573,101.56294628133374,71.36289852317927,0.0063946071986779075,0.007778619669796334
Xc,full,67,0.008049007628080902,101.56294628133374,71.36289852317927,0.007352724373911967,0.008811227036712015
Xc,full,68,0.00919004635666846,101.56294628133374,71.36289852317927,0.008459098524881211,0.0099841551424537
Xc,full,69,0.010496542791162113,101.56294628133374,71.36289852317927,0.009736298925139476,0.011316149125435668
Xc,full,70,0.011991913416212675,101.56294628133374,71.36289852317927,0.011210020765996557,0.012828342639484609
Xc,full,71,0.01370260931476761,101.56294628133374,71.36289852317927,0.012909377730735703,0.014544581927145733
Xc,full,72,0.01565843391896334,101.56294628133374,71.36289852317927,0.01486713022051868,0.0164918547936138
Xc,full,73,0.017892877255767436,101.56294628133374,71.36289852317927,0.017119736446991354,0.01870093371362759
Xc,full,74,0.02044346402453994,101.56294628133374,71.36289852317927,0.01970694611086252,0.021207508204038366
Xc,full,75,0.023352112024247307,101.56294628133374,71.36289852317927,0.022670192144414132,0.02405454406910976
Xc,full,76,0.026665496576065182,101.56294628133374,71.36289852317927,0.026047799381137375,0.0272978418346946
Xc,full,77,0.03043541567605455,101.56294628133374,71.36289852317927,0.029863252174157844,0.031018541516245612
Xc,full,78,0.03471914967109653,101.56294628133374,71.36289852317927,0.03411267063024963,0.035336411122707266
Xc,full,79,0.03957980828821617,101.56294628133374,71.36289852317927,0.03879729586795743,0.04037810339832894
Xc,full,80,0.04508665687732718,101.56294628133374,71.36289852317927,0.043976325573158094,0.04622502225639792
Xc,full,81,0.05131541277601881,101.56294628133374,71.36289852317927,0.04973758072434771,0.05294329860889568
Xc,full,82,0.0583485018076593,101.56294628133374,71.36289852317927,0.056165416768148166,0.06061644084744272
Xc,full,83,0.06627526412731476,101.56294628133374,71.36289852317927,0.06334038565666585,0.06934613027072851
Xc,full,84,0.07519209799048453,101.56294628133374,71.36289852317927,0.07134369602948974,0.07924808938793446
Xc,full,85,0.08520252961198266,101.56294628133374,71.36289852317927,0.08025967441592781,0.09044979443425347
Xc,full,86,0.09641719720097101,101.56294628133374,71.36289852317927,0.09017685361308603,0.10308937985325652
Xc,full,87,0.10895373761759264,101.56294628133374,71.36289852317927,0.10118840269054596,0.11731499485318314
Xc,full,88,0.12293656502122981,101.56294628133374,71.36289852317927,0.11339222416620386,0.13328426292323806
Xc,full,89,0.13849653248739022,101.56294628133374,71.36289852317927,0.1268908535277018,0.1511636889324196
Xc,full,90,0.15577046994956587,101.56294628133374,71.36289852317927,0.14179121832489477,0.17112794145480875
Xc,full,91,0.17490059501427807,101.56294628133374,71.36289852317927,0.1582042827350187,0.19335897617629624
Xc,full,92,0.19603379717142005,101.56294628133374,71.36289852317927,0.17624459125225048,0.2180449871420083
Xc,full,93,0.21932080055780653,101.56294628133374,71.36289852317927,0.1960297210810087,0.24537918685013743
Xc,full,94,0.24491521551229958,101.56294628133374,71.36289852317927,0.21767965246596646,0.2755584277626241
Xc,full,95,0.27297249437658805,101.56294628133374,71.36289852317927,0.24131606756294616,0.308781688010641
Xc,full,96,0.30364881196809307,101.56294628133374,71.36289852317927,0.26706159057529294,0.34524845302918833
Xc,full,97,0.3370998954705115,101.56294628133374,71.36289852317927,0.2950389841337164,0.3851570322473995
Xc,full,98,0.3734798317598556,101.56294628133374,71.36289852317927,0.3253703189161288,0.42870285524515184
Xc,full,99,0.4129398820846625,101.56294628133374,71.36289852317927,0.35817613497699574,0.47607679452749335
Xc,full,100,0.45562733433621855,101.56294628133374,71.36289852317927,0.39357461399933374,0.5274635619529051
Xc,full,101,0.5016844218115782,101.56294628133374,71.36289852317927,0.4316807815454422,0.5830402228872978
Xc,full,102,0.5512473344777281,101.56294628133374,71.36289852317927,0.47260575736366683,0.6429748665439378
Xc,full,103,0.6044453445235132,101.56294628133374,71.36289852317927,0.5164560699070856,0.7074254632768254
Xc,full,104,0.6614000627838643,101.56294628133374,71.36289852317927,0.5633330486127316,0.7765389304386944
Xc,full,105,0.722224836853844,101.56294628133374,71.36289852317927,0.6133323043190831,0.8504504186317848
Xc,full,106,0.7870242958096524,101.56294628133374,71.36289852317927,0.6665433047110613,0.929282820511092
Xc,full,107,0.855894040820615,101.56294628133374,71.36289852317927,0.7230490481119566,1.0131464954211684
Xc,full,108,0.9289204759004089,101.56294628133374,71.36289852317927,0.7829258355135267,1.1021391955740794
Xc,full,109,1.006180768844095,101.56294628133374,71.36289852317927,0.8462431376372804,1.196346173533914
Xc,full,110,1.087742929164088,101.56294628133374,71.36289852317927,0.9130635512022144,1.2958404465807363
Xc,full,111,1.1736659876102569,101.56294628133374,71.36289852317927,0.9834428365128051,1.400683191061328
Xc,full,112,1.264000260593777,101.56294628133374,71.36289852317927,1.0574300270187442,1.5109242389168653
Xc,full,113,1.358787682428226,101.56294628133374,71.36289852317927,1.1350676006033864,1.6266026489851348
Xc,full,114,1.4580621886169387,101.56294628133374,71.36289852317927,1.216391701990441,1.7477473271115131
Xc,full,115,1.5618501343001738,101.56294628133374,71.36289852317927,1.3014324057139952,1.8743776713283655
Xc,full,116,1.6701707332799958,101.56294628133374,71.36289852317927,1.3902140095112614,2.006504221091611
Xc,full,117,1.783036504630537,101.56294628133374,71.36289852317927,1.4827553486456757,2.1441292926367987
Xc,full,118,1.9004537156632237,101.56294628133374,71.36289852317927,1.5790701224915513,2.2872475857369516
Xc,full,119,2.0224228118608605,101.56294628133374,71.36289852317927,1.6791672256085663,2.435846750434767
Xc,full,120,2.14893882625244,101.56294628133374,71.36289852317927,1.7830510764902103,2.5899079055352954
Xc,full,121,2.279991762520696,101.56294628133374,71.36289852317927,1.8907219381043419,2.749406103773336
Xc,full,122,2.415566947878421,101.56294628133374,71.36289852317927,2.002176225272417,2.9143107414976734
Xc,full,123,2.555645353385747,101.56294628133374,71.36289852317927,2.11740679483547,3.084585913397746
Xc,full,124,2.700203880882509,101.56294628133374,71.36289852317927,2.236403215419288,3.260190715190867
Xc,full,125,2.849215617051856,101.56294628133374,71.36289852317927,2.3591520144761864,3.441079499175331
Xc,good,50,0.0001373015025682939,101.56294628133374,71.36289852317927,9.604498094232966e-05,0.00019627993490706972
Xc,good,51,0.00016170769906940618,101.56294628133374,71.36289852317927,0.00011401114157965318,0.00022935810988308127
Xc,good,52,0.0001907507512007666,101.56294628133374,71.36289852317927,0.00013559147032694724,0.00026834910039636535
Xc,good,53,0.0002253524411955983,101.56294628133374,71.36289852317927,0.00016155145268158746,0.0003143501460980894
Xc,good,54,0.00026662260516198833,101.56294628133374,71.36289852317927,0.00019282411566348652,0.0003686655755622728
Xc,good,55,0.0003158976609737497,101.56294628133374,71.36289852317927,0.00023054717663065693,0.0004328456052556853
Xc,good,56,0.00037478683518908515,101.56294628133374,71.36289852317927,0.0002761083302760783,0.0005087321041368094
Xc,good,57,0.0004452275170479244,101.56294628133374,71.36289852317927,0.000331200366679964,0.0005985124470837479
Xc,good,58,0.0005295513873214221,101.56294628133374,71.36289852317927,0.00039788812190785035,0.0007047827174870736
Xc,good,59,0.0006305632066087735,101.56294628133374,71.36289852317927,0.0004786896096557137,0.0008306216586040179
Xc,good,60,0.000751634396161045,101.56294628133374,71.36289852317927,0.0005766740651019757,0.0009796769088141245
Xc,good,61,0.0008968137956615416,101.56294628133374,71.36289852317927,0.0006955800433293535,0.0011562651801211058
Xc,good,62,0.0010709582235687207,101.56294628133374,71.36289852317927,0.0008399571412865595,0.0013654881424934233
Xc,good,63,0.001279885678534949,101.56294628133374,71.36289852317927,0.001015335333017997,0.0016133658475665706
Xc,good,64,0.0015305541811196743,101.56294628133374,71.36289852317927,0.0012284262917847389,0.0019069895499708317
Xc,good,65,0.0018312693332362814,101.56294628133374,71.36289852317927,0.0014873613752371445,0.0022546957495900863
Xc,good,66,0.0021919236316723183,101.56294628133374,71.36289852317927,0.0018019711111740915,0.002666263169975643
Xc,good,67,0.0026242703686588055,101.56294628133374,71.36289852317927,0.0021841109629262,0.003153134197263458
Xc,good,68,0.0031422345392024937,101.56294628133374,71.36289852317927,0.0026480377704292046,0.0037286620340603177
Xc,good,69,0.0037622625022365346,101.56294628133374,71.36289852317927,0.003210840421700678,0.0044083844964920025
Xc,good,70,0.004503711163842574,101.56294628133374,71.36289852317927,0.0038929268237907363,0.005210325075560825
Xc,good,71,0.005389276128447412,101.56294628133374,71.36289852317927,0.004718566842751885,0.006155321765393152
Xc,good,72,0.006445456578385897,101.56294628133374,71.36289852317927,0.0057164871140299315,0.0072673846149144865
Xc,good,73,0.007703052601306094,101.56294628133374,71.36289852317927,0.006920507594504725,0.008574084858400492
Xc,good,74,0.009197688333295565,101.56294628133374,71.36289852317927,0.008370199405288917,0.010106983905662552
Xc,good,75,0.01097035171298397,101.56294628133374,71.36289852317927,0.010111523694163689,0.011902124778289827
Xc,good,76,0.0130679389868248,101.56294628133374,71.36289852317927,0.012197367154596479,0.014000646795240717
Xc,good,77,0.015543789554054638,101.56294628133374,71.36289852317927,0.014687774904477237,0.0164496933859661
Xc,good,78,0.018458194513986587,101.56294628133374,71.36289852317927,0.017649331284001844,0.019304127688112186
Xc,good,79,0.02187886061821429,101.56294628133374,71.36289852317927,0.021151906278802323,0.0226307991176648
Xc,good,80,0.02588131046407102,101.56294628133374,71.36289852317927,0.025256324568346932,0.02652176208477805
Xc,good,81,0.03054919987555969,101.56294628133374,71.36289852317927,0.02997597044766313,0.031133391149631682
Xc,good,82,0.03597453460469473,101.56294628133374,71.36289852317927,0.035256795123737854,0.03670688545236024
Xc,good,83,0.04225777074297235,101.56294628133374,71.36289852317927,0.04114106774440229,0.043404784709521235
Xc,good,84,0.04950778643277453,101.56294628133374,71.36289852317927,0.04777612861584366,0.05130220862350071
Xc,good,85,0.057841716376666165,101.56294628133374,71.36289852317927,0.05529270343372857,0.06050823970668496
Xc,good,86,0.06738464494715063,101.56294628133374,71.36289852317927,0.06380414830433413,0.07116606827812023
Xc,good,87,0.07826915806406247,101.56294628133374,71.36289852317927,0.07342046772650404,0.08343805608644672
Xc,good,88,0.0906347581284468,101.56294628133374,71.36289852317927,0.08425345295891423,0.09749937946172832
Xc,good,89,0.10462714996275901,101.56294628133374,71.36289852317927,0.09641815481729187,0.11353505499118335
Xc,good,90,0.12039740880594718,101.56294628133374,71.36289852317927,0.1100330809192485,0.1317379821239797
Xc,good,91,0.13810104396417305,101.56294628133374,71.36289852317927,0.125219887650716,0.1523072628622136
Xc,good,92,0.1578969738273317,101.56294628133374,71.36289852317927,0.14210283422018127,0.1754465664294846
Xc,good,93,0.17994642976681774,101.56294628133374,71.36289852317927,0.16080810636265483,0.2013624705759497
Xc,good,94,0.20441180804611864,101.56294628133374,71.36289852317927,0.18146306180263386,0.23026277002935905
Xc,good,95,0.231455490344017,101.56294628133374,71.36289852317927,0.20419542868184132,0.2623547664911725
Xc,good,96,0.2612386547537893,101.56294628133374,71.36289852317927,0.22913247975353068,0.2978435654821998
Xc,good,97,0.2939201000317767,101.56294628133374,71.36289852317927,0.2564002015340478,0.3369304106854139
Xc,good,98,0.32965510621946476,101.56294628133374,71.36289852317927,0.28612247585618367,0.3798110887003146
Xc,good,99,0.3685943543453827,101.56294628133374,71.36289852317927,0.31842029010507517,0.4266744371423587
Xc,good,100,0.41088292656911063,101.56294628133374,71.36289852317927,0.35341099127341846,0.4777009869944449
Xc,good,101,0.4566594057990425,101.56294628133374,71.36289852317927,0.3912075975356019,0.5330617662295185
Xc,good,102,0.5060550905567506,101.56294628133374,71.36289852317927,0.43191817922381576,0.5929172861827999
Xc,good,103,0.5591933368483885,101.56294628133374,71.36289852317927,0.4756453188458536,0.6574167254171456
Xc,good,104,0.6161890343022466,101.56294628133374,71.36289852317927,0.5224856572189277,0.7266973183825429
Xc,good,105,0.6771482191557887,101.56294628133374,71.36289852317927,0.5725295300074675,0.8008839486408246
Xc,good,106,0.7421678221432961,101.56294628133374,71.36289852317927,0.6258606961117456,0.8800889393549283
Xc,good,107,0.8113355452284123,101.56294628133374,71.36289852317927,0.6825561566245005,0.9644120275853307
Xc,good,108,0.8847298576590873,101.56294628133374,71.36289852317927,0.74268606059975,1.053940504015072
Xc,good,109,0.962420099129157,101.56294628133374,71.36289852317927,0.806313691783939,1.1487494961898483
Xc,good,110,1.0444666759615782,101.56294628133374,71.36289852317927,0.8734955288147258,1.2489023712285283
Xc,good,111,1.1309213351608964,101.56294628133374,71.36289852317927,0.9442813702357207,1.3544512331137408
Xc,good,112,1.221827500840096,101.56294628133374,71.36289852317927,1.0187145149932306,1.4654374899321767
Xc,good,113,1.317220657797031,101.56294628133374,71.36289852317927,1.0968319888279507,1.5818924675795596
Xc,good,114,1.4171287677712407,101.56294628133374,71.36289852317927,1.1786648070912056,1.7038380482411704
Xc,good,115,1.5215727050262327,101.56294628133374,71.36289852317927,1.264238264908593,1.8312873142217692
Xc,good,116,1.6305666992612344,101.56294628133374,71.36289852317927,1.353572246222995,1.9642451802322638
Xc,good,117,1.7441187753647698,101.56294628133374,71.36289852317927,1.4466815439744294,2.102708999952288
Xc,good,118,1.862231181105947,101.56294628133374,71.36289852317927,1.5435761844770322,2.2466691354519615
Xc,good,119,1.984900795463785,101.56294628133374,71.36289852317927,1.6442617498581427,2.3961094808491845
Xc,good,120,2.1121195118817537,101.56294628133374,71.36289852317927,1.7487396932329318,2.551007934305181
Xc,good,121,2.243874592276443,101.56294628133374,71.36289852317927,1.8570076420506545,2.7113368151268125
Xc,good,122,2.380148989105032,101.56294628133374,71.36289852317927,1.96905968578518,2.8770632252717587
Xc,good,123,2.520921634186231,101.56294628133374,71.36289852317927,2.084886644856445,3.0481493568902187
Xc,good,124,2.6661676942536268,101.56294628133374,71.36289852317927,2.204476318358212,3.2245527496415716
Xc,good,125,2.8158587943760076,101.56294628133374,71.36289852317927,2.327813708864977,3.406226503293019
Xc,bad,50,0.002886182769216939,101.56294628133374,71.36289852317927,0.0025103102893378622,0.003318335192547832
Xc,bad,51,0.0031820366319895267,101.56294628133374,71.36289852317927,0.0027793834471670003,0.0036430227493957097
Xc,bad,52,0.003511387656263546,101.56294628133374,71.36289852317927,0.0030804694755859913,0.004002585765020287
Xc,bad,53,0.00387824252277423,101.56294628133374,71.36289852317927,0.003417615999937285,0.0044009523204860445
Xc,bad,54,0.004287097306076401,101.56294628133374,71.36289852317927,0.003795396221610016,0.004842499238187848
Xc,bad,55,0.004742995985833595,101.56294628133374,71.36289852317927,0.004218975723360349,0.005332102480958547
Xc,bad,56,0.005251595669098125,101.56294628133374,71.36289852317927,0.004694187473127216,0.005875192933723456
Xc,bad,57,0.005819239143982592,101.56294628133374,71.36289852317927,0.0052276158994300215,0.0064778179702436565
Xc,bad,58,0.00645303533779178,101.56294628133374,71.36289852317927,0.005826690791262751,0.00714670926647284
Xc,bad,59,0.0071609482194488665,101.56294628133374,71.36289852317927,0.006499791621639794,0.00788935744199919
Xc,bad,60,0.007951894689958784,101.56294628133374,71.36289852317927,0.007256362743040347,0.008714094292053106
Xc,bad,61,0.008835852052136044,101.56294628133374,71.36289852317927,0.008107039761514225,0.009630183616202527
Xc,bad,62,0.009823975725859605,101.56294628133374,71.36289852317927,0.009063787205532834,0.01064792198600664
Xc,bad,63,0.010928727943438802,101.56294628133374,71.36289852317927,0.01014004722298711,0.011778751305116278
Xc,bad,64,0.012164018182429895,101.56294628133374,71.36289852317927,0.011350898194907724,0.013035385905307905
Xc,bad,65,0.01354535604473406,101.56294628133374,71.36289852317927,0.012713220405112463,0.014431958585790793
Xc,bad,66,0.015090017171423414,101.56294628133374,71.36289852317927,0.014245862414412246,0.01598419327730453
Xc,bad,67,0.01681722261906873,101.56294628133374,71.36289852317927,0.015969794829002865,0.017709618667466363
Xc,bad,68,0.01874833195324636,101.56294628133374,71.36289852317927,0.01790822374852954,0.019627851202047904
Xc,bad,69,0.020907050164899986,101.56294628133374,71.36289852317927,0.020086604703246386,0.021761007051978275
Xc,bad,70,0.023319648381388954,101.56294628133374,71.36289852317927,0.02253242532579237,0.024134374918315327
Xc,bad,71,0.0260151981901647,101.56294628133374,71.36289852317927,0.025274452358924622,0.02677765386416249
Xc,bad,72,0.029025819167734827,101.56294628133374,71.36289852317927,0.02834074459305353,0.029727453899166197
Xc,bad,73,0.032386938870314,101.56294628133374,71.36289852317927,0.0317541033876503,0.03303238628987382
Xc,bad,74,0.03613756408714206,101.56294628133374,71.36289852317927,0.03552467425492939,0.03676102780790706
Xc,bad,75,0.04032056160476533,101.56294628133374,71.36289852317927,0.039650257883181016,0.04100219708314411
Xc,bad,76,0.04498294610999126,101.56294628133374,71.36289852317927,0.04414314781987662,0.04583872108511616
Xc,bad,77,0.050176172182241977,101.56294628133374,71.36289852317927,0.04905044270018105,0.051327737656742915
Xc,bad,78,0.05595642657488282,101.56294628133374,71.36289852317927,0.054435296554863774,0.05752006277534438
Xc,bad,79,0.06238491612889431,101.56294628133374,71.36289852317927,0.06036062524021861,0.0644770948763466
Xc,bad,80,0.06952814568410609,101.56294628133374,71.36289852317927,0.06688784378021514,0.07227266972687471
Xc,bad,81,0.07745817927464613,101.56294628133374,71.36289852317927,0.07407917568406167,0.08099131073125704
Xc,bad,82,0.08625287677229324,101.56294628133374,71.36289852317927,0.08199937833675539,0.09072701406276024
Xc,bad,83,0.09599609705037337,101.56294628133374,71.36289852317927,0.090716721068369,0.10158271309166471
Xc,bad,84,0.10677785775694222,101.56294628133374,71.36289852317927,0.10030352542110615,0.11367009144787892
Xc,bad,85,0.11869444098746253,101.56294628133374,71.36289852317927,0.11083646352057502,0.12710952581693427
Xc,bad,86,0.1318484336240014,101.56294628133374,71.36289852317927,0.12239670929143681,0.14203003944909925
Xc,bad,87,0.1463486909730135,101.56294628133374,71.36289852317927,0.1350699849503209,0.15856919919989762
Xc,bad,88,0.16231021271410076,101.56294628133374,71.36289852317927,0.14894652052196364,0.1768729142444913
Xc,bad,89,0.17985392118512378,101.56294628133374,71.36289852317927,0.16412093276712733,0.1970951079809105
Xc,bad,90,0.19910633375924827,101.56294628133374,71.36289852317927,0.18069202498118886,0.21939724316652204
Xc,bad,91,0.22019912355197327,101.56294628133374,71.36289852317927,0.19876250748324445,0.2439476872525603
Xc,bad,92,0.24326856590898538,101.56294628133374,71.36289852317927,0.21843863879839348,0.270920911634291
Xc,bad,93,0.2684548719810521,101.56294628133374,71.36289852317927,0.23982978879982972,0.30049652568602964
Xc,bad,94,0.29590141503055106,101.56294628133374,71.36289852317927,0.26304792704202673,0.3328581540317308
Xc,bad,95,0.3257538597030634,101.56294628133374,71.36289852317927,0.28820704187196217,0.3681921733147161
Xc,bad,96,0.3581592090438158,101.56294628133374,71.36289852317927,0.3154224984696006,0.4066863322853768
Xc,bad,97,0.39326478821590616,101.56294628133374,71.36289852317927,0.3448103464899763,0.4485282858384223
Xc,bad,98,0.4312171873570609,101.56294628133374,71.36289852317927,0.37648659028482334,0.49390407911065076
Xc,bad,99,0.47216118850253463,101.56294628133374,71.36289852317927,0.4105664365652997,0.5429966214314953
Xc,bad,100,0.5162387027805769,101.56294628133374,71.36289852317927,0.4471635356847725,0.5959841914221813
Xc,bad,101,0.5635877440285603,101.56294628133374,71.36289852317927,0.4863892333258392,0.6530390137283656
Xc,bad,102,0.6143414635705116,101.56294628133374,71.36289852317927,0.5283518492403649,0.7143259447366092
Xc,bad,103,0.668627268245722,101.56294628133374,71.36289852317927,0.5731559987526528,0.7800012994972908
Xc,bad,104,0.7265660400906602,101.56294628133374,71.36289852317927,0.6209019711165853,0.8502118452993291
Xc,bad,105,0.7882714716382375,101.56294628133374,71.36289852317927,0.6716851765694848,0.9250939795519408
Xc,bad,106,0.8538495259377693,101.56294628133374,71.36289852317927,0.725595671235629,1.0047731013921661
Xc,bad,107,0.9233980254516522,101.56294628133374,71.36289852317927,0.7827177660805176,1.089363178349394
Xc,bad,108,0.9970063692592657,101.56294628133374,71.36289852317927,0.8431297230905489,1.1789665019753894
Xc,bad,109,1.0747553737508764,101.56294628133374,71.36289852317927,0.906903538924706,1.2736736199926615
Xc,bad,110,1.1567172284103941,101.56294628133374,71.36289852317927,0.9741048136273033,1.3735634274499608
Xc,bad,111,1.242955555476262,101.56294628133374,71.36289852317927,1.0447926996949182,1.4787033957458053
Xc,bad,112,1.3335255602738592,101.56294628133374,71.36289852317927,1.1190199249513897,1.5891499161473457
Xc,bad,113,1.428474257808142,101.56294628133374,71.36289852317927,1.196832881315797,1.704948733508354
Xc,bad,114,1.527840760724492,101.56294628133374,71.36289852317927,1.2782717706584938,1.8261354460864732
Xc,bad,115,1.631656613891102,101.56294628133374,71.36289852317927,1.363370798465271,1.9527360485140925
Xc,bad,116,1.739946161515843,101.56294628133374,71.36289852317927,1.4521584059504264,2.084767496829864
Xc,bad,117,1.8527269337706649,101.56294628133374,71.36289852317927,1.544657531465159,2.2222382768970914
Xc,bad,118,1.9700100412496255,101.56294628133374,71.36289852317927,1.6408858925072554,2.365148960293832
Xc,bad,119,2.0918005671373736,101.56294628133374,71.36289852317927,1.740856280247623,2.5134927347671914
Xc,bad,120,2.2180979486316876,101.56294628133374,71.36289852317927,1.8445768592404568,2.6672558994099043
Xc,bad,121,2.3488963408772427,101.56294628133374,71.36289852317927,1.952051465783546,2.8264183178038658
Xc,bad,122,2.484184958371291,101.56294628133374,71.36289852317927,2.063279899255027,2.990953825327506
Xc,bad,123,2.6239483904456633,101.56294628133374,71.36289852317927,2.178258201633888,3.1608305895774635
Xc,bad,124,2.7681668889711615,101.56294628133374,71.36289852317927,2.2969789212969474,3.336011425333258
Xc,bad,125,2.9168166278320466,101.56294628133374,71.36289852317927,2.4194313580885582,3.516454067586778
beta,full,50,0.0004342331159619541,111.44688263819906,71.18672935321973,0.0003358047522121383,0.0005615120029001545
beta,full,51,0.0005392793487892628,111.44688263819906,71.18672935321973,0.00042385192736185435,0.0006861410725219806
beta,full,52,0.0006673070886831257,111.44688263819906,71.18672935321973,0.0005327985452461144,0.0008357732103060701
beta,full,53,0.0008226321380271801,111.44688263819906,71.18672935321973,0.0006669216034612672,0.0010146974262087638
beta,full,54,0.0010101870668042872,111.44688263819906,71.18672935321973,0.0008311748165749705,0.0012277536441055105
beta,full,55,0.0012355608204299077,111.44688263819906,71.18672935321973,0.0010312426147380965,0.0014803602170466337
beta,full,56,0.0015050290851028219,111.44688263819906,71.18672935321973,0.001273584819074991,0.0017785329356003134
beta,full,57,0.0018255724708264181,111.44688263819906,71.18672935321973,0.0015654681575391224,0.0021288934113346766
beta,full,58,0.002204879597117485,111.44688263819906,71.18672935321973,0.0019149806400268834,0.0025386648492262123
beta,full,59,0.0026513323864902068,111.44688263819906,71.18672935321973,0.002331024896959914,0.0030156535148207556
beta,full,60,0.003173971309511689,111.44688263819906,71.18672935321973,0.002823286932984983,0.0035682146776885642
beta,full,61,0.003782438989376085,111.44688263819906,71.18672935321973,0.003402177364152294,0.004205202485649115
beta,full,62,0.004486901449176188,111.44688263819906,71.18672935321973,0.004078743055098384,0.004935904111305624
beta,full,63,0.005297947333310962,111.44688263819906,71.18672935321973,0.004864548057127634,0.005769959637958674
beta,full,64,0.006226466594220303,111.44688263819906,71.18672935321973,0.005771523687577954,0.00671727057663882
beta,full,65,0.007283511325528552,111.44688263819906,71.18672935321973,0.006811788183007176,0.0077879017673275755
beta,full,66,0.008480142548302658,111.44688263819906,71.18672935321973,0.00799743608530561,0.008991984039943104
beta,full,67,0.009827267720858422,111.44688263819906,71.18672935321973,0.009340295488459589,0.010339629080980302
beta,full,68,0.011335474455068915,111.44688263819906,71.18672935321973,0.010851645851395733,0.01184087491253626
beta,full,69,0.01301486631347571,111.44688263819906,71.18672935321973,0.012541877279395494,0.013505693078014962
beta,full,70,0.014874906589906037,111.44688263819906,71.18672935321973,0.014420049001852377,0.015344111939564628
beta,full,71,0.016924275633068146,111.44688263819906,71.18672935321973,0.016493265650815412,0.01736654897630314
beta,full,72,0.019170746585393198,111.44688263819906,71.18672935321973,0.01876575292575833,0.019584480627841017
beta,full,73,0.02162108344093803,111.44688263819906,71.18672935321973,0.02123762406920986,0.022011466425650723
beta,full,74,0.024280964162466882,111.44688263819906,71.18672935321973,0.0239040840196352,0.02466378632934534
beta,full,75,0.027154930330896544,111.44688263819906,71.18672935321973,0.026757434230217793,0.027558331450296274
beta,full,76,0.030246363521661802,111.44688263819906,71.18672935321973,0.029792970297323765,0.030706656541952516
beta,full,77,0.03355748741414551,111.44688263819906,71.18672935321973,0.033012711947459035,0.03411125276053578
beta,full,78,0.03708939364107271,111.44688263819906,71.18672935321973,0.03642239213672565,0.037768609911685826
beta,full,79,0.040842088616630585,111.44688263819906,71.18672935321973,0.04002718116835592,0.04167358664485293
beta,full,80,0.04481455801119417,111.44688263819906,71.18672935321973,0.043830102463368804,0.0458211251369346
beta,full,81,0.04900484515756477,111.44688263819906,71.18672935321973,0.04783212018079179,0.05020632244274367
beta,full,82,0.05341013958348985,111.44688263819906,71.18672935321973,0.05203259112514577,0.05482415825625246
beta,full,83,0.05802687212780474,111.44688263819906,71.18672935321973,0.05642965579063722,0.05966929696380095
beta,full,84,0.06285081347773001,111.44688263819906,71.18672935321973,0.061020520712347336,0.06473600534210275
beta,full,85,0.06787717312841525,111.44688263819906,71.18672935321973,0.06580166205439861,0.07001814981658014
beta,full,86,0.07310069588361594,111.44688263819906,71.18672935321973,0.07076897996257793,0.07550923782559274
beta,full,87,0.07851575371850508,111.44688263819906,71.18672935321973,0.0759179217979387,0.08120248073166207
beta,full,88,0.08411643205599643,111.44688263819906,71.18672935321973,0.08124358381914852,0.08709086686256451
beta,full,89,0.08989661000958311,111.44688263819906,71.18672935321973,0.08674079721038887,0.09316723792166366
beta,full,90,0.09585003324878623,111.44688263819906,71.18672935321973,0.09240420335312277,0.0994243610183448
beta,full,91,0.10197037763519161,111.44688263819906,71.18672935321973,0.09822832090810486,0.10585498987396054
beta,full,92,0.10825130379575976,111.44688263819906,71.18672935321973,0.10420760333874837,0.11245191711576905
beta,full,93,0.11468650550188181,111.44688263819906,71.18672935321973,0.1103364851549579,0.11920802557522962
beta,full,94,0.1212697534865928,111.44688263819906,71.18672935321973,0.11660942049240343,0.12611633818776277
beta,full,95,0.12799493158942135,111.44688263819906,71.18672935321973,0.12302092060251767,0.13317005296614057
beta,full,96,0.13485606161183397,111.44688263819906,71.18672935321973,0.12956558934852083,0.1403625564850825
beta,full,97,0.14184732068255013,111.44688263819906,71.18672935321973,0.13623814688800404,0.14768743442582646
beta,full,98,0.14896306015851596,111.44688263819906,71.18672935321973,0.14303343873836788,0.1551385010911949
beta,full,99,0.15619782674003035,111.44688263819906,71.18672935321973,0.14994644526275794,0.16270983307110243
beta,full,100,0.16354637371324562,111.44688263819906,71.18672935321973,0.15697230531757894,0.1703957669516192
beta,full,101,0.17100365538968934,111.44688263819906,71.18672935321973,0.164106339607806,0.17819086225749117
beta,full,102,0.17856481961140278,111.44688263819906,71.18672935321973,0.1713440460357222,0.18608989072316684
beta,full,103,0.18622521794968064,111.44688263819906,71.18672935321973,0.17868107439526887,0.1940878848964673
beta,full,104,0.19398042431424106,111.44688263819906,71.18672935321973,0.18611322613208078,0.20218017708439964
beta,full,105,0.20182622960304542,111.44688263819906,71.18672935321973,0.1936364938514862,0.21036234516321556
beta,full,106,0.20975860792534753,111.44688263819906,71.18672935321973,0.2012470831778134,0.2186301182805433
beta,full,107,0.21777369747689868,111.44688263819906,71.18672935321973,0.20894136599200552,0.22697938767459944
beta,full,108,0.22586782653278784,111.44688263819906,71.18672935321973,0.2167158195191583,0.235406326939301
beta,full,109,0.23403754314271555,111.44688263819906,71.18672935321973,0.2245670514924926,0.24390742647351163
beta,full,110,0.2422795855163298,111.44688263819906,71.18672935321973,0.2324918887566986,0.2524793353947636
beta,full,111,0.25059081475523515,111.44688263819906,71.18672935321973,0.24048738089833704,0.2611187173527358
beta,full,112,0.2589682046573011,111.44688263819906,71.18672935321973,0.24855067391325306,0.26982236647176444
beta,full,113,0.2674089101632119,111.44688263819906,71.18672935321973,0.25667893028041083,0.2785874366725691
beta,full,114,0.27591030347101836,111.44688263819906,71.18672935321973,0.2648694436290024,0.28741139226349716
beta,full,115,0.2844698937612656,111.44688263819906,71.18672935321973,0.273119789596074,0.2962916769093357
beta,full,116,0.29308522890615324,111.44688263819906,71.18672935321973,0.2814277426264103,0.30522559930063964
beta,full,117,0.3017539334991056,111.44688263819906,71.18672935321973,0.2897910329591882,0.31421067605982883
beta,full,118,0.310473836340674,111.44688263819906,71.18672935321973,0.29820732466403793,0.32324492083047807
beta,full,119,0.3192429747861189,111.44688263819906,71.18672935321973,0.30667449900777266,0.33232654583290766
beta,full,120,0.32805943275362187,111.44688263819906,71.18672935321973,0.31519080381372766,0.3414534628435146
beta,full,121,0.33692124958873143,111.44688263819906,71.18672935321973,0.32375456490351967,0.3506234065248177
beta,full,122,0.34582655967043513,111.44688263819906,71.18672935321973,0.3323638664073264,0.35983457126750024
beta,full,123,0.35477375221669966,111.44688263819906,71.18672935321973,0.34101674926156683,0.3690857282947578
beta,full,124,0.36376137072736986,111.44688263819906,71.18672935321973,0.34971166992825764,0.3783755196405101
beta,full,125,0.3727878778780936,111.44688263819906,71.18672935321973,0.35844745092017777,0.3877020230890125
beta,good,50,2.3806710397595186e-05,111.44688263819906,71.18672935321973,1.37771488102082e-05,4.1137645224171885e-05
beta,good,51,3.072667559727285e-05,111.44688263819906,71.18672935321973,1.8174394766600898e-05,5.1948282481189906e-05
beta,good,52,3.957842507476283e-05,111.44688263819906,71.18672935321973,2.3921477951572488e-05,6.548306649655164e-05
beta,good,53,5.087281367797219e-05,111.44688263819906,71.18672935321973,3.141199911084205e-05,8.239027265922707e-05
beta,good,54,6.524580225461287e-05,111.44688263819906,71.18672935321973,4.114642388882269e-05,0.0001034601384399885
beta,good,55,8.348565811322851e-05,111.44688263819906,71.18672935321973,5.3758153217173936e-05,0.00012965205635769944
beta,good,56,0.00010656491608289176,111.44688263819906,71.18672935321973,7.00448868513334e-05,0.00016212577177626757
beta,good,57,0.00013567755377627032,111.44688263819906,71.18672935321973,9.10059776360071e-05,0.00020227680727017786
beta,good,58,0.00017228174735433118,111.44688263819906,71.18672935321973,0.00011788643059552377,0.000251776224977912
beta,good,59,0.00021814843155981475,111.44688263819906,71.18672935321973,0.0001522280964071727,0.00031261468359112247
beta,good,60,0.00027541567894018824,111.44688263819906,71.18672935321973,0.00019592842564726,0.00038715054212015324
beta,good,61,0.0003466486284753655,111.44688263819906,71.18672935321973,0.0002513068708859897,0.0004781615050961632
beta,good,62,0.0004349043270415015,111.44688263819906,71.18672935321973,0.00032117863287019194,0.0005888989936508794
beta,good,63,0.0005438003975571714,111.44688263819906,71.18672935321973,0.0004089349341461098,0.000723144069363561
beta,good,64,0.0006775859224869174,111.44688263819906,71.18672935321973,0.0005186283667225712,0.0008852633442590779
beta,good,65,0.0008412123481773035,111.44688263819906,71.18672935321973,0.0006550611103635904,0.0010802628999502042
beta,good,66,0.0010404016042121428,111.44688263819906,71.18672935321973,0.0008238729819425183,0.0013138378388074412
beta,good,67,0.0012817080359676688,111.44688263819906,71.18672935321973,0.0010316254005328302,0.0015924147356352533
beta,good,68,0.0015725702242231458,111.44688263819906,71.18672935321973,0.0012858765052853563,0.0019231839915796907
beta,good,69,0.0019213483798962046,111.44688263819906,71.18672935321973,0.0015952419307967013,0.0023141189594271185
beta,good,70,0.002337342827038165,111.44688263819906,71.18672935321973,0.0019694352278537696,0.0027739787599211168
beta,good,71,0.002830789193261718,111.44688263819906,71.18672935321973,0.002419281722806333,0.0033122919836685804
beta,good,72,0.003412826371956624,111.44688263819906,71.18672935321973,0.0029566998285347006,0.003939319011255496
beta,good,73,0.004095434140248694,111.44688263819906,71.18672935321973,0.0035946445202192975,0.004665991505633308
beta,good,74,0.004891338512581059,111.44688263819906,71.18672935321973,0.0043470088804866535,0.005503828748097756
beta,good,75,0.00581388444261016,111.44688263819906,71.18672935321973,0.0052284812381236286,0.00646483190291697
beta,good,76,0.006876877271500015,111.44688263819906,71.18672935321973,0.006254357304899929,0.007561359017692093
beta,good,77,0.008094396232373204,111.44688263819906,71.18672935321973,0.007440308557126539,0.008805985647450242
beta,good,78,0.009480585200321278,111.44688263819906,71.18672935321973,0.008802109420189741,0.010211358601653618
beta,good,79,0.01104942755168213,111.44688263819906,71.18672935321973,0.010355325812765773,0.0117900538744385
beta,good,80,0.012814513298019406,111.44688263819906,71.18672935321973,0.012114964960229293,0.013554455304178465
beta,good,81,0.014788807449552188,111.44688263819906,71.18672935321973,0.014095078671214727,0.015516680032909794
beta,good,82,0.016984428746714787,111.44688263819906,71.18672935321973,0.0163082948602585,0.017688594811662555
beta,good,83,0.019412447447274436,111.44688263819906,71.18672935321973,0.018765216509858965,0.02008200202194331
beta,good,84,0.022082709812102235,111.44688263819906,71.18672935321973,0.02147356208556612,0.02270913743618239
beta,good,85,0.02500369540029201,111.44688263819906,71.18672935321973,0.02443683854690627,0.02558370152794306
beta,good,86,0.02818241140443162,111.44688263819906,71.18672935321973,0.027652428549967526,0.02872255184145735
beta,good,87,0.03162432618604539,111.44688263819906,71.18672935321973,0.031110071664988685,0.032147081417588236
beta,good,88,0.03533334209007009,111.44688263819906,71.18672935321973,0.03479467783341809,0.035880345529593204
beta,good,89,0.03931180573170806,111.44688263819906,71.18672935321973,0.038696157417729984,0.03993724889023394
beta,good,90,0.04356055241883758,111.44688263819906,71.18672935321973,0.042815938386865295,0.04431811606904783
beta,good,91,0.04807898021099129,111.44688263819906,71.18672935321973,0.04716156394365471,0.049014242633908696
beta,good,92,0.05286514823823376,111.44688263819906,71.18672935321973,0.051739490720870765,0.05401529584679676
beta,good,93,0.05791589336334874,111.44688263819906,71.18672935321973,0.056552823386370826,0.05931181686824771
beta,good,94,0.0632269593216803,111.44688263819906,71.18672935321973,0.06160170800971388,0.06489508999385264
beta,good,95,0.06879313315225918,111.44688263819906,71.18672935321973,0.06688413973225653,0.07075661267154042
beta,good,96,0.07460838446533628,111.44688263819906,71.18672935321973,0.07239658675289126,0.0768877551026966
beta,good,97,0.08066600323239836,111.44688263819906,71.18672935321973,0.07813441303630123,0.08327961809178948
beta,good,98,0.08695873178634547,111.44688263819906,71.18672935321973,0.08409216924458952,0.08992301068956068
beta,good,99,0.09347888793411127,111.44688263819906,71.18672935321973,0.09026380366510074,0.09680848950061118
beta,good,100,0.10021847853170102,111.44688263819906,71.18672935321973,0.09664282194352938,0.10392642968432572
beta,good,101,0.10716930405762204,111.44688263819906,71.18672935321973,0.10322241271402985,0.11126711176587314
beta,good,102,0.11432305276494847,111.44688263819906,71.18672935321973,0.10999555221222077,0.11882080802940968
beta,good,103,0.121671380785046,111.44688263819906,71.18672935321973,0.11695509566732568,0.12657785295861637
beta,good,104,0.1292059772343447,111.44688263819906,71.18672935321973,0.12409385414696715,0.13452869739472115
beta,good,105,0.1369186196871772,111.44688263819906,71.18672935321973,0.1314046518794514,0.1426639631771926
beta,good,106,0.14480122611926693,111.44688263819906,71.18672935321973,0.13888036847039734,0.1509745064516611
beta,good,107,0.1528459004063292,111.44688263819906,71.18672935321973,0.146513980823714,0.15945146763250237
beta,good,108,0.16104496141765387,111.44688263819906,71.18672935321973,0.1542986103662909,0.1680862811171478
beta,good,109,0.169390954973271,111.44688263819906,71.18672935321973,0.1622275582926897,0.17687066198079926
beta,good,110,0.17787666482203263,111.44688263819906,71.18672935321973,0.17029431093979527,0.1857966229969689
beta,good,111,0.18649513619398628,111.44688263819906,71.18672935321973,0.1784925319804311,0.19485653230481717
beta,good,112,0.19523969889982687,111.44688263819906,71.18672935321973,0.18681608054932877,0.20404314186663314
beta,good,113,0.20410396353478624,111.44688263819906,71.18672935321973,0.19525905645542713,0.21334953003892523
beta,good,114,0.21308179375755518,111.44688263819906,71.18672935321973,0.20381581714756947,0.2227690248302141
beta,good,115,0.22216729481956696,111.44688263819906,71.18672935321973,0.2124809321891714,0.23229522940675337
beta,good,116,0.23135484024555789,111.44688263819906,71.18672935321973,0.22124913473834656,0.24192213076153884
beta,good,117,0.24063909607776357,111.44688263819906,71.18672935321973,0.23011535453074716,0.2516441142278743
beta,good,118,0.25001498959217694,111.44688263819906,71.18672935321973,0.23907479948597585,0.2614558086221172
beta,good,119,0.25947764604570445,111.44688263819906,71.18672935321973,0.24812295135280887,0.2713519584961106
beta,good,120,0.2690223777057212,111.44688263819906,71.18672935321973,0.2572554448003007,0.28132753327192206
beta,good,121,0.27864474283807705,111.44688263819906,71.18672935321973,0.2664679946317047,0.2913779300910461
beta,good,122,0.28834057634133614,111.44688263819906,71.18672935321973,0.27575650190314294,0.3014989216611697
beta,good,123,0.29810591614251436,111.44688263819906,71.18672935321973,0.2851171924088842,0.3116863507540582
beta,good,124,0.3079369089602797,111.44688263819906,71.18672935321973,0.29454654095199334,0.32193601592987864
beta,good,125,0.3178298340079603,111.44688263819906,71.18672935321973,0.3040410439782414,0.3322439696423249
beta,bad,50,0.0013104133973783681,111.44688263819906,71.18672935321973,0.0011050449233632133,0.0015539488356748933
beta,bad,51,0.001602727455157954,111.44688263819906,71.18672935321973,0.0013714754104434622,0.0018729721845224326
beta,bad,52,0.0019519096549320894,111.44688263819906,71.18672935321973,0.0016939693311022854,0.0022491264930622613
beta,bad,53,0.0023667882224699417,111.44688263819906,71.18672935321973,0.00208198299272989,0.0026905534337134576
beta,bad,54,0.0028570214367368927,111.44688263819906,71.18672935321973,0.0025459609931088073,0.0032060866258626507
beta,bad,55,0.0034330579651669557,111.44688263819906,71.18672935321973,0.003097295919054102,0.0038052182614167606
beta,bad,56,0.004106069954119589,111.44688263819906,71.18672935321973,0.003748249777101888,0.004498048814975051
beta,bad,57,0.004887857772991517,111.44688263819906,71.18672935321973,0.004511832120028063,0.0052952222009636715
beta,bad,58,0.00579072669863009,111.44688263819906,71.18672935321973,0.005401629256402894,0.006207852132480051
beta,bad,59,0.006827337381886732,111.44688263819906,71.18672935321973,0.006431576196656845,0.0072474513713041795
beta,bad,60,0.008010533546115781,111.44688263819906,71.18672935321973,0.007615654976738306,0.00842588692495218
beta,bad,61,0.009353151893549055,111.44688263819906,71.18672935321973,0.008967482599729007,0.009755407871819447
beta,bad,62,0.010867820499285087,111.44688263819906,71.18672935321973,0.010499702968534204,0.011248844158604774
beta,bad,63,0.012566752925088789,111.44688263819906,71.18672935321973,0.012222989213689485,0.012920184769807122
beta,bad,64,0.014461545785869159,111.44688263819906,71.18672935321973,0.014144289150828477,0.014785918492378971
beta,bad,65,0.016562987493213055,111.44688263819906,71.18672935321973,0.01626411330454816,0.01686735388295756
beta,bad,66,0.018880885375973308,111.44688263819906,71.18672935321973,0.01857527026334674,0.01919152871137895
beta,bad,67,0.021423917382705552,111.44688263819906,71.18672935321973,0.021070245706977915,0.021783525565104805
beta,bad,68,0.024199513196837913,111.44688263819906,71.18672935321973,0.02375276586003499,0.024654663057545486
beta,bad,69,0.027213767971301504,111.44688263819906,71.18672935321973,0.026634943277411706,0.027805171555364525
beta,bad,70,0.030471390160665877,111.44688263819906,71.18672935321973,0.029728162661019325,0.031233198933650088
beta,bad,71,0.03397568323234702,111.44688263819906,71.18672935321973,0.03304020934338053,0.034937643375920535
beta,bad,72,0.03772855949112659,111.44688263819906,71.18672935321973,0.03657580690167335,0.03891764315964704
beta,bad,73,0.04173058296055906,111.44688263819906,71.18672935321973,0.04033744256155285,0.043171838461765456
beta,bad,74,0.04598103732141584,111.44688263819906,71.18672935321973,0.04432590638908431,0.04769797090204776
beta,bad,75,0.05047801432975407,111.44688263819906,71.18672935321973,0.04854061967114671,0.0524927359382156
beta,bad,76,0.05521851784479329,111.44688263819906,71.18672935321973,0.052979853182442915,0.05755177732327497
beta,bad,77,0.06019857852860168,111.44688263819906,71.18672935321973,0.05764089180296197,0.06286975692971504
beta,bad,78,0.06541337452743651,111.44688263819906,71.18672935321973,0.06252017254053259,0.06844046318478425
beta,bad,79,0.07085735409036566,111.44688263819906,71.18672935321973,0.0676134078685996,0.07425693789085222
beta,bad,80,0.0765243568376691,111.44688263819906,71.18672935321973,0.0729156992175544,0.08031160987631442
beta,bad,81,0.08240773076633626,111.44688263819906,71.18672935321973,0.07842164273965328,0.08659642737403575
beta,bad,82,0.08850044221312392,111.44688263819906,71.18672935321973,0.08412542830518412,0.0931029824122254
beta,bad,83,0.09479517681999736,111.44688263819906,71.18672935321973,0.09002093122287087,0.09982262376387786
beta,bad,84,0.10128443125369264,111.44688263819906,71.18672935321973,0.09610179497637329,0.10674655990458931
beta,bad,85,0.10796059628684392,111.44688263819906,71.18672935321973,0.10236150452095887,0.11386595385792121
beta,bad,86,0.11481603039201502,111.44688263819906,71.18672935321973,0.10879345252292613,0.12117200556901263
beta,bad,87,0.12184312148051424,111.44688263819906,71.18672935321973,0.11539100052555717,0.12865601463285056
beta,bad,88,0.12903433681142126,111.44688263819906,71.18672935321973,0.12214753201400637,0.13630942682046251
beta,bad,89,0.13638226587387065,111.44688263819906,71.18672935321973,0.12905649250254372,0.14412388004830157
beta,bad,90,0.1438796604100101,111.44688263819906,71.18672935321973,0.1361114197295836,0.1520912552438862
beta,bad,91,0.151519467564577,111.44688263819906,71.18672935321973,0.14330597511406548,0.16020371120449922
beta,bad,92,0.15929484818640413,111.44688263819906,71.18672935321973,0.1506339790504232,0.16845368368205665
beta,bad,93,0.16719918325452443,111.44688263819906,71.18672935321973,0.15808943428023298,0.1768338726004001
beta,bad,94,0.17522608467617143,111.44688263819906,71.18672935321973,0.16566652493049439,0.18533726571389592
beta,bad,95,0.1833694176300976,111.44688263819906,71.18672935321973,0.17335961047152498,0.19395719239646123
beta,bad,96,0.19162331513669253,111.44688263819906,71.18672935321973,0.18116324691945146,0.20268733050640425
beta,bad,97,0.19998216294757076,111.44688263819906,71.18672935321973,0.1890722254022263,0.21152163101750762
beta,bad,98,0.20844057139701486,111.44688263819906,71.18672935321973,0.1970815731866544,0.2204542570967063
beta,bad,99,0.2169933783271745,111.44688263819906,71.18672935321973,0.20518650079241635,0.2294796492751563
beta,bad,100,0.225635686788601,111.44688263819906,71.18672935321973,0.21338236928613133,0.23859264157056392
beta,bad,101,0.23436287638363265,111.44688263819906,71.18672935321973,0.22166474622187315,0.2477884226652455
beta,bad,102,0.24317054627816925,111.44688263819906,71.18672935321973,0.23002948155427078,0.25706233034860915
beta,bad,103,0.25205445185224484,111.44688263819906,71.18672935321973,0.2384726645538455,0.2664097657372828
beta,bad,104,0.26101053162408705,111.44688263819906,71.18672935321973,0.24699048116119976,0.2758264095782112
beta,bad,105,0.27003499637631667,111.44688263819906,71.18672935321973,0.25557918123162854,0.2853084469422092
beta,bad,106,0.2791243315802076,111.44688263819906,71.18672935321973,0.26423524750329747,0.294852383307134
beta,bad,107,0.2882751644605236,111.44688263819906,71.18672935321973,0.2729555262659445,0.30445461786977673
beta,bad,108,0.29748416784995774,111.44688263819906,71.18672935321973,0.2817370591233836,0.3141114285665402
beta,bad,109,0.3067481643000901,111.44688263819906,71.18672935321973,0.2905767996473547,0.323819508011887
beta,bad,110,0.3160642965101912,111.44688263819906,71.18672935321973,0.2994716683660852,0.3335762613990073
beta,bad,111,0.32542997606973567,111.44688263819906,71.18672935321973,0.30841894625971145,0.3433792593129775
beta,bad,112,0.33484262418699606,111.44688263819906,71.18672935321973,0.31741640539544447,0.35322554558184477
beta,bad,113,0.3442995802471558,111.44688263819906,71.18672935321973,0.3264618570474321,0.3631119483007306
beta,bad,114,0.35379836354312627,111.44688263819906,71.18672935321973,0.33555273262708607,0.37303609798017795
beta,bad,115,0.3633369149217826,111.44688263819906,71.18672935321973,0.34468642892187545,0.3829965518450978
beta,bad,116,0.3729133921145324,111.44688263819906,71.18672935321973,0.3538610049753002,0.39299158727047023
beta,bad,117,0.382525758943645,111.44688263819906,71.18672935321973,0.36307509517341235,0.4030184339290009
beta,bad,118,0.3921718114856709,111.44688263819906,71.18672935321973,0.37232699274613684,0.4130743478725351
beta,bad,119,0.4018496716388617,111.44688263819906,71.18672935321973,0.3816142958811757,0.4231580429223293
beta,bad,120,0.4115579903762192,111.44688263819906,71.18672935321973,0.3909348433383145,0.4332690787961587
beta,bad,121,0.4212954586543838,111.44688263819906,71.18672935321973,0.4002875780924005,0.44340587416838767
beta,bad,122,0.4310603307545516,111.44688263819906,71.18672935321973,0.4096718231479978,0.4535655084169572
beta,bad,123,0.44085075839501975,111.44688263819906,71.18672935321973,0.4190859187576435,0.4637459348517408
beta,bad,124,0.4506654797400825,111.44688263819906,71.18672935321973,0.4285274567632113,0.4739471682011359
beta,bad,125,0.46050374017169937,111.44688263819906,71.18672935321973,0.43799496520760123,0.4841692520634567
epsilon,full,50,0.0003623154529259299,100.43580244136388,74.08491205150209,0.0002441295587602292,0.0005377164817548802
epsilon,full,51,0.00042886268806290273,100.43580244136388,74.08491205150209,0.0002930616078578392,0.0006275922887236653
epsilon,full,52,0.000507526724264226,100.43580244136388,74.08491205150209,0.00035174711455293774,0.0007322970542907169
epsilon,full,53,0.0006004708051677247,100.43580244136388,74.08491205150209,0.0004221016736516869,0.0008542140682349189
epsilon,full,54,0.0007102301939297787,100.43580244136388,74.08491205150209,0.0005064061089775223,0.0009960917126138398
epsilon,full,55,0.0008397719207261014,100.43580244136388,74.08491205150209,0.0006073723708026947,0.0011610947628519896
epsilon,full,56,0.000992562954945968,100.43580244136388,74.08491205150209,0.0007282201465559336,0.0013528618017373147
epsilon,full,57,0.001172647687302541,100.43580244136388,74.08491205150209,0.0008727655777703756,0.001575569240538709
epsilon,full,58,0.0013847356268963593,100.43580244136388,74.08491205150209,0.001045523558423564,0.0018340024392059044
epsilon,full,59,0.0016343002207768159,100.43580244136388,74.08491205150209,0.0012518251478430581,0.0021336344107108526
epsilon,full,60,0.0019276896860155957,100.43580244136388,74.08491205150209,0.0014979516565218475,0.0024807125846765996
epsilon,full,61,0.002272250705179853,100.43580244136388,74.08491205150209,0.0017912869445256118,0.002882354099084719
epsilon,full,62,0.0026764657756990834,100.43580244136388,74.08491205150209,0.002140489399495151,0.0033466500932814937
epsilon,full,63,0.003150104925206556,100.43580244136388,74.08491205150209,0.0025556849228710854,0.0038827795050192684
epsilon,full,64,0.0037043924158311407,100.43580244136388,74.08491205150209,0.003048682036095168,0.0045011329512222404
epsilon,full,65,0.004352188973370483,100.43580244136388,74.08491205150209,0.0036332099060143452,0.005213447433513859
epsilon,full,66,0.0051081900119119075,100.43580244136388,74.08491205150209,0.004325179654188051,0.006032952913881915
epsilon,full,67,0.005989140308821332,100.43580244136388,74.08491205150209,0.005142968699489086,0.006974532363440569
epsilon,full,68,0.007014065656806737,100.43580244136388,74.08491205150209,0.00610772695930905,0.008054897896673702
epsilon,full,69,0.008204522227789942,100.43580244136388,74.08491205150209,0.007243702199492392,0.009292787463158871
epsilon,full,70,0.00958486478831354,100.43580244136388,74.08491205150209,0.008578578939417771,0.010709190141984981
epsilon,full,71,0.011182535581667236,100.43580244136388,74.08491205150209,0.01014381926190857,0.012327615349460166
epsilon,full,72,0.013028376724890723,100.43580244136388,74.08491205150209,0.011974979850388702,0.014174437218795377
epsilon,full,73,0.015156970461049678,100.43580244136388,74.08491205150209,0.014111944179973255,0.016279383664453233
epsilon,full,74,0.01760701367730265,100.43580244136388,74.08491205150209,0.01659891111804111,0.018676341383368253
epsilon,full,75,0.020421735888203594,100.43580244136388,74.08491205150209,0.01948368327458946,0.021404951559208213
epsilon,full,76,0.0236493735626992,100.43580244136388,74.08491205150209,0.022814788273132006,0.024514488726014215
epsilon,full,77,0.02734371846149865,100.43580244136388,74.08491205150209,0.026631367470828757,0.02807512382233802
epsilon,full,78,0.031564763841248365,100.43580244136388,74.08491205150209,0.03093247854297844,0.03220997357096509
epsilon,full,79,0.03637948038287737,100.43580244136388,74.08491205150209,0.035651792124878796,0.037122021476295106
epsilon,full,80,0.041862764106584835,100.43580244136388,74.08491205150209,0.040791144946958104,0.04296253564155608
epsilon,full,81,0.04809861222534871,100.43580244136388,74.08491205150209,0.04647353590162366,0.0497805138585041
epsilon,full,82,0.05518160118918176,100.43580244136388,74.08491205150209,0.05281905204255477,0.057649825054577476
epsilon,full,83,0.06321876610703767,100.43580244136388,74.08491205150209,0.059930247904397015,0.06668773328740239
epsilon,full,84,0.07233201542088193,100.43580244136388,74.08491205150209,0.06790931181226655,0.07704275474488982
epsilon,full,85,0.08266126401387622,100.43580244136388,74.08491205150209,0.07686728496436453,0.08889197233308624
epsilon,full,86,0.09436853957253234,100.43580244136388,74.08491205150209,0.0869294586578283,0.1024442277514475
epsilon,full,87,0.1076434234440676,100.43580244136388,74.08491205150209,0.09824007428726134,0.11794684292356371
epsilon,full,88,0.12271034901152586,100.43580244136388,74.08491205150209,0.11096762395839913,0.13569570310143386
epsilon,full,89,0.1398385326842315,100.43580244136388,74.08491205150209,0.12531152999060213,0.1560496087211242
epsilon,full,90,0.15935571615321067,100.43580244136388,74.08491205150209,0.14151097043833671,0.1794507110794507
epsilon,full,91,0.18166756463701395,100.43580244136388,74.08491205150209,0.15985685411557018,0.20645410685539764
epsilon,full,92,0.20728570437215352,100.43580244136388,74.08491205150209,0.1807084103905263,0.2377717957022791
epsilon,full,93,0.23686940956296257,100.43580244136388,74.08491205150209,0.20451663485621727,0.27434011529747626
epsilon,full,94,0.2712897351573543,100.43580244136388,74.08491205150209,0.23185810894658435,0.3174274160008051
epsilon,full,95,0.31173238406270104,100.43580244136388,74.08491205150209,0.26348479618526033,0.3688147501500944
epsilon,full,96,0.3598715329085552,100.43580244136388,74.08491205150209,0.30039865828032597,0.4311188370125792
epsilon,full,97,0.4181847047226494,100.43580244136388,74.08491205150209,0.34396270231451626,0.5084227042269899
epsilon,full,98,0.49061013704971473,100.43580244136388,74.08491205150209,0.39611414493062125,0.6076488548978674
epsilon,full,99,0.5795118540886492,100.43580244136388,74.08491205150209,0.46520080648383394,0.721911880522362
epsilon,full,100,0.6715665944797052,100.43580244136388,74.08491205150209,0.5448538357394231,0.8277480330280006
epsilon,full,101,0.7663858194618396,100.43580244136388,74.08491205150209,0.6230780394194912,0.942654350038423
epsilon,full,102,0.8654163249472212,100.43580244136388,74.08491205150209,0.7058875751673079,1.0609981558432175
epsilon,full,103,0.9674228350201344,100.43580244136388,74.08491205150209,0.7921334396605341,1.1815016193729604
epsilon,full,104,1.0715173413650243,100.43580244136388,74.08491205150209,0.8809186938961862,1.3033545783525808
epsilon,full,105,1.1770426608312572,100.43580244136388,74.08491205150209,0.9715517528169907,1.4259965271018316
epsilon,full,106,1.283521104657711,100.43580244136388,74.08491205150209,1.0635079126249445,1.549049524263136
epsilon,full,107,1.3906092849246954,100.43580244136388,74.08491205150209,1.156396508576195,1.6722587529252775
epsilon,full,108,1.4980614338227598,100.43580244136388,74.08491205150209,1.2499291537000583,1.7954522085222393
epsilon,full,109,1.6057018228588642,100.43580244136388,74.08491205150209,1.3438934808422651,1.9185139154900743
epsilon,full,110,1.7134047519108886,100.43580244136388,74.08491205150209,1.4381329949590531,2.0413660309312363
epsilon,full,111,1.82108024942785,100.43580244136388,74.08491205150209,1.5325321175403543,2.163956785570515
epsilon,full,112,1.928663909757437,100.43580244136388,74.08491205150209,1.6270052423162102,2.2862522996578685
epsilon,full,113,2.0361096756625834,100.43580244136388,74.08491205150209,1.7214887697786303,2.408230994071428
epsilon,full,114,2.1433847028548256,100.43580244136388,74.08491205150209,1.8159353151824895,2.5298797517853178
epsilon,full,115,2.2504656937505287,100.43580244136388,74.08491205150209,1.9103094902246036,2.6511912675220923
epsilon,full,116,2.357336269256891,100.43580244136388,74.08491205150209,2.004584821179579,2.772162209172079
epsilon,full,117,2.463985076141693,100.43580244136388,74.08491205150209,2.0987414881060276,2.892791937385225
epsilon,full,118,2.570404417808052,100.43580244136388,74.08491205150209,2.1927646586480143,3.0130816113940813
epsilon,full,119,2.676589259278523,100.43580244136388,74.08491205150209,2.2866432539774784,3.133033563684925
epsilon,full,120,2.782536501092904,100.43580244136388,74.08491205150209,2.3803690301879543,3.252650862838268
epsilon,full,121,2.888244447466215,100.43580244136388,74.08491205150209,2.4739358910886713,3.3719370087025538
epsilon,full,122,2.9937124155068804,100.43580244136388,74.08491205150209,2.5673393716208164,3.4908957210054936
epsilon,full,123,3.0989404473770623,100.43580244136388,74.08491205150209,2.6605762477564268,3.609530794123188
epsilon,full,124,3.203929097931953,100.43580244136388,74.08491205150209,2.753644240636511,3.727845998799846
epsilon,full,125,3.3086792779409953,100.43580244136388,74.08491205150209,2.846541791307154,3.8458450171739917
epsilon,good,50,0.00010246405043423304,100.43580244136388,74.08491205150209,6.550522327234221e-05,0.00016027548807427572
epsilon,good,51,0.00012384892518182145,100.43580244136388,74.08491205150209,8.036281388024877e-05,0.0001908663413845723
epsilon,good,52,0.0001497083670655165,100.43580244136388,74.08491205150209,9.860535321409523e-05,0.00022729592703512198
epsilon,good,53,0.00018097544734868625,100.43580244136388,74.08491205150209,0.00012100362921477259,0.00027067049769990373
epsilon,good,54,0.00021877535086814532,100.43580244136388,74.08491205150209,0.000148502511323774,0.0003223019848002913
epsilon,good,55,0.0002644638478830111,100.43580244136388,74.08491205150209,0.00018225946694601887,0.00038374482274659236
epsilon,good,56,0.0003196730666813531,100.43580244136388,74.08491205150209,0.00022369125391181338,0.000456838914237335
epsilon,good,57,0.0003863658147549704,100.43580244136388,74.08491205150209,0.00027453039014178155,0.0005437596279748011
epsilon,good,58,0.0004668998653979429,100.43580244136388,74.08491205150209,0.00033689326627648204,0.0006470758134112198
epsilon,good,59,0.0005641038048844394,100.43580244136388,74.08491205150209,0.00041336205803907427,0.0007698169110988451
epsilon,good,60,0.0006813662190569202,100.43580244136388,74.08491205150209,0.0005070829090580741,0.0009155503294999697
epsilon,good,61,0.0008227401819261376,100.43580244136388,74.08491205150209,0.0006218831852596066,0.0010884703478086161
epsilon,good,62,0.0009930651860225914,100.43580244136388,74.08491205150209,0.0007624109390157374,0.0012934998872959872
epsilon,good,63,0.0011981088167743242,100.43580244136388,74.08491205150209,0.0009343000510062362,0.0015364065701231452
epsilon,good,64,0.0014447306124049217,100.43580244136388,74.08491205150209,0.0011443648214369208,0.0018239345559391193
epsilon,good,65,0.0017410706582536406,100.43580244136388,74.08491205150209,0.0014008280354784511,0.0021639537189847994
epsilon,good,66,0.002096765533344628,100.43580244136388,74.08491205150209,0.0017135867010530672,0.0025656278139414854
epsilon,good,67,0.0025231942550410853,100.43580244136388,74.08491205150209,0.002094519711756292,0.003039603405467073
epsilon,good,68,0.0030337568598859475,100.43580244136388,74.08491205150209,0.002557841573974457,0.0035982215546696535
epsilon,good,69,0.003644188232616918,100.43580244136388,74.08491205150209,0.0031205059794975677,0.004255754663505514
epsilon,good,70,0.004372909786115229,100.43580244136388,74.08491205150209,0.0038026622618183904,0.005028671672871166
epsilon,good,71,0.005241421662897757,100.43580244136388,74.08491205150209,0.004628166338621793,0.005935936402941567
epsilon,good,72,0.006274738366915656,100.43580244136388,74.08491205150209,0.005625144834171049,0.0069993471695285634
epsilon,good,73,0.0075018712782709,100.43580244136388,74.08491205150209,0.006826604558057622,0.008243933304928197
epsilon,good,74,0.008956362540408543,100.43580244136388,74.08491205150209,0.008271062992321674,0.009698442634241959
epsilon,good,75,0.010676876590135526,100.43580244136388,74.08491205150209,0.010003127741497165,0.01139600499632551
epsilon,good,76,0.012707858452142218,100.43580244136388,74.08491205150209,0.012073793982697745,0.013375221299212484
epsilon,good,77,0.015100272262011105,100.43580244136388,74.08491205150209,0.01453959904233292,0.015682566054467745
epsilon,good,78,0.017912439854901756,100.43580244136388,74.08491205150209,0.01745670552353662,0.01838007183674308
epsilon,good,79,0.021211008364628612,100.43580244136388,74.08491205150209,0.0208500081537305,0.0215782589880593
epsilon,good,80,0.025072088561737663,100.43580244136388,74.08491205150209,0.02464267440411204,0.02550898553213537
epsilon,good,81,0.029582623431573578,100.43580244136388,74.08491205150209,0.028838290454042067,0.0303461680743154
epsilon,good,82,0.03484207116296766,100.43580244136388,74.08491205150209,0.03359862470495907,0.03613153614427927
epsilon,good,83,0.040964521179384844,100.43580244136388,74.08491205150209,0.03905228422977157,0.04297039286057878
epsilon,good,84,0.048081410643653365,100.43580244136388,74.08491205150209,0.045312674325726124,0.05101932481109582
epsilon,good,85,0.05634507935862696,100.43580244136388,74.08491205150209,0.05250094431970702,0.06047068312899418
epsilon,good,86,0.06593350536807335,100.43580244136388,74.08491205150209,0.06075454124932911,0.07155394544551454
epsilon,good,87,0.07705672257655866,100.43580244136388,74.08491205150209,0.07023309343256273,0.08454331432719954
epsilon,good,88,0.08996567157178502,100.43580244136388,74.08491205150209,0.0811248350648249,0.09976996631049799
epsilon,good,89,0.10496464075530387,100.43580244136388,74.08491205150209,0.09365488981381181,0.11764015558390177
epsilon,good,90,0.1224291385410689,100.43580244136388,74.08491205150209,0.10809658826825097,0.13866204478824085
epsilon,good,91,0.14283223547740898,100.43580244136388,74.08491205150209,0.12478740813745752,0.16348642700392949
epsilon,good,92,0.16678461109437948,100.43580244136388,74.08491205150209,0.1441519916838717,0.1929706705607433
epsilon,good,93,0.1950977787623159,100.43580244136388,74.08491205150209,0.16673623344913419,0.2282835739455599
epsilon,good,94,0.22888865544512915,100.43580244136388,74.08491205150209,0.19325914189451135,0.2710868737069921
epsilon,good,95,0.2697628255044999,100.43580244136388,74.08491205150209,0.224693948259485,0.32387157103195086
epsilon,good,96,0.32016019266172085,100.43580244136388,74.08491205150209,0.26239788013754467,0.3906378699075619
epsilon,good,97,0.38407399620446653,100.43580244136388,74.08491205150209,0.3083167151392126,0.4784457906989015
epsilon,good,98,0.4688305153775484,100.43580244136388,74.08491205150209,0.36541025677300953,0.6015212985269793
epsilon,good,99,0.5790186753290203,100.43580244136388,74.08491205150209,0.4509323570407927,0.7434876232433338
epsilon,good,100,0.6847880894514552,100.43580244136388,74.08491205150209,0.5496171168903913,0.8532025532750876
epsilon,good,101,0.788093114130024,100.43580244136388,74.08491205150209,0.6359625863801981,0.9766152441047089
epsilon,good,102,0.8945025583455773,100.43580244136388,74.08491205150209,0.7259971274078391,1.1021184474154206
epsilon,good,103,1.0027686601190329,100.43580244136388,74.08491205150209,0.818498199929653,1.2285243703692243
epsilon,good,104,1.1121544722818641,100.43580244136388,74.08491205150209,0.9126435335718194,1.3552800460610686
epsilon,good,105,1.222163526889329,100.43580244136388,74.08491205150209,1.007862119883936,1.4820317749719318
epsilon,good,106,1.3324644337442317,100.43580244136388,74.08491205150209,1.1037514867097744,1.6085699440241696
epsilon,good,107,1.4428384434833252,100.43580244136388,74.08491205150209,1.2000328598455665,1.734771474725527
epsilon,good,108,1.5531419807116125,100.43580244136388,74.08491205150209,1.2965143151603913,1.8605656598171632
epsilon,good,109,1.663281352318113,100.43580244136388,74.08491205150209,1.3930636799858114,1.985914137821286
epsilon,good,110,1.77319604741168,100.43580244136388,74.08491205150209,1.4895897625261492,2.1107987592665864
epsilon,good,111,1.8828477301918787,100.43580244136388,74.08491205150209,1.586029602080755,2.2352140025872007
epsilon,good,112,1.9922129398254365,100.43580244136388,74.08491205150209,1.6823398151053446,2.359162139522557
epsilon,good,113,2.101278208570284,100.43580244136388,74.08491205150209,1.7784906835452325,2.4826501205003613
epsilon,good,114,2.210036770735024,100.43580244136388,74.08491205150209,1.8744620822900009,2.605687559192377
epsilon,good,115,2.318486328523999,100.43580244136388,74.08491205150209,1.9702406495301008,2.728285428906724
epsilon,good,116,2.4266275267761546,100.43580244136388,74.08491205150209,2.065817804806835,2.85045522407934
epsilon,good,117,2.5344629073735874,100.43580244136388,74.08491205150209,2.161188350546189,2.972208427474259
epsilon,good,118,2.641996190780026,100.43580244136388,74.08491205150209,2.256349478745515,3.093556179061848
epsilon,good,119,2.7492317822308325,100.43580244136388,74.08491205150209,2.351300061318455,3.21450907809271
epsilon,good,120,2.856174433119546,100.43580244136388,74.08491205150209,2.4460401405784573,3.3350770729692774
epsilon,good,121,2.96282901012198,100.43580244136388,74.08491205150209,2.5405705619500036,3.455269408649136
epsilon,good,122,3.06920033938298,100.43580244136388,74.08491205150209,2.6348927084326528,3.575094611298997
epsilon,good,123,3.17529310311141,100.43580244136388,74.08491205150209,2.7290083083149184,3.694560496553608
epsilon,good,124,3.281111772774768,100.43580244136388,74.08491205150209,2.822919295891859,3.813674192212399
epsilon,good,125,3.386660567796159,100.43580244136388,74.08491205150209,2.9166277107380894,3.9324421691662894
epsilon,bad,50,0.0007655978903111403,100.43580244136388,74.08491205150209,0.0005277136671522919,0.0011107162200514236
epsilon,bad,51,0.0008966474919003848,100.43580244136388,74.08491205150209,0.0006266216191248822,0.0012830338121018812
epsilon,bad,52,0.0010497039872120599,100.43580244136388,74.08491205150209,0.0007437938426844216,0.0014814299306271667
epsilon,bad,53,0.0012283367741182999,100.43580244136388,74.08491205150209,0.0008825094518626308,0.0017096827999596416
epsilon,bad,54,0.0014366599331814187,100.43580244136388,74.08491205150209,0.001046607471334593,0.0019720781860814705
epsilon,bad,55,0.0016794066797874384,100.43580244136388,74.08491205150209,0.001240574177955862,0.0022734688874162705
epsilon,bad,56,0.001962011953286811,100.43580244136388,74.08491205150209,0.0014696418416337534,0.0026193394851639316
epsilon,bad,57,0.0022907035910074616,100.43580244136388,74.08491205150209,0.0017398997904952516,0.0030158765295102787
epsilon,bad,58,0.0026726024716958153,100.43580244136388,74.08491205150209,0.0020584186632220227,0.00347004431087601
epsilon,bad,59,0.003115831934659419,100.43580244136388,74.08491205150209,0.002433388610938036,0.003989666344867542
epsilon,bad,60,0.0036296366908232527,100.43580244136388,74.08491205150209,0.0028742720695432303,0.004583512690732851
epsilon,bad,61,0.004224511345889924,100.43580244136388,74.08491205150209,0.0033919715364955317,0.00526139323975315
epsilon,bad,62,0.004912338562700812,100.43580244136388,74.08491205150209,0.00399901255408328,0.006034257164298701
epsilon,bad,63,0.005706536812329092,100.43580244136388,74.08491205150209,0.004709741822583153,0.0069142988336049335
epsilon,bad,64,0.006622217618110287,100.43580244136388,74.08491205150209,0.005540540037929427,0.007915070711771086
epsilon,bad,65,0.007676352204830228,100.43580244136388,74.08491205150209,0.006510048654473024,0.009051604112376928
epsilon,bad,66,0.008887947552147337,100.43580244136388,74.08491205150209,0.00763940927507802,0.010340539280625867
epsilon,bad,67,0.01027823204685201,100.43580244136388,74.08491205150209,0.00895251365911521,0.011800267280393786
epsilon,bad,68,0.011870851266114795,100.43580244136388,74.08491205150209,0.01047626116071489,0.013451087904399204
epsilon,bad,69,0.013692074939988934,100.43580244136388,74.08491205150209,0.012240818171990013,0.015315390975356277
epsilon,bad,70,0.01577101687478411,100.43580244136388,74.08491205150209,0.014279869428896978,0.017417874477297476
epsilon,bad,71,0.018139870609827725,100.43580244136388,74.08491205150209,0.01663084037564481,0.019785825509045184
epsilon,bad,72,0.020834164870613375,100.43580244136388,74.08491205150209,0.019335044119340703,0.022449518251769125
epsilon,bad,73,0.023893044516016246,100.43580244136388,74.08491205150209,0.022437640490678038,0.02544285244616123
epsilon,bad,74,0.02735958470560103,100.43580244136388,74.08491205150209,0.025987110682605917,0.028804544083617052
epsilon,bad,75,0.03128114849516435,100.43580244136388,74.08491205150209,0.030033388428356685,0.03258074770719646
epsilon,bad,76,0.03570980108109366,100.43580244136388,74.08491205150209,0.034621928011752796,0.03683185675905745
epsilon,bad,77,0.04070279756362185,100.43580244136388,74.08491205150209,0.03977524293076735,0.0416519826764819
epsilon,bad,78,0.04632316553589082,100.43580244136388,74.08491205150209,0.045450875247916495,0.04721219676322756
epsilon,bad,79,0.052640409247436376,100.43580244136388,74.08491205150209,0.051561691408889665,0.05374169485176817
epsilon,bad,80,0.059731368849284164,100.43580244136388,74.08491205150209,0.05815513828792038,0.06135032139284455
epsilon,bad,81,0.06768127674887447,100.43580244136388,74.08491205150209,0.06537377889816577,0.0700702223362869
epsilon,bad,82,0.07658506401610218,100.43580244136388,74.08491205150209,0.07333850730477562,0.0799753396394603
epsilon,bad,83,0.08654898396984001,100.43580244136388,74.08491205150209,0.0821517500676968,0.09118158310734611
epsilon,bad,84,0.0976926387665226,100.43580244136388,74.08491205150209,0.09191449078689833,0.10383402646807323
epsilon,bad,85,0.1101515197120293,100.43580244136388,74.08491205150209,0.10273473817763909,0.11810374475174833
epsilon,bad,86,0.12408020547258819,100.43580244136388,74.08491205150209,0.11473228806628745,0.13418975294229823
epsilon,bad,87,0.13965640758624745,100.43580244136388,74.08491205150209,0.12804251620826018,0.15232371838251843
epsilon,bad,88,0.15708611402803752,100.43580244136388,74.08491205150209,0.14282028215219258,0.17277691129425327
epsilon,bad,89,0.17661016482996106,100.43580244136388,74.08491205150209,0.15924447404549769,0.19586959301554413
epsilon,bad,90,0.19851270622421438,100.43580244136388,74.08491205150209,0.17752357804926716,0.221983439977335
epsilon,bad,91,0.22313211994118698,100.43580244136388,74.08491205150209,0.19790265610630256,0.25157794204997874
epsilon,bad,92,0.25087521985039163,100.43580244136388,74.08491205150209,0.2206721806423166,0.28521209946711845
epsilon,bad,93,0.28223575018172603,100.43580244136388,74.08491205150209,0.2461792745567147,0.323573212343228
epsilon,bad,94,0.317818487658758,100.43580244136388,74.08491205150209,0.2748420159828105,0.3675151003986869
epsilon,bad,95,0.35837046782499016,100.43580244136388,74.08491205150209,0.3071675399780755,0.4181086068478106
epsilon,bad,96,0.4048208291143178,100.43580244136388,74.08491205150209,0.34377455957949044,0.47670747912604056
epsilon,bad,97,0.45833027077227656,100.43580244136388,74.08491205150209,0.3854199243846425,0.5450331542708349
epsilon,bad,98,0.52035651334881,100.43580244136388,74.08491205150209,0.4330366363049287,0.6252840482389651
epsilon,bad,99,0.5918288865160096,100.43580244136388,74.08491205150209,0.4889689911283324,0.716326469100884
epsilon,bad,100,0.6698680580808292,100.43580244136388,74.08491205150209,0.5523138328047811,0.812442471263589
epsilon,bad,101,0.753787412519509,100.43580244136388,74.08491205150209,0.6202329280863657,0.9161001255220954
epsilon,bad,102,0.8431750524552714,100.43580244136388,74.08491205150209,0.6935157577524513,1.0251305195818194
epsilon,bad,103,0.9370160804882675,100.43580244136388,74.08491205150209,0.771365538476634,1.138240031862911
epsilon,bad,104,1.0343951105578673,100.43580244136388,74.08491205150209,0.8529932109342524,1.2543748660954988
epsilon,bad,105,1.1345247270615917,100.43580244136388,74.08491205150209,0.9376747141661612,1.3727002945352853
epsilon,bad,106,1.2367550575373758,100.43580244136388,74.08491205150209,1.0247806887015294,1.4925760108558874
epsilon,bad,107,1.3405644118024729,100.43580244136388,74.08491205150209,1.1137846602821373,1.6135192073269136
epsilon,bad,108,1.4455414541906917,100.43580244136388,74.08491205150209,1.2042571467578385,1.7351693543272206
epsilon,bad,109,1.551365523138222,100.43580244136388,74.08491205150209,1.295853451400119,1.857258614993498
epsilon,bad,110,1.6577883486288973,100.43580244136388,74.08491205150209,1.3882997609802,1.9795884765616714
epsilon,bad,111,1.7646184284408981,100.43580244136388,74.08491205150209,1.481379903321212,2.102011908634644
epsilon,bad,112,1.871708290367411,100.43580244136388,74.08491205150209,1.5749237658211666,2.2244200006744306
epsilon,bad,113,1.9789443971277905,100.43580244136388,74.08491205150209,1.668797643071888,2.346732057767397
epsilon,bad,114,2.0862392831144048,100.43580244136388,74.08491205150209,1.7628964236986284,2.468888295364628
epsilon,bad,115,2.193525492993789,100.43580244136388,74.08491205150209,1.8571373795838788,2.59084445841683
epsilon,bad,116,2.300750936592177,100.43580244136388,74.08491205150209,1.951455283602261,2.712567854723477
epsilon,bad,117,2.407875339099539,100.43580244136388,74.08491205150209,2.045798596731134,2.83403442445791
epsilon,bad,118,2.514867530247184,100.43580244136388,74.08491205150209,2.140126500445682,2.9552265687913684
epsilon,bad,119,2.621703372690818,100.43580244136388,74.08491205150209,2.2344065898734664,3.0761315355624883
epsilon,bad,120,2.7283641762085122,100.43580244136388,74.08491205150209,2.328613080100615,3.1967402148648563
epsilon,bad,121,2.8348354809567056,100.43580244136388,74.08491205150209,2.422725409633789,3.3170462373223617
epsilon,bad,122,2.9411061213339953,100.43580244136388,74.08491205150209,2.51672715083912,3.437045296731593
epsilon,bad,123,3.0471675035853067,100.43580244136388,74.08491205150209,2.610605157717298,3.556734639651626
epsilon,bad,124,3.1530130466086437,100.43580244136388,74.08491205150209,2.704348897380312,3.6761126797339605
epsilon,bad,125,3.258637747728907,100.43580244136388,74.08491205150209,2.7979499240169114,3.7951787055855615
eta,full,50,0.00023017970099627823,131.50205089732302,70.52715557625264,0.0001659737380095128,0.00031922336260028887
eta,full,51,0.0003099238590799703,131.50205089732302,70.52715557625264,0.00022995834270989318,0.0004176965153562526
eta,full,52,0.00041478171103933307,131.50205089732302,70.52715557625264,0.0003163378701968014,0.0005438611181951884
eta,full,53,0.0005514672352048176,131.50205089732302,70.52715557625264,0.0004317790170437206,0.0007043327709314131
eta,full,54,0.0007279731869569209,131.50205089732302,70.52715557625264,0.0005843871170308331,0.0009068388838220324
eta,full,55,0.0009536150941786175,131.50205089732302,70.52715557625264,0.0007837907512913559,0.0011602353642818782
eta,full,56,0.001239000889759227,131.50205089732302,70.52715557625264,0.0010411420588707673,0.001474460849741452
eta,full,57,0.0015959065669818205,131.50205089732302,70.52715557625264,0.0013690055939439697,0.0018604144364365099
eta,full,58,0.0020370438156456345,131.50205089732302,70.52715557625264,0.0017811147269154754,0.002329747457675727
eta,full,59,0.00257571480213728,131.50205089732302,70.52715557625264,0.0022919857885370597,0.0028945671369906994
eta,full,60,0.0032253613406947462,131.50205089732302,70.52715557625264,0.0029163954545642075,0.003567059385505286
eta,full,61,0.003999029112272344,131.50205089732302,70.52715557625264,0.0036687440818842796,0.004359048623688154
eta,full,62,0.004908780191257401,131.50205089732302,70.52715557625264,0.004562343724805589,0.005281522923200583
eta,full,63,0.005965096659780479,131.50205089732302,70.52715557625264,0.005608680943755835,0.006344161580476105
eta,full,64,0.007176322626539881,131.50205089732302,70.52715557625264,0.0068167083086951,0.007554908338163389
eta,full,65,0.00854819048141839,131.50205089732302,70.52715557625264,0.008192213084440176,0.00891963621471223
eta,full,66,0.010083469797974146,131.50205089732302,70.52715557625264,0.009737297939177318,0.01044194845446489
eta,full,67,0.011781765144466225,131.50205089732302,70.52715557625264,0.01144999324357668,0.012123150378034513
eta,full,68,0.013639474195192127,131.50205089732302,70.52715557625264,0.013324024220974687,0.013962392535166296
eta,full,69,0.01564990229696142,131.50205089732302,70.52715557625264,0.01534882708743708,0.015956883252981814
eta,full,70,0.017803516213505975,131.50205089732302,70.52715557625264,0.017510095231229428,0.01810185412351497
eta,full,71,0.02008830973758359,131.50205089732302,70.52715557625264,0.01979126081053781,0.020389817100395728
eta,full,72,0.022490248033345407,131.50205089732302,70.52715557625264,0.02217571821191009,0.022809238995909357
eta,full,73,0.024993755968801046,131.50205089732302,70.52715557625264,0.02464836236164851,0.0253439895219959
eta,full,74,0.02758221771390156,131.50205089732302,70.52715557625264,0.027195370960503725,0.027974567257124612
eta,full,75,0.03023845953815903,131.50205089732302,70.52715557625264,0.029803148711926,0.030680128602485198
eta,full,76,0.032945193938846894,131.50205089732302,70.52715557625264,0.03245771865509781,0.033439990505856554
eta,full,77,0.03568540991223242,131.50205089732302,70.52715557625264,0.03514475388445284,0.036234383225184505
eta,full,78,0.038442700568486345,131.50205089732302,70.52715557625264,0.037849905471454164,0.039044779863792956
eta,full,79,0.04120152496574638,131.50205089732302,70.52715557625264,0.04055916725055753,0.041854056051401974
eta,full,80,0.04394740549455806,131.50205089732302,70.52715557625264,0.04325917907525857,0.04464658116472979
eta,full,81,0.0466670649525208,131.50205089732302,70.52715557625264,0.045937450215966666,0.04740826800451895
eta,full,82,0.04934850958094009,131.50205089732302,70.52715557625264,0.04858250976076598,0.05012658691064173
eta,full,83,0.05198106676464804,131.50205089732302,70.52715557625264,0.05118399525063644,0.05279055081104085
eta,full,84,0.054555386191995105,131.50205089732302,70.52715557625264,0.05373269299057659,0.05539067552560039
eta,full,85,0.05706340942085707,131.50205089732302,70.52715557625264,0.0562205446905548,0.05791891047401067
eta,full,86,0.0594983125607668,131.50205089732302,70.52715557625264,0.058640626515780114,0.06036854324238978
eta,full,87,0.0618544348896372,131.50205089732302,70.52715557625264,0.060987097888284866,0.06273410685198887
eta,full,88,0.06412720649975705,131.50205089732302,70.52715557625264,0.06325513091884995,0.06501130507085905
eta,full,89,0.06631306795202871,131.50205089732302,70.52715557625264,0.06544084883812488,0.06719691231524036
eta,full,90,0.0684093647042083,131.50205089732302,70.52715557625264,0.06754127529432569,0.06928861142819649
eta,full,91,0.07041423256486709,131.50205089732302,70.52715557625264,0.06955425062639538,0.07128484748303217
eta,full,92,0.07232652372413356,131.50205089732302,70.52715557625264,0.07147830073445754,0.07318481245729846
eta,full,93,0.07414577755458406,131.50205089732302,70.52715557625264,0.07331253773303888,0.07498848763349145
eta,full,94,0.07587215428200818,131.50205089732302,70.52715557625264,0.07505666591360088,0.07669650290647552
eta,full,95,0.07750627171993736,131.50205089732302,70.52715557625264,0.07671100649734049,0.07830978148009343
eta,full,96,0.07904904033795787,131.50205089732302,70.52715557625264,0.07827636729894874,0.07982934050180446
eta,full,97,0.08050166664699436,131.50205089732302,70.52715557625264,0.07975377585056788,0.0812565707871455
eta,full,98,0.08186581174436669,131.50205089732302,70.52715557625264,0.08114435794855504,0.08259367997973581
eta,full,99,0.08314363469827014,131.50205089732302,70.52715557625264,0.08244955126097062,0.08384356112453159
eta,full,100,0.08433750427128851,131.50205089732302,70.52715557625264,0.08367139523603656,0.08500891620899109
eta,full,101,0.08544957440628403,131.50205089732302,70.52715557625264,0.08481241018358818,0.08609152540777565
eta,full,102,0.08648171330699908,131.50205089732302,70.52715557625264,0.08587499880514925,0.0870927143007485
eta,full,103,0.08743598983788252,131.50205089732302,70.52715557625264,0.08686097157961456,0.08801481470792707
eta,full,104,0.08831525527719425,131.50205089732302,70.52715557625264,0.08777185241629862,0.08886202239053642
eta,full,105,0.08912307392323704,131.50205089732302,70.52715557625264,0.08860980630504169,0.08963931461697419
eta,full,106,0.08986281867984004,131.50205089732302,70.52715557625264,0.08937818008382174,0.09035008514955782
eta,full,107,0.09053669145051521,131.50205089732302,70.52715557625264,0.09008084317323485,0.09099484651850244
eta,full,108,0.09114573994974703,131.50205089732302,70.52715557625264,0.09072072598594255,0.09157274504476731
eta,full,109,0.09169113508833793,131.50205089732302,70.52715557625264,0.09129896500462688,0.0920849897187966
eta,full,110,0.09217569941740474,131.50205089732302,70.52715557625264,0.09181577299670207,0.09253703678335234
eta,full,111,0.09260418245741968,131.50205089732302,70.52715557625264,0.09227256209435883,0.0929369946380989
eta,full,112,0.09298169043448003,131.50205089732302,70.52715557625264,0.09267331062291291,0.09329109641105131
eta,full,113,0.09331132273616077,131.50205089732302,70.52715557625264,0.09302356538730229,0.09359997022819402
eta,full,114,0.09359300244389679,131.50205089732302,70.52715557625264,0.09332767880630136,0.09385908037682635
eta,full,115,0.09382477791980434,131.50205089732302,70.52715557625264,0.09358638582421219,0.09406377727029516
eta,full,116,0.09400595481524694,131.50205089732302,70.52715557625264,0.09379679904346439,0.09421557697967099
eta,full,117,0.09413979458438311,131.50205089732302,70.52715557625264,0.09395602792878098,0.09432392066539365
eta,full,118,0.09423354194451855,131.50205089732302,70.52715557625264,0.09406674131784575,0.09440063834468865
eta,full,119,0.0942953326907888,131.50205089732302,70.52715557625264,0.09413809843632245,0.09445282956592825
eta,full,120,0.09432983778439501,131.50205089732302,70.52715557625264,0.0941789968339444,0.09448092032790878
eta,full,121,0.09433563578926552,131.50205089732302,70.52715557625264,0.0941921433640442,0.09447934681102112
eta,full,122,0.09430639110240502,131.50205089732302,70.52715557625264,0.09417247746041459,0.09444049517013337
eta,full,123,0.09423549828678254,131.50205089732302,70.52715557625264,0.09410663713333738,0.09436453589108575
eta,full,124,0.09412151316936193,131.50205089732302,70.52715557625264,0.09398240098166526,0.09426083127008662
eta,full,125,0.09397096419587757,131.50205089732302,70.52715557625264,0.09381072105367724,0.09413148105801453
eta,good,50,1.388037233100798e-05,131.50205089732302,70.52715557625264,7.5141113785219326e-06,2.5640388642377315e-05
eta,good,51,1.826805360733222e-05,131.50205089732302,70.52715557625264,1.0176758698076914e-05,3.279254156467585e-05
eta,good,52,2.4004731325960317e-05,131.50205089732302,70.52715557625264,1.3757658625176174e-05,4.188409828523141e-05
eta,good,53,3.1486301810802705e-05,131.50205089732302,70.52715557625264,1.8559702689183865e-05,5.341611438090081e-05
eta,good,54,4.1216036470689966e-05,131.50205089732302,70.52715557625264,2.4978615408038555e-05,6.800863997475834e-05
eta,good,55,5.382976770341331e-05,131.50205089732302,70.52715557625264,3.3527939197692836e-05,8.642475381257059e-05
eta,good,56,7.012529387219998e-05,131.50205089732302,70.52715557625264,4.486912085822539e-05,0.00010959779791987885
eta,good,57,9.109600256608575e-05,131.50205089732302,70.52715557625264,5.9847009912417646e-05,0.00013866159221094938
eta,good,58,0.00011796837239805125,131.50205089732302,70.52715557625264,7.953074721835862e-05,0.000174983102422466
eta,good,59,0.00015224255328904435,131.50205089732302,70.52715557625264,0.0001052595288275383,0.00022019664433367358
eta,good,60,0.00019573464560617226,131.50205089732302,70.52715557625264,0.00013869206331038403,0.00027623824014236427
eta,good,61,0.00025061862183909246,131.50205089732302,70.52715557625264,0.00018185771286769551,0.00034537822246901963
eta,good,62,0.000319465108641792,131.50205089732302,70.52715557625264,0.00023720636577937945,0.00043024964909429915
eta,good,63,0.00040527354843066616,131.50205089732302,70.52715557625264,0.0003076531170404509,0.0005338696082054907
eta,good,64,0.0005114936908025389,131.50205089732302,70.52715557625264,0.0003966129633585944,0.0006596501372907885
eta,good,65,0.0006420320443156711,131.50205089732302,70.52715557625264,0.000508020107987223,0.0008113953354352797
eta,good,66,0.0008012389689565246,131.50205089732302,70.52715557625264,0.0006463262915907829,0.0009932814024854529
eta,good,67,0.000993872608014877,131.50205089732302,70.52715557625264,0.0008164729703161911,0.0012098168547818062
eta,good,68,0.0012250368987774616,131.50205089732302,70.52715557625264,0.0010238332511399728,0.0014657810748921762
eta,good,69,0.0015000924512106265,131.50205089732302,70.52715557625264,0.0012741212792213707,0.0017661406326674608
eta,good,70,0.0018245410497343345,131.50205089732302,70.52715557625264,0.0015732691557123262,0.002115944388840716
eta,good,71,0.002203886743417258,131.50205089732302,70.52715557625264,0.0019272742377212874,0.0025202001265544533
eta,good,72,0.002643478710316627,131.50205089732302,70.52715557625264,0.0023420225322943267,0.0029837371739765417
eta,good,73,0.0031483430472200665,131.50205089732302,70.52715557625264,0.0028230964896137573,0.0035110609854978976
eta,good,74,0.003723012091873993,131.50205089732302,70.52715557625264,0.0033755774805686724,0.0041062067501128376
eta,good,75,0.004371360628819881,131.50205089732302,70.52715557625264,0.004003854327907881,0.004772599645797152
eta,good,76,0.005096458248122347,131.50205089732302,70.52715557625264,0.004711449286389219,0.0055129292699572455
eta,good,77,0.005900446212446053,131.50205089732302,70.52715557625264,0.005500871816608844,0.006329045043523983
eta,good,78,0.006784445543992116,131.50205089732302,70.52715557625264,0.006373508499342637,0.0072218780824002795
eta,good,79,0.007748500861210674,131.50205089732302,70.52715557625264,0.007329554746991672,0.008191393293136251
eta,good,80,0.008791562028600715,131.50205089732302,70.52715557625264,0.008367990922731761,0.009236573463861001
eta,good,81,0.009911503198740762,131.50205089732302,70.52715557625264,0.009486602432976905,0.010355435083603603
eta,good,82,0.011105176554640439,131.50205089732302,70.52715557625264,0.010682040580883019,0.011545073750276014
eta,good,83,0.012368496186345711,131.50205089732302,70.52715557625264,0.01194991870713734,0.012801735447813385
eta,good,84,0.01369654622972931,131.50205089732302,70.52715557625264,0.013284936709670774,0.014120908719614154
eta,good,85,0.015083706747605891,131.50205089732302,70.52715557625264,0.014681026515036954,0.015497431941474755
eta,good,86,0.016523790669545076,131.50205089732302,70.52715557625264,0.016131510897333015,0.016925609747818805
eta,good,87,0.01801018514140024,131.50205089732302,70.52715557625264,0.01762926773182417,0.01839933307280656
eta,good,88,0.019535991089676817,131.50205089732302,70.52715557625264,0.019166892417773633,0.019912197529841604
eta,good,89,0.021094156309145334,131.50205089732302,70.52715557625264,0.020736854014707394,0.021457615030663294
eta,good,90,0.02267759942098108,131.50205089732302,70.52715557625264,0.022331643016278126,0.023028915298512243
eta,good,91,0.024279322453066386,131.50205089732302,70.52715557625264,0.023943906148720787,0.024619437410026226
eta,good,92,0.02589250798087065,131.50205089732302,70.52715557625264,0.02556655881850042,0.026222612683186798
eta,good,93,0.027510596811061726,131.50205089732302,70.52715557625264,0.02719286915532343,0.027832036868850885
eta,good,94,0.029127348210382018,131.50205089732302,70.52715557625264,0.028816520231096997,0.029441528920389957
eta,good,95,0.030736891767606845,131.50205089732302,70.52715557625264,0.030431662399280583,0.03104518258443587
eta,good,96,0.0323337762225266,131.50205089732302,70.52715557625264,0.032032953842744426,0.03263742363382545
eta,good,97,0.03391300475340537,131.50205089732302,70.52715557625264,0.03361557118023818,0.034213070045366584
eta,good,98,0.03547003804553783,131.50205089732302,70.52715557625264,0.03517518035416296,0.035767367396113525
eta,good,99,0.03700076619169251,131.50205089732302,70.52715557625264,0.036707888058848205,0.03729598108661261
eta,good,100,0.038501484936264915,131.50205089732302,70.52715557625264,0.03821021166222764,0.03879497856230961
eta,good,101,0.03996891624777956,131.50205089732302,70.52715557625264,0.03967908742347461,0.040260862075091705
eta,good,102,0.04140026335820976,131.50205089732302,70.52715557625264,0.04111189750847428,0.04169065185511876
eta,good,103,0.04279322807863308,131.50205089732302,70.52715557625264,0.04250646928348082,0.04308192141711448
eta,good,104,0.04414592242547158,131.50205089732302,70.52715557625264,0.04386100937165261,0.04443268622211201
eta,good,105,0.045456702654816085,131.50205089732302,70.52715557625264,0.04517398499062065,0.04574118968422614
eta,good,106,0.04672406022391715,131.50205089732302,70.52715557625264,0.04644402474100591,0.04700578418822351
eta,good,107,0.047946696358140035,131.50205089732302,70.52715557625264,0.04766992353654321,0.048225076129970706
eta,good,108,0.04912375130407007,131.50205089732302,70.52715557625264,0.04885077769909644,0.04939825026017467
eta,good,109,0.05025497852896239,131.50205089732302,70.52715557625264,0.04998616204985169,0.05052524065415747
eta,good,110,0.05134063391916625,131.50205089732302,70.52715557625264,0.051076158585969915,0.051606478721089394
eta,good,111,0.05238105874275543,131.50205089732302,70.52715557625264,0.05212110633704244,0.05264230765305139
eta,good,112,0.053376227794634426,131.50205089732302,70.52715557625264,0.05312119285272111,0.053632487159760094
eta,good,113,0.05432565129326868,131.50205089732302,70.52715557625264,0.05407619150916932,0.05457626186447317
eta,good,114,0.05522881111204434,131.50205089732302,70.52715557625264,0.05498559051970892,0.05547310755454299
eta,good,115,0.056085893838691774,131.50205089732302,70.52715557625264,0.055849166561593985,0.056323624529218484
eta,good,116,0.05689827316212588,131.50205089732302,70.52715557625264,0.05666772129920755,0.05712976302220161
eta,good,117,0.057668270380292375,131.50205089732302,70.52715557625264,0.05744329400982372,0.05789412786957815
eta,good,118,0.058398188932491185,131.50205089732302,70.52715557625264,0.05817835518221752,0.058618853350417936
eta,good,119,0.059089174224455254,131.50205089732302,70.52715557625264,0.058874485921002875,0.05930464539788803
eta,good,120,0.05974068752570758,131.50205089732302,70.52715557625264,0.05953157898567776,0.05995053057307381
eta,good,121,0.06035108716190947,131.50205089732302,70.52715557625264,0.06014798568832015,0.06055487444746907
eta,good,122,0.060919126541318876,131.50205089732302,70.52715557625264,0.060721592701442,0.06111730297991823
eta,good,123,0.06144553228605508,131.50205089732302,70.52715557625264,0.061251913113325306,0.061639763494917975
eta,good,124,0.06193364935438025,131.50205089732302,70.52715557625264,0.06174223335231498,0.06212565879279948
eta,good,125,0.0623885897985043,131.50205089732302,70.52715557625264,0.062199241726479074,0.0625785142874019
eta,bad,50,0.0006518224412462981,131.50205089732302,70.52715557625264,0.0005179102504093775,0.0008203593085412909
eta,bad,51,0.0008780433253981392,131.50205089732302,70.52715557625264,0.000717018726470345,0.0010752300502267405
eta,bad,52,0.0011735507079598585,131.50205089732302,70.52715557625264,0.0009835539657458685,0.0014002498206681345
eta,bad,53,0.0015553077360293854,131.50205089732302,70.52715557625264,0.001335791226388922,0.001810898369419709
eta,bad,54,0.002042676763559697,131.50205089732302,70.52715557625264,0.0017949315568314887,0.002324616971887381
eta,bad,55,0.0026571170636446157,131.50205089732302,70.52715557625264,0.002384766606278811,0.0029605710979525284
eta,bad,56,0.0034216401355873947,131.50205089732302,70.52715557625264,0.0031309972944737023,0.003739262642649613
eta,bad,57,0.004360016624026228,131.50205089732302,70.52715557625264,0.004060152874319325,0.004682026896578864
eta,bad,58,0.005495761382744804,131.50205089732302,70.52715557625264,0.005198046250200879,0.005810527979604234
eta,bad,59,0.006850958326324916,131.50205089732302,70.52715557625264,0.006567597541476417,0.007146544789419208
eta,bad,60,0.008445017597881164,131.50205089732302,70.52715557625264,0.00818549016201612,0.008712773556245598
eta,bad,61,0.010293477314090117,131.50205089732302,70.52715557625264,0.010056480890879444,0.010536058922140707
eta,bad,62,0.012406965670614565,131.50205089732302,70.52715557625264,0.012167117249408922,0.012651542185087955
eta,bad,63,0.01479042489046568,131.50205089732302,70.52715557625264,0.014496694811004521,0.015090106489270044
eta,bad,64,0.01744266878335936,131.50205089732302,70.52715557625264,0.017042719989411217,0.01785200334659081
eta,bad,65,0.02035630631986424,131.50205089732302,70.52715557625264,0.019811297740165025,0.020916308079507624
eta,bad,66,0.02351802208923249,131.50205089732302,70.52715557625264,0.022800439031921922,0.024258189160974455
eta,bad,67,0.02690916800413716,131.50205089732302,70.52715557625264,0.025999220662526475,0.027850962614373774
eta,bad,68,0.03050659439595503,131.50205089732302,70.52715557625264,0.02939041526072575,0.0316651634004961
eta,bad,69,0.03428363515583843,131.50205089732302,70.52715557625264,0.03295242972080344,0.035668618352491646
eta,bad,70,0.03821116047969409,131.50205089732302,70.52715557625264,0.036660685818915725,0.03982720870026864
eta,bad,71,0.042258619650539286,131.50205089732302,70.52715557625264,0.04048873251004296,0.04410587400645332
eta,bad,72,0.046395011655740774,131.50205089732302,70.52715557625264,0.04440919974092684,0.048469621589524246
eta,bad,73,0.05058973969786973,131.50205089732302,70.52715557625264,0.04839462078802464,0.05288442643054094
eta,bad,74,0.05481332378720358,131.50205089732302,70.52715557625264,0.052418124669315135,0.05731796937710005
eta,bad,75,0.05903796152231058,131.50205089732302,70.52715557625264,0.056453997006464134,0.06174019707250715
eta,bad,76,0.06323793981416334,131.50205089732302,70.52715557625264,0.06047811164670174,0.0661237086121527
eta,bad,77,0.06738990920559247,131.50205089732302,70.52715557625264,0.06446824087692829,0.07044398607692211
eta,bad,78,0.07147303761337016,131.50205089732302,70.52715557625264,0.06840425675839006,0.0746794914200374
eta,bad,79,0.07546906315233777,131.50205089732302,70.52715557625264,0.07226823787453106,0.07881165586159665
eta,bad,80,0.07936226715104658,131.50205089732302,70.52715557625264,0.0760444962796305,0.08282479016224592
eta,bad,81,0.08313938622938963,131.50205089732302,70.52715557625264,0.07971954289571115,0.0867059354773532
eta,bad,82,0.08678947735560971,131.50205089732302,70.52715557625264,0.08328200923226223,0.09044466444911302
eta,bad,83,0.09030375135755005,131.50205089732302,70.52715557625264,0.08672253105560009,0.09403285870448116
eta,bad,84,0.09367539568124898,131.50205089732302,70.52715557625264,0.09003359795753169,0.09746450164279466
eta,bad,85,0.09689939426779645,131.50205089732302,70.52715557625264,0.09320939765016344,0.10073547138140315
eta,bad,86,0.09997233017540186,131.50205089732302,70.52715557625264,0.09624568083954335,0.10384327601528333
eta,bad,87,0.10289217596360664,131.50205089732302,70.52715557625264,0.09913961057321648,0.10678678091747436
eta,bad,88,0.10565812361507003,131.50205089732302,70.52715557625264,0.10188955313275909,0.10956608153253479
eta,bad,89,0.1082704735172728,131.50205089732302,70.52715557625264,0.10449488730147934,0.11218247838129893
eta,bad,90,0.11073049452978287,131.50205089732302,70.52715557625264,0.10695594967003434,0.11463824552665801
eta,bad,91,0.11304018291546887,131.50205089732302,70.52715557625264,0.10927402266632312,0.11693614494802253
eta,bad,92,0.1152020485989299,131.50205089732302,70.52715557625264,0.11145111758295706,0.1190792186674283
eta,bad,93,0.1172191291210566,131.50205089732302,70.52715557625264,0.11348959626828857,0.12107122312266329
eta,bad,94,0.11909513185242358,131.50205089732302,70.52715557625264,0.11539206911686267,0.12291703008273254
eta,bad,95,0.12083430757953036,131.50205089732302,70.52715557625264,0.11716175348293978,0.1246219816123751
eta,bad,96,0.12244093948132528,131.50205089732302,70.52715557625264,0.11880272280800583,0.12619057296605413
eta,bad,97,0.12391897870926108,131.50205089732302,70.52715557625264,0.1203193841486064,0.12762626232677704
eta,bad,98,0.12527241003048836,131.50205089732302,70.52715557625264,0.12171555370661923,0.1289332072766421
eta,bad,99,0.12650603504415947,131.50205089732302,70.52715557625264,0.12299435934179952,0.1301179744196223
eta,bad,100,0.127625569579738,131.50205089732302,70.52715557625264,0.12415941771083633,0.13118848582624226
eta,bad,101,0.12863652411239218,131.50205089732302,70.52715557625264,0.1252159672950152,0.1321505211610245
eta,bad,102,0.12954289709680064,131.50205089732302,70.52715557625264,0.12617022520973623,0.13300572429300306
eta,bad,103,0.13034736315872247,131.50205089732302,70.52715557625264,0.12702716168525358,0.13375434715711104
eta,bad,104,0.13105323048311868,131.50205089732302,70.52715557625264,0.12778910306727542,0.13440073377007397
eta,bad,105,0.13166626505811163,131.50205089732302,70.52715557625264,0.1284572055938246,0.13495549178586766
eta,bad,106,0.1321940801321199,131.50205089732302,70.52715557625264,0.1290347990071839,0.13543071292732756
eta,bad,107,0.13264304665777382,131.50205089732302,70.52715557625264,0.12952909044322264,0.13583186422797078
eta,bad,108,0.13301550895611652,131.50205089732302,70.52715557625264,0.12994881289561036,0.13615457677991905
eta,bad,109,0.1333104239333802,131.50205089732302,70.52715557625264,0.1302994431693701,0.1363909829315003
eta,bad,110,0.13352760069490513,131.50205089732302,70.52715557625264,0.13058057200622,0.1365411398756068
eta,bad,111,0.13367206487387778,131.50205089732302,70.52715557625264,0.13078859625484177,0.136619104717891
eta,bad,112,0.13375428222971555,131.50205089732302,70.52715557625264,0.1309230782270975,0.13664671085531824
eta,bad,113,0.13378517544106272,131.50205089732302,70.52715557625264,0.13099129050641042,0.1366386505438697
eta,bad,114,0.13376950367735482,131.50205089732302,70.52715557625264,0.1310063731430901,0.13659091298208095
eta,bad,115,0.1337031814105233,131.50205089732302,70.52715557625264,0.13097975430091283,0.13648323601390905
eta,bad,116,0.1335774965522945,131.50205089732302,70.52715557625264,0.13091364413271428,0.13629555348020014
eta,bad,117,0.1333878123669057,131.50205089732302,70.52715557625264,0.1307999708427484,0.13602685362536726
eta,bad,118,0.13314042486388747,131.50205089732302,70.52715557625264,0.13062742554970921,0.135701769045359
eta,bad,119,0.13285198898142678,131.50205089732302,70.52715557625264,0.13039198182556216,0.13535840723651835
eta,bad,120,0.1325409973319974,131.50205089732302,70.52715557625264,0.13010318862736406,0.13502448448112614
eta,bad,121,0.13221659920322285,131.50205089732302,70.52715557625264,0.12978108410007688,0.13469781999498115
eta,bad,122,0.13187239166092057,131.50205089732302,70.52715557625264,0.12944507348480108,0.1343452262353819
eta,bad,123,0.1314899532179303,131.50205089732302,70.52715557625264,0.12910195700021113,0.13392212015209984
eta,bad,124,0.13105068976394865,131.50205089732302,70.52715557625264,0.12874124506473633,0.1334015627934217
eta,bad,125,0.1305490762439353,131.50205089732302,70.52715557625264,0.12834132412557314,0.13279480653845654
