run_id,scenario_id,nuisance_param,nuisance_factor,curve_type,focal_param,focal_value,h_ext,from_t,tmax,x_norm,y_norm,t_median_absolute,steepness_iqr_absolute
central__baseline__baseline_1,central,central,1.0,baseline,baseline,1.0,0.0,20,140.0,1.0,1.0,82.12734199208582,4.5552907613440174
central__parameter_factor__eta_0p5,central,central,1.0,parameter_factor,eta,0.5,0.0,20,140.0,,,,
central__parameter_factor__eta_0p6,central,central,1.0,parameter_factor,eta,0.6,0.0,20,140.0,1.595669828545557,,131.0481217154139,
central__parameter_factor__eta_0p7,central,central,1.0,parameter_factor,eta,0.7,0.0,20,140.0,1.3855433124680032,0.9564344051775923,113.79098946790712,4.356836809737047
central__parameter_factor__eta_0p8,central,central,1.0,parameter_factor,eta,0.8,0.0,20,140.0,1.2261724014430675,0.9726995850703058,100.70228015457194,4.430929433433923
central__parameter_factor__eta_0p9,central,central,1.0,parameter_factor,eta,0.9,0.0,20,140.0,1.1010028258256168,0.9870824605303358,90.42243561083332,4.496447613138559
central__parameter_factor__eta_1,central,central,1.0,parameter_factor,eta,1.0,0.0,20,140.0,1.0,1.0,82.12734199208582,4.5552907613440174
central__parameter_factor__eta_1p1,central,central,1.0,parameter_factor,eta,1.1,0.0,20,140.0,0.9167207330948128,1.0117585590959872,75.28783715811332,4.6088544169606855
central__parameter_factor__eta_1p2,central,central,1.0,parameter_factor,eta,1.2,0.0,20,140.0,0.8468352698451744,1.0225932707515617,69.54832981753492,4.65820967886715
central__parameter_factor__eta_1p3,central,central,1.0,parameter_factor,eta,1.3,0.0,20,140.0,0.7873243788202279,1.032689830271577,64.66085851807539,4.704202443170036
central__parameter_factor__eta_1p4,central,central,1.0,parameter_factor,eta,1.4,0.0,20,140.0,0.7360176356168907,1.0422023511209055,60.44717207251479,4.747534741512075
central__parameter_factor__eta_1p5,central,central,1.0,parameter_factor,eta,1.5,0.0,20,140.0,0.6913138597015147,1.051264084461374,56.77576977957513,4.7888135716796745
central__parameter_factor__beta_0p5,central,central,1.0,parameter_factor,beta,0.5,0.0,20,140.0,0.4686640431413024,0.6458019769245311,38.4901321504594,2.941815779142019
central__parameter_factor__beta_0p6,central,central,1.0,parameter_factor,beta,0.6,0.0,20,140.0,0.5673074542272792,0.6825533781874036,46.59145330798333,3.109229097781229
central__parameter_factor__beta_0p7,central,central,1.0,parameter_factor,beta,0.7,0.0,20,140.0,0.6720116605012869,0.7467532112868963,55.190531464658655,3.4016780043791757
central__parameter_factor__beta_0p8,central,central,1.0,parameter_factor,beta,0.8,0.0,20,140.0,0.7799294722781,0.8255058761762872,64.05353449949054,3.76041929118104
central__parameter_factor__beta_0p9,central,central,1.0,parameter_factor,beta,0.9,0.0,20,140.0,0.8895735809931168,0.9118590884092802,73.05831371334615,4.153783281078372
central__parameter_factor__beta_1,central,central,1.0,parameter_factor,beta,1.0,0.0,20,140.0,1.0,1.0,82.12734199208582,4.5552907613440174
central__parameter_factor__beta_1p1,central,central,1.0,parameter_factor,beta,1.1,0.0,20,140.0,1.11079475068097,1.087113957429394,91.22662037218971,4.952120166806252
central__parameter_factor__beta_1p2,central,central,1.0,parameter_factor,beta,1.2,0.0,20,140.0,1.2218752143989389,1.173098699602307,100.34936360459484,5.3438056684430695
central__parameter_factor__beta_1p3,central,central,1.0,parameter_factor,beta,1.3,0.0,20,140.0,1.3332372732654523,1.2585756160312798,109.49523349806778,5.733177876160144
central__parameter_factor__beta_1p4,central,central,1.0,parameter_factor,beta,1.4,0.0,20,140.0,1.4448539197651573,1.3438004829475507,118.6620119971588,6.121401925060606
central__parameter_factor__beta_1p5,central,central,1.0,parameter_factor,beta,1.5,0.0,20,140.0,1.556677109402387,1.4286145950061648,127.84575333514142,6.5077548661528075
central__parameter_factor__epsilon_0p5,central,central,1.0,parameter_factor,epsilon,0.5,0.0,20,140.0,1.128116871019237,1.9485886928365836,92.64924007323864,8.876388070137905
central__parameter_factor__epsilon_0p6,central,central,1.0,parameter_factor,epsilon,0.6,0.0,20,140.0,1.1045428060758546,1.6611942322950142,90.71316477948984,7.567222739171446
central__parameter_factor__epsilon_0p7,central,central,1.0,parameter_factor,epsilon,0.7,0.0,20,140.0,1.0797141609527847,1.437353384189967,88.67405415026734,6.5475625917871145
central__parameter_factor__epsilon_0p8,central,central,1.0,parameter_factor,epsilon,0.8,0.0,20,140.0,1.0539272350078521,1.2606681775661144,86.55624246426328,5.742710102387321
central__parameter_factor__epsilon_0p9,central,central,1.0,parameter_factor,epsilon,0.9,0.0,20,140.0,1.0273499405606281,1.1182489524151178,84.37351991397175,5.093949121819212
central__parameter_factor__epsilon_1,central,central,1.0,parameter_factor,epsilon,1.0,0.0,20,140.0,1.0,1.0,82.12734199208582,4.5552907613440174
central__parameter_factor__epsilon_1p1,central,central,1.0,parameter_factor,epsilon,1.1,0.0,20,140.0,0.9719144050442581,0.8997093356800782,79.8207467301044,4.098437624718423
central__parameter_factor__epsilon_1p2,central,central,1.0,parameter_factor,epsilon,1.2,0.0,20,140.0,0.9433091206313635,0.8145889987664118,77.47147075434573,3.710689740373109
central__parameter_factor__epsilon_1p3,central,central,1.0,parameter_factor,epsilon,1.3,0.0,20,140.0,0.9145157586893914,0.7430782387677007,75.10674847103547,3.384937436014291
central__parameter_factor__epsilon_1p4,central,central,1.0,parameter_factor,epsilon,1.4,0.0,20,140.0,0.8858148906576474,0.6833262536491704,72.74962246672271,3.112749770231885
central__parameter_factor__epsilon_1p5,central,central,1.0,parameter_factor,epsilon,1.5,0.0,20,140.0,0.8573621099277579,0.6331441229323989,70.41287121309324,2.884155573793217
central__parameter_factor__Xc_0p5,central,central,1.0,parameter_factor,Xc,0.5,0.0,20,140.0,0.6039841126800547,0.43829645186426475,49.60360977986135,1.996567777907148
central__parameter_factor__Xc_0p6,central,central,1.0,parameter_factor,Xc,0.6,0.0,20,140.0,0.7203421014217004,0.5148368462391456,59.15978211475775,2.34523152927267
central__parameter_factor__Xc_0p7,central,central,1.0,parameter_factor,Xc,0.7,0.0,20,140.0,0.8162878355874792,0.6193874160999325,67.03955023727242,2.821489774252765
central__parameter_factor__Xc_0p8,central,central,1.0,parameter_factor,Xc,0.8,0.0,20,140.0,0.8918080189380042,0.7372451310090009,73.24182216260601,3.358365934131162
central__parameter_factor__Xc_0p9,central,central,1.0,parameter_factor,Xc,0.9,0.0,20,140.0,0.9520224487381951,0.8673639860155025,78.18707323166474,3.95109515221894
central__parameter_factor__Xc_1,central,central,1.0,parameter_factor,Xc,1.0,0.0,20,140.0,1.0,1.0,82.12734199208582,4.5552907613440174
central__parameter_factor__Xc_1p1,central,central,1.0,parameter_factor,Xc,1.1,0.0,20,140.0,1.0386534076456742,1.1295714307562148,85.3018436209616,5.145526302801929
central__parameter_factor__Xc_1p2,central,central,1.0,parameter_factor,Xc,1.2,0.0,20,140.0,1.0705087994361782,1.2569038820931797,87.91804227683221,5.725562641996492
central__parameter_factor__Xc_1p3,central,central,1.0,parameter_factor,Xc,1.3,0.0,20,140.0,1.0972596466106894,1.3825073794912037,90.11501825131133,6.297723093286208
central__parameter_factor__Xc_1p4,central,central,1.0,parameter_factor,Xc,1.4,0.0,20,140.0,1.1200313602028154,1.5055246572337475,91.98519856123768,6.858102562072508
central__parameter_factor__Xc_1p5,central,central,1.0,parameter_factor,Xc,1.5,0.0,20,140.0,1.1396367951413746,1.6248236724972465,93.59534082134032,7.401544264139765
central__h_ext_absolute__h_ext_0p0001,central,central,1.0,h_ext_absolute,h_ext,0.0001,0.0001,20,140.0,0.9987609203833807,0.9895354280158066,82.0255796766563,4.507621593263002
central__h_ext_absolute__h_ext_0p00016681005,central,central,1.0,h_ext_absolute,h_ext,0.00016681005372,0.00016681005372,20,140.0,0.9979285747751093,0.9825772713790225,81.95722134423019,4.475925166619475
central__h_ext_absolute__h_ext_0p00027825594,central,central,1.0,h_ext_absolute,h_ext,0.0002782559402207,0.0002782559402207,20,140.0,0.9965321144646192,0.971031037156641,81.84253377073219,4.423328712537946
central__h_ext_absolute__h_ext_0p00046415888,central,central,1.0,h_ext_absolute,h_ext,0.0004641588833612,0.0004641588833612,20,140.0,0.9941800177811968,0.9519419859961322,81.64936232201431,4.336372534143657
central__h_ext_absolute__h_ext_0p00077426368,central,central,1.0,h_ext_absolute,h_ext,0.0007742636826811,0.0007742636826811,20,140.0,0.990192147997117,0.9205930027685608,81.32184917643728,4.193568800469572
central__h_ext_absolute__h_ext_0p0012915497,central,central,1.0,h_ext_absolute,h_ext,0.0012915496650148,0.0012915496650148,20,140.0,0.9833557263852784,0.8697562528659123,80.76039204071972,3.961992623301281
central__h_ext_absolute__h_ext_0p0021544347,central,central,1.0,h_ext_absolute,h_ext,0.0021544346900318,0.0021544346900318,20,140.0,0.97141433071677,0.7894345966461482,79.77967695478932,3.59610412478754
central__h_ext_absolute__h_ext_0p0035938137,central,central,1.0,h_ext_absolute,h_ext,0.0035938136638046,0.0035938136638046,20,140.0,0.9498884648582907,0.6703065026535424,78.01181480775423,3.053441018806501
central__h_ext_absolute__h_ext_0p0059948425,central,central,1.0,h_ext_absolute,h_ext,0.0059948425031894,0.0059948425031894,20,140.0,0.9091178117238595,0.5224491386128257,74.6634294345421,2.379907734395145
central__h_ext_absolute__h_ext_0p01,central,central,1.0,h_ext_absolute,h_ext,0.01,0.01,20,140.0,0.8279846372875331,0.39173691410417083,68.00017747070636,1.7844755456961443
eta_low__baseline__baseline_1,eta_low,eta,0.8,baseline,baseline,1.0,0.0,20,140.0,1.0,1.0,100.70228015457194,4.430929433433923
eta_low__parameter_factor__eta_0p5,eta_low,eta,0.8,parameter_factor,eta,0.5,0.0,20,140.0,,,,
eta_low__parameter_factor__eta_0p6,eta_low,eta,0.8,parameter_factor,eta,0.6,0.0,20,140.0,,,,
eta_low__parameter_factor__eta_0p7,eta_low,eta,0.8,parameter_factor,eta,0.7,0.0,20,140.0,1.3862948935360797,,139.60305674572277,
eta_low__parameter_factor__eta_0p8,eta_low,eta,0.8,parameter_factor,eta,0.8,0.0,20,140.0,1.2266204677236394,0.9720726103335371,123.523477984038,4.307185140561814
eta_low__parameter_factor__eta_0p9,eta_low,eta,0.8,parameter_factor,eta,0.9,0.0,20,140.0,1.1012058269665492,0.9868034373704201,110.89393769503252,4.3724563956583635
eta_low__parameter_factor__eta_1,eta_low,eta,0.8,parameter_factor,eta,1.0,0.0,20,140.0,1.0,1.0,100.70228015457194,4.430929433433923
eta_low__parameter_factor__eta_1p1,eta_low,eta,0.8,parameter_factor,eta,1.1,0.0,20,140.0,0.9165487146912124,1.011961498490412,92.29854544214729,4.483929989163065
eta_low__parameter_factor__eta_1p2,eta_low,eta,0.8,parameter_factor,eta,1.2,0.0,20,140.0,0.8465142894061847,1.0229130732140554,85.24591912663,4.5324556439485075
eta_low__parameter_factor__eta_1p3,eta_low,eta,0.8,parameter_factor,eta,1.3,0.0,20,140.0,0.7868718135921311,1.0330301588083408,79.2397858180909,4.5772837362887975
eta_low__parameter_factor__eta_1p4,eta_low,eta,0.8,parameter_factor,eta,1.4,0.0,20,140.0,0.7354463121804731,1.042452198845171,74.06112056784477,4.6190321308109805
eta_low__parameter_factor__eta_1p5,eta_low,eta,0.8,parameter_factor,eta,1.5,0.0,20,140.0,0.6906331188408288,1.0512940340954804,69.54832981753492,4.65820967886715
eta_low__parameter_factor__beta_0p5,eta_low,eta,0.8,parameter_factor,beta,0.5,0.0,20,140.0,0.4539962777027239,0.6032133485496128,45.71846034635254,2.6727957807287157
eta_low__parameter_factor__beta_0p6,eta_low,eta,0.8,parameter_factor,beta,0.6,0.0,20,140.0,0.5568258921034708,0.6576787712271915,56.07363698392316,2.9141282251752187
eta_low__parameter_factor__beta_0p7,eta_low,eta,0.8,parameter_factor,beta,0.7,0.0,20,140.0,0.6646931271622798,0.7321390366753687,66.9361135083144,3.24405640697085
eta_low__parameter_factor__beta_0p8,eta_low,eta,0.8,parameter_factor,beta,0.8,0.0,20,140.0,0.7753094767757421,0.8178837515353347,78.07543213676537,3.623985187805272
eta_low__parameter_factor__beta_0p9,eta_low,eta,0.8,parameter_factor,beta,0.9,0.0,20,140.0,0.8873454201355706,0.9088013418047843,89.35770709236857,4.026834614547062
eta_low__parameter_factor__beta_1,eta_low,eta,0.8,parameter_factor,beta,1.0,0.0,20,140.0,1.0,1.0,100.70228015457194,4.430929433433923
eta_low__parameter_factor__beta_1p1,eta_low,eta,0.8,parameter_factor,beta,1.1,0.0,20,140.0,1.1129807337125566,1.0897109180619784,112.0796976529629,4.828432180775122
eta_low__parameter_factor__beta_1p2,eta_low,eta,0.8,parameter_factor,beta,1.2,0.0,20,140.0,1.2262495145596952,1.17828680784145,123.48612215459828,5.220905697891582
eta_low__parameter_factor__beta_1p3,eta_low,eta,0.8,parameter_factor,beta,1.3,0.0,20,140.0,1.3398006064405223,,134.92097602103885,
eta_low__parameter_factor__beta_1p4,eta_low,eta,0.8,parameter_factor,beta,1.4,0.0,20,140.0,,,,
eta_low__parameter_factor__beta_1p5,eta_low,eta,0.8,parameter_factor,beta,1.5,0.0,20,140.0,,,,
eta_low__parameter_factor__epsilon_0p5,eta_low,eta,0.8,parameter_factor,epsilon,0.5,0.0,20,140.0,1.1370944007919712,1.9950384040869833,114.5079989107482,8.839874385500055
eta_low__parameter_factor__epsilon_0p6,eta_low,eta,0.8,parameter_factor,epsilon,0.6,0.0,20,140.0,1.1118510080087578,1.6920331966921855,111.96593169864114,7.497279693570696
eta_low__parameter_factor__epsilon_0p7,eta_low,eta,0.8,parameter_factor,epsilon,0.7,0.0,20,140.0,1.0852635014966745,1.4565897550095013,109.2885091692498,6.454046417909907
eta_low__parameter_factor__epsilon_0p8,eta_low,eta,0.8,parameter_factor,epsilon,0.8,0.0,20,140.0,1.057648136859057,1.2712532021891967,106.5075789829418,5.632833230927238
eta_low__parameter_factor__epsilon_0p9,eta_low,eta,0.8,parameter_factor,epsilon,0.9,0.0,20,140.0,1.02921210245354,1.122615599732566,103.64400547975237,4.974230503287103
eta_low__parameter_factor__epsilon_1,eta_low,eta,0.8,parameter_factor,epsilon,1.0,0.0,20,140.0,1.0,1.0,100.70228015457194,4.430929433433923
eta_low__parameter_factor__epsilon_1p1,eta_low,eta,0.8,parameter_factor,epsilon,1.1,0.0,20,140.0,0.9700187540944251,0.8962849827203667,97.68310033000562,3.971375510680488
eta_low__parameter_factor__epsilon_1p2,eta_low,eta,0.8,parameter_factor,epsilon,1.2,0.0,20,140.0,0.9394299793964531,0.8079901459666252,94.60274097078536,3.5801473196880917
eta_low__parameter_factor__epsilon_1p3,eta_low,eta,0.8,parameter_factor,epsilon,1.3,0.0,20,140.0,0.9085515781957805,0.7334322873678858,91.49321556234996,3.2497867095291326
eta_low__parameter_factor__epsilon_1p4,eta_low,eta,0.8,parameter_factor,epsilon,1.4,0.0,20,140.0,0.8776983424221694,0.6709397050957325,88.38622436980071,2.9728864873681577
eta_low__parameter_factor__epsilon_1p5,eta_low,eta,0.8,parameter_factor,epsilon,1.5,0.0,20,140.0,0.8470694487472507,0.6184484025088824,85.30182493812445,2.7403012297367977
eta_low__parameter_factor__Xc_0p5,eta_low,eta,0.8,parameter_factor,Xc,0.5,0.0,20,140.0,0.5796949568500446,0.40861954890756097,58.376603948905675,1.8105643863310044
eta_low__parameter_factor__Xc_0p6,eta_low,eta,0.8,parameter_factor,Xc,0.6,0.0,20,140.0,0.7048546622514423,0.493326904093188,70.98047166630093,2.185896699651341
eta_low__parameter_factor__Xc_0p7,eta_low,eta,0.8,parameter_factor,Xc,0.7,0.0,20,140.0,0.8067133108637156,0.6033014758751771,81.23786983502016,2.673186266689448
eta_low__parameter_factor__Xc_0p8,eta_low,eta,0.8,parameter_factor,Xc,0.8,0.0,20,140.0,0.8865215416744078,0.7268144874094726,89.27474065275923,3.220463704908822
eta_low__parameter_factor__Xc_0p9,eta_low,eta,0.8,parameter_factor,Xc,0.9,0.0,20,140.0,0.9498345321572993,0.8625781894380133,95.65050315779112,3.822023088219036
eta_low__parameter_factor__Xc_1,eta_low,eta,0.8,parameter_factor,Xc,1.0,0.0,20,140.0,1.0,1.0,100.70228015457194,4.430929433433923
eta_low__parameter_factor__Xc_1p1,eta_low,eta,0.8,parameter_factor,Xc,1.1,0.0,20,140.0,1.040347964291958,1.1349741956488344,104.76541215836735,5.028990569688412
eta_low__parameter_factor__Xc_1p2,eta_low,eta,0.8,parameter_factor,Xc,1.2,0.0,20,140.0,1.0735683352235825,1.268799961882078,108.1107792587626,5.62196309624314
eta_low__parameter_factor__Xc_1p3,eta_low,eta,0.8,parameter_factor,Xc,1.3,0.0,20,140.0,1.1014086121891205,1.4016064767879728,110.91435862932708,6.21041939209145
eta_low__parameter_factor__Xc_1p4,eta_low,eta,0.8,parameter_factor,Xc,1.4,0.0,20,140.0,1.1250431042840185,1.532239600511189,113.29440587357853,6.789245544978063
eta_low__parameter_factor__Xc_1p5,eta_low,eta,0.8,parameter_factor,Xc,1.5,0.0,20,140.0,1.145330598108778,1.659433406171132,115.3374027603536,7.352832322227179
eta_low__h_ext_absolute__h_ext_0p0001,eta_low,eta,0.8,h_ext_absolute,h_ext,0.0001,0.0001,20,140.0,0.9983461492479964,0.9860775874764895,100.53573361280982,4.369240205999092
eta_low__h_ext_absolute__h_ext_0p00016681005,eta_low,eta,0.8,h_ext_absolute,h_ext,0.00016681005372,0.00016681005372,20,140.0,0.9972331563269224,0.97683497052939,100.42365268786178,4.328286822526233
eta_low__h_ext_absolute__h_ext_0p00027825594,eta_low,eta,0.8,h_ext_absolute,h_ext,0.0002782559402207,0.0002782559402207,20,140.0,0.9953619513197351,0.9615245675607237,100.23521807700136,4.260447507374636
eta_low__h_ext_absolute__h_ext_0p00046415888,eta_low,eta,0.8,h_ext_absolute,h_ext,0.0004641588833612,0.0004641588833612,20,140.0,0.9921994514131695,0.9362908332847608,99.91674712542158,4.148638611455821
eta_low__h_ext_absolute__h_ext_0p00077426368,eta_low,eta,0.8,h_ext_absolute,h_ext,0.0007742636826811,0.0007742636826811,20,140.0,0.9868066362709907,0.8950829217929643,99.37367834415208,3.96604926353648
eta_low__h_ext_absolute__h_ext_0p0012915497,eta_low,eta,0.8,h_ext_absolute,h_ext,0.0012915496650148,0.0012915496650148,20,140.0,0.9774704318754814,0.8289762874137465,98.43350127353516,3.673135431520349
eta_low__h_ext_absolute__h_ext_0p0021544347,eta_low,eta,0.8,h_ext_absolute,h_ext,0.0021544346900318,0.0021544346900318,20,140.0,0.9608868915081277,0.7269699744523401,96.76350094550725,3.2211526570235813
eta_low__h_ext_absolute__h_ext_0p0035938137,eta_low,eta,0.8,h_ext_absolute,h_ext,0.0035938136638046,0.0035938136638046,20,140.0,0.9301478943250564,0.585485833401612,93.668013839507,2.594246412077793
eta_low__h_ext_absolute__h_ext_0p0059948425,eta_low,eta,0.8,h_ext_absolute,h_ext,0.0059948425031894,0.0059948425031894,20,140.0,0.8696698015753274,0.4376704993772685,87.57773200020961,1.9392870978364625
eta_low__h_ext_absolute__h_ext_0p01,eta_low,eta,0.8,h_ext_absolute,h_ext,0.01,0.01,20,140.0,0.7497037389105446,0.32551045062614525,75.49687594869972,1.4423138365697268
eta_high__baseline__baseline_1,eta_high,eta,1.2,baseline,baseline,1.0,0.0,20,140.0,1.0,1.0,69.54832981753492,4.65820967886715
eta_high__parameter_factor__eta_0p5,eta_high,eta,1.2,parameter_factor,eta,0.5,0.0,20,140.0,1.8842741739338407,,131.0481217154139,
eta_high__parameter_factor__eta_0p6,eta_high,eta,1.2,parameter_factor,eta,0.6,0.0,20,140.0,1.594487430337591,0.9386559852586369,110.89393769503252,4.3724563956583635
eta_high__parameter_factor__eta_0p7,eta_high,eta,1.2,parameter_factor,eta,0.7,0.0,20,140.0,1.3847643237739158,0.9570298145046925,96.308045909384,4.458045544890192
eta_high__parameter_factor__eta_0p8,eta_high,eta,1.2,parameter_factor,eta,0.8,0.0,20,140.0,1.2257076388502617,0.973003783945329,85.24591912662999,4.532455643948493
eta_high__parameter_factor__eta_0p9,eta_high,eta,1.2,parameter_factor,eta,0.9,0.0,20,140.0,1.1007916444229031,0.987183875997043,76.55822034671068,4.5985094859910145
eta_high__parameter_factor__eta_1,eta_high,eta,1.2,parameter_factor,eta,1.0,0.0,20,140.0,1.0,1.0,69.54832981753492,4.65820967886715
eta_high__parameter_factor__eta_1p1,eta_high,eta,1.2,parameter_factor,eta,1.1,0.0,20,140.0,0.9169018174591805,1.011774994939122,63.768990010948286,4.71306007426118
eta_high__parameter_factor__eta_1p2,eta_high,eta,1.2,parameter_factor,eta,1.2,0.0,20,140.0,0.8471762553580261,1.022766956957047,58.919693621224184,4.764262938122818
eta_high__parameter_factor__eta_1p3,eta_high,eta,1.2,parameter_factor,eta,1.3,0.0,20,140.0,0.7878109446454048,1.0331908119701974,54.79093541206236,4.812819440436183
eta_high__parameter_factor__eta_1p4,eta_high,eta,1.2,parameter_factor,eta,1.4,0.0,20,140.0,0.7366408596558748,1.0432389239851947,51.23214146441923,4.859625653078785
eta_high__parameter_factor__eta_1p5,eta_high,eta,1.2,parameter_factor,eta,1.5,0.0,20,140.0,0.6920694892349634,1.0530903363478539,48.13227709396617,4.905515597497035
eta_high__parameter_factor__beta_0p5,eta_high,eta,1.2,parameter_factor,beta,0.5,0.0,20,140.0,0.4827693793441463,0.6976667102761787,33.57580402043332,3.249877822431899
eta_high__parameter_factor__beta_0p6,eta_high,eta,1.2,parameter_factor,beta,0.6,0.0,20,140.0,0.5768944021813189,0.7109431274022577,40.122042152796006,3.3117221571892785
eta_high__parameter_factor__beta_0p7,eta_high,eta,1.2,parameter_factor,beta,0.7,0.0,20,140.0,0.6785000430779271,0.7628066651983355,47.188544777195325,3.5533133909312604
eta_high__parameter_factor__beta_0p8,eta_high,eta,1.2,parameter_factor,beta,0.8,0.0,20,140.0,0.7839364929263549,0.8336657560345804,54.52147376604376,3.883389893700383
eta_high__parameter_factor__beta_0p9,eta_high,eta,1.2,parameter_factor,beta,0.9,0.0,20,140.0,0.8914676029729375,0.9149652326158689,62.00008287320913,4.262099902398174
eta_high__parameter_factor__beta_1,eta_high,eta,1.2,parameter_factor,beta,1.0,0.0,20,140.0,1.0,1.0,69.54832981753492,4.65820967886715
eta_high__parameter_factor__beta_1p1,eta_high,eta,1.2,parameter_factor,beta,1.1,0.0,20,140.0,1.1089761906237339,1.0847690471303002,77.12744186529292,5.05308167467786
eta_high__parameter_factor__beta_1p2,eta_high,eta,1.2,parameter_factor,beta,1.2,0.0,20,140.0,1.2182445767522587,1.168483855572708,84.72687562238933,5.443042805628793
eta_high__parameter_factor__beta_1p3,eta_high,eta,1.2,parameter_factor,beta,1.3,0.0,20,140.0,1.327793340486431,1.2516782398269604,92.34580917367676,5.830579691589345
eta_high__parameter_factor__beta_1p4,eta_high,eta,1.2,parameter_factor,beta,1.4,0.0,20,140.0,1.437603992945,1.3347186141780027,99.982956648344,6.217399167128122
eta_high__parameter_factor__beta_1p5,eta_high,eta,1.2,parameter_factor,beta,1.5,0.0,20,140.0,1.5476328817725518,1.4175221983702257,107.63528209797946,6.603115624457226
eta_high__parameter_factor__epsilon_0p5,eta_high,eta,1.2,parameter_factor,epsilon,0.5,0.0,20,140.0,1.1209248239322365,1.908522570869972,77.95844935550144,8.89029831196292
eta_high__parameter_factor__epsilon_0p6,eta_high,eta,1.2,parameter_factor,epsilon,0.6,0.0,20,140.0,1.0986757358159567,1.6344218433620177,76.41106243705102,7.613479650100841
eta_high__parameter_factor__epsilon_0p7,eta_high,eta,1.2,parameter_factor,epsilon,0.7,0.0,20,140.0,1.0752570567874589,1.4206619170170518,74.78233242408606,6.617741092246791
eta_high__parameter_factor__epsilon_0p8,eta_high,eta,1.2,parameter_factor,epsilon,0.8,0.0,20,140.0,1.0509415968765607,1.2515320238448089,73.09123279853787,5.829898586886082
eta_high__parameter_factor__epsilon_0p9,eta_high,eta,1.2,parameter_factor,epsilon,0.9,0.0,20,140.0,1.0258545288545928,1.1144605140954869,71.34646911759111,5.191390753474857
eta_high__parameter_factor__epsilon_1,eta_high,eta,1.2,parameter_factor,epsilon,1.0,0.0,20,140.0,1.0,1.0,69.54832981753492,4.65820967886715
eta_high__parameter_factor__epsilon_1p1,eta_high,eta,1.2,parameter_factor,epsilon,1.1,0.0,20,140.0,0.9734611515258088,0.9028893053097259,67.70259723087429,4.205847700939403
eta_high__parameter_factor__epsilon_1p2,eta_high,eta,1.2,parameter_factor,epsilon,1.2,0.0,20,140.0,0.9465046402257528,0.8208835080989811,65.82781689224788,3.8238475026490946
eta_high__parameter_factor__epsilon_1p3,eta_high,eta,1.2,parameter_factor,epsilon,1.3,0.0,20,140.0,0.919459930520964,0.752371847795078,63.94690250187975,3.5047058235061948
eta_high__parameter_factor__epsilon_1p4,eta_high,eta,1.2,parameter_factor,epsilon,1.4,0.0,20,140.0,0.8925659846359267,0.6952726497429097,62.07647348337224,3.238725786484032
eta_high__parameter_factor__epsilon_1p5,eta_high,eta,1.2,parameter_factor,epsilon,1.5,0.0,20,140.0,0.8659407049450593,0.6473062248000568,60.22472974994767,3.01528812155458
eta_high__parameter_factor__Xc_0p5,eta_high,eta,1.2,parameter_factor,Xc,0.5,0.0,20,140.0,0.6251072764707483,0.4689439529187794,43.47516703532859,2.1844392603324794
eta_high__parameter_factor__Xc_0p6,eta_high,eta,1.2,parameter_factor,Xc,0.6,0.0,20,140.0,0.7335843964815282,0.5366978605675407,51.01956955549463,2.5000511687230103
eta_high__parameter_factor__Xc_0p7,eta_high,eta,1.2,parameter_factor,Xc,0.7,0.0,20,140.0,0.824313903097433,0.6352844050317847,57.32965520579979,2.9592879643524186
eta_high__parameter_factor__Xc_0p8,eta_high,eta,1.2,parameter_factor,Xc,0.8,0.0,20,140.0,0.8962071376269186,0.7475826719244678,62.32970959250584,3.4823968381119212
eta_high__parameter_factor__Xc_0p9,eta_high,eta,1.2,parameter_factor,Xc,0.9,0.0,20,140.0,0.9538074541157819,0.8719641216119379,66.3357154012677,4.061791710917622
eta_high__parameter_factor__Xc_1,eta_high,eta,1.2,parameter_factor,Xc,1.0,0.0,20,140.0,1.0,1.0,69.54832981753492,4.65820967886715
eta_high__parameter_factor__Xc_1p1,eta_high,eta,1.2,parameter_factor,Xc,1.1,0.0,20,140.0,1.037312944384502,1.1248297601888702,72.1433827800516,5.23969287598961
eta_high__parameter_factor__Xc_1p2,eta_high,eta,1.2,parameter_factor,Xc,1.2,0.0,20,140.0,1.0680939123317075,1.2465062420991186,74.28414769094682,5.806487441714434
eta_high__parameter_factor__Xc_1p3,eta_high,eta,1.2,parameter_factor,Xc,1.3,0.0,20,140.0,1.0939909126505274,1.3658196685164838,76.08524081040491,6.362274399470608
eta_high__parameter_factor__Xc_1p4,eta_high,eta,1.2,parameter_factor,Xc,1.4,0.0,20,140.0,1.1160953119651829,1.4822528416468383,77.62256486435906,6.90464453348764
eta_high__parameter_factor__Xc_1p5,eta_high,eta,1.2,parameter_factor,Xc,1.5,0.0,20,140.0,1.1351836463490093,1.5948300511083464,78.95012663975282,7.429052780221092
eta_high__h_ext_absolute__h_ext_0p0001,eta_high,eta,1.2,h_ext_absolute,h_ext,0.0001,0.0001,20,140.0,0.9990329535651772,0.9918664571386397,69.48107335313699,4.620321930786881
eta_high__h_ext_absolute__h_ext_0p00016681005,eta_high,eta,1.2,h_ext_absolute,h_ext,0.00016681005372,0.00016681005372,20,140.0,0.9983841956971521,0.9864531329591172,69.43595332695986,4.595105531698984
eta_high__h_ext_absolute__h_ext_0p00027825594,eta_high,eta,1.2,h_ext_absolute,h_ext,0.0002782559402207,0.0002782559402207,20,140.0,0.9972972202848234,0.9774609864475617,69.36035600247968,4.553218227785065
eta_high__h_ext_absolute__h_ext_0p00046415888,eta_high,eta,1.2,h_ext_absolute,h_ext,0.0004641588833612,0.0004641588833612,20,140.0,0.9954705685496152,0.9625672582785172,69.23331542513765,4.483840119073605
eta_high__h_ext_absolute__h_ext_0p00077426368,eta_high,eta,1.2,h_ext_absolute,h_ext,0.0007742636826811,0.0007742636826811,20,140.0,0.9923855403836396,0.9380277798158498,69.01875686875398,4.369530082984456
eta_high__h_ext_absolute__h_ext_0p0012915497,eta_high,eta,1.2,h_ext_absolute,h_ext,0.0012915496650148,0.0012915496650148,20,140.0,0.9871313420511889,0.8979829397675981,68.65333615020197,4.182992821483003
eta_high__h_ext_absolute__h_ext_0p0021544347,eta_high,eta,1.2,h_ext_absolute,h_ext,0.0021544346900318,0.0021544346900318,20,140.0,0.9780552409105627,0.8338735132317812,68.02210847461639,3.8843576702872378
eta_high__h_ext_absolute__h_ext_0p0035938137,eta_high,eta,1.2,h_ext_absolute,h_ext,0.0035938136638046,0.0035938136638046,20,140.0,0.9619999142279155,0.7355419023545007,66.90548731916337,3.4263084087600917
eta_high__h_ext_absolute__h_ext_0p0059948425,eta_high,eta,1.2,h_ext_absolute,h_ext,0.0059948425031894,0.0059948425031894,20,140.0,0.9324796776898181,0.6008137204956868,64.85240417212013,2.7987162880091914
eta_high__h_ext_absolute__h_ext_0p01,eta_high,eta,1.2,h_ext_absolute,h_ext,0.01,0.01,20,140.0,0.8753479879349679,0.46014516493340807,60.878990570016725,2.1434526609767226
beta_low__baseline__baseline_1,beta_low,beta,0.8,baseline,baseline,1.0,0.0,20,140.0,1.0,1.0,64.05353449949054,3.76041929118104
beta_low__parameter_factor__eta_0p5,beta_low,beta,0.8,parameter_factor,eta,0.5,0.0,20,140.0,1.8523451720262678,0.8934195458201034,118.64925538134928,3.3596320952201197
beta_low__parameter_factor__eta_0p6,beta_low,beta,0.8,parameter_factor,eta,0.6,0.0,20,140.0,1.5745002139938513,0.9200524932213368,100.8523037765104,3.4597831444087275
beta_low__parameter_factor__eta_0p7,beta_low,beta,0.8,parameter_factor,eta,0.7,0.0,20,140.0,1.372575804940436,0.9431394932427805,87.9183316749182,3.5465999446648615
beta_low__parameter_factor__eta_0p8,beta_low,beta,0.8,parameter_factor,eta,0.8,0.0,20,140.0,1.2189090383043009,0.9637183801030555,78.07543213676537,3.623985187805272
beta_low__parameter_factor__eta_0p9,beta_low,beta,0.8,parameter_factor,eta,0.9,0.0,20,140.0,1.0978834337558252,0.9824988424850123,70.32331440049788,3.694607600843682
beta_low__parameter_factor__eta_1,beta_low,beta,0.8,parameter_factor,eta,1.0,0.0,20,140.0,1.0,1.0,64.05353449949054,3.76041929118104
beta_low__parameter_factor__eta_1p1,beta_low,beta,0.8,parameter_factor,eta,1.1,0.0,20,140.0,0.9191413745924943,1.016624375259061,58.874253747369494,3.822933912609045
beta_low__parameter_factor__eta_1p2,beta_low,beta,0.8,parameter_factor,eta,1.2,0.0,20,140.0,0.851186030436422,1.0327013008383759,54.52147376604376,3.883389893700383
beta_low__parameter_factor__eta_1p3,beta_low,beta,0.8,parameter_factor,eta,1.3,0.0,20,140.0,0.7932537497814484,1.04851293761619,50.81070642847624,3.9428482776648224
beta_low__parameter_factor__eta_1p4,beta_low,beta,0.8,parameter_factor,eta,1.4,0.0,20,140.0,0.7432698998861154,1.0643122790278865,47.609064174788166,4.0022604258973224
beta_low__parameter_factor__eta_1p5,beta_low,beta,0.8,parameter_factor,eta,1.5,0.0,20,140.0,0.6997015822248913,1.0803364891290883,44.81835943639019,4.06251817468782
beta_low__parameter_factor__beta_0p5,beta_low,beta,0.8,parameter_factor,beta,0.5,0.0,20,140.0,0.49013540442543485,0.8128631484976256,31.394905036786337,3.05670626470063
beta_low__parameter_factor__beta_0p6,beta_low,beta,0.8,parameter_factor,beta,0.6,0.0,20,140.0,0.5771534266115607,0.7803876348640352,36.968716922962784,2.9345847167418633
beta_low__parameter_factor__beta_0p7,beta_low,beta,0.8,parameter_factor,beta,0.7,0.0,20,140.0,0.6755323623012355,0.8035022520137441,43.27023547418453,3.021505368979893
beta_low__parameter_factor__beta_0p8,beta_low,beta,0.8,parameter_factor,beta,0.8,0.0,20,140.0,0.7804227119615368,0.8551736894177134,49.98883310481426,3.2158116389968328
beta_low__parameter_factor__beta_0p9,beta_low,beta,0.8,parameter_factor,beta,0.9,0.0,20,140.0,0.8890481896037131,0.9225572583495023,56.94667888449104,3.4692021115165588
beta_low__parameter_factor__beta_1,beta_low,beta,0.8,parameter_factor,beta,1.0,0.0,20,140.0,1.0,1.0,64.05353449949054,3.76041929118104
beta_low__parameter_factor__beta_1p1,beta_low,beta,0.8,parameter_factor,beta,1.1,0.0,20,140.0,1.112356898851665,1.0833258834728967,71.25039099634144,4.073759550847224
beta_low__parameter_factor__beta_1p2,beta_low,beta,0.8,parameter_factor,beta,1.2,0.0,20,140.0,1.2254604461769754,1.1687246797029145,78.49507296695796,4.394894831634222
beta_low__parameter_factor__beta_1p3,beta_low,beta,0.8,parameter_factor,beta,1.3,0.0,20,140.0,1.3389447187996937,1.2537930984558585,85.76414173854684,4.714787754583059
beta_low__parameter_factor__beta_1p4,beta_low,beta,0.8,parameter_factor,beta,1.4,0.0,20,140.0,1.4526802316970882,1.3378228125236535,93.04930333773734,5.030774712396022
beta_low__parameter_factor__beta_1p5,beta_low,beta,0.8,parameter_factor,beta,1.5,0.0,20,140.0,1.5666483417147419,1.4210664435679816,100.34936360459486,5.34380566844307
beta_low__parameter_factor__epsilon_0p5,beta_low,beta,0.8,parameter_factor,epsilon,0.5,0.0,20,140.0,1.158307448158572,1.964968930877114,74.19368609164194,7.389107074241683
beta_low__parameter_factor__epsilon_0p6,beta_low,beta,0.8,parameter_factor,epsilon,0.6,0.0,20,140.0,1.1290171174628523,1.6692589242747942,72.31753688392217,6.277113460819047
beta_low__parameter_factor__epsilon_0p7,beta_low,beta,0.8,parameter_factor,epsilon,0.7,0.0,20,140.0,1.0983790749503322,1.4436515583542815,70.3550619708496,5.428735169779011
beta_low__parameter_factor__epsilon_0p8,beta_low,beta,0.8,parameter_factor,epsilon,0.8,0.0,20,140.0,1.0665410746959954,1.26498909699736,68.31572552316365,4.756889403482557
beta_low__parameter_factor__epsilon_0p9,beta_low,beta,0.8,parameter_factor,epsilon,0.9,0.0,20,140.0,1.03361231886252,1.119160543072749,66.20652232535883,4.208512896099414
beta_low__parameter_factor__epsilon_1,beta_low,beta,0.8,parameter_factor,epsilon,1.0,0.0,20,140.0,1.0,1.0,64.05353449949054,3.76041929118104
beta_low__parameter_factor__epsilon_1p1,beta_low,beta,0.8,parameter_factor,epsilon,1.1,0.0,20,140.0,0.9662569881890237,0.9037308250711392,61.892175328339455,3.39840682863247
beta_low__parameter_factor__epsilon_1p2,beta_low,beta,0.8,parameter_factor,epsilon,1.2,0.0,20,140.0,0.9327756231277835,0.8260108114745661,59.74757555629927,3.1061469901930634
beta_low__parameter_factor__epsilon_1p3,beta_low,beta,0.8,parameter_factor,epsilon,1.3,0.0,20,140.0,0.8997519242605657,0.7625487564337469,57.632290921607144,2.867503054159574
beta_low__parameter_factor__epsilon_1p4,beta_low,beta,0.8,parameter_factor,epsilon,1.4,0.0,20,140.0,0.86732929759003,0.7101277776045549,55.55550708560188,2.6703781941076876
beta_low__parameter_factor__epsilon_1p5,beta_low,beta,0.8,parameter_factor,epsilon,1.5,0.0,20,140.0,0.8357068298607094,0.6667228750907667,53.52997625794282,2.5071575613630057
beta_low__parameter_factor__Xc_0p5,beta_low,beta,0.8,parameter_factor,Xc,0.5,0.0,20,140.0,0.5877742260641834,0.5544048535567505,37.64901666711352,2.084794706439204
beta_low__parameter_factor__Xc_0p6,beta_low,beta,0.8,parameter_factor,Xc,0.6,0.0,20,140.0,0.6946277275930214,0.58779704467866,44.49336111368231,2.210363346108837
beta_low__parameter_factor__Xc_0p7,beta_low,beta,0.8,parameter_factor,Xc,0.7,0.0,20,140.0,0.7922567363482834,0.6619367412630308,50.74684419413855,2.4891596913870138
beta_low__parameter_factor__Xc_0p8,beta_low,beta,0.8,parameter_factor,Xc,0.8,0.0,20,140.0,0.8754624007790696,0.7624961780653218,56.07646109130894,2.8673053374486495
beta_low__parameter_factor__Xc_0p9,beta_low,beta,0.8,parameter_factor,Xc,0.9,0.0,20,140.0,0.9437186971521073,0.8760561337256972,60.44851812584677,3.294338385419589
beta_low__parameter_factor__Xc_1,beta_low,beta,0.8,parameter_factor,Xc,1.0,0.0,20,140.0,1.0,1.0,64.05353449949054,3.76041929118104
beta_low__parameter_factor__Xc_1p1,beta_low,beta,0.8,parameter_factor,Xc,1.1,0.0,20,140.0,1.046527978202486,1.1289128654568559,67.03381595647502,4.245185717326427
beta_low__parameter_factor__Xc_1p2,beta_low,beta,0.8,parameter_factor,Xc,1.2,0.0,20,140.0,1.085091258382644,1.2563469881664875,69.50393035390829,4.724391450718457
beta_low__parameter_factor__Xc_1p3,beta_low,beta,0.8,parameter_factor,Xc,1.3,0.0,20,140.0,1.1174433675892588,1.3801865263741715,71.57619729710548,5.190080039205584
beta_low__parameter_factor__Xc_1p4,beta_low,beta,0.8,parameter_factor,Xc,1.4,0.0,20,140.0,1.1450204149005454,1.5007670467334155,73.34260464845306,5.643513354105133
beta_low__parameter_factor__Xc_1p5,beta_low,beta,0.8,parameter_factor,Xc,1.5,0.0,20,140.0,1.16885556626531,1.6182923267843072,74.86933033869659,6.085457684409961
beta_low__h_ext_absolute__h_ext_0p0001,beta_low,beta,0.8,h_ext_absolute,h_ext,0.0001,0.0001,20,140.0,0.9989301971987963,0.993345968283448,63.98500984885598,3.7353973419499873
beta_low__h_ext_absolute__h_ext_0p00016681005,beta_low,beta,0.8,h_ext_absolute,h_ext,0.00016681005372,0.00016681005372,20,140.0,0.9982133297954131,0.9889228244530534,63.93909195790182,3.718764466562503
beta_low__h_ext_absolute__h_ext_0p00027825594,beta_low,beta,0.8,h_ext_absolute,h_ext,0.0002782559402207,0.0002782559402207,20,140.0,0.9970136940273053,0.9815852128416929,63.86225104684251,3.691171970307949
beta_low__h_ext_absolute__h_ext_0p00046415888,beta_low,beta,0.8,h_ext_absolute,h_ext,0.0004641588833612,0.0004641588833612,20,140.0,0.9950018988224479,0.9694590633884952,63.73338845328227,3.6455725639764
beta_low__h_ext_absolute__h_ext_0p00077426368,beta_low,beta,0.8,h_ext_absolute,h_ext,0.0007742636826811,0.0007742636826811,20,140.0,0.9916161396291499,0.9495524129831447,63.51651860998738,3.5707152117693233
beta_low__h_ext_absolute__h_ext_0p0012915497,beta_low,beta,0.8,h_ext_absolute,h_ext,0.0012915496650148,0.0012915496650148,20,140.0,0.9858846966915317,0.9172605397066751,63.14939943205079,3.4492842285521133
beta_low__h_ext_absolute__h_ext_0p0021544347,beta_low,beta,0.8,h_ext_absolute,h_ext,0.0021544346900318,0.0021544346900318,20,140.0,0.9760890959507311,0.8660325030513889,62.52195658205669,3.2566453312642456
beta_low__h_ext_absolute__h_ext_0p0035938137,beta_low,beta,0.8,h_ext_absolute,h_ext,0.0035938136638046,0.0035938136638046,20,140.0,0.9590913844266974,0.7882864187783389,61.4331930805396,2.964287456150082
beta_low__h_ext_absolute__h_ext_0p0059948425,beta_low,beta,0.8,h_ext_absolute,h_ext,0.0059948425031894,0.0059948425031894,20,140.0,0.9289427969765923,0.6809286506175105,59.50206949419339,2.560577233699961
beta_low__h_ext_absolute__h_ext_0p01,beta_low,beta,0.8,h_ext_absolute,h_ext,0.01,0.01,20,140.0,0.8743766655826147,0.5590892331860917,56.006915914445514,2.102409937964594
beta_high__baseline__baseline_1,beta_high,beta,1.2,baseline,baseline,1.0,0.0,20,140.0,1.0,1.0,100.34936360459484,5.3438056684430695
beta_high__parameter_factor__eta_0p5,beta_high,beta,1.2,parameter_factor,eta,0.5,0.0,20,140.0,,,,
beta_high__parameter_factor__eta_0p6,beta_high,beta,1.2,parameter_factor,eta,0.6,0.0,20,140.0,,,,
beta_high__parameter_factor__eta_0p7,beta_high,beta,1.2,parameter_factor,eta,0.7,0.0,20,140.0,1.3934482427999457,,139.83164438091552,
beta_high__parameter_factor__eta_0p8,beta_high,beta,1.2,parameter_factor,eta,0.8,0.0,20,140.0,1.2305620854873467,0.9770014146889262,123.48612215459828,5.220905697891582
beta_high__parameter_factor__eta_0p9,beta_high,beta,1.2,parameter_factor,eta,0.9,0.0,20,140.0,1.1028702006372588,0.9891830552531051,110.67232277242076,5.286002017789377
beta_high__parameter_factor__eta_1,beta_high,beta,1.2,parameter_factor,eta,1.0,0.0,20,140.0,1.0,1.0,100.34936360459484,5.3438056684430695
beta_high__parameter_factor__eta_1p1,beta_high,beta,1.2,parameter_factor,eta,1.1,0.0,20,140.0,0.915303185196378,1.0097268190083606,91.85009213971514,5.395783898995867
beta_high__parameter_factor__eta_1p2,beta_high,beta,1.2,parameter_factor,eta,1.2,0.0,20,140.0,0.8443190128861945,1.018570498880929,84.72687562238933,5.443042805628793
beta_high__parameter_factor__eta_1p3,beta_high,beta,1.2,parameter_factor,eta,1.3,0.0,20,140.0,0.7839413065774511,1.0266885204589524,78.6680112184018,5.4864239353539785
beta_high__parameter_factor__eta_1p4,beta_high,beta,1.2,parameter_factor,eta,1.4,0.0,20,140.0,0.7319396383155456,1.034205722600671,73.44967690194233,5.526594402769725
beta_high__parameter_factor__eta_1p5,beta_high,beta,1.2,parameter_factor,eta,1.5,0.0,20,140.0,0.6866702345118291,1.0412217580277174,68.90692103947994,5.564086732654775
beta_high__parameter_factor__beta_0p5,beta_high,beta,1.2,parameter_factor,beta,0.5,0.0,20,140.0,0.4642924641910731,0.5818379804007937,46.59145330798333,3.109229097781229
beta_high__parameter_factor__beta_0p6,beta_high,beta,1.2,parameter_factor,beta,0.6,0.0,20,140.0,0.5674842055688286,0.6492006496425058,56.94667888449103,3.469202111516546
beta_high__parameter_factor__beta_0p7,beta_high,beta,1.2,parameter_factor,beta,0.7,0.0,20,140.0,0.6740826879542894,0.7326791051602635,67.64376875308763,3.915294755305212
beta_high__parameter_factor__beta_0p8,beta_high,beta,1.2,parameter_factor,beta,0.8,0.0,20,140.0,0.7822179448616233,0.8224278920896247,78.49507296695796,4.394894831634222
beta_high__parameter_factor__beta_0p9,beta_high,beta,1.2,parameter_factor,beta,0.9,0.0,20,140.0,0.8909360112986748,0.9119441374176792,89.40486174623814,4.873252250836019
beta_high__parameter_factor__beta_1,beta_high,beta,1.2,parameter_factor,beta,1.0,0.0,20,140.0,1.0,1.0,100.34936360459484,5.3438056684430695
beta_high__parameter_factor__beta_1p1,beta_high,beta,1.2,parameter_factor,beta,1.1,0.0,20,140.0,1.1093944920335412,1.0874120310062598,111.32703126200862,5.810918575224442
beta_high__parameter_factor__beta_1p2,beta_high,beta,1.2,parameter_factor,beta,1.2,0.0,20,140.0,1.219078071869703,1.1744895263968702,122.33370869644124,6.276243788686611
beta_high__parameter_factor__beta_1p3,beta_high,beta,1.2,parameter_factor,beta,1.3,0.0,20,140.0,1.3289815936495177,,133.36245716494938,
beta_high__parameter_factor__beta_1p4,beta_high,beta,1.2,parameter_factor,beta,1.4,0.0,20,140.0,,,,
beta_high__parameter_factor__beta_1p5,beta_high,beta,1.2,parameter_factor,beta,1.5,0.0,20,140.0,,,,
beta_high__parameter_factor__epsilon_0p5,beta_high,beta,1.2,parameter_factor,epsilon,0.5,0.0,20,140.0,1.1075454186877056,1.9196900616280914,111.1414779284958,10.25845063298202
beta_high__parameter_factor__epsilon_0p6,beta_high,beta,1.2,parameter_factor,epsilon,0.6,0.0,20,140.0,1.0879131317212667,1.6483616571603317,109.17139042531088,8.808524367177592
beta_high__parameter_factor__epsilon_0p7,beta_high,beta,1.2,parameter_factor,epsilon,0.7,0.0,20,140.0,1.0671281641721317,1.4316844546584304,107.08563215921303,7.650643504225545
beta_high__parameter_factor__epsilon_0p8,beta_high,beta,1.2,parameter_factor,epsilon,0.8,0.0,20,140.0,1.045427111488117,1.2574896953694112,104.90794533282238,6.719780562123808
beta_high__parameter_factor__epsilon_0p9,beta_high,beta,1.2,parameter_factor,epsilon,0.9,0.0,20,140.0,1.0230023494602312,1.1161200341714297,102.65763473433954,5.964328565268159
beta_high__parameter_factor__epsilon_1,beta_high,beta,1.2,parameter_factor,epsilon,1.0,0.0,20,140.0,1.0,1.0,100.34936360459484,5.3438056684430695
beta_high__parameter_factor__epsilon_1p1,beta_high,beta,1.2,parameter_factor,epsilon,1.1,0.0,20,140.0,0.976470874841617,0.9027113573577011,97.98823086877825,4.823914068416021
beta_high__parameter_factor__epsilon_1p2,beta_high,beta,1.2,parameter_factor,epsilon,1.2,0.0,20,140.0,0.9523949831310055,0.8192516405498604,95.57223045740524,4.377921560651628
beta_high__parameter_factor__epsilon_1p3,beta_high,beta,1.2,parameter_factor,epsilon,1.3,0.0,20,140.0,0.9277910020827224,0.7465877816223945,93.10323661707052,3.989620019424088
beta_high__parameter_factor__epsilon_1p4,beta_high,beta,1.2,parameter_factor,epsilon,1.4,0.0,20,140.0,0.9027942482692393,0.6833435011937241,90.59482827970676,3.651654875172756
beta_high__parameter_factor__epsilon_1p5,beta_high,beta,1.2,parameter_factor,epsilon,1.5,0.0,20,140.0,0.8776202054454807,0.6287810965796788,88.06862910298777,3.3600839881123368
beta_high__parameter_factor__Xc_0p5,beta_high,beta,1.2,parameter_factor,Xc,0.5,0.0,20,140.0,0.63469661312139,0.3933668562180805,63.69140120872323,2.1020760360358084
beta_high__parameter_factor__Xc_0p6,beta_high,beta,1.2,parameter_factor,Xc,0.6,0.0,20,140.0,0.7503802205340063,0.49308539973855414,75.30017759206306,2.6349525541494025
beta_high__parameter_factor__Xc_0p7,beta_high,beta,1.2,parameter_factor,Xc,0.7,0.0,20,140.0,0.838426358969128,0.6076656278127648,84.13555155186958,3.247247026423869
beta_high__parameter_factor__Xc_0p8,beta_high,beta,1.2,parameter_factor,Xc,0.8,0.0,20,140.0,0.9064291062331722,0.7374015795169843,90.95958396318052,3.9405307405417336
beta_high__parameter_factor__Xc_0p9,beta_high,beta,1.2,parameter_factor,Xc,0.9,0.0,20,140.0,0.9588600112397514,0.8699717789083012,96.22099191380372,4.648960123515681
beta_high__parameter_factor__Xc_1,beta_high,beta,1.2,parameter_factor,Xc,1.0,0.0,20,140.0,1.0,1.0,100.34936360459484,5.3438056684430695
beta_high__parameter_factor__Xc_1p1,beta_high,beta,1.2,parameter_factor,Xc,1.1,0.0,20,140.0,1.0332551811563577,1.1296578159911468,103.68649987019084,6.036671840494508
beta_high__parameter_factor__Xc_1p2,beta_high,beta,1.2,parameter_factor,Xc,1.2,0.0,20,140.0,1.0606833032442653,1.2586727477636006,106.43889446658152,6.726102564213943
beta_high__parameter_factor__Xc_1p3,beta_high,beta,1.2,parameter_factor,Xc,1.3,0.0,20,140.0,1.0836349117237014,1.385339253697687,108.74207377119475,7.402983756626391
beta_high__parameter_factor__Xc_1p4,beta_high,beta,1.2,parameter_factor,Xc,1.4,0.0,20,140.0,1.1030893018821093,1.5081585145740743,110.69430944290647,8.059306019091618
beta_high__parameter_factor__Xc_1p5,beta_high,beta,1.2,parameter_factor,Xc,1.5,0.0,20,140.0,1.1197724655642398,1.6259371008176693,112.36845430131956,8.688691895881352
beta_high__h_ext_absolute__h_ext_0p0001,beta_high,beta,1.2,h_ext_absolute,h_ext,0.0001,0.0001,20,140.0,0.9986371115210742,0.9856544963786387,100.2125986130706,5.267146084874568
beta_high__h_ext_absolute__h_ext_0p00016681005,beta_high,beta,1.2,h_ext_absolute,h_ext,0.00016681005372,0.00016681005372,20,140.0,0.9977193845573853,0.9761112390224558,100.12050529630164,5.216148772119187
beta_high__h_ext_absolute__h_ext_0p00027825594,beta_high,beta,1.2,h_ext_absolute,h_ext,0.0002782559402207,0.0002782559402207,20,140.0,0.9961754622194131,0.9602672458274216,99.96557367223122,5.13148155147279
beta_high__h_ext_absolute__h_ext_0p00046415888,beta_high,beta,1.2,h_ext_absolute,h_ext,0.0004641588833612,0.0004641588833612,20,140.0,0.9935631287041695,0.9340516016601565,99.70342766645356,4.991390243569873
beta_high__h_ext_absolute__h_ext_0p00077426368,beta_high,beta,1.2,h_ext_absolute,h_ext,0.0007742636826811,0.0007742636826811,20,140.0,0.9890994217392756,0.8909481853908733,99.25549751320906,4.7610539633808155
beta_high__h_ext_absolute__h_ext_0p0012915497,beta_high,beta,1.2,h_ext_absolute,h_ext,0.0012915496650148,0.0012915496650148,20,140.0,0.9813428141935422,0.82095973630988,98.47712688226412,4.387049292456264
beta_high__h_ext_absolute__h_ext_0p0021544347,beta_high,beta,1.2,h_ext_absolute,h_ext,0.0021544346900318,0.0021544346900318,20,140.0,0.9674624911733228,0.7106824648623858,97.0842453005589,3.79774898419471
beta_high__h_ext_absolute__h_ext_0p0035938137,beta_high,beta,1.2,h_ext_absolute,h_ext,0.0035938136638046,0.0035938136638046,20,140.0,0.94130886683534,0.5541790614392982,94.45974574228867,2.961425209851782
beta_high__h_ext_absolute__h_ext_0p0059948425,beta_high,beta,1.2,h_ext_absolute,h_ext,0.0059948425031894,0.0059948425031894,20,140.0,0.8876411746766207,0.39364239410419893,89.0742269880339,2.103548456953519
beta_high__h_ext_absolute__h_ext_0p01,beta_high,beta,1.2,h_ext_absolute,h_ext,0.01,0.01,20,140.0,0.7696820474808104,0.27918744615890173,77.23710364258088,1.4919234573420832
epsilon_low__baseline__baseline_1,epsilon_low,epsilon,0.8,baseline,baseline,1.0,0.0,20,140.0,1.0,1.0,86.55624246426328,5.742710102387321
epsilon_low__parameter_factor__eta_0p5,epsilon_low,epsilon,0.8,parameter_factor,eta,0.5,0.0,20,140.0,,,,
epsilon_low__parameter_factor__eta_0p6,epsilon_low,epsilon,0.8,parameter_factor,eta,0.6,0.0,20,140.0,1.6087630794550014,,139.24848717286196,
epsilon_low__parameter_factor__eta_0p7,epsilon_low,epsilon,0.8,parameter_factor,eta,0.7,0.0,20,140.0,1.3934162265125476,0.9690563603823693,120.60887275565888,5.56500975055052
epsilon_low__parameter_factor__eta_0p8,epsilon_low,epsilon,0.8,parameter_factor,eta,0.8,0.0,20,140.0,1.2305014167743693,0.980866721547653,106.5075789829418,5.632833230927238
epsilon_low__parameter_factor__eta_0p9,epsilon_low,epsilon,0.8,parameter_factor,eta,0.9,0.0,20,140.0,1.1028275773152436,0.9910551300413235,95.45661117837427,5.691342307311088
epsilon_low__parameter_factor__eta_1,epsilon_low,epsilon,0.8,parameter_factor,eta,1.0,0.0,20,140.0,1.0,1.0,86.55624246426328,5.742710102387321
epsilon_low__parameter_factor__eta_1p1,epsilon_low,epsilon,0.8,parameter_factor,eta,1.1,0.0,20,140.0,0.9153586419641867,1.0079746726505565,79.2300045556109,5.788506335580903
epsilon_low__parameter_factor__eta_1p2,epsilon_low,epsilon,0.8,parameter_factor,eta,1.2,0.0,20,140.0,0.8444362961887498,1.0151824631479336,73.09123279853787,5.829898586886082
epsilon_low__parameter_factor__eta_1p3,epsilon_low,epsilon,0.8,parameter_factor,eta,1.3,0.0,20,140.0,0.7841232153117936,1.0217801367230064,67.87075914638532,5.867787113577906
epsilon_low__parameter_factor__eta_1p4,epsilon_low,epsilon,0.8,parameter_factor,eta,1.4,0.0,20,140.0,0.7321868694639941,1.0278909669744534,63.37534420247536,5.902879840196865
epsilon_low__parameter_factor__eta_1p5,epsilon_low,epsilon,0.8,parameter_factor,eta,1.5,0.0,20,140.0,0.6869823825086587,1.033613075921299,59.462613669096726,5.935740253052876
epsilon_low__parameter_factor__beta_0p5,epsilon_low,epsilon,0.8,parameter_factor,beta,0.5,0.0,20,140.0,0.481258796350131,0.5977095966451438,41.65595306494144,3.432472938947918
epsilon_low__parameter_factor__beta_0p6,epsilon_low,epsilon,0.8,parameter_factor,beta,0.6,0.0,20,140.0,0.5813136830166191,0.6612611825608117,50.31632809498037,3.7974312734085593
epsilon_low__parameter_factor__beta_0p7,epsilon_low,epsilon,0.8,parameter_factor,beta,0.7,0.0,20,140.0,0.6846214516756816,0.7420372484488437,59.2582603674762,4.261304803014864
epsilon_low__parameter_factor__beta_0p8,epsilon_low,epsilon,0.8,parameter_factor,beta,0.8,0.0,20,140.0,0.7892639927313083,0.8283352839811738,68.31572552316365,4.756889403482557
epsilon_low__parameter_factor__beta_0p9,epsilon_low,epsilon,0.8,parameter_factor,beta,0.9,0.0,20,140.0,0.8944466057104481,0.9145176194236961,77.41993727521084,5.251809571875663
epsilon_low__parameter_factor__beta_1,epsilon_low,epsilon,0.8,parameter_factor,beta,1.0,0.0,20,140.0,1.0,1.0,86.55624246426328,5.742710102387321
epsilon_low__parameter_factor__beta_1p1,epsilon_low,epsilon,0.8,parameter_factor,beta,1.1,0.0,20,140.0,1.1058805450677502,1.085251639934211,95.72086459539582,6.2322855562826
epsilon_low__parameter_factor__beta_1p2,epsilon_low,epsilon,0.8,parameter_factor,beta,1.2,0.0,20,140.0,1.2120205584956627,1.1701410035185837,104.90794533282238,6.719780562123808
epsilon_low__parameter_factor__beta_1p3,epsilon_low,epsilon,0.8,parameter_factor,beta,1.3,0.0,20,140.0,1.3183485798245675,1.2541839441648936,114.11129932771242,7.2024148064077105
epsilon_low__parameter_factor__beta_1p4,epsilon_low,epsilon,0.8,parameter_factor,beta,1.4,0.0,20,140.0,1.4248113469963297,1.3369285125565566,123.32631641644788,7.677592875228192
epsilon_low__parameter_factor__beta_1p5,epsilon_low,epsilon,0.8,parameter_factor,beta,1.5,0.0,20,140.0,1.531374353286227,1.4180668963237577,132.55000982659703,8.143547091379476
epsilon_low__parameter_factor__epsilon_0p5,epsilon_low,epsilon,0.8,parameter_factor,epsilon,0.5,0.0,20,140.0,1.091210583863924,1.8412559879610684,94.4510878764961,10.573799363145174
epsilon_low__parameter_factor__epsilon_0p6,epsilon_low,epsilon,0.8,parameter_factor,epsilon,0.6,0.0,20,140.0,1.0746931553577406,1.5987284847914351,93.02140132982876,9.181034220586149
epsilon_low__parameter_factor__epsilon_0p7,epsilon_low,epsilon,0.8,parameter_factor,epsilon,0.7,0.0,20,140.0,1.0571339250466432,1.4019859724375625,91.50154033353556,8.051199007322502
epsilon_low__parameter_factor__epsilon_0p8,epsilon_low,epsilon,0.8,parameter_factor,epsilon,0.8,0.0,20,140.0,1.0387278316107045,1.2414506638872127,89.90837804727458,7.129291269120542
epsilon_low__parameter_factor__epsilon_0p9,epsilon_low,epsilon,0.8,parameter_factor,epsilon,0.9,0.0,20,140.0,1.019639231503868,1.1094849258168082,88.25614054812388,6.371450291934632
epsilon_low__parameter_factor__epsilon_1,epsilon_low,epsilon,0.8,parameter_factor,epsilon,1.0,0.0,20,140.0,1.0,1.0,86.55624246426328,5.742710102387321
epsilon_low__parameter_factor__epsilon_1p1,epsilon_low,epsilon,0.8,parameter_factor,epsilon,1.1,0.0,20,140.0,0.9798840763364585,0.9078725380910594,84.81508369824917,5.213648796175544
epsilon_low__parameter_factor__epsilon_1p2,epsilon_low,epsilon,0.8,parameter_factor,epsilon,1.2,0.0,20,140.0,0.9593010169979617,0.828839064165089,83.03349142348992,4.75978246703411
epsilon_low__parameter_factor__epsilon_1p3,epsilon_low,epsilon,0.8,parameter_factor,epsilon,1.3,0.0,20,140.0,0.9382491630037755,0.7598672600216015,81.21132204484687,4.363697390599424
epsilon_low__parameter_factor__epsilon_1p4,epsilon_low,epsilon,0.8,parameter_factor,epsilon,1.4,0.0,20,140.0,0.9167851867490987,0.699251972513508,79.35348091189988,4.015601366667584
epsilon_low__parameter_factor__epsilon_1p5,epsilon_low,epsilon,0.8,parameter_factor,epsilon,1.5,0.0,20,140.0,0.8950419813606343,0.6461565487748586,77.47147075434567,3.710689740373106
epsilon_low__parameter_factor__Xc_0p5,epsilon_low,epsilon,0.8,parameter_factor,Xc,0.5,0.0,20,140.0,0.6688978040952538,0.40967686724150626,57.897280515082066,2.352655484222187
epsilon_low__parameter_factor__Xc_0p6,epsilon_low,epsilon,0.8,parameter_factor,Xc,0.6,0.0,20,140.0,0.7747285646146067,0.5095923383954531,67.05759348277256,2.9264410698027468
epsilon_low__parameter_factor__Xc_0p7,epsilon_low,epsilon,0.8,parameter_factor,Xc,0.7,0.0,20,140.0,0.8546430380405873,0.624462280342495,73.97469002103566,3.5861058458826687
epsilon_low__parameter_factor__Xc_0p8,epsilon_low,epsilon,0.8,parameter_factor,Xc,0.8,0.0,20,140.0,0.9159170256511374,0.7512951888162474,79.2783361494067,4.314470470690053
epsilon_low__parameter_factor__Xc_0p9,epsilon_low,epsilon,0.8,parameter_factor,Xc,0.9,0.0,20,140.0,0.962939282518487,0.8770753888892423,83.34840601603388,5.0367896963295395
epsilon_low__parameter_factor__Xc_1,epsilon_low,epsilon,0.8,parameter_factor,Xc,1.0,0.0,20,140.0,1.0,1.0,86.55624246426328,5.742710102387321
epsilon_low__parameter_factor__Xc_1p1,epsilon_low,epsilon,0.8,parameter_factor,Xc,1.1,0.0,20,140.0,1.0300632332756543,1.121534729070885,89.15840297293052,6.440648818813598
epsilon_low__parameter_factor__Xc_1p2,epsilon_low,epsilon,0.8,parameter_factor,Xc,1.2,0.0,20,140.0,1.0549213161874986,1.2406287895028951,91.31002522464487,7.124571482790828
epsilon_low__parameter_factor__Xc_1p3,epsilon_low,epsilon,0.8,parameter_factor,Xc,1.3,0.0,20,140.0,1.0757903744426311,1.3556849220732878,93.11637249097696,7.785305497644438
epsilon_low__parameter_factor__Xc_1p4,epsilon_low,epsilon,0.8,parameter_factor,Xc,1.4,0.0,20,140.0,1.0935519286743272,1.4654580327370812,94.6537458855978,8.415700649223885
epsilon_low__parameter_factor__Xc_1p5,epsilon_low,epsilon,0.8,parameter_factor,Xc,1.5,0.0,20,140.0,1.1088562775248236,1.5690282140036815,95.97843281545904,9.010474175489676
epsilon_low__h_ext_absolute__h_ext_0p0001,epsilon_low,epsilon,0.8,h_ext_absolute,h_ext,0.0001,0.0001,20,140.0,0.9989491143936428,0.988313110930041,86.46528175491721,5.675595686459787
epsilon_low__h_ext_absolute__h_ext_0p00016681005,epsilon_low,epsilon,0.8,h_ext_absolute,h_ext,0.00016681005372,0.00016681005372,20,140.0,0.9982425299211797,0.9805259808638868,86.40412245799722,5.630876455960279
epsilon_low__h_ext_absolute__h_ext_0p00027825594,epsilon_low,epsilon,0.8,h_ext_absolute,h_ext,0.0002782559402207,0.0002782559402207,20,140.0,0.9970557332747435,0.9675752750226472,86.30139779971252,5.556504306692746
epsilon_low__h_ext_absolute__h_ext_0p00046415888,epsilon_low,epsilon,0.8,h_ext_absolute,h_ext,0.0004641588833612,0.0004641588833612,20,140.0,0.9950530272474156,0.9460823127749953,86.12805109122648,5.433076455262927
epsilon_low__h_ext_absolute__h_ext_0p00077426368,epsilon_low,epsilon,0.8,h_ext_absolute,h_ext,0.0007742636826811,0.0007742636826811,20,140.0,0.9916466733901872,0.910558267610226,85.83320990084114,5.229072162217542
epsilon_low__h_ext_absolute__h_ext_0p0012915497,epsilon_low,epsilon,0.8,h_ext_absolute,h_ext,0.0012915496650148,0.0012915496650148,20,140.0,0.9857738165475153,0.8523172579738966,85.32487748000892,4.894610927805756
epsilon_low__h_ext_absolute__h_ext_0p0021544347,epsilon_low,epsilon,0.8,h_ext_absolute,h_ext,0.0021544346900318,0.0021544346900318,20,140.0,0.975406194388595,0.7586616352667613,84.42749506264354,4.356773837140115
epsilon_low__h_ext_absolute__h_ext_0p0035938137,epsilon_low,epsilon,0.8,h_ext_absolute,h_ext,0.0035938136638046,0.0035938136638046,20,140.0,0.9563192391182841,0.617138257954519,82.77539993436197,3.5440461085251287
epsilon_low__h_ext_absolute__h_ext_0p0059948425,epsilon_low,epsilon,0.8,h_ext_absolute,h_ext,0.0059948425031894,0.0059948425031894,20,140.0,0.9184489461168207,0.4463471887887146,79.49748967113462,2.563242510229132
epsilon_low__h_ext_absolute__h_ext_0p01,epsilon_low,epsilon,0.8,h_ext_absolute,h_ext,0.01,0.01,20,140.0,0.8346959260902972,0.31124058272155225,72.24814296260455,1.7873644386679746
epsilon_high__baseline__baseline_1,epsilon_high,epsilon,1.2,baseline,baseline,1.0,0.0,20,140.0,1.0,1.0,77.47147075434573,3.710689740373109
epsilon_high__parameter_factor__eta_0p5,epsilon_high,epsilon,1.2,parameter_factor,eta,0.5,0.0,20,140.0,,,,
epsilon_high__parameter_factor__eta_0p6,epsilon_high,epsilon,1.2,parameter_factor,eta,0.6,0.0,20,140.0,1.580564953293619,0.9215271499563038,122.44869155443044,3.419501340818128
epsilon_high__parameter_factor__eta_0p7,epsilon_high,epsilon,1.2,parameter_factor,eta,0.7,0.0,20,140.0,1.3764194998837953,0.9444946954594257,106.63324303095862,3.504726776278115
epsilon_high__parameter_factor__eta_0p8,epsilon_high,epsilon,1.2,parameter_factor,eta,0.8,0.0,20,140.0,1.2211300501930726,0.9648199041637227,94.60274097078536,3.5801473196880917
epsilon_high__parameter_factor__eta_0p9,epsilon_high,epsilon,1.2,parameter_factor,eta,0.9,0.0,20,140.0,1.0988653357444005,0.9831639891079759,85.13071372108662,3.648216527487265
epsilon_high__parameter_factor__eta_1,epsilon_high,epsilon,1.2,parameter_factor,eta,1.0,0.0,20,140.0,1.0,1.0,77.47147075434573,3.710689740373109
epsilon_high__parameter_factor__eta_1p1,epsilon_high,epsilon,1.2,parameter_factor,eta,1.1,0.0,20,140.0,0.9183374399316847,1.0156840008509063,71.14495212028824,3.7688882014185703
epsilon_high__parameter_factor__eta_1p2,epsilon_high,epsilon,1.2,parameter_factor,eta,1.2,0.0,20,140.0,0.8497039781390144,1.0304950750920523,65.82781689224788,3.8238475026490946
epsilon_high__parameter_factor__eta_1p3,epsilon_high,epsilon,1.2,parameter_factor,eta,1.3,0.0,20,140.0,0.7911833459553174,1.044660898055439,61.29413744750277,3.876412476583276
epsilon_high__parameter_factor__eta_1p4,epsilon_high,epsilon,1.2,parameter_factor,eta,1.4,0.0,20,140.0,0.7406751073125992,1.0583737976194774,57.38118991463992,3.92729679230632
epsilon_high__parameter_factor__eta_1p5,epsilon_high,epsilon,1.2,parameter_factor,eta,1.5,0.0,20,140.0,0.6966271731013082,1.0718009129250012,53.96873166760054,3.9771206513133337
epsilon_high__parameter_factor__beta_0p5,epsilon_high,epsilon,1.2,parameter_factor,beta,0.5,0.0,20,140.0,0.4611824861950036,0.725671806503361,35.72848549167268,2.6927429272700416
epsilon_high__parameter_factor__beta_0p6,epsilon_high,epsilon,1.2,parameter_factor,beta,0.6,0.0,20,140.0,0.5561483087518558,0.7276448313588076,43.08562743654824,2.7000642103586485
epsilon_high__parameter_factor__beta_0p7,epsilon_high,epsilon,1.2,parameter_factor,beta,0.7,0.0,20,140.0,0.6609940480149337,0.771897542142943,51.208181059585534,2.8642722902490383
epsilon_high__parameter_factor__beta_0p8,epsilon_high,epsilon,1.2,parameter_factor,beta,0.8,0.0,20,140.0,0.7712203598890337,0.8370807605921645,59.74757555629927,3.1061469901930634
epsilon_high__parameter_factor__beta_0p9,epsilon_high,epsilon,1.2,parameter_factor,beta,0.9,0.0,20,140.0,0.8846043638648481,0.9144360401419145,68.53160110432219,3.3931884323820145
epsilon_high__parameter_factor__beta_1,epsilon_high,epsilon,1.2,parameter_factor,beta,1.0,0.0,20,140.0,1.0,1.0,77.47147075434573,3.710689740373109
epsilon_high__parameter_factor__beta_1p1,epsilon_high,epsilon,1.2,parameter_factor,beta,1.1,0.0,20,140.0,1.1165454428876098,1.0896864189196556,86.50041762456547,4.04348821490908
epsilon_high__parameter_factor__beta_1p2,epsilon_high,epsilon,1.2,parameter_factor,beta,1.2,0.0,20,140.0,1.2336441986554665,1.179813422022028,95.57223045740524,4.377921560651628
epsilon_high__parameter_factor__beta_1p3,epsilon_high,epsilon,1.2,parameter_factor,beta,1.3,0.0,20,140.0,1.35102539304216,1.2686008288809514,104.66592422544416,4.707384080357368
epsilon_high__parameter_factor__beta_1p4,epsilon_high,epsilon,1.2,parameter_factor,beta,1.4,0.0,20,140.0,1.468635042768285,1.356009560300487,113.77731676463048,5.031730763254868
epsilon_high__parameter_factor__beta_1p5,epsilon_high,epsilon,1.2,parameter_factor,beta,1.5,0.0,20,140.0,1.5864854499990675,1.4426342531773142,122.90736114179778,5.353168122375882
epsilon_high__parameter_factor__epsilon_0p5,epsilon_high,epsilon,1.2,parameter_factor,epsilon,0.5,0.0,20,140.0,1.1709234883010315,2.039303544254434,90.71316477948984,7.567222739171446
epsilon_high__parameter_factor__epsilon_0p6,epsilon_high,epsilon,1.2,parameter_factor,epsilon,0.6,0.0,20,140.0,1.1392082748496573,1.7170528224475048,88.25614054812388,6.371450291934646
epsilon_high__parameter_factor__epsilon_0p7,epsilon_high,epsilon,1.2,parameter_factor,epsilon,0.7,0.0,20,140.0,1.1060932294853008,1.473416093787191,85.6906692796503,5.467389982516752
epsilon_high__parameter_factor__epsilon_0p8,epsilon_high,epsilon,1.2,parameter_factor,epsilon,0.8,0.0,20,140.0,1.0717944375521267,1.282721757965023,83.03349142349,4.759782467034169
epsilon_high__parameter_factor__epsilon_0p9,epsilon_high,epsilon,1.2,parameter_factor,epsilon,0.9,0.0,20,140.0,1.0363333677250481,1.1275591939498066,80.28627018946369,4.18402233265292
epsilon_high__parameter_factor__epsilon_1,epsilon_high,epsilon,1.2,parameter_factor,epsilon,1.0,0.0,20,140.0,1.0,1.0,77.47147075434573,3.710689740373109
epsilon_high__parameter_factor__epsilon_1p1,epsilon_high,epsilon,1.2,parameter_factor,epsilon,1.1,0.0,20,140.0,0.9633760421615516,0.8964709091824878,74.63415887575599,3.326525405246411
epsilon_high__parameter_factor__epsilon_1p2,epsilon_high,epsilon,1.2,parameter_factor,epsilon,1.2,0.0,20,140.0,0.9269484981705385,0.8129583658307425,71.81206346680356,3.016636267438625
epsilon_high__parameter_factor__epsilon_1p3,epsilon_high,epsilon,1.2,parameter_factor,epsilon,1.3,0.0,20,140.0,0.8909485948099005,0.7448788869385867,69.02309800644063,2.7640144435835547
epsilon_high__parameter_factor__epsilon_1p4,epsilon_high,epsilon,1.2,parameter_factor,epsilon,1.4,0.0,20,140.0,0.8554869564136575,0.6884711762515554,66.2758327245249,2.554702930259253
epsilon_high__parameter_factor__epsilon_1p5,epsilon_high,epsilon,1.2,parameter_factor,epsilon,1.5,0.0,20,140.0,0.8207263690276723,0.6413439445671318,63.58287889544768,2.379828395155676
epsilon_high__parameter_factor__Xc_0p5,epsilon_high,epsilon,1.2,parameter_factor,Xc,0.5,0.0,20,140.0,0.5548717264623749,0.49768434917001647,42.98672872904321,1.846752208409448
epsilon_high__parameter_factor__Xc_0p6,epsilon_high,epsilon,1.2,parameter_factor,Xc,0.6,0.0,20,140.0,0.6730380083739709,0.546492638890137,52.141244382307185,2.027864628319058
epsilon_high__parameter_factor__Xc_0p7,epsilon_high,epsilon,1.2,parameter_factor,Xc,0.7,0.0,20,140.0,0.7793010386342833,0.6328371147697602,60.373597623387134,2.348262189103469
epsilon_high__parameter_factor__Xc_0p8,epsilon_high,epsilon,1.2,parameter_factor,Xc,0.8,0.0,20,140.0,0.8684013437242396,0.7431243086403094,67.27632930336696,2.757503747893456
epsilon_high__parameter_factor__Xc_0p9,epsilon_high,epsilon,1.2,parameter_factor,Xc,0.9,0.0,20,140.0,0.940716653934662,0.8657273490452667,72.87870274342514,3.2124455920626804
epsilon_high__parameter_factor__Xc_1,epsilon_high,epsilon,1.2,parameter_factor,Xc,1.0,0.0,20,140.0,1.0,1.0,77.47147075434573,3.710689740373109
epsilon_high__parameter_factor__Xc_1p1,epsilon_high,epsilon,1.2,parameter_factor,Xc,1.1,0.0,20,140.0,1.0486236500527926,1.1390633748078836,81.2384164373802,4.2267107785343825
epsilon_high__parameter_factor__Xc_1p2,epsilon_high,epsilon,1.2,parameter_factor,Xc,1.2,0.0,20,140.0,1.0886551262550002,1.2762808140939654,84.33971377523281,4.735882122693517
epsilon_high__parameter_factor__Xc_1p3,epsilon_high,epsilon,1.2,parameter_factor,Xc,1.3,0.0,20,140.0,1.1221112497135466,1.410649510768714,86.93160886530536,5.234482666871813
epsilon_high__parameter_factor__Xc_1p4,epsilon_high,epsilon,1.2,parameter_factor,Xc,1.4,0.0,20,140.0,1.1505419224265954,1.5429971231585642,89.1341748949207,5.725583594329707
epsilon_high__parameter_factor__Xc_1p5,epsilon_high,epsilon,1.2,parameter_factor,Xc,1.5,0.0,20,140.0,1.1750195706097553,1.6733226905360896,91.03049430027754,6.209181340105794
epsilon_high__h_ext_absolute__h_ext_0p0001,epsilon_high,epsilon,1.2,h_ext_absolute,h_ext,0.0001,0.0001,20,140.0,0.9985890535467473,0.9908607827186686,77.36216265745662,3.676776940572232
epsilon_high__h_ext_absolute__h_ext_0p00016681005,epsilon_high,epsilon,1.2,h_ext_absolute,h_ext,0.00016681005372,0.00016681005372,20,140.0,0.9976423317103332,0.9847947176424522,77.28881872439436,3.65426765512948
epsilon_high__h_ext_absolute__h_ext_0p00027825594,epsilon_high,epsilon,1.2,h_ext_absolute,h_ext,0.0002782559402207,0.0002782559402207,20,140.0,0.9960558034157093,0.9747479555020001,77.16590804401646,3.6169872379309354
epsilon_high__h_ext_absolute__h_ext_0p00046415888,epsilon_high,epsilon,1.2,h_ext_absolute,h_ext,0.0004641588833612,0.0004641588833612,20,140.0,0.9933888753222091,0.9581912264847748,76.95929720221692,3.55555035343258
epsilon_high__h_ext_absolute__h_ext_0p00077426368,epsilon_high,epsilon,1.2,h_ext_absolute,h_ext,0.0007742636826811,0.0007742636826811,20,140.0,0.9888827854158222,0.9311463364689142,76.61020378981782,3.455195157521207
epsilon_high__h_ext_absolute__h_ext_0p0012915497,epsilon_high,epsilon,1.2,h_ext_absolute,h_ext,0.0012915496650148,0.0012915496650148,20,140.0,0.9812042523489467,0.887673589073441,76.0153365398911,3.2938812797749923
epsilon_high__h_ext_absolute__h_ext_0p0021544347,epsilon_high,epsilon,1.2,h_ext_absolute,h_ext,0.0021544346900318,0.0021544346900318,20,140.0,0.9679363262434041,0.8199093906816047,74.98745079063472,3.042429364037798
epsilon_high__h_ext_absolute__h_ext_0p0035938137,epsilon_high,epsilon,1.2,h_ext_absolute,h_ext,0.0035938136638046,0.0035938136638046,20,140.0,0.9445022882891478,0.7207630095512272,73.17198140460533,2.6745279047821837
epsilon_high__h_ext_absolute__h_ext_0p0059948425,epsilon_high,epsilon,1.2,h_ext_absolute,h_ext,0.0059948425031894,0.0059948425031894,20,140.0,0.9018771074074994,0.5947535131925461,69.86974595053401,2.2069457594544435
epsilon_high__h_ext_absolute__h_ext_0p01,epsilon_high,epsilon,1.2,h_ext_absolute,h_ext,0.01,0.01,20,140.0,0.8234528698824897,0.4721834945302234,63.79410492668336,1.752126448726822
Xc_low__baseline__baseline_1,Xc_low,Xc,0.8,baseline,baseline,1.0,0.0,20,140.0,1.0,1.0,73.24182216260601,3.358365934131162
Xc_low__parameter_factor__eta_0p5,Xc_low,Xc,0.8,parameter_factor,eta,0.5,0.0,20,140.0,1.851042956994364,,135.5737590715256,
Xc_low__parameter_factor__eta_0p6,Xc_low,Xc,0.8,parameter_factor,eta,0.6,0.0,20,140.0,1.5739768614242111,0.910239066513602,115.28093337248885,3.0569158728946295
Xc_low__parameter_factor__eta_0p7,Xc_low,Xc,0.8,parameter_factor,eta,0.7,0.0,20,140.0,1.3724177218514393,0.9358549571314453,100.518374716652,3.1429434073180245
Xc_low__parameter_factor__eta_0p8,Xc_low,Xc,0.8,parameter_factor,eta,0.8,0.0,20,140.0,1.2189038723607686,0.9589377000818059,89.27474065275923,3.220463704908822
Xc_low__parameter_factor__eta_0p9,Xc_low,Xc,0.8,parameter_factor,eta,0.9,0.0,20,140.0,1.0979146635161474,0.9801583665113085,80.41327053496708,3.291730468145224
Xc_low__parameter_factor__eta_1,Xc_low,Xc,0.8,parameter_factor,eta,1.0,0.0,20,140.0,1.0,1.0,73.24182216260601,3.358365934131162
Xc_low__parameter_factor__eta_1p1,Xc_low,Xc,0.8,parameter_factor,eta,1.1,0.0,20,140.0,0.9190684311407031,1.0188281937176396,67.31424658887269,3.4215978985137045
Xc_low__parameter_factor__eta_1p2,Xc_low,Xc,0.8,parameter_factor,eta,1.2,0.0,20,140.0,0.8510125465492391,1.036931920586804,62.32970959250584,3.4823968381119212
Xc_low__parameter_factor__eta_1p3,Xc_low,Xc,0.8,parameter_factor,eta,1.3,0.0,20,140.0,0.7929595421072222,1.0545472147574761,58.07780176515866,3.541555441974406
Xc_low__parameter_factor__eta_1p4,Xc_low,Xc,0.8,parameter_factor,eta,1.4,0.0,20,140.0,0.7428383856036768,1.0718757744209422,54.40683693394185,3.59975108643575
Xc_low__parameter_factor__eta_1p5,Xc_low,Xc,0.8,parameter_factor,eta,1.5,0.0,20,140.0,0.6991175947701773,1.089094550640437,51.20464654690618,3.657578037918729
Xc_low__parameter_factor__beta_0p5,Xc_low,Xc,0.8,parameter_factor,beta,0.5,0.0,20,140.0,0.4575659190970442,0.803782693154658,33.51296167417508,2.699396415134804
Xc_low__parameter_factor__beta_0p6,Xc_low,Xc,0.8,parameter_factor,beta,0.6,0.0,20,140.0,0.549514838147894,0.7739619608978267,40.24746805134128,2.5992474837926154
Xc_low__parameter_factor__beta_0p7,Xc_low,Xc,0.8,parameter_factor,beta,0.7,0.0,20,140.0,0.6538761677114466,0.7994197945234705,47.891081991888115,2.6847442049977563
Xc_low__parameter_factor__beta_0p8,Xc_low,Xc,0.8,parameter_factor,beta,0.8,0.0,20,140.0,0.7656344344739564,0.8537799017993094,56.07646109130894,2.8673053374486495
Xc_low__parameter_factor__beta_0p9,Xc_low,Xc,0.8,parameter_factor,beta,0.9,0.0,20,140.0,0.8814965126361235,0.9223342384680233,64.56241081545234,3.0975358863538167
Xc_low__parameter_factor__beta_1,Xc_low,Xc,0.8,parameter_factor,beta,1.0,0.0,20,140.0,1.0,1.0,73.24182216260601,3.358365934131162
Xc_low__parameter_factor__beta_1p1,Xc_low,Xc,0.8,parameter_factor,beta,1.1,0.0,20,140.0,1.120370017937362,1.0846947681344299,82.05794161008397,3.642801958232969
Xc_low__parameter_factor__beta_1p2,Xc_low,Xc,0.8,parameter_factor,beta,1.2,0.0,20,140.0,1.241907714437236,1.1733476392474136,90.95958396318052,3.9405307405417336
Xc_low__parameter_factor__beta_1p3,Xc_low,Xc,0.8,parameter_factor,beta,1.3,0.0,20,140.0,1.3640365515446236,1.2624682496843325,99.90452253152569,4.239830362662056
Xc_low__parameter_factor__beta_1p4,Xc_low,Xc,0.8,parameter_factor,beta,1.4,0.0,20,140.0,1.486436478369599,1.3498496077031001,108.86931620475652,4.533288938710404
Xc_low__parameter_factor__beta_1p5,Xc_low,Xc,0.8,parameter_factor,beta,1.5,0.0,20,140.0,1.6090211595159796,1.4350567888145618,117.8476416211395,4.819445833098481
Xc_low__parameter_factor__epsilon_0p5,Xc_low,Xc,0.8,parameter_factor,epsilon,0.5,0.0,20,140.0,1.1980575892965433,2.0550860174796672,87.7479208958179,6.901730872812991
Xc_low__parameter_factor__epsilon_0p6,Xc_low,Xc,0.8,parameter_factor,epsilon,0.6,0.0,20,140.0,1.1608964178515533,1.7276554366869168,85.02616898548983,5.8020991644858375
Xc_low__parameter_factor__epsilon_0p7,Xc_low,Xc,0.8,parameter_factor,epsilon,0.7,0.0,20,140.0,1.1223666141786206,1.4808953108768412,82.20417595691677,4.97338836406336
Xc_low__parameter_factor__epsilon_0p8,Xc_low,Xc,0.8,parameter_factor,epsilon,0.8,0.0,20,140.0,1.0824189487448697,1.2846933762762347,79.2783361494067,4.314470470690053
Xc_low__parameter_factor__epsilon_0p9,Xc_low,Xc,0.8,parameter_factor,epsilon,0.9,0.0,20,140.0,1.0413528799092007,1.1259316944129272,76.27058243882729,3.781290646674952
Xc_low__parameter_factor__epsilon_1,Xc_low,Xc,0.8,parameter_factor,epsilon,1.0,0.0,20,140.0,1.0,1.0,73.24182216260601,3.358365934131162
Xc_low__parameter_factor__epsilon_1p1,Xc_low,Xc,0.8,parameter_factor,epsilon,1.1,0.0,20,140.0,0.9589965689185307,0.9007761408551503,70.23865615528037,3.02513590572607
Xc_low__parameter_factor__epsilon_1p2,Xc_low,Xc,0.8,parameter_factor,epsilon,1.2,0.0,20,140.0,0.9185507312202732,0.8210849567847484,67.27632930336696,2.757503747893456
Xc_low__parameter_factor__epsilon_1p3,Xc_low,Xc,0.8,parameter_factor,epsilon,1.3,0.0,20,140.0,0.8787601262488752,0.7556460611410951,64.36199289030932,2.537735989996647
Xc_low__parameter_factor__epsilon_1p4,Xc_low,Xc,0.8,parameter_factor,epsilon,1.4,0.0,20,140.0,0.8399017064378701,0.7016876385230236,61.515931416991805,2.356523861616663
Xc_low__parameter_factor__epsilon_1p5,Xc_low,Xc,0.8,parameter_factor,epsilon,1.5,0.0,20,140.0,0.8024200460114177,0.6578008116568201,58.77070630967839,2.2091358373120933
Xc_low__parameter_factor__Xc_0p5,Xc_low,Xc,0.8,parameter_factor,Xc,0.5,0.0,20,140.0,0.5341529431232023,0.554830992405648,39.122334867862186,1.8633255040953136
Xc_low__parameter_factor__Xc_0p6,Xc_low,Xc,0.8,parameter_factor,Xc,0.6,0.0,20,140.0,0.6489759674061074,0.5798646816421803,47.532182392563314,1.9473977932329096
Xc_low__parameter_factor__Xc_0p7,Xc_low,Xc,0.8,parameter_factor,Xc,0.7,0.0,20,140.0,0.7578536262851524,0.650605317688432,55.50658052166321,2.1849707354894123
Xc_low__parameter_factor__Xc_0p8,Xc_low,Xc,0.8,parameter_factor,Xc,0.8,0.0,20,140.0,0.8538568369239834,0.7524581917824683,62.53803060231168,2.527029958140174
Xc_low__parameter_factor__Xc_0p9,Xc_low,Xc,0.8,parameter_factor,Xc,0.9,0.0,20,140.0,0.9338710792281166,0.8706264452084947,68.39841950762667,2.9238821949419194
Xc_low__parameter_factor__Xc_1,Xc_low,Xc,0.8,parameter_factor,Xc,1.0,0.0,20,140.0,1.0,1.0,73.24182216260601,3.358365934131162
Xc_low__parameter_factor__Xc_1p1,Xc_low,Xc,0.8,parameter_factor,Xc,1.1,0.0,20,140.0,1.0552121354572894,1.1404397713439334,77.28565956898652,3.830014078009797
Xc_low__parameter_factor__Xc_1p2,Xc_low,Xc,0.8,parameter_factor,Xc,1.2,0.0,20,140.0,1.1012392262111288,1.2848244650679703,80.65676756464134,4.314910714822564
Xc_low__parameter_factor__Xc_1p3,Xc_low,Xc,0.8,parameter_factor,Xc,1.3,0.0,20,140.0,1.1397294627503103,1.427203503716504,83.47586262424072,4.793071627954144
Xc_low__parameter_factor__Xc_1p4,Xc_low,Xc,0.8,parameter_factor,Xc,1.4,0.0,20,140.0,1.172340907974485,1.5668783186558397,85.8643842958153,5.262150768302483
Xc_low__parameter_factor__Xc_1p5,Xc_low,Xc,0.8,parameter_factor,Xc,1.5,0.0,20,140.0,1.2003803248046334,1.7048656264070114,87.91804227683221,5.725562641996492
Xc_low__h_ext_absolute__h_ext_0p0001,Xc_low,Xc,0.8,h_ext_absolute,h_ext,0.0001,0.0001,20,140.0,0.9985532406308962,0.9918734740704872,73.13585887018203,3.3310740862866526
Xc_low__h_ext_absolute__h_ext_0p00016681005,Xc_low,Xc,0.8,h_ext_absolute,h_ext,0.00016681005372,0.00016681005372,20,140.0,0.9975832036721765,0.9864844495080447,73.06481159576032,3.3129757697779496
Xc_low__h_ext_absolute__h_ext_0p00027825594,Xc_low,Xc,0.8,h_ext_absolute,h_ext,0.0002782559402207,0.0002782559402207,20,140.0,0.9959589190406577,0.9775663989522414,72.94584602963717,3.28302569259248
Xc_low__h_ext_absolute__h_ext_0p00046415888,Xc_low,Xc,0.8,h_ext_absolute,h_ext,0.0004641588833612,0.0004641588833612,20,140.0,0.9932322027512221,0.9628917981937269,72.74613636007845,3.2337430133081098
Xc_low__h_ext_absolute__h_ext_0p00077426368,Xc_low,Xc,0.8,h_ext_absolute,h_ext,0.0007742636826811,0.0007742636826811,20,140.0,0.9886356593584451,0.9389784560012967,72.40947714634197,3.153433259517831
Xc_low__h_ext_absolute__h_ext_0p0012915497,Xc_low,Xc,0.8,h_ext_absolute,h_ext,0.0012915496650148,0.0012915496650148,20,140.0,0.9808338207858758,0.9006827882189348,71.83805627306849,3.0248223934127423
Xc_low__h_ext_absolute__h_ext_0p0021544347,Xc_low,Xc,0.8,h_ext_absolute,h_ext,0.0021544346900318,0.0021544346900318,20,140.0,0.9674448973087435,0.841288064277066,70.85742712080763,2.8253531758592456
Xc_low__h_ext_absolute__h_ext_0p0035938137,Xc_low,Xc,0.8,h_ext_absolute,h_ext,0.0035938136638046,0.0035938136638046,20,140.0,0.9440809955327504,0.754620681543065,69.14621238190574,2.53429239008507
Xc_low__h_ext_absolute__h_ext_0p0059948425,Xc_low,Xc,0.8,h_ext_absolute,h_ext,0.0059948425031894,0.0059948425031894,20,140.0,0.9024733323966128,0.6423874657689662,66.09879131788713,2.157372181551344
Xc_low__h_ext_absolute__h_ext_0p01,Xc_low,Xc,0.8,h_ext_absolute,h_ext,0.01,0.01,20,140.0,0.828451663426174,0.5258901157281147,60.67730940297497,1.7661314497575946
Xc_high__baseline__baseline_1,Xc_high,Xc,1.2,baseline,baseline,1.0,0.0,20,140.0,1.0,1.0,87.91804227683221,5.725562641996492
Xc_high__parameter_factor__eta_0p5,Xc_high,Xc,1.2,parameter_factor,eta,0.5,0.0,20,140.0,,,,
Xc_high__parameter_factor__eta_0p6,Xc_high,Xc,1.2,parameter_factor,eta,0.6,0.0,20,140.0,,,,
Xc_high__parameter_factor__eta_0p7,Xc_high,Xc,1.2,parameter_factor,eta,0.7,0.0,20,140.0,1.391949619380874,0.9706020528952561,122.37748548394818,5.5572428543021815
Xc_high__parameter_factor__eta_0p8,Xc_high,Xc,1.2,parameter_factor,eta,0.8,0.0,20,140.0,1.229676826951497,0.9819057877398008,108.1107792587626,5.62196309624314
Xc_high__parameter_factor__eta_0p9,Xc_high,Xc,1.2,parameter_factor,eta,0.9,0.0,20,140.0,1.1024731083111348,0.9915770536038901,96.92727734556895,5.677336534775386
Xc_high__parameter_factor__eta_1,Xc_high,Xc,1.2,parameter_factor,eta,1.0,0.0,20,140.0,1.0,1.0,87.91804227683221,5.725562641996492
Xc_high__parameter_factor__eta_1p1,Xc_high,Xc,1.2,parameter_factor,eta,1.1,0.0,20,140.0,0.9156322304361437,1.0074506358476045,80.50059314551505,5.768221724264656
Xc_high__parameter_factor__eta_1p2,Xc_high,Xc,1.2,parameter_factor,eta,1.2,0.0,20,140.0,0.844924952457931,1.0141339471381146,74.28414769094682,5.806487441714434
Xc_high__parameter_factor__eta_1p3,Xc_high,Xc,1.2,parameter_factor,eta,1.3,0.0,20,140.0,0.7847835826095843,1.02020768586622,68.99663619403327,5.841263013273321
Xc_high__parameter_factor__eta_1p4,Xc_high,Xc,1.2,parameter_factor,eta,1.4,0.0,20,140.0,0.7329860158714836,1.0257951874679858,64.4426955317159,5.873254603706487
Xc_high__parameter_factor__eta_1p5,Xc_high,Xc,1.2,parameter_factor,eta,1.5,0.0,20,140.0,0.6878950212495594,1.0309961365608529,60.47838356024115,5.903032963535532
Xc_high__parameter_factor__beta_0p5,Xc_high,Xc,1.2,parameter_factor,beta,0.5,0.0,20,140.0,0.4841885516410418,0.5905960129642565,42.56890955313527,3.381494468340222
Xc_high__parameter_factor__beta_0p6,Xc_high,Xc,1.2,parameter_factor,beta,0.6,0.0,20,140.0,0.5838155264031718,0.6562472363212908,51.32791813218511,3.7573846601946257
Xc_high__parameter_factor__beta_0p7,Xc_high,Xc,1.2,parameter_factor,beta,0.7,0.0,20,140.0,0.6865540677769827,0.7380769568278903,60.36048955614789,4.225905850932226
Xc_high__parameter_factor__beta_0p8,Xc_high,Xc,1.2,parameter_factor,beta,0.8,0.0,20,140.0,0.7905536628654397,0.8251401209141381,69.50393035390829,4.724391450718457
Xc_high__parameter_factor__beta_0p9,Xc_high,Xc,1.2,parameter_factor,beta,0.9,0.0,20,140.0,0.8950923910428313,0.9126340177442066,78.69477067737448,5.225343237811392
Xc_high__parameter_factor__beta_1,Xc_high,Xc,1.2,parameter_factor,beta,1.0,0.0,20,140.0,1.0,1.0,87.91804227683221,5.725562641996492
Xc_high__parameter_factor__beta_1p1,Xc_high,Xc,1.2,parameter_factor,beta,1.1,0.0,20,140.0,1.1052137554725547,1.0874542521980757,97.16822967857256,6.226287441265533
Xc_high__parameter_factor__beta_1p2,Xc_high,Xc,1.2,parameter_factor,beta,1.2,0.0,20,140.0,1.2106604254384068,1.1747496245833695,106.43889446658152,6.726102564213943
Xc_high__parameter_factor__beta_1p3,Xc_high,Xc,1.2,parameter_factor,beta,1.3,0.0,20,140.0,1.3162713861211282,1.2613979471195966,115.72400337278188,7.222212962719028
Xc_high__parameter_factor__beta_1p4,Xc_high,Xc,1.2,parameter_factor,beta,1.4,0.0,20,140.0,1.4219970034423692,1.3469603411930944,125.01919266617494,7.712105809786029
Xc_high__parameter_factor__beta_1p5,Xc_high,Xc,1.2,parameter_factor,beta,1.5,0.0,20,140.0,1.527804841652016,,134.3216106591109,
Xc_high__parameter_factor__epsilon_0p5,Xc_high,Xc,1.2,parameter_factor,epsilon,0.5,0.0,20,140.0,1.090361988747215,1.8506373197803005,95.86249142372849,10.595939902018603
Xc_high__parameter_factor__epsilon_0p6,Xc_high,Xc,1.2,parameter_factor,epsilon,0.6,0.0,20,140.0,1.0741509865284016,1.605482066368299,94.43725184530504,9.192288141593664
Xc_high__parameter_factor__epsilon_0p7,Xc_high,Xc,1.2,parameter_factor,epsilon,0.7,0.0,20,140.0,1.056826565688618,1.4067169904888654,92.9141226814913,8.054246248604782
Xc_high__parameter_factor__epsilon_0p8,Xc_high,Xc,1.2,parameter_factor,epsilon,0.8,0.0,20,140.0,1.0385811928924913,1.2443443427782506,91.31002522464487,7.124571482790828
Xc_high__parameter_factor__epsilon_0p9,Xc_high,Xc,1.2,parameter_factor,epsilon,0.9,0.0,20,140.0,1.0195923967258014,1.110812823874945,89.64056744047568,6.360028406629014
Xc_high__parameter_factor__epsilon_1,Xc_high,Xc,1.2,parameter_factor,epsilon,1.0,0.0,20,140.0,1.0,1.0,87.91804227683221,5.725562641996492
Xc_high__parameter_factor__epsilon_1p1,Xc_high,Xc,1.2,parameter_factor,epsilon,1.1,0.0,20,140.0,0.9798924247086452,0.9068406971743191,86.1502236222823,5.192173217983335
Xc_high__parameter_factor__epsilon_1p2,Xc_high,Xc,1.2,parameter_factor,epsilon,1.2,0.0,20,140.0,0.9592992699913389,0.8271470279542911,84.33971377523281,4.735882122693517
Xc_high__parameter_factor__epsilon_1p3,Xc_high,Xc,1.2,parameter_factor,epsilon,1.3,0.0,20,140.0,0.9382317984957321,0.7578488438481094,82.4875029256161,4.339111028616967
Xc_high__parameter_factor__epsilon_1p4,Xc_high,Xc,1.2,parameter_factor,epsilon,1.4,0.0,20,140.0,0.9167422170096513,0.6970755690504435,80.59818099201141,3.9911498368036655
Xc_high__parameter_factor__epsilon_1p5,Xc_high,Xc,1.2,parameter_factor,epsilon,1.5,0.0,20,140.0,0.8949477733063951,0.6438159718496933,78.68205616910849,3.6862086767432687
Xc_high__parameter_factor__Xc_0p5,Xc_high,Xc,1.2,parameter_factor,Xc,0.5,0.0,20,140.0,0.6728969456403295,0.40960717328819457,59.15978211475775,2.34523152927267
Xc_high__parameter_factor__Xc_0p6,Xc_high,Xc,1.2,parameter_factor,Xc,0.6,0.0,20,140.0,0.777979328659946,0.5106715929532417,68.39841950762667,2.9238821949419194
Xc_high__parameter_factor__Xc_0p7,Xc_high,Xc,1.2,parameter_factor,Xc,0.7,0.0,20,140.0,0.8571029232046713,0.6271354951173913,75.35481103790477,3.590703562314109
Xc_high__parameter_factor__Xc_0p8,Xc_high,Xc,1.2,parameter_factor,Xc,0.8,0.0,20,140.0,0.9174085941389948,0.7536221301943461,80.65676756464134,4.314910714822564
Xc_high__parameter_factor__Xc_0p9,Xc_high,Xc,1.2,parameter_factor,Xc,0.9,0.0,20,140.0,0.9635930356301214,0.8782565811019963,84.7172132441901,5.028513070845152
Xc_high__parameter_factor__Xc_1,Xc_high,Xc,1.2,parameter_factor,Xc,1.0,0.0,20,140.0,1.0,1.0,87.91804227683221,5.725562641996492
Xc_high__parameter_factor__Xc_1p1,Xc_high,Xc,1.2,parameter_factor,Xc,1.1,0.0,20,140.0,1.0295131047871473,1.1197004299273947,90.5127766712292,6.410914951819701
Xc_high__parameter_factor__Xc_1p2,Xc_high,Xc,1.2,parameter_factor,Xc,1.2,0.0,20,140.0,1.0539057019800158,1.2361705355358086,92.65732606247356,7.077771837400622
Xc_high__parameter_factor__Xc_1p3,Xc_high,Xc,1.2,parameter_factor,Xc,1.3,0.0,20,140.0,1.0743886250898949,1.3479311083926837,94.45814456240102,7.7176639981980735
Xc_high__parameter_factor__Xc_1p4,Xc_high,Xc,1.2,parameter_factor,Xc,1.4,0.0,20,140.0,1.0918339259926548,1.4538321917494255,95.99190126470192,8.32400728481239
Xc_high__parameter_factor__Xc_1p5,Xc_high,Xc,1.2,parameter_factor,Xc,1.5,0.0,20,140.0,1.106885117309161,1.5531280182241478,97.3151725391832,8.892531759382226
Xc_high__h_ext_absolute__h_ext_0p0001,Xc_high,Xc,1.2,h_ext_absolute,h_ext,0.0001,0.0001,20,140.0,0.9989240812248865,0.9881430140880871,87.82344960447534,5.657674726412565
Xc_high__h_ext_absolute__h_ext_0p00016681005,Xc_high,Xc,1.2,h_ext_absolute,h_ext,0.00016681005372,0.00016681005372,20,140.0,0.9982005640270917,0.9802415893820899,87.7598393888916,5.612434624297359
Xc_high__h_ext_absolute__h_ext_0p00027825594,Xc_high,Xc,1.2,h_ext_absolute,h_ext,0.0002782559402207,0.0002782559402207,20,140.0,0.996985324549303,0.9670985268723852,87.6529979131069,5.537183196590369
Xc_high__h_ext_absolute__h_ext_0p00046415888,Xc_high,Xc,1.2,h_ext_absolute,h_ext,0.0004641588833612,0.0004641588833612,20,140.0,0.9949344009638434,0.945282172228886,87.47268472661392,5.412272291459003
Xc_high__h_ext_absolute__h_ext_0p00077426368,Xc_high,Xc,1.2,h_ext_absolute,h_ext,0.0007742636826811,0.0007742636826811,20,140.0,0.991445345630161,0.909212910248445,87.16593381228101,5.205755472539406
Xc_high__h_ext_absolute__h_ext_0p0012915497,Xc_high,Xc,1.2,h_ext_absolute,h_ext,0.0012915496650148,0.0012915496650148,20,140.0,0.9854277770232915,0.8500639417801668,86.63688096109853,4.8670943483648035
Xc_high__h_ext_absolute__h_ext_0p0021544347,Xc_high,Xc,1.2,h_ext_absolute,h_ext,0.0021544346900318,0.0021544346900318,20,140.0,0.9747976574870406,0.7549956838550286,85.70230166230265,4.3227750823489455
Xc_high__h_ext_absolute__h_ext_0p0035938137,Xc_high,Xc,1.2,h_ext_absolute,h_ext,0.0035938136638046,0.0035938136638046,20,140.0,0.9551993774800625,0.6118362536912589,83.97925925209594,3.50310679715376
Xc_high__h_ext_absolute__h_ext_0p0059948425,Xc_high,Xc,1.2,h_ext_absolute,h_ext,0.0059948425031894,0.0059948425031894,20,140.0,0.916183222662802,0.44025977626216783,80.54903530339261,2.520734927740402
Xc_high__h_ext_absolute__h_ext_0p01,Xc_high,Xc,1.2,h_ext_absolute,h_ext,0.01,0.01,20,140.0,0.829505522711526,0.30658142998714194,72.92850161461774,1.755351182264243
xc_std_frac_low__baseline__baseline_1,xc_std_frac_low,xc_std_frac,0.8,baseline,baseline,1.0,0.0,20,140.0,1.0,1.0,82.02611939989738,5.117013534399593
xc_std_frac_low__parameter_factor__eta_0p5,xc_std_frac_low,xc_std_frac,0.8,parameter_factor,eta,0.5,0.0,20,140.0,,,,
xc_std_frac_low__parameter_factor__eta_0p6,xc_std_frac_low,xc_std_frac,0.8,parameter_factor,eta,0.6,0.0,20,140.0,1.5957050458043753,,130.8894926141684,
xc_std_frac_low__parameter_factor__eta_0p7,xc_std_frac_low,xc_std_frac,0.8,parameter_factor,eta,0.7,0.0,20,140.0,1.3855965732963695,0.966191560062724,113.65510996129667,4.944015289663616
xc_std_frac_low__parameter_factor__eta_0p8,xc_std_frac_low,xc_std_frac,0.8,parameter_factor,eta,0.8,0.0,20,140.0,1.226219729646739,0.9790651437774344,100.5820459545133,5.009889591768015
xc_std_frac_low__parameter_factor__eta_0p9,xc_std_frac_low,xc_std_frac,0.8,parameter_factor,eta,0.9,0.0,20,140.0,1.1010304973612404,0.9902049986193183,90.3132590394815,5.066892379765182
xc_std_frac_low__parameter_factor__eta_1,xc_std_frac_low,xc_std_frac,0.8,parameter_factor,eta,1.0,0.0,20,140.0,1.0,1.0,82.02611939989738,5.117013534399593
xc_std_frac_low__parameter_factor__eta_1p1,xc_std_frac_low,xc_std_frac,0.8,parameter_factor,eta,1.1,0.0,20,140.0,0.9166882760383673,1.008734569716647,75.19238198280921,5.161708445856832
xc_std_frac_low__parameter_factor__eta_1p2,xc_std_frac_low,xc_std_frac,0.8,parameter_factor,eta,1.2,0.0,20,140.0,0.8467674570978516,1.0166235655217453,69.45704853985586,5.202076544164342
xc_std_frac_low__parameter_factor__eta_1p3,xc_std_frac_low,xc_std_frac,0.8,parameter_factor,eta,1.3,0.0,20,140.0,0.7872194761194817,1.023834732834761,64.57255874210128,5.238976184903863
xc_std_frac_low__parameter_factor__eta_1p4,xc_std_frac_low,xc_std_frac,0.8,parameter_factor,eta,1.4,0.0,20,140.0,0.7358742793283325,1.0305052875813583,60.36091149949924,5.2731095038241556
xc_std_frac_low__parameter_factor__eta_1p5,xc_std_frac_low,xc_std_frac,0.8,parameter_factor,eta,1.5,0.0,20,140.0,0.6911310071520367,1.0367504042082907,56.69079451362429,5.305065850128073
xc_std_frac_low__parameter_factor__beta_0p5,xc_std_frac_low,xc_std_frac,0.8,parameter_factor,beta,0.5,0.0,20,140.0,0.4615188873806902,0.5947643044200694,37.856603361596285,3.0434169954952552
xc_std_frac_low__parameter_factor__beta_0p6,xc_std_frac_low,xc_std_frac,0.8,parameter_factor,beta,0.6,0.0,20,140.0,0.5620013755568194,0.6418925327327598,46.09879193433024,3.284572777623566
xc_std_frac_low__parameter_factor__beta_0p7,xc_std_frac_low,xc_std_frac,0.8,parameter_factor,beta,0.7,0.0,20,140.0,0.6687053121477431,0.71867658208044,54.851301777576424,3.677477797361652
xc_std_frac_low__parameter_factor__beta_0p8,xc_std_frac_low,xc_std_frac,0.8,parameter_factor,beta,0.8,0.0,20,140.0,0.7781085710359812,0.8082940584226546,63.82522655388093,4.136051636723499
xc_std_frac_low__parameter_factor__beta_0p9,xc_std_frac_low,xc_std_frac,0.8,parameter_factor,beta,0.9,0.0,20,140.0,0.8887550247476034,0.9033198741276356,72.90112577720566,4.622300021803248
xc_std_frac_low__parameter_factor__beta_1,xc_std_frac_low,xc_std_frac,0.8,parameter_factor,beta,1.0,0.0,20,140.0,1.0,1.0,82.02611939989738,5.117013534399593
xc_std_frac_low__parameter_factor__beta_1p1,xc_std_frac_low,xc_std_frac,0.8,parameter_factor,beta,1.1,0.0,20,140.0,1.111553462868524,1.0964250020302082,91.17641706462295,5.610421574842676
xc_std_frac_low__parameter_factor__beta_1p2,xc_std_frac_low,xc_std_frac,0.8,parameter_factor,beta,1.2,0.0,20,140.0,1.2233002745827715,1.19186133956232,100.34257438485366,6.098770605668021
xc_std_frac_low__parameter_factor__beta_1p3,xc_std_frac_low,xc_std_frac,0.8,parameter_factor,beta,1.3,0.0,20,140.0,1.3351942203254568,1.286101634777934,109.5208005384688,6.58099947177213
xc_std_frac_low__parameter_factor__beta_1p4,xc_std_frac_low,xc_std_frac,0.8,parameter_factor,beta,1.4,0.0,20,140.0,1.4472088645225683,1.3790602512533126,118.7089271179181,7.056669970415704
xc_std_frac_low__parameter_factor__beta_1p5,xc_std_frac_low,xc_std_frac,0.8,parameter_factor,beta,1.5,0.0,20,140.0,1.5593241582927668,1.4706567554736718,127.90530959126698,7.525370522214971
xc_std_frac_low__parameter_factor__epsilon_0p5,xc_std_frac_low,xc_std_frac,0.8,parameter_factor,epsilon,0.5,0.0,20,140.0,1.130314276277497,1.9640079495447942,92.71529378534656,10.049855259489105
xc_std_frac_low__parameter_factor__epsilon_0p6,xc_std_frac_low,xc_std_frac,0.8,parameter_factor,epsilon,0.6,0.0,20,140.0,1.1067586128795366,1.679377906902608,90.78311412692167,8.593399478992305
xc_std_frac_low__parameter_factor__epsilon_0p7,xc_std_frac_low,xc_std_frac,0.8,parameter_factor,epsilon,0.7,0.0,20,140.0,1.0817767266486935,1.4545306084272644,88.73394694411589,7.442852809520787
xc_std_frac_low__parameter_factor__epsilon_0p8,xc_std_frac_low,xc_std_frac,0.8,parameter_factor,epsilon,0.8,0.0,20,140.0,1.0555577668792635,1.2731627457602963,86.58330741952751,6.514791001548784
xc_std_frac_low__parameter_factor__epsilon_0p9,xc_std_frac_low,xc_std_frac,0.8,parameter_factor,epsilon,0.9,0.0,20,140.0,1.028256065658067,1.1242262251127106,84.34385481533732,5.752680809628704
xc_std_frac_low__parameter_factor__epsilon_1,xc_std_frac_low,xc_std_frac,0.8,parameter_factor,epsilon,1.0,0.0,20,140.0,1.0,1.0,82.02611939989738,5.117013534399593
xc_std_frac_low__parameter_factor__epsilon_1p1,xc_std_frac_low,xc_std_frac,0.8,parameter_factor,epsilon,1.1,0.0,20,140.0,0.9709328774341655,0.8952764003726494,79.64185613370078,4.581141457735396
xc_std_frac_low__parameter_factor__epsilon_1p2,xc_std_frac_low,xc_std_frac,0.8,parameter_factor,epsilon,1.2,0.0,20,140.0,0.9412381471442712,0.8065662245865831,77.20611264139417,4.1272102875991274
xc_std_frac_low__parameter_factor__epsilon_1p3,xc_std_frac_low,xc_std_frac,0.8,parameter_factor,epsilon,1.3,0.0,20,140.0,0.911116406684899,0.7312523522171855,74.73534316194099,3.7418281833568767
xc_std_frac_low__parameter_factor__epsilon_1p4,xc_std_frac_low,xc_std_frac,0.8,parameter_factor,epsilon,1.4,0.0,20,140.0,0.8807548089222852,0.6671395593451186,72.24489911869317,3.4137621545023524
xc_std_frac_low__parameter_factor__epsilon_1p5,xc_std_frac_low,xc_std_frac,0.8,parameter_factor,epsilon,1.5,0.0,20,140.0,0.8503269628720123,0.6124026783200672,69.74902098549178,3.133672793466344
xc_std_frac_low__parameter_factor__Xc_0p5,xc_std_frac_low,xc_std_frac,0.8,parameter_factor,Xc,0.5,0.0,20,140.0,0.5788383216861135,0.4016163049476315,47.479861287861354,2.0550760680525846
xc_std_frac_low__parameter_factor__Xc_0p6,xc_std_frac_low,xc_std_frac,0.8,parameter_factor,Xc,0.6,0.0,20,140.0,0.7046776953102744,0.48317388729584976,57.80197677396507,2.472407320761327
xc_std_frac_low__parameter_factor__Xc_0p7,xc_std_frac_low,xc_std_frac,0.8,parameter_factor,Xc,0.7,0.0,20,140.0,0.8076313805378538,0.5975486036572831,66.24686805110196,3.057664292375896
xc_std_frac_low__parameter_factor__Xc_0p8,xc_std_frac_low,xc_std_frac,0.8,parameter_factor,Xc,0.8,0.0,20,140.0,0.8879192010430451,0.7272369329709153,72.8325664022183,3.721281228727423
xc_std_frac_low__parameter_factor__Xc_0p9,xc_std_frac_low,xc_std_frac,0.8,parameter_factor,Xc,0.9,0.0,20,140.0,0.9505192142830299,0.8632024483640038,77.96740256267645,4.4170186112054735
xc_std_frac_low__parameter_factor__Xc_1,xc_std_frac_low,xc_std_frac,0.8,parameter_factor,Xc,1.0,0.0,20,140.0,1.0,1.0,82.02611939989738,5.117013534399593
xc_std_frac_low__parameter_factor__Xc_1p1,xc_std_frac_low,xc_std_frac,0.8,parameter_factor,Xc,1.1,0.0,20,140.0,1.0397732592061377,1.133986648964156,85.2885655084631,5.802625030578026
xc_std_frac_low__parameter_factor__Xc_1p2,xc_std_frac_low,xc_std_frac,0.8,parameter_factor,Xc,1.2,0.0,20,140.0,1.0723519718789385,1.2638261965096536,87.9608708840572,6.467015752668657
xc_std_frac_low__parameter_factor__Xc_1p3,xc_std_frac_low,xc_std_frac,0.8,parameter_factor,Xc,1.3,0.0,20,140.0,1.099504915093824,1.3888985348692429,90.18812144626004,7.107012600833681
xc_std_frac_low__parameter_factor__Xc_1p4,xc_std_frac_low,xc_std_frac,0.8,parameter_factor,Xc,1.4,0.0,20,140.0,1.1224789372643975,1.5086960689876863,92.0725913319194,7.720018204305453
xc_std_frac_low__parameter_factor__Xc_1p5,xc_std_frac_low,xc_std_frac,0.8,parameter_factor,Xc,1.5,0.0,20,140.0,1.1421760786151338,1.6228565927870209,93.68827140019155,8.304179149680795
xc_std_frac_low__h_ext_absolute__h_ext_0p0001,xc_std_frac_low,xc_std_frac,0.8,h_ext_absolute,h_ext,0.0001,0.0001,20,140.0,0.9988909950696477,0.9900972733795128,81.93515202906524,5.066341148255101
xc_std_frac_low__h_ext_absolute__h_ext_0p00016681005,xc_std_frac_low,xc_std_frac,0.8,h_ext_absolute,h_ext,0.00016681005372,0.00016681005372,20,140.0,0.9981462940992774,0.9835007955745143,81.87406709835241,5.032586882047557
xc_std_frac_low__h_ext_absolute__h_ext_0p00027825594,xc_std_frac_low,xc_std_frac,0.8,h_ext_absolute,h_ext,0.0002782559402207,0.0002782559402207,20,140.0,0.9968971430477148,0.9725338571243857,81.77160408504844,4.976468909567322
xc_std_frac_low__h_ext_absolute__h_ext_0p00046415888,xc_std_frac_low,xc_std_frac,0.8,h_ext_absolute,h_ext,0.0004641588833612,0.0004641588833612,20,140.0,0.9947941345758671,0.9543430799357928,81.59910246103766,4.883386456492045
xc_std_frac_low__h_ext_absolute__h_ext_0p00077426368,xc_std_frac_low,xc_std_frac,0.8,h_ext_absolute,h_ext,0.0007742636826811,0.0007742636826811,20,140.0,0.9912312114104291,0.924302061692824,81.30684970005679,4.729666159555628
xc_std_frac_low__h_ext_absolute__h_ext_0p0012915497,xc_std_frac_low,xc_std_frac,0.8,h_ext_absolute,h_ext,0.0012915496650148,0.0012915496650148,20,140.0,0.9851301695977878,0.8751117238536505,80.8064049158693,4.477958535070889
xc_std_frac_low__h_ext_absolute__h_ext_0p0021544347,xc_std_frac_low,xc_std_frac,0.8,h_ext_absolute,h_ext,0.0021544346900318,0.0021544346900318,20,140.0,0.9744893594111491,0.7960388561957431,79.93358054898843,4.073341601061589
xc_std_frac_low__h_ext_absolute__h_ext_0p0035938137,xc_std_frac_low,xc_std_frac,0.8,h_ext_absolute,h_ext,0.0035938136638046,0.0035938136638046,20,140.0,0.9553294713956404,0.6748266034257996,78.36196928693965,3.4530968631027235
xc_std_frac_low__h_ext_absolute__h_ext_0p0059948425,xc_std_frac_low,xc_std_frac,0.8,h_ext_absolute,h_ext,0.0059948425031894,0.0059948425031894,20,140.0,0.9188848117161366,0.5143196143850212,75.37255528058004,2.631780427815333
xc_std_frac_low__h_ext_absolute__h_ext_0p01,xc_std_frac_low,xc_std_frac,0.8,h_ext_absolute,h_ext,0.01,0.01,20,140.0,0.84408580732934,0.36864728659967455,69.23708321575522,1.8863731549502205
xc_std_frac_high__baseline__baseline_1,xc_std_frac_high,xc_std_frac,1.2,baseline,baseline,1.0,0.0,20,140.0,1.0,1.0,82.40700626041942,4.137282282403404
xc_std_frac_high__parameter_factor__eta_0p5,xc_std_frac_high,xc_std_frac,1.2,parameter_factor,eta,0.5,0.0,20,140.0,,,,
xc_std_frac_high__parameter_factor__eta_0p6,xc_std_frac_high,xc_std_frac,1.2,parameter_factor,eta,0.6,0.0,20,140.0,1.5954829650023803,,131.4789746853437,
xc_std_frac_high__parameter_factor__eta_0p7,xc_std_frac_high,xc_std_frac,1.2,parameter_factor,eta,0.7,0.0,20,140.0,1.3853728515564014,0.9479484358313747,114.16442925122348,3.9219302681971664
xc_std_frac_high__parameter_factor__eta_0p8,xc_std_frac_high,xc_std_frac,1.2,parameter_factor,eta,0.8,0.0,20,140.0,1.2260444074160457,0.9668596092371678,101.0346491574863,4.000171130868413
xc_std_frac_high__parameter_factor__eta_0p9,xc_std_frac_high,xc_std_frac,1.2,parameter_factor,eta,0.9,0.0,20,140.0,1.1009334100458064,0.9840748116291753,90.72462641394966,4.071395282712854
xc_std_frac_high__parameter_factor__eta_1,xc_std_frac_high,xc_std_frac,1.2,parameter_factor,eta,1.0,0.0,20,140.0,1.0,1.0,82.40700626041942,4.137282282403404
xc_std_frac_high__parameter_factor__eta_1p1,xc_std_frac_high,xc_std_frac,1.2,parameter_factor,eta,1.1,0.0,20,140.0,0.9167980325514286,1.0149365599013787,75.55058120800578,4.199079047043435
xc_std_frac_high__parameter_factor__eta_1p2,xc_std_frac_high,xc_std_frac,1.2,parameter_factor,eta,1.2,0.0,20,140.0,0.8469954745680339,1.0291162672629102,69.7983613752749,4.257744499079964
xc_std_frac_high__parameter_factor__eta_1p3,xc_std_frac_high,xc_std_frac,1.2,parameter_factor,eta,1.3,0.0,20,140.0,0.7875715650300795,1.0427215579173836,64.90141488996208,4.314033427051666
xc_std_frac_high__parameter_factor__eta_1p4,xc_std_frac_high,xc_std_frac,1.2,parameter_factor,eta,1.4,0.0,20,140.0,0.7363542570714577,1.0559002949087968,60.680749872374115,4.368557582110694
xc_std_frac_high__parameter_factor__eta_1p5,xc_std_frac_high,xc_std_frac,1.2,parameter_factor,eta,1.5,0.0,20,140.0,0.6917410741014532,1.068773397876634,57.00431102406771,4.421817242939082
xc_std_frac_high__parameter_factor__beta_0p5,xc_std_frac_high,xc_std_frac,1.2,parameter_factor,beta,0.5,0.0,20,140.0,0.4758935177125677,0.6965694612344505,39.21696009343259,2.8819044904285764
xc_std_frac_high__parameter_factor__beta_0p6,xc_std_frac_high,xc_std_frac,1.2,parameter_factor,beta,0.6,0.0,20,140.0,0.5733083702964161,0.7258439909602826,47.24462646016762,3.0030214835889537
xc_std_frac_high__parameter_factor__beta_0p7,xc_std_frac_high,xc_std_frac,1.2,parameter_factor,beta,0.7,0.0,20,140.0,0.6770380941180553,0.7857954357026847,55.792682460529015,3.2510575337261804
xc_std_frac_high__parameter_factor__beta_0p8,xc_std_frac_high,xc_std_frac,1.2,parameter_factor,beta,0.8,0.0,20,140.0,0.7835563034611559,0.8560729686261461,64.57052920471457,3.5418155255414394
xc_std_frac_high__parameter_factor__beta_0p9,xc_std_frac_high,xc_std_frac,1.2,parameter_factor,beta,0.9,0.0,20,140.0,0.8912680128537336,0.9270939665272,73.4467287149492,3.835649441836079
xc_std_frac_high__parameter_factor__beta_1,xc_std_frac_high,xc_std_frac,1.2,parameter_factor,beta,1.0,0.0,20,140.0,1.0,1.0,82.40700626041942,4.137282282403404
xc_std_frac_high__parameter_factor__beta_1p1,xc_std_frac_high,xc_std_frac,1.2,parameter_factor,beta,1.1,0.0,20,140.0,1.1097325185979707,1.0770231587125625,91.44973460749398,4.455948832279634
xc_std_frac_high__parameter_factor__beta_1p2,xc_std_frac_high,xc_std_frac,1.2,parameter_factor,beta,1.2,0.0,20,140.0,1.2202578853965058,1.157933271405219,100.55779920119602,4.790696807990225
xc_std_frac_high__parameter_factor__beta_1p3,xc_std_frac_high,xc_std_frac,1.2,parameter_factor,beta,1.3,0.0,20,140.0,1.331317777970936,1.241179377722483,109.7099124638586,5.135109448735712
xc_std_frac_high__parameter_factor__beta_1p4,xc_std_frac_high,xc_std_frac,1.2,parameter_factor,beta,1.4,0.0,20,140.0,1.442708652407426,1.3251681363765304,118.88930095090002,5.482594651836156
xc_std_frac_high__parameter_factor__beta_1p5,xc_std_frac_high,xc_std_frac,1.2,parameter_factor,beta,1.5,0.0,20,140.0,1.5542915827580503,1.4086180347769706,128.08451619085986,5.827850437956662
xc_std_frac_high__parameter_factor__epsilon_0p5,xc_std_frac_high,xc_std_frac,1.2,parameter_factor,epsilon,0.5,0.0,20,140.0,1.1247722557150535,1.9289088070348233,92.68911431825649,7.98044023171706
xc_std_frac_high__parameter_factor__epsilon_0p6,xc_std_frac_high,xc_std_frac,1.2,parameter_factor,epsilon,0.6,0.0,20,140.0,1.1021598382169764,1.6589844409953423,90.82569268792923,6.863686934512945
xc_std_frac_high__parameter_factor__epsilon_0p7,xc_std_frac_high,xc_std_frac,1.2,parameter_factor,epsilon,0.7,0.0,20,140.0,1.0777481624095226,1.4335048025254056,88.81399956683705,5.93081402122855
xc_std_frac_high__parameter_factor__epsilon_0p8,xc_std_frac_high,xc_std_frac,1.2,parameter_factor,epsilon,0.8,0.0,20,140.0,1.0522308619639764,1.252817367889952,86.71119522927192,5.183259099258365
xc_std_frac_high__parameter_factor__epsilon_0p9,xc_std_frac_high,xc_std_frac,1.2,parameter_factor,epsilon,0.9,0.0,20,140.0,1.0261867700946203,1.1110266725397577,84.56497958754697,4.596630967576348
xc_std_frac_high__parameter_factor__epsilon_1,xc_std_frac_high,xc_std_frac,1.2,parameter_factor,epsilon,1.0,0.0,20,140.0,1.0,1.0,82.40700626041942,4.137282282403404
xc_std_frac_high__parameter_factor__epsilon_1p1,xc_std_frac_high,xc_std_frac,1.2,parameter_factor,epsilon,1.1,0.0,20,140.0,0.973807650092403,0.9113797508634226,80.24857311760898,3.7706352957884666
xc_std_frac_high__parameter_factor__epsilon_1p2,xc_std_frac_high,xc_std_frac,1.2,parameter_factor,epsilon,1.2,0.0,20,140.0,0.9474784377873308,0.8374933276946366,78.07886155435298,3.4649463063020876
xc_std_frac_high__parameter_factor__epsilon_1p3,xc_std_frac_high,xc_std_frac,1.2,parameter_factor,epsilon,1.3,0.0,20,140.0,0.9208123870549603,0.7730409558591007,75.88139214470986,3.198288650248049
xc_std_frac_high__parameter_factor__epsilon_1p4,xc_std_frac_high,xc_std_frac,1.2,parameter_factor,epsilon,1.4,0.0,20,140.0,0.8938032391080412,0.7158107385845927,73.6556491207595,2.9615110863001295
xc_std_frac_high__parameter_factor__epsilon_1p5,xc_std_frac_high,xc_std_frac,1.2,parameter_factor,epsilon,1.5,0.0,20,140.0,0.8667208414124477,0.6656621344681356,71.42386980431156,2.7540321550018496
xc_std_frac_high__parameter_factor__Xc_0p5,xc_std_frac_high,xc_std_frac,1.2,parameter_factor,Xc,0.5,0.0,20,140.0,0.6284695477167308,0.47399553573307796,51.7902939531756,1.961053331926773
xc_std_frac_high__parameter_factor__Xc_0p6,xc_std_frac_high,xc_std_frac,1.2,parameter_factor,Xc,0.6,0.0,20,140.0,0.7374160510226759,0.5528311586161717,60.76824913315942,2.287218557703233
xc_std_frac_high__parameter_factor__Xc_0p7,xc_std_frac_high,xc_std_frac,1.2,parameter_factor,Xc,0.7,0.0,20,140.0,0.826186975094269,0.6501787968427111,68.08359522887041,2.6899732165717105
xc_std_frac_high__parameter_factor__Xc_0p8,xc_std_frac_high,xc_std_frac,1.2,parameter_factor,Xc,0.8,0.0,20,140.0,0.8987086371090239,0.7686398181069679,74.05988828453634,3.180079901003733
xc_std_frac_high__parameter_factor__Xc_0p9,xc_std_frac_high,xc_std_frac,1.2,parameter_factor,Xc,0.9,0.0,20,140.0,0.9549717219579975,0.8838806784173123,78.69636066991622,3.656863870574647
xc_std_frac_high__parameter_factor__Xc_1,xc_std_frac_high,xc_std_frac,1.2,parameter_factor,Xc,1.0,0.0,20,140.0,1.0,1.0,82.40700626041942,4.137282282403404
xc_std_frac_high__parameter_factor__Xc_1p1,xc_std_frac_high,xc_std_frac,1.2,parameter_factor,Xc,1.1,0.0,20,140.0,1.037342608076868,1.1243571941797486,85.48429879799026,4.651783098572677
xc_std_frac_high__parameter_factor__Xc_1p2,xc_std_frac_high,xc_std_frac,1.2,parameter_factor,Xc,1.2,0.0,20,140.0,1.0686797321060737,1.2547774171319515,88.06669737404857,5.191368376259928
xc_std_frac_high__parameter_factor__Xc_1p3,xc_std_frac_high,xc_std_frac,1.2,parameter_factor,Xc,1.3,0.0,20,140.0,1.095136061891716,1.3865009004478426,90.24688430832173,5.7363456099592245
xc_std_frac_high__parameter_factor__Xc_1p4,xc_std_frac_high,xc_std_frac,1.2,parameter_factor,Xc,1.4,0.0,20,140.0,1.117599990423028,1.514846079094616,92.09806940743516,6.26734584360642
xc_std_frac_high__parameter_factor__Xc_1p5,xc_std_frac_high,xc_std_frac,1.2,parameter_factor,Xc,1.5,0.0,20,140.0,1.1367867769129518,1.6357840042366725,93.67919504182764,6.767700178567279
xc_std_frac_high__h_ext_absolute__h_ext_0p0001,xc_std_frac_high,xc_std_frac,1.2,h_ext_absolute,h_ext,0.0001,0.0001,20,140.0,0.9986470738602945,0.9888392158323328,82.29551566755482,4.091106967808786
xc_std_frac_high__h_ext_absolute__h_ext_0p00016681005,xc_std_frac_high,xc_std_frac,1.2,h_ext_absolute,h_ext,0.00016681005372,0.00016681005372,20,140.0,0.9977380638392963,0.9814372902397998,82.22060687306364,4.0604831121991305
xc_std_frac_high__h_ext_absolute__h_ext_0p00027825594,xc_std_frac_high,xc_std_frac,1.2,h_ext_absolute,h_ext,0.0002782559402207,0.0002782559402207,20,140.0,0.9962125474269315,0.9691892851608819,82.09489363251953,4.009809657791337
xc_std_frac_high__h_ext_absolute__h_ext_0p00046415888,xc_std_frac_high,xc_std_frac,1.2,h_ext_absolute,h_ext,0.0004641588833612,0.0004641588833612,20,140.0,0.9936419693748908,0.9490422566724596,81.88305999089211,3.92645571378311
xc_std_frac_high__h_ext_absolute__h_ext_0p00077426368,xc_std_frac_high,xc_std_frac,1.2,h_ext_absolute,h_ext,0.0007742636826811,0.0007742636826811,20,140.0,0.9892807671186986,0.9162592900368263,81.52366636926313,3.790823326756883
xc_std_frac_high__h_ext_absolute__h_ext_0p0012915497,xc_std_frac_high,xc_std_frac,1.2,h_ext_absolute,h_ext,0.0012915496650148,0.0012915496650148,20,140.0,0.9817958483505216,0.8640058733546291,80.90685662147523,3.574636191722586
xc_std_frac_high__h_ext_absolute__h_ext_0p0021544347,xc_std_frac_high,xc_std_frac,1.2,h_ext_absolute,h_ext,0.0021544346900318,0.0021544346900318,20,140.0,0.9686978536038173,0.7840442525460037,79.82749008638463,3.243812394678801
xc_std_frac_high__h_ext_absolute__h_ext_0p0035938137,xc_std_frac_high,xc_std_frac,1.2,h_ext_absolute,h_ext,0.0035938136638046,0.0035938136638046,20,140.0,0.9450198155161835,0.6709769228137076,77.87625385346254,2.7760209346587086
xc_std_frac_high__h_ext_absolute__h_ext_0p0059948425,xc_std_frac_high,xc_std_frac,1.2,h_ext_absolute,h_ext,0.0059948425031894,0.0059948425031894,20,140.0,0.9000590526114793,0.5327838268310898,74.17117198330135,2.204277087099351
xc_std_frac_high__h_ext_absolute__h_ext_0p01,xc_std_frac_high,xc_std_frac,1.2,h_ext_absolute,h_ext,0.01,0.01,20,140.0,0.8127148105269517,0.40565261188587853,66.97339447903009,1.6782993639661097
