run_id,scenario_id,nuisance_param,nuisance_factor,curve_type,focal_param,focal_value,h_ext,random_seed,from_t,n,tmax,dt,save_times,t_median_absolute,steepness_iqr_absolute,t_max,t_median_relative,steepness_iqr_relative,steepness_cv_relative,steepness_cv_absolute
central__baseline__baseline_1,central,central,1.0,baseline,baseline,1.0,0.0,360590487,20,0,140.0,0.025,140.0,82.12734199208582,4.5552907613440174,110.55581214567223,62.12734199208582,3.445966959830269,,
central__parameter_factor__eta_0p5,central,central,1.0,parameter_factor,eta,0.5,0.0,542047758,20,0,140.0,0.025,140.0,,,,,,,
central__parameter_factor__eta_0p6,central,central,1.0,parameter_factor,eta,0.6,0.0,2420751254,20,0,140.0,0.025,140.0,131.0481217154139,,,111.04812171541391,,,
central__parameter_factor__eta_0p7,central,central,1.0,parameter_factor,eta,0.7,0.0,755926112,20,0,140.0,0.025,140.0,113.79098946790712,4.356836809737047,,93.79098946790712,3.591075508229809,,
central__parameter_factor__eta_0p8,central,central,1.0,parameter_factor,eta,0.8,0.0,2303841871,20,0,140.0,0.025,140.0,100.70228015457194,4.430929433433923,135.69503712390343,80.70228015457194,3.550923652704289,,
central__parameter_factor__eta_0p9,central,central,1.0,parameter_factor,eta,0.9,0.0,2505017151,20,0,140.0,0.025,140.0,90.42243561083332,4.496447613138559,121.77032553490854,70.42243561083333,3.50190514527346,,
central__parameter_factor__eta_1,central,central,1.0,parameter_factor,eta,1.0,0.0,2324917061,20,0,140.0,0.025,140.0,82.12734199208582,4.5552907613440174,110.55581214567223,62.12734199208582,3.445966959830269,,
central__parameter_factor__eta_1p1,central,central,1.0,parameter_factor,eta,1.1,0.0,3506197486,20,0,140.0,0.025,140.0,75.28783715811332,4.6088544169606855,101.3236548299151,55.28783715811332,3.384525337807688,,
central__parameter_factor__eta_1p2,central,central,1.0,parameter_factor,eta,1.2,0.0,4278429250,20,0,140.0,0.025,140.0,69.54832981753492,4.65820967886715,93.58625832118626,49.54832981753492,3.318649206002223,,
central__parameter_factor__eta_1p3,central,central,1.0,parameter_factor,eta,1.3,0.0,3318433693,20,0,140.0,0.025,140.0,64.66085851807539,4.704202443170036,87.0042104126157,44.660858518075386,3.2491637842400696,,
central__parameter_factor__eta_1p4,central,central,1.0,parameter_factor,eta,1.4,0.0,1665095289,20,0,140.0,0.025,140.0,60.44717207251479,4.747534741512075,81.33424308835754,40.44717207251479,3.1767301600118034,,
central__parameter_factor__eta_1p5,central,central,1.0,parameter_factor,eta,1.5,0.0,3341748161,20,0,140.0,0.025,140.0,56.77576977957513,4.7888135716796745,76.39700305474928,36.77576977957513,3.1018919886622545,,
central__parameter_factor__beta_0p5,central,central,1.0,parameter_factor,beta,0.5,0.0,2897876131,20,0,140.0,0.025,140.0,38.4901321504594,2.941815779142019,63.63827463379785,18.4901321504594,1.413207995909502,,
central__parameter_factor__beta_0p6,central,central,1.0,parameter_factor,beta,0.6,0.0,3535808185,20,0,140.0,0.025,140.0,46.59145330798333,3.109229097781229,72.94688291257413,26.59145330798333,1.7745512214641703,,
central__parameter_factor__beta_0p7,central,central,1.0,parameter_factor,beta,0.7,0.0,2341450481,20,0,140.0,0.025,140.0,55.190531464658655,3.4016780043791757,82.31361433265063,35.190531464658655,2.168974526407616,,
central__parameter_factor__beta_0p8,central,central,1.0,parameter_factor,beta,0.8,0.0,2570969200,20,0,140.0,0.025,140.0,64.05353449949054,3.76041929118104,91.7113324269852,44.05353449949054,2.586270410697029,,
central__parameter_factor__beta_0p9,central,central,1.0,parameter_factor,beta,0.9,0.0,4218268117,20,0,140.0,0.025,140.0,73.05831371334615,4.153783281078372,101.12775010180316,53.05831371334615,3.016668811840474,,
central__parameter_factor__beta_1,central,central,1.0,parameter_factor,beta,1.0,0.0,1608303750,20,0,140.0,0.025,140.0,82.12734199208582,4.5552907613440174,110.55581214567223,62.12734199208582,3.445966959830269,,
central__parameter_factor__beta_1p1,central,central,1.0,parameter_factor,beta,1.1,0.0,355305565,20,0,140.0,0.025,140.0,91.22662037218971,4.952120166806252,119.99225197765132,71.22662037218971,3.86644579969665,,
central__parameter_factor__beta_1p2,central,central,1.0,parameter_factor,beta,1.2,0.0,2746374257,20,0,140.0,0.025,140.0,100.34936360459484,5.3438056684430695,129.43613865226902,80.34936360459484,4.278765397834241,,
central__parameter_factor__beta_1p3,central,central,1.0,parameter_factor,beta,1.3,0.0,1752389102,20,0,140.0,0.025,140.0,109.49523349806778,5.733177876160144,138.88707143008364,89.49523349806778,4.685976515333544,,
central__parameter_factor__beta_1p4,central,central,1.0,parameter_factor,beta,1.4,0.0,905897181,20,0,140.0,0.025,140.0,118.6620119971588,6.121401925060606,,98.6620119971588,5.089664501763389,,
central__parameter_factor__beta_1p5,central,central,1.0,parameter_factor,beta,1.5,0.0,823140981,20,0,140.0,0.025,140.0,127.84575333514142,6.5077548661528075,,107.84575333514142,5.489691348768222,,
central__parameter_factor__epsilon_0p5,central,central,1.0,parameter_factor,epsilon,0.5,0.0,2276809464,20,0,140.0,0.025,140.0,92.64924007323864,8.876388070137905,110.68778158929244,72.64924007323864,6.960260520009879,,
central__parameter_factor__epsilon_0p6,central,central,1.0,parameter_factor,epsilon,0.6,0.0,2532666423,20,0,140.0,0.025,140.0,90.71316477948984,7.567222739171446,110.86496516975072,70.71316477948984,5.898838054861018,,
central__parameter_factor__epsilon_0p7,central,central,1.0,parameter_factor,epsilon,0.7,0.0,3088074753,20,0,140.0,0.025,140.0,88.67405415026734,6.5475625917871145,110.92070434686612,68.67405415026734,5.070791814916669,,
central__parameter_factor__epsilon_0p8,central,central,1.0,parameter_factor,epsilon,0.8,0.0,2448935051,20,0,140.0,0.025,140.0,86.55624246426328,5.742710102387321,110.87794980865328,66.55624246426328,4.415778632422383,,
central__parameter_factor__epsilon_0p9,central,central,1.0,parameter_factor,epsilon,0.9,0.0,1313081829,20,0,140.0,0.025,140.0,84.37351991397175,5.093949121819212,110.75260762452086,64.37351991397175,3.8864733339148874,,
central__parameter_factor__epsilon_1,central,central,1.0,parameter_factor,epsilon,1.0,0.0,2427313435,20,0,140.0,0.025,140.0,82.12734199208582,4.5552907613440174,110.55581214567223,62.12734199208582,3.445966959830269,,
central__parameter_factor__epsilon_1p1,central,central,1.0,parameter_factor,epsilon,1.1,0.0,2056508434,20,0,140.0,0.025,140.0,79.8207467301044,4.098437624718423,110.2962571059404,59.8207467301044,3.0715272555192095,,
central__parameter_factor__epsilon_1p2,central,central,1.0,parameter_factor,epsilon,1.2,0.0,1180826351,20,0,140.0,0.025,140.0,77.47147075434573,3.710689740373109,109.98206978006291,57.47147075434573,2.752739748139365,,
central__parameter_factor__epsilon_1p3,central,central,1.0,parameter_factor,epsilon,1.3,0.0,2373824666,20,0,140.0,0.025,140.0,75.10674847103547,3.384937436014291,109.62059825652877,55.10674847103547,2.4835703804774174,,
central__parameter_factor__epsilon_1p4,central,central,1.0,parameter_factor,epsilon,1.4,0.0,3608106537,20,0,140.0,0.025,140.0,72.74962246672271,3.112749770231885,109.21794737355717,52.74962246672271,2.257006560937369,,
central__parameter_factor__epsilon_1p5,central,central,1.0,parameter_factor,epsilon,1.5,0.0,4193690802,20,0,140.0,0.025,140.0,70.41287121309324,2.884155573793217,108.7786421822514,50.41287121309324,2.064942971294795,,
central__parameter_factor__Xc_0p5,central,central,1.0,parameter_factor,Xc,0.5,0.0,2283443672,20,0,140.0,0.025,140.0,49.60360977986135,1.996567777907148,95.35717533865616,29.60360977986135,1.1915587123299336,,
central__parameter_factor__Xc_0p6,central,central,1.0,parameter_factor,Xc,0.6,0.0,3666844573,20,0,140.0,0.025,140.0,59.15978211475775,2.34523152927267,100.45118846434494,39.15978211475775,1.5523849549822497,,
central__parameter_factor__Xc_0p7,central,central,1.0,parameter_factor,Xc,0.7,0.0,2525556823,20,0,140.0,0.025,140.0,67.03955023727242,2.821489774252765,104.083167116385,47.03955023727242,1.979750900925992,,
central__parameter_factor__Xc_0p8,central,central,1.0,parameter_factor,Xc,0.8,0.0,399898801,20,0,140.0,0.025,140.0,73.24182216260601,3.358365934131162,106.78782963374236,53.24182216260601,2.4413035686768536,,
central__parameter_factor__Xc_0p9,central,central,1.0,parameter_factor,Xc,0.9,0.0,4254948183,20,0,140.0,0.025,140.0,78.18707323166474,3.95109515221894,108.8838356888432,58.18707323166474,2.94041781416025,,
central__parameter_factor__Xc_1,central,central,1.0,parameter_factor,Xc,1.0,0.0,2319396635,20,0,140.0,0.025,140.0,82.12734199208582,4.5552907613440174,110.55581214567223,62.12734199208582,3.445966959830269,,
central__parameter_factor__Xc_1p1,central,central,1.0,parameter_factor,Xc,1.1,0.0,3139442519,20,0,140.0,0.025,140.0,85.3018436209616,5.145526302801929,111.92305463178228,65.3018436209616,3.939098379469802,,
central__parameter_factor__Xc_1p2,central,central,1.0,parameter_factor,Xc,1.2,0.0,3723592966,20,0,140.0,0.025,140.0,87.91804227683221,5.725562641996492,113.06700255888474,67.91804227683221,4.423085358899557,,
central__parameter_factor__Xc_1p3,central,central,1.0,parameter_factor,Xc,1.3,0.0,243733977,20,0,140.0,0.025,140.0,90.11501825131133,6.297723093286208,114.04267142056732,70.11501825131131,4.900015315938104,,
central__parameter_factor__Xc_1p4,central,central,1.0,parameter_factor,Xc,1.4,0.0,3148940854,20,0,140.0,0.025,140.0,91.98519856123768,6.858102562072508,114.8883622406849,71.98519856123767,5.366970799714712,,
central__parameter_factor__Xc_1p5,central,central,1.0,parameter_factor,Xc,1.5,0.0,1961730492,20,0,140.0,0.025,140.0,93.59534082134032,7.401544264139765,115.63164859060096,73.59534082134032,5.819938983537557,,
central__h_ext_absolute__h_ext_0p0001,central,central,1.0,h_ext_absolute,h_ext,0.0001,0.0001,3374320862,20,0,140.0,0.025,140.0,82.0255796766563,4.507621593263002,110.54429132058677,62.02557967665631,3.4085445465583075,,
central__h_ext_absolute__h_ext_0p00016681005,central,central,1.0,h_ext_absolute,h_ext,0.00016681005372,0.00016681005372,414642167,20,0,140.0,0.025,140.0,81.95722134423019,4.475925166619475,110.53660654120355,61.95722134423019,3.383666280042525,,
central__h_ext_absolute__h_ext_0p00027825594,central,central,1.0,h_ext_absolute,h_ext,0.0002782559402207,0.0002782559402207,3213242048,20,0,140.0,0.025,140.0,81.84253377073219,4.423328712537946,110.523709710793,61.84253377073219,3.3423923072870667,,
central__h_ext_absolute__h_ext_0p00046415888,central,central,1.0,h_ext_absolute,h_ext,0.0004641588833612,0.0004641588833612,4052259134,20,0,140.0,0.025,140.0,81.64936232201431,4.336372534143657,110.5022583936156,61.64936232201431,3.274178682085983,,
central__h_ext_absolute__h_ext_0p00077426368,central,central,1.0,h_ext_absolute,h_ext,0.0007742636826811,0.0007742636826811,2390030749,20,0,140.0,0.025,140.0,81.32184917643728,4.193568800469572,110.46644139445388,61.32184917643728,3.162217732352286,,
central__h_ext_absolute__h_ext_0p0012915497,central,central,1.0,h_ext_absolute,h_ext,0.0012915496650148,0.0012915496650148,926657627,20,0,140.0,0.025,140.0,80.76039204071972,3.961992623301281,110.40648432179204,60.76039204071972,2.980820411729146,,
central__h_ext_absolute__h_ext_0p0021544347,central,central,1.0,h_ext_absolute,h_ext,0.0021544346900318,0.0021544346900318,2830725756,20,0,140.0,0.025,140.0,79.77967695478932,3.59610412478754,110.30605968334116,59.77967695478932,2.694595303982103,,
central__h_ext_absolute__h_ext_0p0035938137,central,central,1.0,h_ext_absolute,h_ext,0.0035938136638046,0.0035938136638046,4173192383,20,0,140.0,0.025,140.0,78.01181480775423,3.053441018806501,110.13737322535464,58.011814807754234,2.2706259987146997,,
central__h_ext_absolute__h_ext_0p0059948425,central,central,1.0,h_ext_absolute,h_ext,0.0059948425031894,0.0059948425031894,4213138476,20,0,140.0,0.025,140.0,74.6634294345421,2.379907734395145,109.8525613225929,54.663429434542095,1.7424048089551545,,
central__h_ext_absolute__h_ext_0p01,central,central,1.0,h_ext_absolute,h_ext,0.01,0.01,976656772,20,0,140.0,0.025,140.0,68.00017747070636,1.7844755456961443,109.36784131785338,48.00017747070636,1.2596311667340825,,
eta_low__baseline__baseline_1,eta_low,eta,0.8,baseline,baseline,1.0,0.0,93327784,20,0,140.0,0.025,140.0,100.70228015457194,4.430929433433923,135.69503712390343,80.70228015457194,3.550923652704289,,
eta_low__parameter_factor__eta_0p5,eta_low,eta,0.8,parameter_factor,eta,0.5,0.0,239506490,20,0,140.0,0.025,140.0,,,,,,,
eta_low__parameter_factor__eta_0p6,eta_low,eta,0.8,parameter_factor,eta,0.6,0.0,3506537470,20,0,140.0,0.025,140.0,,,,,,,
eta_low__parameter_factor__eta_0p7,eta_low,eta,0.8,parameter_factor,eta,0.7,0.0,3355252147,20,0,140.0,0.025,140.0,139.60305674572277,,,119.60305674572275,,,
eta_low__parameter_factor__eta_0p8,eta_low,eta,0.8,parameter_factor,eta,0.8,0.0,608438978,20,0,140.0,0.025,140.0,123.523477984038,4.307185140561814,,103.523477984038,3.609797856645084,,
eta_low__parameter_factor__eta_0p9,eta_low,eta,0.8,parameter_factor,eta,0.9,0.0,2583558559,20,0,140.0,0.025,140.0,110.89393769503252,4.3724563956583635,,90.89393769503252,3.5838729101150912,,
eta_low__parameter_factor__eta_1,eta_low,eta,0.8,parameter_factor,eta,1.0,0.0,1235559108,20,0,140.0,0.025,140.0,100.70228015457194,4.430929433433923,135.69503712390343,80.70228015457194,3.550923652704289,,
eta_low__parameter_factor__eta_1p1,eta_low,eta,0.8,parameter_factor,eta,1.1,0.0,2105314956,20,0,140.0,0.025,140.0,92.29854544214729,4.483929989163065,124.30943308792844,72.29854544214729,3.512315546555496,,
eta_low__parameter_factor__eta_1p2,eta_low,eta,0.8,parameter_factor,eta,1.2,0.0,1841820001,20,0,140.0,0.025,140.0,85.24591912663,4.5324556439485075,114.76968301412128,65.24591912663,3.469072037933141,,
eta_low__parameter_factor__eta_1p3,eta_low,eta,0.8,parameter_factor,eta,1.3,0.0,3772419729,20,0,140.0,0.025,140.0,79.2397858180909,4.5772837362887975,106.65653784495284,59.239785818090894,3.4219843651378525,,
eta_low__parameter_factor__eta_1p4,eta_low,eta,0.8,parameter_factor,eta,1.4,0.0,1774795873,20,0,140.0,0.025,140.0,74.06112056784477,4.6190321308109805,99.66920000567876,54.06112056784477,3.371675327296335,,
eta_low__parameter_factor__eta_1p5,eta_low,eta,0.8,parameter_factor,eta,1.5,0.0,3234644640,20,0,140.0,0.025,140.0,69.54832981753492,4.65820967886715,93.58625832118626,49.54832981753492,3.318649206002223,,
eta_low__parameter_factor__beta_0p5,eta_low,eta,0.8,parameter_factor,beta,0.5,0.0,1276339371,20,0,140.0,0.025,140.0,45.71846034635254,2.6727957807287157,76.97139859252817,25.718460346352543,1.5035544018720224,,
eta_low__parameter_factor__beta_0p6,eta_low,eta,0.8,parameter_factor,beta,0.6,0.0,4064451058,20,0,140.0,0.025,140.0,56.07363698392316,2.9141282251752187,88.64146274946569,36.07363698392316,1.874734891009744,,
eta_low__parameter_factor__beta_0p7,eta_low,eta,0.8,parameter_factor,beta,0.7,0.0,3087478142,20,0,140.0,0.025,140.0,66.9361135083144,3.24405640697085,100.36781760750851,46.936113508314406,2.2747571044148707,,
eta_low__parameter_factor__beta_0p8,eta_low,eta,0.8,parameter_factor,beta,0.8,0.0,1388064381,20,0,140.0,0.025,140.0,78.07543213676537,3.623985187805272,112.1262286463584,58.07543213676537,2.695655983950951,,
eta_low__parameter_factor__beta_0p9,eta_low,eta,0.8,parameter_factor,beta,0.9,0.0,3623109338,20,0,140.0,0.025,140.0,89.35770709236857,4.026834614547062,123.90434366856576,69.35770709236857,3.125550383879741,,
eta_low__parameter_factor__beta_1,eta_low,eta,0.8,parameter_factor,beta,1.0,0.0,2436874846,20,0,140.0,0.025,140.0,100.70228015457194,4.430929433433923,135.69503712390343,80.70228015457194,3.550923652704289,,
eta_low__parameter_factor__beta_1p1,eta_low,eta,0.8,parameter_factor,beta,1.1,0.0,2704299930,20,0,140.0,0.025,140.0,112.0796976529629,4.828432180775122,,92.0796976529629,3.9668252560802326,,
eta_low__parameter_factor__beta_1p2,eta_low,eta,0.8,parameter_factor,beta,1.2,0.0,1221193717,20,0,140.0,0.025,140.0,123.48612215459828,5.220905697891582,,103.48612215459828,4.375319877105134,,
eta_low__parameter_factor__beta_1p3,eta_low,eta,0.8,parameter_factor,beta,1.3,0.0,2914707068,20,0,140.0,0.025,140.0,134.92097602103885,,,114.92097602103884,,,
eta_low__parameter_factor__beta_1p4,eta_low,eta,0.8,parameter_factor,beta,1.4,0.0,115282410,20,0,140.0,0.025,140.0,,,,,,,
eta_low__parameter_factor__beta_1p5,eta_low,eta,0.8,parameter_factor,beta,1.5,0.0,2675333495,20,0,140.0,0.025,140.0,,,,,,,
eta_low__parameter_factor__epsilon_0p5,eta_low,eta,0.8,parameter_factor,epsilon,0.5,0.0,925546927,20,0,140.0,0.025,140.0,114.5079989107482,8.839874385500055,136.37544480492673,94.5079989107482,7.295899384698551,,
eta_low__parameter_factor__epsilon_0p6,eta_low,eta,0.8,parameter_factor,epsilon,0.6,0.0,393987348,20,0,140.0,0.025,140.0,111.96593169864114,7.497279693570696,136.48349006465776,91.96593169864114,6.158072386521299,,
eta_low__parameter_factor__epsilon_0p7,eta_low,eta,0.8,parameter_factor,epsilon,0.7,0.0,1116154809,20,0,140.0,0.025,140.0,109.2885091692498,6.454046417909907,136.44583239532696,89.28850916924979,5.272943945752502,,
eta_low__parameter_factor__epsilon_0p8,eta_low,eta,0.8,parameter_factor,epsilon,0.8,0.0,369850659,20,0,140.0,0.025,140.0,106.5075789829418,5.632833230927238,136.29007191561274,86.50757898294181,4.575099446211431,,
eta_low__parameter_factor__epsilon_0p9,eta_low,eta,0.8,parameter_factor,epsilon,0.9,0.0,4289919936,20,0,140.0,0.025,140.0,103.64400547975237,4.974230503287103,136.03534885734618,83.64400547975237,4.01436206125572,,
eta_low__parameter_factor__epsilon_1,eta_low,eta,0.8,parameter_factor,epsilon,1.0,0.0,2577898666,20,0,140.0,0.025,140.0,100.70228015457194,4.430929433433923,135.69503712390343,80.70228015457194,3.550923652704289,,
eta_low__parameter_factor__epsilon_1p1,eta_low,eta,0.8,parameter_factor,epsilon,1.1,0.0,868776904,20,0,140.0,0.025,140.0,97.68310033000562,3.971375510680488,135.27927906322665,77.68310033000562,3.158261369695225,,
eta_low__parameter_factor__epsilon_1p2,eta_low,eta,0.8,parameter_factor,epsilon,1.2,0.0,38119521,20,0,140.0,0.025,140.0,94.60274097078536,3.5801473196880917,134.79720588546115,74.60274097078535,2.8232670680273726,,
eta_low__parameter_factor__epsilon_1p3,eta_low,eta,0.8,parameter_factor,epsilon,1.3,0.0,1316873147,20,0,140.0,0.025,140.0,91.49321556234996,3.2497867095291326,134.25750538172028,71.49321556234995,2.53939814365465,,
eta_low__parameter_factor__epsilon_1p4,eta_low,eta,0.8,parameter_factor,epsilon,1.4,0.0,3835727981,20,0,140.0,0.025,140.0,88.38622436980071,2.9728864873681577,133.6675365272105,68.38622436980071,2.300182905205886,,
eta_low__parameter_factor__epsilon_1p5,eta_low,eta,0.8,parameter_factor,epsilon,1.5,0.0,3805135798,20,0,140.0,0.025,140.0,85.30182493812445,2.7403012297367977,133.03301557373518,65.30182493812445,2.0978058946781317,,
eta_low__parameter_factor__Xc_0p5,eta_low,eta,0.8,parameter_factor,Xc,0.5,0.0,4195993837,20,0,140.0,0.025,140.0,58.376603948905675,1.8105643863310044,116.37900078575603,38.376603948905675,1.190259584799313,,
eta_low__parameter_factor__Xc_0p6,eta_low,eta,0.8,parameter_factor,Xc,0.6,0.0,1225779573,20,0,140.0,0.025,140.0,70.98047166630093,2.185896699651341,122.89599254919489,50.98047166630093,1.5699817449218618,,
eta_low__parameter_factor__Xc_0p7,eta_low,eta,0.8,parameter_factor,Xc,0.7,0.0,2640890796,20,0,140.0,0.025,140.0,81.23786983502016,2.673186266689448,127.51690612283204,61.23786983502016,2.0150729330635864,,
eta_low__parameter_factor__Xc_0p8,eta_low,eta,0.8,parameter_factor,Xc,0.8,0.0,1147371078,20,0,140.0,0.025,140.0,89.27474065275923,3.220463704908822,130.94509044006142,69.27474065275923,2.4989911626507477,,
eta_low__parameter_factor__Xc_0p9,eta_low,eta,0.8,parameter_factor,Xc,0.9,0.0,109089830,20,0,140.0,0.025,140.0,95.65050315779112,3.822023088219036,133.59185706990695,75.65050315779112,3.0228588471456805,,
eta_low__parameter_factor__Xc_1,eta_low,eta,0.8,parameter_factor,Xc,1.0,0.0,1923186723,20,0,140.0,0.025,140.0,100.70228015457194,4.430929433433923,135.69503712390343,80.70228015457194,3.550923652704289,,
eta_low__parameter_factor__Xc_1p1,eta_low,eta,0.8,parameter_factor,Xc,1.1,0.0,2883613510,20,0,140.0,0.025,140.0,104.76541215836735,5.028990569688412,137.4093144866552,84.76541215836737,4.068942693947438,,
eta_low__parameter_factor__Xc_1p2,eta_low,eta,0.8,parameter_factor,Xc,1.2,0.0,393030848,20,0,140.0,0.025,140.0,108.1107792587626,5.62196309624314,138.83881139040696,88.11077925876259,4.581925620833403,,
eta_low__parameter_factor__Xc_1p3,eta_low,eta,0.8,parameter_factor,Xc,1.3,0.0,1249312955,20,0,140.0,0.025,140.0,110.91435862932708,6.21041939209145,,90.91435862932708,5.090560887053972,,
eta_low__parameter_factor__Xc_1p4,eta_low,eta,0.8,parameter_factor,Xc,1.4,0.0,1706529711,20,0,140.0,0.025,140.0,113.29440587357853,6.789245544978063,,93.29440587357853,5.590731727348981,,
eta_low__parameter_factor__Xc_1p5,eta_low,eta,0.8,parameter_factor,Xc,1.5,0.0,1594328569,20,0,140.0,0.025,140.0,115.3374027603536,7.352832322227179,,95.3374027603536,6.077819681704176,,
eta_low__h_ext_absolute__h_ext_0p0001,eta_low,eta,0.8,h_ext_absolute,h_ext,0.0001,0.0001,2977793704,20,0,140.0,0.025,140.0,100.53573361280982,4.369240205999092,135.67733900534725,80.53573361280982,3.500048715772102,,
eta_low__h_ext_absolute__h_ext_0p00016681005,eta_low,eta,0.8,h_ext_absolute,h_ext,0.00016681005372,0.00016681005372,1081094994,20,0,140.0,0.025,140.0,100.42365268786178,4.328286822526233,135.6655439661114,80.42365268786178,3.4662813673015607,,
eta_low__h_ext_absolute__h_ext_0p00027825594,eta_low,eta,0.8,h_ext_absolute,h_ext,0.0002782559402207,0.0002782559402207,1236446172,20,0,140.0,0.025,140.0,100.23521807700136,4.260447507374636,135.64579039020032,80.23521807700136,3.4103575711005947,,
eta_low__h_ext_absolute__h_ext_0p00046415888,eta_low,eta,0.8,h_ext_absolute,h_ext,0.0004641588833612,0.0004641588833612,3036206343,20,0,140.0,0.025,140.0,99.91674712542158,4.148638611455821,135.61284889483963,79.91674712542158,3.3182195414178026,,
eta_low__h_ext_absolute__h_ext_0p00077426368,eta_low,eta,0.8,h_ext_absolute,h_ext,0.0007742636826811,0.0007742636826811,3059440555,20,0,140.0,0.025,140.0,99.37367834415208,3.96604926353648,135.55774752975856,79.37367834415207,3.167840053688936,,
eta_low__h_ext_absolute__h_ext_0p0012915497,eta_low,eta,0.8,h_ext_absolute,h_ext,0.0012915496650148,0.0012915496650148,995656028,20,0,140.0,0.025,140.0,98.43350127353516,3.673135431520349,135.4655363431925,78.43350127353517,2.9268172808912993,,
eta_low__h_ext_absolute__h_ext_0p0021544347,eta_low,eta,0.8,h_ext_absolute,h_ext,0.0021544346900318,0.0021544346900318,4038366551,20,0,140.0,0.025,140.0,96.76350094550725,3.2211526570235813,135.31083794211844,76.76350094550725,2.555374212558744,,
eta_low__h_ext_absolute__h_ext_0p0035938137,eta_low,eta,0.8,h_ext_absolute,h_ext,0.0035938136638046,0.0035938136638046,3145350961,20,0,140.0,0.025,140.0,93.668013839507,2.594246412077793,135.050262664356,73.668013839507,2.040322760718464,,
eta_low__h_ext_absolute__h_ext_0p0059948425,eta_low,eta,0.8,h_ext_absolute,h_ext,0.0059948425031894,0.0059948425031894,798582464,20,0,140.0,0.025,140.0,87.57773200020961,1.9392870978364625,134.6086149579496,67.57773200020961,1.4964149079442142,,
eta_low__h_ext_absolute__h_ext_0p01,eta_low,eta,0.8,h_ext_absolute,h_ext,0.01,0.01,1987129884,20,0,140.0,0.025,140.0,75.49687594869972,1.4423138365697268,133.8511270586476,55.49687594869973,1.0602281360833168,,
eta_high__baseline__baseline_1,eta_high,eta,1.2,baseline,baseline,1.0,0.0,2315427407,20,0,140.0,0.025,140.0,69.54832981753492,4.65820967886715,93.58625832118626,49.54832981753492,3.318649206002223,,
eta_high__parameter_factor__eta_0p5,eta_high,eta,1.2,parameter_factor,eta,0.5,0.0,3908566426,20,0,140.0,0.025,140.0,131.0481217154139,,,111.04812171541391,,,
eta_high__parameter_factor__eta_0p6,eta_high,eta,1.2,parameter_factor,eta,0.6,0.0,3710183880,20,0,140.0,0.025,140.0,110.89393769503252,4.3724563956583635,,90.89393769503252,3.5838729101150903,,
eta_high__parameter_factor__eta_0p7,eta_high,eta,1.2,parameter_factor,eta,0.7,0.0,719792646,20,0,140.0,0.025,140.0,96.308045909384,4.458045544890192,129.73914582047132,76.308045909384,3.532256738192825,,
eta_high__parameter_factor__eta_0p8,eta_high,eta,1.2,parameter_factor,eta,0.8,0.0,321809823,20,0,140.0,0.025,140.0,85.24591912662999,4.532455643948493,114.76968301412124,65.24591912662999,3.4690720379331297,,
eta_high__parameter_factor__eta_0p9,eta_high,eta,1.2,parameter_factor,eta,0.9,0.0,2209714311,20,0,140.0,0.025,140.0,76.55822034671068,4.5985094859910145,103.0375154380498,56.55822034671069,3.3971990414259094,,
eta_high__parameter_factor__eta_1,eta_high,eta,1.2,parameter_factor,eta,1.0,0.0,476090457,20,0,140.0,0.025,140.0,69.54832981753492,4.65820967886715,93.58625832118626,49.54832981753492,3.318649206002223,,
eta_high__parameter_factor__eta_1p1,eta_high,eta,1.2,parameter_factor,eta,1.1,0.0,2006683038,20,0,140.0,0.025,140.0,63.768990010948286,4.71306007426118,85.80375297369606,43.768990010948286,3.2348933121870083,,
eta_high__parameter_factor__eta_1p2,eta_high,eta,1.2,parameter_factor,eta,1.2,0.0,1813705972,20,0,140.0,0.025,140.0,58.919693621224184,4.764262938122818,79.27978959813727,38.919693621224184,3.1470573332360257,,
eta_high__parameter_factor__eta_1p3,eta_high,eta,1.2,parameter_factor,eta,1.3,0.0,2387169608,20,0,140.0,0.025,140.0,54.79093541206236,4.812819440436183,73.72886964469211,34.79093541206236,3.056025399874273,,
eta_high__parameter_factor__eta_1p4,eta_high,eta,1.2,parameter_factor,eta,1.4,0.0,240062874,20,0,140.0,0.025,140.0,51.23214146441923,4.859625653078785,68.94619251708944,31.23214146441923,2.962525311702737,,
eta_high__parameter_factor__eta_1p5,eta_high,eta,1.2,parameter_factor,eta,1.5,0.0,118623702,20,0,140.0,0.025,140.0,48.13227709396617,4.905515597497035,64.78092344157693,28.132277093966167,2.8671679880871377,,
eta_high__parameter_factor__beta_0p5,eta_high,eta,1.2,parameter_factor,beta,0.5,0.0,2323276647,20,0,140.0,0.025,140.0,33.57580402043332,3.249877822431899,54.55028776912532,13.575804020433315,1.3140326998822724,,
eta_high__parameter_factor__beta_0p6,eta_high,eta,1.2,parameter_factor,beta,0.6,0.0,3363753831,20,0,140.0,0.025,140.0,40.122042152796006,3.3117221571892785,62.277399094244,20.12204215279601,1.6608978324565988,,
eta_high__parameter_factor__beta_0p7,eta_high,eta,1.2,parameter_factor,beta,0.7,0.0,1168350477,20,0,140.0,0.025,140.0,47.188544777195325,3.5533133909312604,70.06858456952196,27.188544777195325,2.047306622674885,,
eta_high__parameter_factor__beta_0p8,eta_high,eta,1.2,parameter_factor,beta,0.8,0.0,3929532333,20,0,140.0,0.025,140.0,54.52147376604376,3.883389893700383,77.89156601538255,34.52147376604376,2.4588539721791354,,
eta_high__parameter_factor__beta_0p9,eta_high,eta,1.2,parameter_factor,beta,0.9,0.0,4110763472,20,0,140.0,0.025,140.0,62.00008287320913,4.262099902398174,85.73324415634295,42.00008287320913,2.887230803879639,,
eta_high__parameter_factor__beta_1,eta_high,eta,1.2,parameter_factor,beta,1.0,0.0,3650453855,20,0,140.0,0.025,140.0,69.54832981753492,4.65820967886715,93.58625832118626,49.54832981753492,3.318649206002223,,
eta_high__parameter_factor__beta_1p1,eta_high,eta,1.2,parameter_factor,beta,1.1,0.0,2198131969,20,0,140.0,0.025,140.0,77.12744186529292,5.05308167467786,101.44686660706247,57.12744186529292,3.7427616245189737,,
eta_high__parameter_factor__beta_1p2,eta_high,eta,1.2,parameter_factor,beta,1.2,0.0,2914410538,20,0,140.0,0.025,140.0,84.72687562238933,5.443042805628793,109.31396288472766,64.72687562238933,4.158198353229217,,
eta_high__parameter_factor__beta_1p3,eta_high,eta,1.2,parameter_factor,beta,1.3,0.0,2615676915,20,0,140.0,0.025,140.0,92.34580917367676,5.830579691589345,117.18705743227186,72.34580917367676,4.567808864464175,,
eta_high__parameter_factor__beta_1p4,eta_high,eta,1.2,parameter_factor,beta,1.4,0.0,4263971242,20,0,140.0,0.025,140.0,99.982956648344,6.217399167128122,125.06578875747876,79.982956648344,4.973707366935474,,
eta_high__parameter_factor__beta_1p5,eta_high,eta,1.2,parameter_factor,beta,1.5,0.0,340127331,20,0,140.0,0.025,140.0,107.63528209797946,6.603115624457226,132.94961410895638,87.63528209797946,5.376173027986588,,
eta_high__parameter_factor__epsilon_0p5,eta_high,eta,1.2,parameter_factor,epsilon,0.5,0.0,2139904272,20,0,140.0,0.025,140.0,77.95844935550144,8.89029831196292,93.40547796624016,57.95844935550144,6.609519670145171,,
eta_high__parameter_factor__epsilon_0p6,eta_high,eta,1.2,parameter_factor,epsilon,0.6,0.0,1935268276,20,0,140.0,0.025,140.0,76.41106243705102,7.613479650100841,93.61695430760189,56.411062437051015,5.620710695638787,,
eta_high__parameter_factor__epsilon_0p7,eta_high,eta,1.2,parameter_factor,epsilon,0.7,0.0,2669573828,20,0,140.0,0.025,140.0,74.78233242408606,6.617741092246791,93.7239342747713,54.782332424086064,4.847873563986778,,
eta_high__parameter_factor__epsilon_0p8,eta_high,eta,1.2,parameter_factor,epsilon,0.8,0.0,2803073653,20,0,140.0,0.025,140.0,73.09123279853787,5.829898586886082,93.7461625521804,53.091232798537874,4.2346597699529775,,
eta_high__parameter_factor__epsilon_0p9,eta_high,eta,1.2,parameter_factor,epsilon,0.9,0.0,1101477879,20,0,140.0,0.025,140.0,71.34646911759111,5.191390753474857,93.69704899664043,51.34646911759111,3.736128617119219,,
eta_high__parameter_factor__epsilon_1,eta_high,eta,1.2,parameter_factor,epsilon,1.0,0.0,903096503,20,0,140.0,0.025,140.0,69.54832981753492,4.65820967886715,93.58625832118626,49.54832981753492,3.318649206002223,,
eta_high__parameter_factor__epsilon_1p1,eta_high,eta,1.2,parameter_factor,epsilon,1.1,0.0,2993111150,20,0,140.0,0.025,140.0,67.70259723087429,4.205847700939403,93.42154464214788,47.70259723087429,2.9633997379471,,
eta_high__parameter_factor__epsilon_1p2,eta_high,eta,1.2,parameter_factor,epsilon,1.2,0.0,825868882,20,0,140.0,0.025,140.0,65.82781689224788,3.8238475026490946,93.2103395190844,45.82781689224788,2.66207496235408,,
eta_high__parameter_factor__epsilon_1p3,eta_high,eta,1.2,parameter_factor,epsilon,1.3,0.0,42805821,20,0,140.0,0.025,140.0,63.94690250187975,3.5047058235061948,92.95898179665858,43.94690250187975,2.4085758511738606,,
eta_high__parameter_factor__epsilon_1p4,eta_high,eta,1.2,parameter_factor,epsilon,1.4,0.0,1110012463,20,0,140.0,0.025,140.0,62.07647348337224,3.238725786484032,92.67254387071875,42.07647348337224,2.1952625854529506,,
eta_high__parameter_factor__epsilon_1p5,eta_high,eta,1.2,parameter_factor,epsilon,1.5,0.0,2686519668,20,0,140.0,0.025,140.0,60.22472974994767,3.01528812155458,92.35489941072076,40.22472974994767,2.0139426164526,,
eta_high__parameter_factor__Xc_0p5,eta_high,eta,1.2,parameter_factor,Xc,0.5,0.0,2982263206,20,0,140.0,0.025,140.0,43.47516703532859,2.1844392603324794,81.09085064957334,23.475167035328596,1.1795256927515336,,
eta_high__parameter_factor__Xc_0p6,eta_high,eta,1.2,parameter_factor,Xc,0.6,0.0,145148891,20,0,140.0,0.025,140.0,51.01956955549463,2.5000511687230103,85.25186760564553,31.019569555494627,1.520015002011069,,
eta_high__parameter_factor__Xc_0p7,eta_high,eta,1.2,parameter_factor,Xc,0.7,0.0,3218785656,20,0,140.0,0.025,140.0,57.32965520579979,2.9592879643524186,88.23474274895052,37.32965520579979,1.926911978929419,,
eta_high__parameter_factor__Xc_0p8,eta_high,eta,1.2,parameter_factor,Xc,0.8,0.0,2071475054,20,0,140.0,0.025,140.0,62.32970959250584,3.4823968381119212,90.46436562164848,42.32970959250584,2.364985298453272,,
eta_high__parameter_factor__Xc_0p9,eta_high,eta,1.2,parameter_factor,Xc,0.9,0.0,85622801,20,0,140.0,0.025,140.0,66.3357154012677,4.061791710917622,92.1980588032943,46.335715401267706,2.837174870246601,,
eta_high__parameter_factor__Xc_1,eta_high,eta,1.2,parameter_factor,Xc,1.0,0.0,2253615919,20,0,140.0,0.025,140.0,69.54832981753492,4.65820967886715,93.58625832118626,49.54832981753492,3.318649206002223,,
eta_high__parameter_factor__Xc_1p1,eta_high,eta,1.2,parameter_factor,Xc,1.1,0.0,2959702624,20,0,140.0,0.025,140.0,72.1433827800516,5.23969287598961,94.72495537165794,52.1433827800516,3.787115335520177,,
eta_high__parameter_factor__Xc_1p2,eta_high,eta,1.2,parameter_factor,Xc,1.2,0.0,2802749324,20,0,140.0,0.025,140.0,74.28414769094682,5.806487441714434,95.68064404304528,54.284147690946824,4.243169392789149,,
eta_high__parameter_factor__Xc_1p3,eta_high,eta,1.2,parameter_factor,Xc,1.3,0.0,1935966603,20,0,140.0,0.025,140.0,76.08524081040491,6.362274399470608,96.49849300690396,56.08524081040491,4.689867417063963,,
eta_high__parameter_factor__Xc_1p4,eta_high,eta,1.2,parameter_factor,Xc,1.4,0.0,2286177229,20,0,140.0,0.025,140.0,77.62256486435906,6.90464453348764,97.21016491027709,57.62256486435906,5.125614287436609,,
eta_high__parameter_factor__Xc_1p5,eta_high,eta,1.2,parameter_factor,Xc,1.5,0.0,2360747325,20,0,140.0,0.025,140.0,78.95012663975282,7.429052780221092,97.8382121302314,58.950126639752824,5.547091826790416,,
eta_high__h_ext_absolute__h_ext_0p0001,eta_high,eta,1.2,h_ext_absolute,h_ext,0.0001,0.0001,698077992,20,0,140.0,0.025,140.0,69.48107335313699,4.620321930786881,93.57814948659416,49.48107335313699,3.290370705852824,,
eta_high__h_ext_absolute__h_ext_0p00016681005,eta_high,eta,1.2,h_ext_absolute,h_ext,0.00016681005372,0.00016681005372,395833811,20,0,140.0,0.025,140.0,69.43595332695986,4.595105531698984,93.57274664025984,49.43595332695986,3.27155330507035,,
eta_high__h_ext_absolute__h_ext_0p00027825594,eta_high,eta,1.2,h_ext_absolute,h_ext,0.0002782559402207,0.0002782559402207,2639149814,20,0,140.0,0.025,140.0,69.36035600247968,4.553218227785065,93.56378470279662,49.36035600247968,3.240301602148863,,
eta_high__h_ext_absolute__h_ext_0p00046415888,eta_high,eta,1.2,h_ext_absolute,h_ext,0.0004641588833612,0.0004641588833612,3872171443,20,0,140.0,0.025,140.0,69.23331542513765,4.483840119073605,93.54870277302535,49.23331542513765,3.1885561675424943,,
eta_high__h_ext_absolute__h_ext_0p00077426368,eta_high,eta,1.2,h_ext_absolute,h_ext,0.0007742636826811,0.0007742636826811,1198666006,20,0,140.0,0.025,140.0,69.01875686875398,4.369530082984456,93.52360169444042,49.01875686875398,3.1033438225470067,,
eta_high__h_ext_absolute__h_ext_0p0012915497,eta_high,eta,1.2,h_ext_absolute,h_ext,0.0012915496650148,0.0012915496650148,2353570305,20,0,140.0,0.025,140.0,68.65333615020197,4.182992821483003,93.48168437216556,48.653336150201966,2.9644088294884066,,
eta_high__h_ext_absolute__h_ext_0p0021544347,eta_high,eta,1.2,h_ext_absolute,h_ext,0.0021544346900318,0.0021544346900318,2196641615,20,0,140.0,0.025,140.0,68.02210847461639,3.8843576702872378,93.4114876035833,48.02210847461639,2.7422708525177617,,
eta_high__h_ext_absolute__h_ext_0p0035938137,eta_high,eta,1.2,h_ext_absolute,h_ext,0.0035938136638046,0.0035938136638046,1576644171,20,0,140.0,0.025,140.0,66.90548731916337,3.4263084087600917,93.2937171772727,46.90548731916337,2.4020849717749124,,
eta_high__h_ext_absolute__h_ext_0p0059948425,eta_high,eta,1.2,h_ext_absolute,h_ext,0.0059948425031894,0.0059948425031894,2040930540,20,0,140.0,0.025,140.0,64.85240417212013,2.7987162880091914,93.09547705927822,44.85240417212013,1.935612961698784,,
eta_high__h_ext_absolute__h_ext_0p01,eta_high,eta,1.2,h_ext_absolute,h_ext,0.01,0.01,1009817641,20,0,140.0,0.025,140.0,60.878990570016725,2.1434526609767226,92.75967801880329,40.878990570016725,1.4392843950750256,,
beta_low__baseline__baseline_1,beta_low,beta,0.8,baseline,baseline,1.0,0.0,3485276200,20,0,140.0,0.025,140.0,64.05353449949054,3.76041929118104,91.7113324269852,44.05353449949054,2.586270410697029,,
beta_low__parameter_factor__eta_0p5,beta_low,beta,0.8,parameter_factor,eta,0.5,0.0,455952789,20,0,140.0,0.025,140.0,118.64925538134928,3.3596320952201197,,98.64925538134928,2.793318874893205,,
beta_low__parameter_factor__eta_0p6,beta_low,beta,0.8,parameter_factor,eta,0.6,0.0,3641369836,20,0,140.0,0.025,140.0,100.8523037765104,3.4597831444087275,,80.8523037765104,2.7736742475657485,,
beta_low__parameter_factor__eta_0p7,beta_low,beta,0.8,parameter_factor,eta,0.7,0.0,1830649817,20,0,140.0,0.025,140.0,87.9183316749182,3.5465999446648615,126.52374672181072,67.9183316749182,2.739805758037534,,
beta_low__parameter_factor__eta_0p8,beta_low,beta,0.8,parameter_factor,eta,0.8,0.0,2032105141,20,0,140.0,0.025,140.0,78.07543213676537,3.623985187805272,112.1262286463584,58.07543213676537,2.695655983950951,,
beta_low__parameter_factor__eta_0p9,beta_low,beta,0.8,parameter_factor,eta,0.9,0.0,3877041792,20,0,140.0,0.025,140.0,70.32331440049788,3.694607600843682,100.82612261931396,50.32331440049788,2.6438586046281327,,
beta_low__parameter_factor__eta_1,beta_low,beta,0.8,parameter_factor,eta,1.0,0.0,3266888097,20,0,140.0,0.025,140.0,64.05353449949054,3.76041929118104,91.7113324269852,44.05353449949054,2.586270410697029,,
beta_low__parameter_factor__eta_1p1,beta_low,beta,0.8,parameter_factor,eta,1.1,0.0,171115333,20,0,140.0,0.025,140.0,58.874253747369494,3.822933912609045,84.19717208323821,38.874253747369494,2.524256249869293,,
beta_low__parameter_factor__eta_1p2,beta_low,beta,0.8,parameter_factor,eta,1.2,0.0,1449427231,20,0,140.0,0.025,140.0,54.52147376604376,3.883389893700383,77.89156601538255,34.52147376604376,2.4588539721791354,,
beta_low__parameter_factor__eta_1p3,beta_low,beta,0.8,parameter_factor,eta,1.3,0.0,3155358642,20,0,140.0,0.025,140.0,50.81070642847624,3.9428482776648224,72.5212444278107,30.810706428476237,2.390872894990315,,
beta_low__parameter_factor__eta_1p4,beta_low,beta,0.8,parameter_factor,eta,1.4,0.0,2940574984,20,0,140.0,0.025,140.0,47.609064174788166,4.0022604258973224,67.89014439563013,27.60906417478817,2.3209585581673715,,
beta_low__parameter_factor__eta_1p5,beta_low,beta,0.8,parameter_factor,eta,1.5,0.0,3207119580,20,0,140.0,0.025,140.0,44.81835943639019,4.06251817468782,63.85353898026311,24.818359436390196,2.249636924336088,,
beta_low__parameter_factor__beta_0p5,beta_low,beta,0.8,parameter_factor,beta,0.5,0.0,3227853464,20,0,140.0,0.025,140.0,31.394905036786337,3.05670626470063,54.46293187113787,11.394905036786335,1.1094436365009288,,
beta_low__parameter_factor__beta_0p6,beta_low,beta,0.8,parameter_factor,beta,0.6,0.0,1081664932,20,0,140.0,0.025,140.0,36.968716922962784,2.9345847167418633,61.78868142392587,16.968716922962784,1.3469804063963924,,
beta_low__parameter_factor__beta_0p7,beta_low,beta,0.8,parameter_factor,beta,0.7,0.0,2371667890,20,0,140.0,0.025,140.0,43.27023547418453,3.021505368979893,69.21389176498778,23.270235474184524,1.6249308711209411,,
beta_low__parameter_factor__beta_0p8,beta_low,beta,0.8,parameter_factor,beta,0.8,0.0,2834944418,20,0,140.0,0.025,140.0,49.98883310481426,3.2158116389968328,76.6887256801332,29.988833104814265,1.9291996341700477,,
beta_low__parameter_factor__beta_0p9,beta_low,beta,0.8,parameter_factor,beta,0.9,0.0,4202539406,20,0,140.0,0.025,140.0,56.94667888449104,3.4692021115165588,84.19116414975335,36.94667888449104,2.250798447080434,,
beta_low__parameter_factor__beta_1,beta_low,beta,0.8,parameter_factor,beta,1.0,0.0,4261920927,20,0,140.0,0.025,140.0,64.05353449949054,3.76041929118104,91.7113324269852,44.05353449949054,2.586270410697029,,
beta_low__parameter_factor__beta_1p1,beta_low,beta,0.8,parameter_factor,beta,1.1,0.0,1891538680,20,0,140.0,0.025,140.0,71.25039099634144,4.073759550847224,99.24338843853802,51.25039099634144,2.930254373154542,,
beta_low__parameter_factor__beta_1p2,beta_low,beta,0.8,parameter_factor,beta,1.2,0.0,2605480563,20,0,140.0,0.025,140.0,78.49507296695796,4.394894831634222,106.78349266730886,58.49507296695796,3.2751061199314564,,
beta_low__parameter_factor__beta_1p3,beta_low,beta,0.8,parameter_factor,beta,1.3,0.0,2709345410,20,0,140.0,0.025,140.0,85.76414173854684,4.714787754583059,114.32945168372513,65.76414173854684,3.615310126985233,,
beta_low__parameter_factor__beta_1p4,beta_low,beta,0.8,parameter_factor,beta,1.4,0.0,2474904428,20,0,140.0,0.025,140.0,93.04930333773734,5.030774712396022,121.88043538158372,73.04930333773734,3.9494609288556943,,
beta_low__parameter_factor__beta_1p5,beta_low,beta,0.8,parameter_factor,beta,1.5,0.0,3175499994,20,0,140.0,0.025,140.0,100.34936360459486,5.34380566844307,129.43613865226902,80.34936360459486,4.278765397834242,,
beta_low__parameter_factor__epsilon_0p5,beta_low,beta,0.8,parameter_factor,epsilon,0.5,0.0,348915292,20,0,140.0,0.025,140.0,74.19368609164194,7.389107074241683,91.77087079392211,54.193686091641936,5.397264516341306,,
beta_low__parameter_factor__epsilon_0p6,beta_low,beta,0.8,parameter_factor,epsilon,0.6,0.0,3374995863,20,0,140.0,0.025,140.0,72.31753688392217,6.277113460819047,91.96571814507516,52.31753688392217,4.541126940455522,,
beta_low__parameter_factor__epsilon_0p7,beta_low,beta,0.8,parameter_factor,epsilon,0.7,0.0,3378427883,20,0,140.0,0.025,140.0,70.3550619708496,5.428735169779011,92.0379059396133,50.3550619708496,3.8854957730094326,,
beta_low__parameter_factor__epsilon_0p8,beta_low,beta,0.8,parameter_factor,epsilon,0.8,0.0,4227961616,20,0,140.0,0.025,140.0,68.31572552316365,4.756889403482557,92.00941358470124,48.31572552316365,3.3642702467498515,,
beta_low__parameter_factor__epsilon_0p9,beta_low,beta,0.8,parameter_factor,epsilon,0.9,0.0,4013651093,20,0,140.0,0.025,140.0,66.20652232535883,4.208512896099414,91.8960318240468,46.20652232535883,2.937184106039271,,
beta_low__parameter_factor__epsilon_1,beta_low,beta,0.8,parameter_factor,epsilon,1.0,0.0,2130474952,20,0,140.0,0.025,140.0,64.05353449949054,3.76041929118104,91.7113324269852,44.05353449949054,2.586270410697029,,
beta_low__parameter_factor__epsilon_1p1,beta_low,beta,0.8,parameter_factor,epsilon,1.1,0.0,3203754931,20,0,140.0,0.025,140.0,61.892175328339455,3.39840682863247,91.46673822198112,41.892175328339455,2.3002367253508056,,
beta_low__parameter_factor__epsilon_1p2,beta_low,beta,0.8,parameter_factor,epsilon,1.2,0.0,221883960,20,0,140.0,0.025,140.0,59.74757555629927,3.1061469901930634,91.1710446905674,39.74757555629927,2.066390326839858,,
beta_low__parameter_factor__epsilon_1p3,beta_low,beta,0.8,parameter_factor,epsilon,1.3,0.0,3943754048,20,0,140.0,0.025,140.0,57.632290921607144,2.867503054159574,90.8307791957633,37.632290921607144,1.8724001324103683,,
beta_low__parameter_factor__epsilon_1p4,beta_low,beta,0.8,parameter_factor,epsilon,1.4,0.0,1809650354,20,0,140.0,0.025,140.0,55.55550708560188,2.6703781941076876,90.45117907097313,35.55550708560188,1.7090412055016526,,
beta_low__parameter_factor__epsilon_1p5,beta_low,beta,0.8,parameter_factor,epsilon,1.5,0.0,3019168509,20,0,140.0,0.025,140.0,53.52997625794282,2.5071575613630057,90.03722085937811,33.52997625794282,1.5704272518699238,,
beta_low__parameter_factor__Xc_0p5,beta_low,beta,0.8,parameter_factor,Xc,0.5,0.0,1659111487,20,0,140.0,0.025,140.0,37.64901666711352,2.084794706439204,77.56627769977409,17.64901666711352,0.9773051138835104,,
beta_low__parameter_factor__Xc_0p6,beta_low,beta,0.8,parameter_factor,Xc,0.6,0.0,1240097426,20,0,140.0,0.025,140.0,44.49336111368231,2.210363346108837,82.22271007716154,24.49336111368231,1.2167933883520965,,
beta_low__parameter_factor__Xc_0p7,beta_low,beta,0.8,parameter_factor,Xc,0.7,0.0,3284852575,20,0,140.0,0.025,140.0,50.74684419413855,2.4891596913870138,85.60017927140771,30.746844194138554,1.508149056769257,,
beta_low__parameter_factor__Xc_0p8,beta_low,beta,0.8,parameter_factor,Xc,0.8,0.0,3484039009,20,0,140.0,0.025,140.0,56.07646109130894,2.8673053374486495,88.14508530001847,36.07646109130894,1.8446640075045808,,
beta_low__parameter_factor__Xc_0p9,beta_low,beta,0.8,parameter_factor,Xc,0.9,0.0,1013493337,20,0,140.0,0.025,140.0,60.44851812584677,3.294338385419589,90.12439691100968,40.44851812584677,2.2043734077633426,,
beta_low__parameter_factor__Xc_1,beta_low,beta,0.8,parameter_factor,Xc,1.0,0.0,2684525337,20,0,140.0,0.025,140.0,64.05353449949054,3.76041929118104,91.7113324269852,44.05353449949054,2.586270410697029,,
beta_low__parameter_factor__Xc_1p1,beta_low,beta,0.8,parameter_factor,Xc,1.1,0.0,2713144110,20,0,140.0,0.025,140.0,67.03381595647502,4.245185717326427,93.01444788805756,47.033815956475024,2.9786053632905416,,
beta_low__parameter_factor__Xc_1p2,beta_low,beta,0.8,parameter_factor,Xc,1.2,0.0,2740694785,20,0,140.0,0.025,140.0,69.50393035390829,4.724391450718457,94.10565541847734,49.50393035390829,3.3649312225954584,,
beta_low__parameter_factor__Xc_1p3,beta_low,beta,0.8,parameter_factor,Xc,1.3,0.0,2367964999,20,0,140.0,0.025,140.0,71.57619729710548,5.190080039205584,95.03626314038146,51.57619729710548,3.7398548986711986,,
beta_low__parameter_factor__Xc_1p4,beta_low,beta,0.8,parameter_factor,Xc,1.4,0.0,3191636680,20,0,140.0,0.025,140.0,73.34260464845306,5.643513354105133,95.8432525316384,53.34260464845306,4.104567912732902,,
beta_low__parameter_factor__Xc_1p5,beta_low,beta,0.8,parameter_factor,Xc,1.5,0.0,3818014983,20,0,140.0,0.025,140.0,74.86933033869659,6.085457684409961,96.55339828206864,54.869330338696585,4.459836710673359,,
beta_low__h_ext_absolute__h_ext_0p0001,beta_low,beta,0.8,h_ext_absolute,h_ext,0.0001,0.0001,1366610151,20,0,140.0,0.025,140.0,63.98500984885598,3.7353973419499873,91.70230237072188,43.98500984885598,2.5678121995006347,,
beta_low__h_ext_absolute__h_ext_0p00016681005,beta_low,beta,0.8,h_ext_absolute,h_ext,0.00016681005372,0.00016681005372,931333161,20,0,140.0,0.025,140.0,63.93909195790182,3.718764466562503,91.69630183706312,43.93909195790182,2.555543547187866,,
beta_low__h_ext_absolute__h_ext_0p00027825594,beta_low,beta,0.8,h_ext_absolute,h_ext,0.0002782559402207,0.0002782559402207,1358690626,20,0,140.0,0.025,140.0,63.86225104684251,3.691171970307949,91.68629956420466,43.86225104684251,2.5351926837023138,,
beta_low__h_ext_absolute__h_ext_0p00046415888,beta_low,beta,0.8,h_ext_absolute,h_ext,0.0004641588833612,0.0004641588833612,151359246,20,0,140.0,0.025,140.0,63.73338845328227,3.6455725639764,91.66954147586394,43.73338845328227,2.501565426603288,,
beta_low__h_ext_absolute__h_ext_0p00077426368,beta_low,beta,0.8,h_ext_absolute,h_ext,0.0007742636826811,0.0007742636826811,4253532503,20,0,140.0,0.025,140.0,63.51651860998738,3.5707152117693233,91.64159842568124,43.51651860998738,2.4463729808310357,,
beta_low__h_ext_absolute__h_ext_0p0012915497,beta_low,beta,0.8,h_ext_absolute,h_ext,0.0012915496650148,0.0012915496650148,567911417,20,0,140.0,0.025,140.0,63.14939943205079,3.4492842285521133,91.5948715701826,43.14939943205079,2.356863949159411,,
beta_low__h_ext_absolute__h_ext_0p0021544347,beta_low,beta,0.8,h_ext_absolute,h_ext,0.0021544346900318,0.0021544346900318,103438665,20,0,140.0,0.025,140.0,62.52195658205669,3.2566453312642456,91.51673276867466,42.52195658205669,2.214884801268651,,
beta_low__h_ext_absolute__h_ext_0p0035938137,beta_low,beta,0.8,h_ext_absolute,h_ext,0.0035938136638046,0.0035938136638046,140179423,20,0,140.0,0.025,140.0,61.4331930805396,2.964287456150082,91.38572989093971,41.4331930805396,1.9992432162181384,,
beta_low__h_ext_absolute__h_ext_0p0059948425,beta_low,beta,0.8,h_ext_absolute,h_ext,0.0059948425031894,0.0059948425031894,4288632264,20,0,140.0,0.025,140.0,59.50206949419339,2.560577233699961,91.165380165282,39.50206949419339,1.6999089391459912,,
beta_low__h_ext_absolute__h_ext_0p01,beta_low,beta,0.8,h_ext_absolute,h_ext,0.01,0.01,1721866412,20,0,140.0,0.025,140.0,56.006915914445514,2.102409937964594,90.79264813640413,36.006915914445514,1.3516419645321085,,
beta_high__baseline__baseline_1,beta_high,beta,1.2,baseline,baseline,1.0,0.0,635007859,20,0,140.0,0.025,140.0,100.34936360459484,5.3438056684430695,129.43613865226902,80.34936360459484,4.278765397834241,,
beta_high__parameter_factor__eta_0p5,beta_high,beta,1.2,parameter_factor,eta,0.5,0.0,2649497860,20,0,140.0,0.025,140.0,,,,,,,
beta_high__parameter_factor__eta_0p6,beta_high,beta,1.2,parameter_factor,eta,0.6,0.0,2211580766,20,0,140.0,0.025,140.0,,,,,,,
beta_high__parameter_factor__eta_0p7,beta_high,beta,1.2,parameter_factor,eta,0.7,0.0,1594767260,20,0,140.0,0.025,140.0,139.83164438091552,,,119.83164438091552,,,
beta_high__parameter_factor__eta_0p8,beta_high,beta,1.2,parameter_factor,eta,0.8,0.0,1716329438,20,0,140.0,0.025,140.0,123.48612215459828,5.220905697891582,,103.48612215459828,4.375319877105134,,
beta_high__parameter_factor__eta_0p9,beta_high,beta,1.2,parameter_factor,eta,0.9,0.0,4100323429,20,0,140.0,0.025,140.0,110.67232277242076,5.286002017789377,,90.67232277242076,4.330749270693942,,
beta_high__parameter_factor__eta_1,beta_high,beta,1.2,parameter_factor,eta,1.0,0.0,1985547644,20,0,140.0,0.025,140.0,100.34936360459484,5.3438056684430695,129.43613865226902,80.34936360459484,4.278765397834241,,
beta_high__parameter_factor__eta_1p1,beta_high,beta,1.2,parameter_factor,eta,1.1,0.0,1830786304,20,0,140.0,0.025,140.0,91.85009213971514,5.395783898995867,118.48435103480122,71.85009213971514,4.220872960248364,,
beta_high__parameter_factor__eta_1p2,beta_high,beta,1.2,parameter_factor,eta,1.2,0.0,3043654034,20,0,140.0,0.025,140.0,84.72687562238933,5.443042805628793,109.31396288472766,64.72687562238933,4.158198353229217,,
beta_high__parameter_factor__eta_1p3,beta_high,beta,1.2,parameter_factor,eta,1.3,0.0,2942871505,20,0,140.0,0.025,140.0,78.6680112184018,5.4864239353539785,101.51950033594996,58.6680112184018,4.091594232560981,,
beta_high__parameter_factor__eta_1p4,beta_high,beta,1.2,parameter_factor,eta,1.4,0.0,2962444603,20,0,140.0,0.025,140.0,73.44967690194233,5.526594402769725,94.81034908614492,53.449676901942325,4.021728857847613,,
beta_high__parameter_factor__eta_1p5,beta_high,beta,1.2,parameter_factor,eta,1.5,0.0,2094828933,20,0,140.0,0.025,140.0,68.90692103947994,5.564086732654775,88.97250094878841,48.90692103947994,3.949129439912917,,
beta_high__parameter_factor__beta_0p5,beta_high,beta,1.2,parameter_factor,beta,0.5,0.0,801657105,20,0,140.0,0.025,140.0,46.59145330798333,3.109229097781229,72.94688291257413,26.59145330798333,1.7745512214641703,,
beta_high__parameter_factor__beta_0p6,beta_high,beta,1.2,parameter_factor,beta,0.6,0.0,3129936827,20,0,140.0,0.025,140.0,56.94667888449103,3.469202111516546,84.19116414975335,36.94667888449103,2.250798447080425,,
beta_high__parameter_factor__beta_0p7,beta_high,beta,1.2,parameter_factor,beta,0.7,0.0,3224866956,20,0,140.0,0.025,140.0,67.64376875308763,3.915294755305212,95.4761162578341,47.64376875308763,2.7576730475033395,,
beta_high__parameter_factor__beta_0p8,beta_high,beta,1.2,parameter_factor,beta,0.8,0.0,1738277227,20,0,140.0,0.025,140.0,78.49507296695796,4.394894831634222,106.78349266730886,58.49507296695796,3.2751061199314564,,
beta_high__parameter_factor__beta_0p9,beta_high,beta,1.2,parameter_factor,beta,0.9,0.0,1198603729,20,0,140.0,0.025,140.0,89.40486174623814,4.873252250836019,118.10433970224736,69.40486174623814,3.783098504014512,,
beta_high__parameter_factor__beta_1,beta_high,beta,1.2,parameter_factor,beta,1.0,0.0,705418656,20,0,140.0,0.025,140.0,100.34936360459484,5.3438056684430695,129.43613865226902,80.34936360459484,4.278765397834241,,
beta_high__parameter_factor__beta_1p1,beta_high,beta,1.2,parameter_factor,beta,1.1,0.0,233937058,20,0,140.0,0.025,140.0,111.32703126200862,5.810918575224442,,91.32703126200862,4.766981894374951,,
beta_high__parameter_factor__beta_1p2,beta_high,beta,1.2,parameter_factor,beta,1.2,0.0,1765445943,20,0,140.0,0.025,140.0,122.33370869644124,6.276243788686611,,102.33370869644124,5.25015803430791,,
beta_high__parameter_factor__beta_1p3,beta_high,beta,1.2,parameter_factor,beta,1.3,0.0,1672550061,20,0,140.0,0.025,140.0,133.36245716494938,,,113.36245716494938,,,
beta_high__parameter_factor__beta_1p4,beta_high,beta,1.2,parameter_factor,beta,1.4,0.0,2259067515,20,0,140.0,0.025,140.0,,,,,,,
beta_high__parameter_factor__beta_1p5,beta_high,beta,1.2,parameter_factor,beta,1.5,0.0,158703619,20,0,140.0,0.025,140.0,,,,,,,
beta_high__parameter_factor__epsilon_0p5,beta_high,beta,1.2,parameter_factor,epsilon,0.5,0.0,2236157880,20,0,140.0,0.025,140.0,111.1414779284958,10.25845063298202,129.63846152993105,91.1414779284958,8.412434037884747,,
beta_high__parameter_factor__epsilon_0p6,beta_high,beta,1.2,parameter_factor,epsilon,0.6,0.0,123863207,20,0,140.0,0.025,140.0,109.17139042531088,8.808524367177592,129.79903562294777,89.17139042531089,7.194818737367205,,
beta_high__parameter_factor__epsilon_0p7,beta_high,beta,1.2,parameter_factor,epsilon,0.7,0.0,2267239355,20,0,140.0,0.025,140.0,107.08563215921303,7.650643504225545,129.83955713041007,87.08563215921303,6.221760217091245,,
beta_high__parameter_factor__epsilon_0p8,beta_high,beta,1.2,parameter_factor,epsilon,0.8,0.0,3564202571,20,0,140.0,0.025,140.0,104.90794533282238,6.719780562123808,129.7825033581801,84.90794533282238,5.4386992215627705,,
beta_high__parameter_factor__epsilon_0p9,beta_high,beta,1.2,parameter_factor,epsilon,0.9,0.0,636357237,20,0,140.0,0.025,140.0,102.65763473433954,5.964328565268159,129.6440672308373,82.65763473433954,4.802344153548012,,
beta_high__parameter_factor__epsilon_1,beta_high,beta,1.2,parameter_factor,epsilon,1.0,0.0,1798540109,20,0,140.0,0.025,140.0,100.34936360459484,5.3438056684430695,129.43613865226902,80.34936360459484,4.278765397834241,,
beta_high__parameter_factor__epsilon_1p1,beta_high,beta,1.2,parameter_factor,epsilon,1.1,0.0,3244130103,20,0,140.0,0.025,140.0,97.98823086877825,4.823914068416021,129.1672707276825,77.98823086877825,3.839323566955492,,
beta_high__parameter_factor__epsilon_1p2,beta_high,beta,1.2,parameter_factor,epsilon,1.2,0.0,2887910486,20,0,140.0,0.025,140.0,95.57223045740524,4.377921560651628,128.8438399714812,75.57223045740525,3.4617722692310857,,
beta_high__parameter_factor__epsilon_1p3,beta_high,beta,1.2,parameter_factor,epsilon,1.3,0.0,1820521200,20,0,140.0,0.025,140.0,93.10323661707052,3.989620019424088,128.4712560951074,73.10323661707051,3.132588585418583,,
beta_high__parameter_factor__epsilon_1p4,beta_high,beta,1.2,parameter_factor,epsilon,1.4,0.0,1240993063,20,0,140.0,0.025,140.0,90.59482827970676,3.651654875172756,128.05484726518304,70.59482827970677,2.84550402870314,,
beta_high__parameter_factor__epsilon_1p5,beta_high,beta,1.2,parameter_factor,epsilon,1.5,0.0,3723575051,20,0,140.0,0.025,140.0,88.06862910298777,3.3600839881123368,127.59966897236112,68.06862910298777,2.5970236288593176,,
beta_high__parameter_factor__Xc_0p5,beta_high,beta,1.2,parameter_factor,Xc,0.5,0.0,1668923431,20,0,140.0,0.025,140.0,63.69140120872323,2.1020760360358084,113.41241578294353,43.69140120872323,1.4419944563741864,,
beta_high__parameter_factor__Xc_0p6,beta_high,beta,1.2,parameter_factor,Xc,0.6,0.0,1410780899,20,0,140.0,0.025,140.0,75.30017759206306,2.6349525541494025,118.8345083796735,55.300177592063065,1.9350996086691952,,
beta_high__parameter_factor__Xc_0p7,beta_high,beta,1.2,parameter_factor,Xc,0.7,0.0,2934419708,20,0,140.0,0.025,140.0,84.13555155186958,3.247247026423869,122.65769897420698,64.13555155186958,2.475338608037394,,
beta_high__parameter_factor__Xc_0p8,beta_high,beta,1.2,parameter_factor,Xc,0.8,0.0,898186566,20,0,140.0,0.025,140.0,90.95958396318052,3.9405307405417336,125.49939734671835,70.95958396318052,3.074095216356219,,
beta_high__parameter_factor__Xc_0p9,beta_high,beta,1.2,parameter_factor,Xc,0.9,0.0,2793482897,20,0,140.0,0.025,140.0,96.22099191380372,4.648960123515681,127.6914156456552,76.22099191380373,3.6826512067087767,,
beta_high__parameter_factor__Xc_1,beta_high,beta,1.2,parameter_factor,Xc,1.0,0.0,2077371128,20,0,140.0,0.025,140.0,100.34936360459484,5.3438056684430695,129.43613865226902,80.34936360459484,4.278765397834241,,
beta_high__parameter_factor__Xc_1p1,beta_high,beta,1.2,parameter_factor,Xc,1.1,0.0,2934026205,20,0,140.0,0.025,140.0,103.68649987019084,6.036671840494508,130.86406022051614,83.68649987019083,4.872263388468053,,
beta_high__parameter_factor__Xc_1p2,beta_high,beta,1.2,parameter_factor,Xc,1.2,0.0,1884932503,20,0,140.0,0.025,140.0,106.43889446658152,6.726102564213943,132.05898957818616,86.43889446658153,5.462259568113354,,
beta_high__parameter_factor__Xc_1p3,beta_high,beta,1.2,parameter_factor,Xc,1.3,0.0,1151427264,20,0,140.0,0.025,140.0,108.74207377119475,7.402983756626391,133.0773501934207,88.74207377119477,6.041416241884474,,
beta_high__parameter_factor__Xc_1p4,beta_high,beta,1.2,parameter_factor,Xc,1.4,0.0,3094629816,20,0,140.0,0.025,140.0,110.69430944290647,8.059306019091618,133.95909169314754,90.69430944290647,6.603168651298847,,
beta_high__parameter_factor__Xc_1p5,beta_high,beta,1.2,parameter_factor,Xc,1.5,0.0,524742371,20,0,140.0,0.025,140.0,112.36845430131956,8.688691895881352,134.73305175716666,92.36845430131956,7.142227285345311,,
beta_high__h_ext_absolute__h_ext_0p0001,beta_high,beta,1.2,h_ext_absolute,h_ext,0.0001,0.0001,4063775305,20,0,140.0,0.025,140.0,100.2125986130706,5.267146084874568,129.42199677996018,80.21259861307061,4.21595169259831,,
beta_high__h_ext_absolute__h_ext_0p00016681005,beta_high,beta,1.2,h_ext_absolute,h_ext,0.00016681005372,0.00016681005372,1903410813,20,0,140.0,0.025,140.0,100.12050529630164,5.216148772119187,129.4125945546006,80.12050529630164,4.174174651696551,,
beta_high__h_ext_absolute__h_ext_0p00027825594,beta_high,beta,1.2,h_ext_absolute,h_ext,0.0002782559402207,0.0002782559402207,931610892,20,0,140.0,0.025,140.0,99.96557367223122,5.13148155147279,129.39681679442467,79.96557367223122,4.104831803370913,,
beta_high__h_ext_absolute__h_ext_0p00046415888,beta_high,beta,1.2,h_ext_absolute,h_ext,0.0004641588833612,0.0004641588833612,4050152003,20,0,140.0,0.025,140.0,99.70342766645356,4.991390243569873,129.37052557820567,79.70342766645355,3.990142771864486,,
beta_high__h_ext_absolute__h_ext_0p00077426368,beta_high,beta,1.2,h_ext_absolute,h_ext,0.0007742636826811,0.0007742636826811,2781981131,20,0,140.0,0.025,140.0,99.25549751320906,4.7610539633808155,129.32655078898162,79.25549751320906,3.801700762265239,,
beta_high__h_ext_absolute__h_ext_0p0012915497,beta_high,beta,1.2,h_ext_absolute,h_ext,0.0012915496650148,0.0012915496650148,4045386771,20,0,140.0,0.025,140.0,98.47712688226412,4.387049292456264,129.25299902870887,78.47712688226413,3.4960709645240793,,
beta_high__h_ext_absolute__h_ext_0p0021544347,beta_high,beta,1.2,h_ext_absolute,h_ext,0.0021544346900318,0.0021544346900318,3729976225,20,0,140.0,0.025,140.0,97.0842453005589,3.79774898419471,129.1296248604313,77.0842453005589,3.015387443980348,,
beta_high__h_ext_absolute__h_ext_0p0035938137,beta_high,beta,1.2,h_ext_absolute,h_ext,0.0035938136638046,0.0035938136638046,2718624626,20,0,140.0,0.025,140.0,94.45974574228867,2.961425209851782,128.92189017378146,74.45974574228867,2.3344014577592582,,
beta_high__h_ext_absolute__h_ext_0p0059948425,beta_high,beta,1.2,h_ext_absolute,h_ext,0.0059948425031894,0.0059948425031894,4062740848,20,0,140.0,0.025,140.0,89.0742269880339,2.103548456953519,128.5699318396338,69.0742269880339,1.631234853325815,,
beta_high__h_ext_absolute__h_ext_0p01,beta_high,beta,1.2,h_ext_absolute,h_ext,0.01,0.01,1825277348,20,0,140.0,0.025,140.0,77.23710364258088,1.4919234573420832,127.96689490781203,57.23710364258088,1.1056004630863574,,
epsilon_low__baseline__baseline_1,epsilon_low,epsilon,0.8,baseline,baseline,1.0,0.0,1312999049,20,0,140.0,0.025,140.0,86.55624246426328,5.742710102387321,110.87794980865328,66.55624246426328,4.415778632422383,,
epsilon_low__parameter_factor__eta_0p5,epsilon_low,epsilon,0.8,parameter_factor,eta,0.5,0.0,3446929022,20,0,140.0,0.025,140.0,,,,,,,
epsilon_low__parameter_factor__eta_0p6,epsilon_low,epsilon,0.8,parameter_factor,eta,0.6,0.0,4279929345,20,0,140.0,0.025,140.0,139.24848717286196,,,119.24848717286196,,,
epsilon_low__parameter_factor__eta_0p7,epsilon_low,epsilon,0.8,parameter_factor,eta,0.7,0.0,3597792652,20,0,140.0,0.025,140.0,120.60887275565888,5.56500975055052,,100.60887275565888,4.642190454854978,,
epsilon_low__parameter_factor__eta_0p8,epsilon_low,epsilon,0.8,parameter_factor,eta,0.8,0.0,809590295,20,0,140.0,0.025,140.0,106.5075789829418,5.632833230927238,136.29007191561274,86.50757898294181,4.575099446211431,,
epsilon_low__parameter_factor__eta_0p9,epsilon_low,epsilon,0.8,parameter_factor,eta,0.9,0.0,1742473029,20,0,140.0,0.025,140.0,95.45661117837427,5.691342307311088,122.20983205441291,75.45661117837429,4.498896391401502,,
epsilon_low__parameter_factor__eta_1,epsilon_low,epsilon,0.8,parameter_factor,eta,1.0,0.0,3837587463,20,0,140.0,0.025,140.0,86.55624246426328,5.742710102387321,110.87794980865328,66.55624246426328,4.415778632422383,,
epsilon_low__parameter_factor__eta_1p1,epsilon_low,epsilon,0.8,parameter_factor,eta,1.1,0.0,2823312388,20,0,140.0,0.025,140.0,79.2300045556109,5.788506335580903,101.55513649048976,59.230004555610904,4.327315876726898,,
epsilon_low__parameter_factor__eta_1p2,epsilon_low,epsilon,0.8,parameter_factor,eta,1.2,0.0,346845306,20,0,140.0,0.025,140.0,73.09123279853787,5.829898586886082,93.7461625521804,53.091232798537874,4.2346597699529775,,
epsilon_low__parameter_factor__eta_1p3,epsilon_low,epsilon,0.8,parameter_factor,eta,1.3,0.0,2382553235,20,0,140.0,0.025,140.0,67.87075914638532,5.867787113577906,87.10683624168217,47.870759146385325,4.138681033911958,,
epsilon_low__parameter_factor__eta_1p4,epsilon_low,epsilon,0.8,parameter_factor,eta,1.4,0.0,1843225382,20,0,140.0,0.025,140.0,63.37534420247536,5.902879840196865,81.39026611355716,43.37534420247536,4.040048193448568,,
epsilon_low__parameter_factor__eta_1p5,epsilon_low,epsilon,0.8,parameter_factor,eta,1.5,0.0,3007587617,20,0,140.0,0.025,140.0,59.462613669096726,5.935740253052876,76.41475377214347,39.462613669096726,3.939278985445416,,
epsilon_low__parameter_factor__beta_0p5,epsilon_low,epsilon,0.8,parameter_factor,beta,0.5,0.0,1310184448,20,0,140.0,0.025,140.0,41.65595306494144,3.432472938947918,63.83108966468237,21.655953064941443,1.784462181111357,,
epsilon_low__parameter_factor__beta_0p6,epsilon_low,epsilon,0.8,parameter_factor,beta,0.6,0.0,1612475683,20,0,140.0,0.025,140.0,50.31632809498037,3.7974312734085593,73.19338777448534,30.31632809498037,2.2880082224099723,,
epsilon_low__parameter_factor__beta_0p7,epsilon_low,epsilon,0.8,parameter_factor,beta,0.7,0.0,648782067,20,0,140.0,0.025,140.0,59.2582603674762,4.261304803014864,82.59196408168042,39.2582603674762,2.823090189022019,,
epsilon_low__parameter_factor__beta_0p8,epsilon_low,epsilon,0.8,parameter_factor,beta,0.8,0.0,1335009123,20,0,140.0,0.025,140.0,68.31572552316365,4.756889403482557,92.00941358470124,48.31572552316365,3.3642702467498515,,
epsilon_low__parameter_factor__beta_0p9,epsilon_low,epsilon,0.8,parameter_factor,beta,0.9,0.0,4177179630,20,0,140.0,0.025,140.0,77.41993727521084,5.251809571875663,101.43873875400875,57.41993727521084,3.895102305837294,,
epsilon_low__parameter_factor__beta_1,epsilon_low,epsilon,0.8,parameter_factor,beta,1.0,0.0,4030692406,20,0,140.0,0.025,140.0,86.55624246426328,5.742710102387321,110.87794980865328,66.55624246426328,4.415778632422383,,
epsilon_low__parameter_factor__beta_1p1,epsilon_low,epsilon,0.8,parameter_factor,beta,1.1,0.0,2116061079,20,0,140.0,0.025,140.0,95.72086459539582,6.2322855562826,120.3261946920213,75.72086459539582,4.930106437314974,,
epsilon_low__parameter_factor__beta_1p2,epsilon_low,epsilon,0.8,parameter_factor,beta,1.2,0.0,928881173,20,0,140.0,0.025,140.0,104.90794533282238,6.719780562123808,129.7825033581801,84.90794533282238,5.4386992215627705,,
epsilon_low__parameter_factor__beta_1p3,epsilon_low,epsilon,0.8,parameter_factor,beta,1.3,0.0,4170323604,20,0,140.0,0.025,140.0,114.11129932771242,7.2024148064077105,139.24580239918953,94.11129932771242,5.940065705338703,,
epsilon_low__parameter_factor__beta_1p4,epsilon_low,epsilon,0.8,parameter_factor,beta,1.4,0.0,3934320321,20,0,140.0,0.025,140.0,123.32631641644788,7.677592875228192,,103.32631641644788,6.432506976562003,,
epsilon_low__parameter_factor__beta_1p5,epsilon_low,epsilon,0.8,parameter_factor,beta,1.5,0.0,1253174783,20,0,140.0,0.025,140.0,132.55000982659703,8.143547091379476,,112.55000982659703,6.914796206783854,,
epsilon_low__parameter_factor__epsilon_0p5,epsilon_low,epsilon,0.8,parameter_factor,epsilon,0.5,0.0,2896280781,20,0,140.0,0.025,140.0,94.4510878764961,10.573799363145174,110.35534520540337,74.4510878764961,8.334799347185287,,
epsilon_low__parameter_factor__epsilon_0p6,epsilon_low,epsilon,0.8,parameter_factor,epsilon,0.6,0.0,788144015,20,0,140.0,0.025,140.0,93.02140132982876,9.181034220586149,110.63505392093988,73.02140132982875,7.2070725108431,,
epsilon_low__parameter_factor__epsilon_0p7,epsilon_low,epsilon,0.8,parameter_factor,epsilon,0.7,0.0,3633218693,20,0,140.0,0.025,140.0,91.50154033353556,8.051199007322502,110.81024636861416,71.50154033353557,6.291403712516582,,
epsilon_low__parameter_factor__epsilon_0p8,epsilon_low,epsilon,0.8,parameter_factor,epsilon,0.8,0.0,3222569777,20,0,140.0,0.025,140.0,89.90837804727458,7.129291269120542,110.9003084260106,69.90837804727458,5.543389838361353,,
epsilon_low__parameter_factor__epsilon_0p9,epsilon_low,epsilon,0.8,parameter_factor,epsilon,0.9,0.0,1539306816,20,0,140.0,0.025,140.0,88.25614054812388,6.371450291934632,110.9194488472242,68.25614054812388,4.9275960167841255,,
epsilon_low__parameter_factor__epsilon_1,epsilon_low,epsilon,0.8,parameter_factor,epsilon,1.0,0.0,3358391077,20,0,140.0,0.025,140.0,86.55624246426328,5.742710102387321,110.87794980865328,66.55624246426328,4.415778632422383,,
epsilon_low__parameter_factor__epsilon_1p1,epsilon_low,epsilon,0.8,parameter_factor,epsilon,1.1,0.0,493190705,20,0,140.0,0.025,140.0,84.81508369824917,5.213648796175544,110.78373144856307,64.81508369824917,3.984233326935568,,
epsilon_low__parameter_factor__epsilon_1p2,epsilon_low,epsilon,0.8,parameter_factor,epsilon,1.2,0.0,2914454300,20,0,140.0,0.025,140.0,83.03349142348992,4.75978246703411,110.6425372594012,63.03349142348992,3.613309547388199,,
epsilon_low__parameter_factor__epsilon_1p3,epsilon_low,epsilon,0.8,parameter_factor,epsilon,1.3,0.0,2219520842,20,0,140.0,0.025,140.0,81.21132204484687,4.363697390599424,110.45907360601416,61.21132204484687,3.289044920789935,,
epsilon_low__parameter_factor__epsilon_1p4,epsilon_low,epsilon,0.8,parameter_factor,epsilon,1.4,0.0,1487816596,20,0,140.0,0.025,140.0,79.35348091189988,4.015601366667584,110.23756369393828,59.35348091189988,3.0035219164602767,,
epsilon_low__parameter_factor__epsilon_1p5,epsilon_low,epsilon,0.8,parameter_factor,epsilon,1.5,0.0,4271259522,20,0,140.0,0.025,140.0,77.47147075434567,3.710689740373106,109.98206978006291,57.471470754345674,2.7527397481393625,,
epsilon_low__parameter_factor__Xc_0p5,epsilon_low,epsilon,0.8,parameter_factor,Xc,0.5,0.0,165255101,20,0,140.0,0.025,140.0,57.897280515082066,2.352655484222187,98.18817871448172,37.897280515082066,1.5399556602263684,,
epsilon_low__parameter_factor__Xc_0p6,epsilon_low,epsilon,0.8,parameter_factor,Xc,0.6,0.0,3503719296,20,0,140.0,0.025,140.0,67.05759348277256,2.9264410698027468,102.44630726566903,47.05759348277256,2.0536268461445224,,
epsilon_low__parameter_factor__Xc_0p7,epsilon_low,epsilon,0.8,parameter_factor,Xc,0.7,0.0,1559928666,20,0,140.0,0.025,140.0,73.97469002103566,3.5861058458826687,105.4660729546427,53.974690021035656,2.6165564378721955,,
epsilon_low__parameter_factor__Xc_0p8,epsilon_low,epsilon,0.8,parameter_factor,Xc,0.8,0.0,468187679,20,0,140.0,0.025,140.0,79.2783361494067,4.314470470690053,107.72317240204724,59.2783361494067,3.226034289951075,,
epsilon_low__parameter_factor__Xc_0p9,epsilon_low,epsilon,0.8,parameter_factor,Xc,0.9,0.0,819613029,20,0,140.0,0.025,140.0,83.34840601603388,5.0367896963295395,109.47407856547738,63.34840601603388,3.8281787733178616,,
epsilon_low__parameter_factor__Xc_1,epsilon_low,epsilon,0.8,parameter_factor,Xc,1.0,0.0,3701194361,20,0,140.0,0.025,140.0,86.55624246426328,5.742710102387321,110.87794980865328,66.55624246426328,4.415778632422383,,
epsilon_low__parameter_factor__Xc_1p1,epsilon_low,epsilon,0.8,parameter_factor,Xc,1.1,0.0,1538536322,20,0,140.0,0.025,140.0,89.15840297293052,6.440648818813598,112.03558014102468,69.15840297293052,4.995883411616017,,
epsilon_low__parameter_factor__Xc_1p2,epsilon_low,epsilon,0.8,parameter_factor,Xc,1.2,0.0,3984844641,20,0,140.0,0.025,140.0,91.31002522464487,7.124571482790828,113.0117869683107,71.31002522464489,5.5640480977052045,,
epsilon_low__parameter_factor__Xc_1p3,epsilon_low,epsilon,0.8,parameter_factor,Xc,1.3,0.0,3457347917,20,0,140.0,0.025,140.0,93.11637249097696,7.785305497644438,113.85062969119588,73.11637249097697,6.113138661807091,,
epsilon_low__parameter_factor__Xc_1p4,epsilon_low,epsilon,0.8,parameter_factor,Xc,1.4,0.0,17012809,20,0,140.0,0.025,140.0,94.6537458855978,8.415700649223885,114.58352106803947,74.6537458855978,6.637493020886507,,
epsilon_low__parameter_factor__Xc_1p5,epsilon_low,epsilon,0.8,parameter_factor,Xc,1.5,0.0,301491089,20,0,140.0,0.025,140.0,95.97843281545904,9.010474175489676,115.23302291710162,75.97843281545903,7.13287023652676,,
epsilon_low__h_ext_absolute__h_ext_0p0001,epsilon_low,epsilon,0.8,h_ext_absolute,h_ext,0.0001,0.0001,3971232069,20,0,140.0,0.025,140.0,86.46528175491721,5.675595686459787,110.86774718918596,66.46528175491721,4.362792311216747,,
epsilon_low__h_ext_absolute__h_ext_0p00016681005,epsilon_low,epsilon,0.8,h_ext_absolute,h_ext,0.00016681005372,0.00016681005372,999236122,20,0,140.0,0.025,140.0,86.40412245799722,5.630876455960279,110.86091991741084,66.40412245799722,4.3274950209604475,,
epsilon_low__h_ext_absolute__h_ext_0p00027825594,epsilon_low,epsilon,0.8,h_ext_absolute,h_ext,0.0002782559402207,0.0002782559402207,3695967087,20,0,140.0,0.025,140.0,86.30139779971252,5.556504306692746,110.84945215237964,66.30139779971252,4.268806900078723,,
epsilon_low__h_ext_absolute__h_ext_0p00046415888,epsilon_low,epsilon,0.8,h_ext_absolute,h_ext,0.0004641588833612,0.0004641588833612,3145761609,20,0,140.0,0.025,140.0,86.12805109122648,5.433076455262927,110.83043691292497,66.12805109122648,4.171448823747561,,
epsilon_low__h_ext_absolute__h_ext_0p00077426368,epsilon_low,epsilon,0.8,h_ext_absolute,h_ext,0.0007742636826811,0.0007742636826811,502950302,20,0,140.0,0.025,140.0,85.83320990084114,5.229072162217542,110.79857818312648,65.83320990084114,4.010645828573856,,
epsilon_low__h_ext_absolute__h_ext_0p0012915497,epsilon_low,epsilon,0.8,h_ext_absolute,h_ext,0.0012915496650148,0.0012915496650148,863320018,20,0,140.0,0.025,140.0,85.32487748000892,4.894610927805756,110.74537257025833,65.32487748000892,3.747322804490833,,
epsilon_low__h_ext_absolute__h_ext_0p0021544347,epsilon_low,epsilon,0.8,h_ext_absolute,h_ext,0.0021544346900318,0.0021544346900318,1810949860,20,0,140.0,0.025,140.0,84.42749506264354,4.356773837140115,110.65620989441204,64.42749506264354,3.3246991951274687,,
epsilon_low__h_ext_absolute__h_ext_0p0035938137,epsilon_low,epsilon,0.8,h_ext_absolute,h_ext,0.0035938136638046,0.0035938136638046,104174320,20,0,140.0,0.025,140.0,82.77539993436197,3.5440461085251287,110.50639780248068,62.77539993436197,2.68774191396118,,
epsilon_low__h_ext_absolute__h_ext_0p0059948425,epsilon_low,epsilon,0.8,h_ext_absolute,h_ext,0.0059948425031894,0.0059948425031894,3508847038,20,0,140.0,0.025,140.0,79.49748967113462,2.563242510229132,110.25344480981498,59.497489671134616,1.9183812647149003,,
epsilon_low__h_ext_absolute__h_ext_0p01,epsilon_low,epsilon,0.8,h_ext_absolute,h_ext,0.01,0.01,693406949,20,0,140.0,0.025,140.0,72.24814296260455,1.7873644386679746,109.82275703195243,52.24814296260455,1.2925795582889426,,
epsilon_high__baseline__baseline_1,epsilon_high,epsilon,1.2,baseline,baseline,1.0,0.0,208464941,20,0,140.0,0.025,140.0,77.47147075434573,3.710689740373109,109.98206978006291,57.47147075434573,2.752739748139365,,
epsilon_high__parameter_factor__eta_0p5,epsilon_high,epsilon,1.2,parameter_factor,eta,0.5,0.0,1853862858,20,0,140.0,0.025,140.0,,,,,,,
epsilon_high__parameter_factor__eta_0p6,epsilon_high,epsilon,1.2,parameter_factor,eta,0.6,0.0,3186532632,20,0,140.0,0.025,140.0,122.44869155443044,3.419501340818128,,102.44869155443044,2.860981474675156,,
epsilon_high__parameter_factor__eta_0p7,epsilon_high,epsilon,1.2,parameter_factor,eta,0.7,0.0,4198489622,20,0,140.0,0.025,140.0,106.63324303095862,3.504726776278115,,86.63324303095862,2.847384529778007,,
epsilon_high__parameter_factor__eta_0p8,epsilon_high,epsilon,1.2,parameter_factor,eta,0.8,0.0,631624962,20,0,140.0,0.025,140.0,94.60274097078536,3.5801473196880917,134.79720588546115,74.60274097078535,2.8232670680273726,,
epsilon_high__parameter_factor__eta_0p9,epsilon_high,epsilon,1.2,parameter_factor,eta,0.9,0.0,941836026,20,0,140.0,0.025,140.0,85.13071372108662,3.648216527487265,121.056231424616,65.13071372108662,2.791130672565409,,
epsilon_high__parameter_factor__eta_1,epsilon_high,epsilon,1.2,parameter_factor,eta,1.0,0.0,2413760207,20,0,140.0,0.025,140.0,77.47147075434573,3.710689740373109,109.98206978006291,57.47147075434573,2.752739748139365,,
epsilon_high__parameter_factor__eta_1p1,epsilon_high,epsilon,1.2,parameter_factor,eta,1.1,0.0,3064950519,20,0,140.0,0.025,140.0,71.14495212028824,3.7688882014185703,100.8598878153652,51.14495212028824,2.709392597276107,,
epsilon_high__parameter_factor__eta_1p2,epsilon_high,epsilon,1.2,parameter_factor,eta,1.2,0.0,224941631,20,0,140.0,0.025,140.0,65.82781689224788,3.8238475026490946,93.2103395190844,45.82781689224788,2.66207496235408,,
epsilon_high__parameter_factor__eta_1p3,epsilon_high,epsilon,1.2,parameter_factor,eta,1.3,0.0,1045339926,20,0,140.0,0.025,140.0,61.29413744750277,3.876412476583276,86.69975244144385,41.29413744750277,2.6115566068344447,,
epsilon_high__parameter_factor__eta_1p4,epsilon_high,epsilon,1.2,parameter_factor,eta,1.4,0.0,1304298469,20,0,140.0,0.025,140.0,57.38118991463992,3.92729679230632,81.08882052196208,37.38118991463992,2.5584521245158633,,
epsilon_high__parameter_factor__eta_1p5,epsilon_high,epsilon,1.2,parameter_factor,eta,1.5,0.0,2941006296,20,0,140.0,0.025,140.0,53.96873166760054,3.9771206513133337,76.20087632003164,33.96873166760054,2.503259573454818,,
epsilon_high__parameter_factor__beta_0p5,epsilon_high,epsilon,1.2,parameter_factor,beta,0.5,0.0,495666323,20,0,140.0,0.025,140.0,35.72848549167268,2.6927429272700416,63.24515967166702,15.72848549167268,1.1854061956878168,,
epsilon_high__parameter_factor__beta_0p6,epsilon_high,epsilon,1.2,parameter_factor,beta,0.6,0.0,2281478711,20,0,140.0,0.025,140.0,43.08562743654824,2.7000642103586485,72.47759791290966,23.085627436548236,1.4467162282107708,,
epsilon_high__parameter_factor__beta_0p7,epsilon_high,epsilon,1.2,parameter_factor,beta,0.7,0.0,3408198165,20,0,140.0,0.025,140.0,51.208181059585534,2.8642722902490383,81.80147241729189,31.208181059585534,1.7455946762497483,,
epsilon_high__parameter_factor__beta_0p8,epsilon_high,epsilon,1.2,parameter_factor,beta,0.8,0.0,2597718161,20,0,140.0,0.025,140.0,59.74757555629927,3.1061469901930634,91.1710446905674,39.74757555629927,2.066390326839858,,
epsilon_high__parameter_factor__beta_0p9,epsilon_high,epsilon,1.2,parameter_factor,beta,0.9,0.0,1033916923,20,0,140.0,0.025,140.0,68.53160110432219,3.3931884323820145,100.5675114802562,48.53160110432219,2.4029333157047508,,
epsilon_high__parameter_factor__beta_1,epsilon_high,epsilon,1.2,parameter_factor,beta,1.0,0.0,4005367778,20,0,140.0,0.025,140.0,77.47147075434573,3.710689740373109,109.98206978006291,57.47147075434573,2.752739748139365,,
epsilon_high__parameter_factor__beta_1p1,epsilon_high,epsilon,1.2,parameter_factor,beta,1.1,0.0,2365493847,20,0,140.0,0.025,140.0,86.50041762456547,4.04348821490908,119.4088189196171,66.50041762456547,3.108582158742073,,
epsilon_high__parameter_factor__beta_1p2,epsilon_high,epsilon,1.2,parameter_factor,beta,1.2,0.0,1709659471,20,0,140.0,0.025,140.0,95.57223045740524,4.377921560651628,128.8438399714812,75.57223045740525,3.4617722692310857,,
epsilon_high__parameter_factor__beta_1p3,epsilon_high,epsilon,1.2,parameter_factor,beta,1.3,0.0,4225935277,20,0,140.0,0.025,140.0,104.66592422544416,4.707384080357368,138.28531124627426,84.66592422544417,3.807877557065615,,
epsilon_high__parameter_factor__beta_1p4,epsilon_high,epsilon,1.2,parameter_factor,beta,1.4,0.0,1228690282,20,0,140.0,0.025,140.0,113.77731676463048,5.031730763254868,,93.77731676463048,4.147243256195101,,
epsilon_high__parameter_factor__beta_1p5,epsilon_high,epsilon,1.2,parameter_factor,beta,1.5,0.0,3286109318,20,0,140.0,0.025,140.0,122.90736114179778,5.353168122375882,,102.90736114179778,4.482078209998714,,
epsilon_high__parameter_factor__epsilon_0p5,epsilon_high,epsilon,1.2,parameter_factor,epsilon,0.5,0.0,544897568,20,0,140.0,0.025,140.0,90.71316477948984,7.567222739171446,110.86496516975072,70.71316477948984,5.898838054861018,,
epsilon_high__parameter_factor__epsilon_0p6,epsilon_high,epsilon,1.2,parameter_factor,epsilon,0.6,0.0,3959606833,20,0,140.0,0.025,140.0,88.25614054812388,6.371450291934646,110.9194488472242,68.25614054812388,4.927596016784136,,
epsilon_high__parameter_factor__epsilon_0p7,epsilon_high,epsilon,1.2,parameter_factor,epsilon,0.7,0.0,15005799,20,0,140.0,0.025,140.0,85.6906692796503,5.467389982516752,110.83705596773376,65.6906692796503,4.191314062354663,,
epsilon_high__parameter_factor__epsilon_0p8,epsilon_high,epsilon,1.2,parameter_factor,epsilon,0.8,0.0,3089907503,20,0,140.0,0.025,140.0,83.03349142349,4.759782467034169,110.6425372594012,63.033491423490005,3.613309547388245,,
epsilon_high__parameter_factor__epsilon_0p9,epsilon_high,epsilon,1.2,parameter_factor,epsilon,0.9,0.0,4098523018,20,0,140.0,0.025,140.0,80.28627018946369,4.18402233265292,110.35278528949236,60.28627018946369,3.1417464060768694,,
epsilon_high__parameter_factor__epsilon_1,epsilon_high,epsilon,1.2,parameter_factor,epsilon,1.0,0.0,3272034566,20,0,140.0,0.025,140.0,77.47147075434573,3.710689740373109,109.98206978006291,57.47147075434573,2.752739748139365,,
epsilon_high__parameter_factor__epsilon_1p1,epsilon_high,epsilon,1.2,parameter_factor,epsilon,1.1,0.0,1955326501,20,0,140.0,0.025,140.0,74.63415887575599,3.326525405246411,109.54320600605328,54.634158875755986,2.4351037143329775,,
epsilon_high__parameter_factor__epsilon_1p2,epsilon_high,epsilon,1.2,parameter_factor,epsilon,1.2,0.0,2905806610,20,0,140.0,0.025,140.0,71.81206346680356,3.016636267438625,109.04639788590862,51.812063466803565,2.1764887708183336,,
epsilon_high__parameter_factor__epsilon_1p3,epsilon_high,epsilon,1.2,parameter_factor,epsilon,1.3,0.0,2092822159,20,0,140.0,0.025,140.0,69.02309800644063,2.7640144435835547,108.4989629307979,49.023098006440634,1.9631189394942887,,
epsilon_high__parameter_factor__epsilon_1p4,epsilon_high,epsilon,1.2,parameter_factor,epsilon,1.4,0.0,2297268219,20,0,140.0,0.025,140.0,66.2758327245249,2.554702930259253,107.9065566646125,46.2758327245249,1.7837724642844657,,
epsilon_high__parameter_factor__epsilon_1p5,epsilon_high,epsilon,1.2,parameter_factor,epsilon,1.5,0.0,266052917,20,0,140.0,0.025,140.0,63.58287889544768,2.379828395155676,107.27422617708814,43.58287889544768,1.6312531697183563,,
epsilon_high__parameter_factor__Xc_0p5,epsilon_high,epsilon,1.2,parameter_factor,Xc,0.5,0.0,1039988558,20,0,140.0,0.025,140.0,42.98672872904321,1.846752208409448,92.33218486557764,22.986728729043207,0.9875325082782664,,
epsilon_high__parameter_factor__Xc_0p6,epsilon_high,epsilon,1.2,parameter_factor,Xc,0.6,0.0,3346217685,20,0,140.0,0.025,140.0,52.141244382307185,2.027864628319058,98.2101908778688,32.141244382307185,1.2500294798325893,,
epsilon_high__parameter_factor__Xc_0p7,epsilon_high,epsilon,1.2,parameter_factor,Xc,0.7,0.0,1475281610,20,0,140.0,0.025,140.0,60.373597623387134,2.348262189103469,102.43605102737229,40.373597623387134,1.570351883425805,,
epsilon_high__parameter_factor__Xc_0p8,epsilon_high,epsilon,1.2,parameter_factor,Xc,0.8,0.0,322256514,20,0,140.0,0.025,140.0,67.27632930336696,2.757503747893456,105.59518452354118,47.27632930336696,1.9377492290465272,,
epsilon_high__parameter_factor__Xc_0p9,epsilon_high,epsilon,1.2,parameter_factor,Xc,0.9,0.0,552325080,20,0,140.0,0.025,140.0,72.87870274342514,3.2124455920626804,108.03626907489472,52.87870274342514,2.330858661688156,,
epsilon_high__parameter_factor__Xc_1,epsilon_high,epsilon,1.2,parameter_factor,Xc,1.0,0.0,1985625125,20,0,140.0,0.025,140.0,77.47147075434573,3.710689740373109,109.98206978006291,57.47147075434573,2.752739748139365,,
epsilon_high__parameter_factor__Xc_1p1,epsilon_high,epsilon,1.2,parameter_factor,Xc,1.1,0.0,1218497370,20,0,140.0,0.025,140.0,81.2384164373802,4.2267107785343825,111.56992803829142,61.238416437380195,3.186141313029748,,
epsilon_high__parameter_factor__Xc_1p2,epsilon_high,epsilon,1.2,parameter_factor,Xc,1.2,0.0,776688689,20,0,140.0,0.025,140.0,84.33971377523281,4.735882122693517,112.89126028699933,64.33971377523281,3.6128329894430182,,
epsilon_high__parameter_factor__Xc_1p3,epsilon_high,epsilon,1.2,parameter_factor,Xc,1.3,0.0,2940974741,20,0,140.0,0.025,140.0,86.93160886530536,5.234482666871813,114.01118953982096,66.93160886530536,4.030206630756505,,
epsilon_high__parameter_factor__Xc_1p4,epsilon_high,epsilon,1.2,parameter_factor,Xc,1.4,0.0,631145381,20,0,140.0,0.025,140.0,89.1341748949207,5.725583594329707,114.97613467936436,69.1341748949207,4.44087240446801,,
epsilon_high__parameter_factor__Xc_1p5,epsilon_high,epsilon,1.2,parameter_factor,Xc,1.5,0.0,2331558174,20,0,140.0,0.025,140.0,91.03049430027754,6.209181340105794,115.81944780448896,71.03049430027754,4.844983246305734,,
epsilon_high__h_ext_absolute__h_ext_0p0001,epsilon_high,epsilon,1.2,h_ext_absolute,h_ext,0.0001,0.0001,371341830,20,0,140.0,0.025,140.0,77.36216265745662,3.676776940572232,109.96933110978516,57.36216265745662,2.7262407057329283,,
epsilon_high__h_ext_absolute__h_ext_0p00016681005,epsilon_high,epsilon,1.2,h_ext_absolute,h_ext,0.00016681005372,0.00016681005372,3331048267,20,0,140.0,0.025,140.0,77.28881872439436,3.65426765512948,109.96083360897136,57.28881872439436,2.708654119965926,,
epsilon_high__h_ext_absolute__h_ext_0p00027825594,epsilon_high,epsilon,1.2,h_ext_absolute,h_ext,0.0002782559402207,0.0002782559402207,1765663642,20,0,140.0,0.025,140.0,77.16590804401646,3.6169872379309354,109.94660289984924,57.16590804401646,2.679529925598718,,
epsilon_high__h_ext_absolute__h_ext_0p00046415888,epsilon_high,epsilon,1.2,h_ext_absolute,h_ext,0.0004641588833612,0.0004641588833612,2346464682,20,0,140.0,0.025,140.0,76.95929720221692,3.55555035343258,109.92287822451972,56.95929720221691,2.6315423433048166,,
epsilon_high__h_ext_absolute__h_ext_0p00077426368,epsilon_high,epsilon,1.2,h_ext_absolute,h_ext,0.0007742636826811,0.0007742636826811,260478922,20,0,140.0,0.025,140.0,76.61020378981782,3.455195157521207,109.88328642881623,56.61020378981782,2.5531755866033095,,
epsilon_high__h_ext_absolute__h_ext_0p0012915497,epsilon_high,epsilon,1.2,h_ext_absolute,h_ext,0.0012915496650148,0.0012915496650148,3984605023,20,0,140.0,0.025,140.0,76.0153365398911,3.2938812797749923,109.81703229838304,56.015336539891095,2.427245300850808,,
epsilon_high__h_ext_absolute__h_ext_0p0021544347,epsilon_high,epsilon,1.2,h_ext_absolute,h_ext,0.0021544346900318,0.0021544346900318,664401846,20,0,140.0,0.025,140.0,74.98745079063472,3.042429364037798,109.7060520797129,54.987450790634725,2.230979092836481,,
epsilon_high__h_ext_absolute__h_ext_0p0035938137,epsilon_high,epsilon,1.2,h_ext_absolute,h_ext,0.0035938136638046,0.0035938136638046,3537400991,20,0,140.0,0.025,140.0,73.17198140460533,2.6745279047821837,109.51965049319942,53.17198140460533,1.9435027627969337,,
epsilon_high__h_ext_absolute__h_ext_0p0059948425,epsilon_high,epsilon,1.2,h_ext_absolute,h_ext,0.0059948425031894,0.0059948425031894,1298635830,20,0,140.0,0.025,140.0,69.86974595053401,2.2069457594544435,109.20507496457029,49.86974595053401,1.5752143199221158,,
epsilon_high__h_ext_absolute__h_ext_0p01,epsilon_high,epsilon,1.2,h_ext_absolute,h_ext,0.01,0.01,3941809246,20,0,140.0,0.025,140.0,63.79410492668336,1.752126448726822,108.66986535549208,43.79410492668336,1.20281975315033,,
Xc_low__baseline__baseline_1,Xc_low,Xc,0.8,baseline,baseline,1.0,0.0,3838540834,20,0,140.0,0.025,140.0,73.24182216260601,3.358365934131162,106.78782963374236,53.24182216260601,2.4413035686768536,,
Xc_low__parameter_factor__eta_0p5,Xc_low,Xc,0.8,parameter_factor,eta,0.5,0.0,3711203542,20,0,140.0,0.025,140.0,135.5737590715256,,,115.5737590715256,,,
Xc_low__parameter_factor__eta_0p6,Xc_low,Xc,0.8,parameter_factor,eta,0.6,0.0,2456989700,20,0,140.0,0.025,140.0,115.28093337248885,3.0569158728946295,,95.28093337248885,2.5265739015961657,,
Xc_low__parameter_factor__eta_0p7,Xc_low,Xc,0.8,parameter_factor,eta,0.7,0.0,661398164,20,0,140.0,0.025,140.0,100.518374716652,3.1429434073180245,,80.51837471665199,2.517596366803777,,
Xc_low__parameter_factor__eta_0p8,Xc_low,Xc,0.8,parameter_factor,eta,0.8,0.0,3608253667,20,0,140.0,0.025,140.0,89.27474065275923,3.220463704908822,130.94509044006142,69.27474065275923,2.4989911626507477,,
Xc_low__parameter_factor__eta_0p9,Xc_low,Xc,0.8,parameter_factor,eta,0.9,0.0,4104620178,20,0,140.0,0.025,140.0,80.41327053496708,3.291730468145224,117.56775247157933,60.41327053496708,2.4730271754557815,,
Xc_low__parameter_factor__eta_1,Xc_low,Xc,0.8,parameter_factor,eta,1.0,0.0,3000325369,20,0,140.0,0.025,140.0,73.24182216260601,3.358365934131162,106.78782963374236,53.24182216260601,2.4413035686768536,,
Xc_low__parameter_factor__eta_1p1,Xc_low,Xc,0.8,parameter_factor,eta,1.1,0.0,728073601,20,0,140.0,0.025,140.0,67.31424658887269,3.4215978985137045,97.90899516652902,47.31424658887269,2.4049935177467634,,
Xc_low__parameter_factor__eta_1p2,Xc_low,Xc,0.8,parameter_factor,eta,1.2,0.0,78445172,20,0,140.0,0.025,140.0,62.32970959250584,3.4823968381119212,90.46436562164848,42.32970959250584,2.364985298453272,,
Xc_low__parameter_factor__eta_1p3,Xc_low,Xc,0.8,parameter_factor,eta,1.3,0.0,3439391990,20,0,140.0,0.025,140.0,58.07780176515866,3.541555441974406,84.12893947553947,38.07780176515866,2.3219653974699965,,
Xc_low__parameter_factor__eta_1p4,Xc_low,Xc,0.8,parameter_factor,eta,1.4,0.0,1472881,20,0,140.0,0.025,140.0,54.40683693394185,3.59975108643575,78.66952256617252,34.40683693394185,2.2764794943722766,,
Xc_low__parameter_factor__eta_1p5,Xc_low,Xc,0.8,parameter_factor,eta,1.5,0.0,2172398581,20,0,140.0,0.025,140.0,51.20464654690618,3.657578037918729,73.91424422254364,31.204646546906183,2.228966267473954,,
Xc_low__parameter_factor__beta_0p5,Xc_low,Xc,0.8,parameter_factor,beta,0.5,0.0,2559514913,20,0,140.0,0.025,140.0,33.51296167417508,2.699396415134804,60.55351874895896,13.51296167417508,1.0884397701332102,,
Xc_low__parameter_factor__beta_0p6,Xc_low,Xc,0.8,parameter_factor,beta,0.6,0.0,2025698796,20,0,140.0,0.025,140.0,40.24746805134128,2.5992474837926154,69.6524881922099,20.24746805134128,1.307614688170833,,
Xc_low__parameter_factor__beta_0p7,Xc_low,Xc,0.8,parameter_factor,beta,0.7,0.0,3644265630,20,0,140.0,0.025,140.0,47.891081991888115,2.6847442049977563,78.86851101829379,27.891081991888115,1.5635566713970317,,
Xc_low__parameter_factor__beta_0p8,Xc_low,Xc,0.8,parameter_factor,beta,0.8,0.0,4216344910,20,0,140.0,0.025,140.0,56.07646109130894,2.8673053374486495,88.14508530001847,36.07646109130894,1.8446640075045808,,
Xc_low__parameter_factor__beta_0p9,Xc_low,Xc,0.8,parameter_factor,beta,0.9,0.0,1236707433,20,0,140.0,0.025,140.0,64.56241081545234,3.0975358863538167,97.45519399781114,44.56241081545234,2.137988110107378,,
Xc_low__parameter_factor__beta_1,Xc_low,Xc,0.8,parameter_factor,beta,1.0,0.0,3647314607,20,0,140.0,0.025,140.0,73.24182216260601,3.358365934131162,106.78782963374236,53.24182216260601,2.4413035686768536,,
Xc_low__parameter_factor__beta_1p1,Xc_low,Xc,0.8,parameter_factor,beta,1.1,0.0,3499061622,20,0,140.0,0.025,140.0,82.05794161008397,3.642801958232969,116.13738775763169,62.05794161008397,2.7549410427002523,,
Xc_low__parameter_factor__beta_1p2,Xc_low,Xc,0.8,parameter_factor,beta,1.2,0.0,3945648964,20,0,140.0,0.025,140.0,90.95958396318052,3.9405307405417336,125.49939734671835,70.95958396318052,3.074095216356219,,
Xc_low__parameter_factor__beta_1p3,Xc_low,Xc,0.8,parameter_factor,beta,1.3,0.0,4220738706,20,0,140.0,0.025,140.0,99.90452253152569,4.239830362662056,134.8705228634266,79.90452253152567,3.391053899849946,,
Xc_low__parameter_factor__beta_1p4,Xc_low,Xc,0.8,parameter_factor,beta,1.4,0.0,326312065,20,0,140.0,0.025,140.0,108.86931620475652,4.533288938710404,,88.86931620475653,3.700494337486971,,
Xc_low__parameter_factor__beta_1p5,Xc_low,Xc,0.8,parameter_factor,beta,1.5,0.0,728149843,20,0,140.0,0.025,140.0,117.8476416211395,4.819445833098481,,97.8476416211395,4.0015345424182325,,
Xc_low__parameter_factor__epsilon_0p5,Xc_low,Xc,0.8,parameter_factor,epsilon,0.5,0.0,2850845278,20,0,140.0,0.025,140.0,87.7479208958179,6.901730872812991,108.39042178696636,67.7479208958179,5.328649527442464,,
Xc_low__parameter_factor__epsilon_0p6,Xc_low,Xc,0.8,parameter_factor,epsilon,0.6,0.0,436320716,20,0,140.0,0.025,140.0,85.02616898548983,5.8020991644858375,108.29137892470102,65.02616898548983,4.437319536351352,,
Xc_low__parameter_factor__epsilon_0p7,Xc_low,Xc,0.8,parameter_factor,epsilon,0.7,0.0,356371559,20,0,140.0,0.025,140.0,82.20417595691677,4.97338836406336,108.0617169745723,62.20417595691677,3.763379673830904,,
Xc_low__parameter_factor__epsilon_0p8,Xc_low,Xc,0.8,parameter_factor,epsilon,0.8,0.0,3530652030,20,0,140.0,0.025,140.0,79.2783361494067,4.314470470690053,107.72317240204724,59.2783361494067,3.226034289951075,,
Xc_low__parameter_factor__epsilon_0p9,Xc_low,Xc,0.8,parameter_factor,epsilon,0.9,0.0,1944645647,20,0,140.0,0.025,140.0,76.27058243882729,3.781290646674952,107.29323267511226,56.27058243882729,2.789744358246453,,
Xc_low__parameter_factor__epsilon_1,Xc_low,Xc,0.8,parameter_factor,epsilon,1.0,0.0,1837790674,20,0,140.0,0.025,140.0,73.24182216260601,3.358365934131162,106.78782963374236,53.24182216260601,2.4413035686768536,,
Xc_low__parameter_factor__epsilon_1p1,Xc_low,Xc,0.8,parameter_factor,epsilon,1.1,0.0,2892224379,20,0,140.0,0.025,140.0,70.23865615528037,3.02513590572607,106.21910115266206,50.23865615528037,2.1637481539335983,,
Xc_low__parameter_factor__epsilon_1p2,Xc_low,Xc,0.8,parameter_factor,epsilon,1.2,0.0,171042780,20,0,140.0,0.025,140.0,67.27632930336696,2.757503747893456,105.59518452354118,47.27632930336696,1.9377492290465272,,
Xc_low__parameter_factor__epsilon_1p3,Xc_low,Xc,0.8,parameter_factor,epsilon,1.3,0.0,3972364885,20,0,140.0,0.025,140.0,64.36199289030932,2.537735989996647,104.9223567493856,44.36199289030933,1.7491538233997697,,
Xc_low__parameter_factor__epsilon_1p4,Xc_low,Xc,0.8,parameter_factor,epsilon,1.4,0.0,43533587,20,0,140.0,0.025,140.0,61.515931416991805,2.356523861616663,104.20694413580114,41.515931416991805,1.590373107711066,,
Xc_low__parameter_factor__epsilon_1p5,Xc_low,Xc,0.8,parameter_factor,epsilon,1.5,0.0,4010284317,20,0,140.0,0.025,140.0,58.77070630967839,2.2091358373120933,103.4554188997503,38.77070630967839,1.457354558498947,,
Xc_low__parameter_factor__Xc_0p5,Xc_low,Xc,0.8,parameter_factor,Xc,0.5,0.0,699814021,20,0,140.0,0.025,140.0,39.122334867862186,1.8633255040953136,87.82699529974767,19.122334867862183,0.910761956756538,,
Xc_low__parameter_factor__Xc_0p6,Xc_low,Xc,0.8,parameter_factor,Xc,0.6,0.0,3445595059,20,0,140.0,0.025,140.0,47.532182392563314,1.9473977932329096,94.08810182824294,27.53218239256331,1.1279959920912936,,
Xc_low__parameter_factor__Xc_0p7,Xc_low,Xc,0.8,parameter_factor,Xc,0.7,0.0,822279496,20,0,140.0,0.025,140.0,55.50658052166321,2.1849707354894123,98.62964263778916,35.50658052166321,1.3976872404678955,,
Xc_low__parameter_factor__Xc_0p8,Xc_low,Xc,0.8,parameter_factor,Xc,0.8,0.0,2047929002,20,0,140.0,0.025,140.0,62.53803060231168,2.527029958140174,102.04359205647536,42.53803060231168,1.718872127200495,,
Xc_low__parameter_factor__Xc_0p9,Xc_low,Xc,0.8,parameter_factor,Xc,0.9,0.0,188287560,20,0,140.0,0.025,140.0,68.39841950762667,2.9238821949419194,104.68545761393776,48.39841950762667,2.0689261254918363,,
Xc_low__parameter_factor__Xc_1,Xc_low,Xc,0.8,parameter_factor,Xc,1.0,0.0,2752902006,20,0,140.0,0.025,140.0,73.24182216260601,3.358365934131162,106.78782963374236,53.24182216260601,2.4413035686768536,,
Xc_low__parameter_factor__Xc_1p1,Xc_low,Xc,0.8,parameter_factor,Xc,1.1,0.0,1227517500,20,0,140.0,0.025,140.0,77.28565956898652,3.830014078009797,108.50319959770547,57.28565956898652,2.8388821916108564,,
Xc_low__parameter_factor__Xc_1p2,Xc_low,Xc,0.8,parameter_factor,Xc,1.2,0.0,380653949,20,0,140.0,0.025,140.0,80.65676756464134,4.314910714822564,109.92925777576008,60.65676756464134,3.244966841516599,,
Xc_low__parameter_factor__Xc_1p3,Xc_low,Xc,0.8,parameter_factor,Xc,1.3,0.0,2074087061,20,0,140.0,0.025,140.0,83.47586262424072,4.793071627954144,111.13402807667484,63.47586262424072,3.644698558836012,,
Xc_low__parameter_factor__Xc_1p4,Xc_low,Xc,0.8,parameter_factor,Xc,1.4,0.0,852816385,20,0,140.0,0.025,140.0,85.8643842958153,5.262150768302483,112.16766281376076,65.8643842958153,4.03646195414326,,
Xc_low__parameter_factor__Xc_1p5,Xc_low,Xc,0.8,parameter_factor,Xc,1.5,0.0,487927192,20,0,140.0,0.025,140.0,87.91804227683221,5.725562641996492,113.06700255888474,67.91804227683221,4.423085358899557,,
Xc_low__h_ext_absolute__h_ext_0p0001,Xc_low,Xc,0.8,h_ext_absolute,h_ext,0.0001,0.0001,162604611,20,0,140.0,0.025,140.0,73.13585887018203,3.3310740862866526,106.77547801608424,53.135858870182034,2.4201463586997267,,
Xc_low__h_ext_absolute__h_ext_0p00016681005,Xc_low,Xc,0.8,h_ext_absolute,h_ext,0.00016681005372,0.00016681005372,1753194179,20,0,140.0,0.025,140.0,73.06481159576032,3.3129757697779496,106.7672911471865,53.06481159576032,2.406116312421821,,
Xc_low__h_ext_absolute__h_ext_0p00027825594,Xc_low,Xc,0.8,h_ext_absolute,h_ext,0.0002782559402207,0.0002782559402207,2331481636,20,0,140.0,0.025,140.0,72.94584602963717,3.28302569259248,106.7535447047816,52.94584602963717,2.3828988529480073,,
Xc_low__h_ext_absolute__h_ext_0p00046415888,Xc_low,Xc,0.8,h_ext_absolute,h_ext,0.0004641588833612,0.0004641588833612,1058616474,20,0,140.0,0.025,140.0,72.74613636007845,3.2337430133081098,106.73063525973052,52.74613636007845,2.3446942816196676,,
Xc_low__h_ext_absolute__h_ext_0p00077426368,Xc_low,Xc,0.8,h_ext_absolute,h_ext,0.0007742636826811,0.0007742636826811,3554968652,20,0,140.0,0.025,140.0,72.40947714634197,3.153433259517831,106.69235443031738,52.40947714634197,2.282433113184876,,
Xc_low__h_ext_absolute__h_ext_0p0012915497,Xc_low,Xc,0.8,h_ext_absolute,h_ext,0.0012915496650148,0.0012915496650148,3436132103,20,0,140.0,0.025,140.0,71.83805627306849,3.0248223934127423,106.62831057903452,51.83805627306849,2.182699833215711,,
Xc_low__h_ext_absolute__h_ext_0p0021544347,Xc_low,Xc,0.8,h_ext_absolute,h_ext,0.0021544346900318,0.0021544346900318,3271565763,20,0,140.0,0.025,140.0,70.85742712080763,2.8253531758592456,106.5210789934978,50.85742712080763,2.027877656167516,,
Xc_low__h_ext_absolute__h_ext_0p0035938137,Xc_low,Xc,0.8,h_ext_absolute,h_ext,0.0035938136638046,0.0035938136638046,2074583787,20,0,140.0,0.025,140.0,69.14621238190574,2.53429239008507,106.34099289317548,49.14621238190574,1.8012681786972466,,
Xc_low__h_ext_absolute__h_ext_0p0059948425,Xc_low,Xc,0.8,h_ext_absolute,h_ext,0.0059948425031894,0.0059948425031894,4275631910,20,0,140.0,0.025,140.0,66.09879131788713,2.157372181551344,106.03708868029136,46.098791317887134,1.5046001297369764,,
Xc_low__h_ext_absolute__h_ext_0p01,Xc_low,Xc,0.8,h_ext_absolute,h_ext,0.01,0.01,565785799,20,0,140.0,0.025,140.0,60.67730940297497,1.7661314497575946,105.52015551655929,40.67730940297497,1.1839924369585193,,
Xc_high__baseline__baseline_1,Xc_high,Xc,1.2,baseline,baseline,1.0,0.0,3457530982,20,0,140.0,0.025,140.0,87.91804227683221,5.725562641996492,113.06700255888474,67.91804227683221,4.423085358899557,,
Xc_high__parameter_factor__eta_0p5,Xc_high,Xc,1.2,parameter_factor,eta,0.5,0.0,335562292,20,0,140.0,0.025,140.0,,,,,,,
Xc_high__parameter_factor__eta_0p6,Xc_high,Xc,1.2,parameter_factor,eta,0.6,0.0,3495165347,20,0,140.0,0.025,140.0,,,,,,,
Xc_high__parameter_factor__eta_0p7,Xc_high,Xc,1.2,parameter_factor,eta,0.7,0.0,2629785838,20,0,140.0,0.025,140.0,122.37748548394818,5.5572428543021815,,102.37748548394818,4.649029577599237,,
Xc_high__parameter_factor__eta_0p8,Xc_high,Xc,1.2,parameter_factor,eta,0.8,0.0,2926531885,20,0,140.0,0.025,140.0,108.1107792587626,5.62196309624314,138.83881139040696,88.11077925876259,4.581925620833403,,
Xc_high__parameter_factor__eta_0p9,Xc_high,Xc,1.2,parameter_factor,eta,0.9,0.0,3985051817,20,0,140.0,0.025,140.0,96.92727734556895,5.677336534775386,124.56163004069776,76.92727734556895,4.505873415155443,,
Xc_high__parameter_factor__eta_1,Xc_high,Xc,1.2,parameter_factor,eta,1.0,0.0,1276441465,20,0,140.0,0.025,140.0,87.91804227683221,5.725562641996492,113.06700255888474,67.91804227683221,4.423085358899557,,
Xc_high__parameter_factor__eta_1p1,Xc_high,Xc,1.2,parameter_factor,eta,1.1,0.0,1372622376,20,0,140.0,0.025,140.0,80.50059314551505,5.768221724264656,103.6070175329542,60.500593145515055,4.335133718605403,,
Xc_high__parameter_factor__eta_1p2,Xc_high,Xc,1.2,parameter_factor,eta,1.2,0.0,456463245,20,0,140.0,0.025,140.0,74.28414769094682,5.806487441714434,95.68064404304528,54.284147690946824,4.243169392789149,,
Xc_high__parameter_factor__eta_1p3,Xc_high,Xc,1.2,parameter_factor,eta,1.3,0.0,2541990435,20,0,140.0,0.025,140.0,68.99663619403327,5.841263013273321,88.9394985644755,48.99663619403327,4.1480607542975525,,
Xc_high__parameter_factor__eta_1p4,Xc_high,Xc,1.2,parameter_factor,eta,1.4,0.0,3199256311,20,0,140.0,0.025,140.0,64.4426955317159,5.873254603706487,83.13362279197598,44.4426955317159,4.050470949097897,,
Xc_high__parameter_factor__eta_1p5,Xc_high,Xc,1.2,parameter_factor,eta,1.5,0.0,595816207,20,0,140.0,0.025,140.0,60.47838356024115,5.903032963535532,78.07903671580137,40.47838356024115,3.950919624508984,,
Xc_high__parameter_factor__beta_0p5,Xc_high,Xc,1.2,parameter_factor,beta,0.5,0.0,2506221538,20,0,140.0,0.025,140.0,42.56890955313527,3.381494468340222,65.77544118371922,22.56890955313527,1.7927788992371985,,
Xc_high__parameter_factor__beta_0p6,Xc_high,Xc,1.2,parameter_factor,beta,0.6,0.0,827367976,20,0,140.0,0.025,140.0,51.32791813218511,3.7573846601946257,75.19062516461646,31.32791813218511,2.2933141126543144,,
Xc_high__parameter_factor__beta_0p7,Xc_high,Xc,1.2,parameter_factor,beta,0.7,0.0,2544216984,20,0,140.0,0.025,140.0,60.36048955614789,4.225905850932226,84.63971091525627,40.36048955614789,2.825683327222822,,
Xc_high__parameter_factor__beta_0p8,Xc_high,Xc,1.2,parameter_factor,beta,0.8,0.0,2872132440,20,0,140.0,0.025,140.0,69.50393035390829,4.724391450718457,94.10565541847734,49.50393035390829,3.3649312225954584,,
Xc_high__parameter_factor__beta_0p9,Xc_high,Xc,1.2,parameter_factor,beta,0.9,0.0,627546041,20,0,140.0,0.025,140.0,78.69477067737448,5.225343237811392,103.58204041236256,58.69477067737448,3.8973405782105983,,
Xc_high__parameter_factor__beta_1,Xc_high,Xc,1.2,parameter_factor,beta,1.0,0.0,3121271437,20,0,140.0,0.025,140.0,87.91804227683221,5.725562641996492,113.06700255888474,67.91804227683221,4.423085358899557,,
Xc_high__parameter_factor__beta_1p1,Xc_high,Xc,1.2,parameter_factor,beta,1.1,0.0,1815506785,20,0,140.0,0.025,140.0,97.16822967857256,6.226287441265533,122.5596302457004,77.16822967857257,4.944739457554856,,
Xc_high__parameter_factor__beta_1p2,Xc_high,Xc,1.2,parameter_factor,beta,1.2,0.0,430711612,20,0,140.0,0.025,140.0,106.43889446658152,6.726102564213943,132.05898957818616,86.43889446658153,5.462259568113354,,
Xc_high__parameter_factor__beta_1p3,Xc_high,Xc,1.2,parameter_factor,beta,1.3,0.0,3587549539,20,0,140.0,0.025,140.0,115.72400337278188,7.222212962719028,,95.72400337278188,5.974034062538034,,
Xc_high__parameter_factor__beta_1p4,Xc_high,Xc,1.2,parameter_factor,beta,1.4,0.0,1496291621,20,0,140.0,0.025,140.0,125.01919266617494,7.712105809786029,,105.01919266617494,6.478358311451302,,
Xc_high__parameter_factor__beta_1p5,Xc_high,Xc,1.2,parameter_factor,beta,1.5,0.0,752348178,20,0,140.0,0.025,140.0,134.3216106591109,,,114.32161065911087,,,
Xc_high__parameter_factor__epsilon_0p5,Xc_high,Xc,1.2,parameter_factor,epsilon,0.5,0.0,1236591990,20,0,140.0,0.025,140.0,95.86249142372849,10.595939902018603,112.30062925000774,75.86249142372849,8.385285923668981,,
Xc_high__parameter_factor__epsilon_0p6,Xc_high,Xc,1.2,parameter_factor,epsilon,0.6,0.0,800783503,20,0,140.0,0.025,140.0,94.43725184530504,9.192288141593664,112.6438761459093,74.43725184530504,7.245537688361228,,
Xc_high__parameter_factor__epsilon_0p7,Xc_high,Xc,1.2,parameter_factor,epsilon,0.7,0.0,18399104,20,0,140.0,0.025,140.0,92.9141226814913,8.054246248604782,112.8739840764657,72.9141226814913,6.320549364609083,,
Xc_high__parameter_factor__epsilon_0p8,Xc_high,Xc,1.2,parameter_factor,epsilon,0.8,0.0,685309283,20,0,140.0,0.025,140.0,91.31002522464487,7.124571482790828,113.0117869683107,71.31002522464489,5.5640480977052045,,
Xc_high__parameter_factor__epsilon_0p9,Xc_high,Xc,1.2,parameter_factor,epsilon,0.9,0.0,1522180388,20,0,140.0,0.025,140.0,89.64056744047568,6.360028406629014,113.07227517660556,69.64056744047568,4.941021680494156,,
Xc_high__parameter_factor__epsilon_1,Xc_high,Xc,1.2,parameter_factor,epsilon,1.0,0.0,2997268210,20,0,140.0,0.025,140.0,87.91804227683221,5.725562641996492,113.06700255888474,67.91804227683221,4.423085358899557,,
Xc_high__parameter_factor__epsilon_1p1,Xc_high,Xc,1.2,parameter_factor,epsilon,1.1,0.0,2580526940,20,0,140.0,0.025,140.0,86.1502236222823,5.192173217983335,113.0044636170782,66.1502236222823,3.986796609618872,,
Xc_high__parameter_factor__epsilon_1p2,Xc_high,Xc,1.2,parameter_factor,epsilon,1.2,0.0,2157173814,20,0,140.0,0.025,140.0,84.33971377523281,4.735882122693517,112.89126028699933,64.33971377523281,3.6128329894430182,,
Xc_high__parameter_factor__epsilon_1p3,Xc_high,Xc,1.2,parameter_factor,epsilon,1.3,0.0,2965646546,20,0,140.0,0.025,140.0,82.4875029256161,4.339111028616967,112.73253217009244,62.4875029256161,3.287045958219624,,
Xc_high__parameter_factor__epsilon_1p4,Xc_high,Xc,1.2,parameter_factor,epsilon,1.4,0.0,2393191160,20,0,140.0,0.025,140.0,80.59818099201141,3.9911498368036655,112.53289095352936,60.59818099201141,3.000767724532607,,
Xc_high__parameter_factor__epsilon_1p5,Xc_high,Xc,1.2,parameter_factor,epsilon,1.5,0.0,1069237404,20,0,140.0,0.025,140.0,78.68205616910849,3.6862086767432687,112.29662471132258,58.68205616910849,2.7492202816203366,,
Xc_high__parameter_factor__Xc_0p5,Xc_high,Xc,1.2,parameter_factor,Xc,0.5,0.0,2990641274,20,0,140.0,0.025,140.0,59.15978211475775,2.34523152927267,100.45118846434494,39.15978211475775,1.5523849549822497,,
Xc_high__parameter_factor__Xc_0p6,Xc_high,Xc,1.2,parameter_factor,Xc,0.6,0.0,3163138311,20,0,140.0,0.025,140.0,68.39841950762667,2.9238821949419194,104.68545761393776,48.39841950762667,2.0689261254918363,,
Xc_high__parameter_factor__Xc_0p7,Xc_high,Xc,1.2,parameter_factor,Xc,0.7,0.0,3378041042,20,0,140.0,0.025,140.0,75.35481103790477,3.590703562314109,107.68687279154786,55.35481103790477,2.637691136735091,,
Xc_high__parameter_factor__Xc_0p8,Xc_high,Xc,1.2,parameter_factor,Xc,0.8,0.0,1176722472,20,0,140.0,0.025,140.0,80.65676756464134,4.314910714822564,109.92925777576008,60.65676756464134,3.244966841516599,,
Xc_high__parameter_factor__Xc_0p9,Xc_high,Xc,1.2,parameter_factor,Xc,0.9,0.0,444554235,20,0,140.0,0.025,140.0,84.7172132441901,5.028513070845152,111.669649972629,64.7172132441901,3.841384061690686,,
Xc_high__parameter_factor__Xc_1,Xc_high,Xc,1.2,parameter_factor,Xc,1.0,0.0,2646865238,20,0,140.0,0.025,140.0,87.91804227683221,5.725562641996492,113.06700255888474,67.91804227683221,4.423085358899557,,
Xc_high__parameter_factor__Xc_1p1,Xc_high,Xc,1.2,parameter_factor,Xc,1.1,0.0,1384723601,20,0,140.0,0.025,140.0,90.5127766712292,6.410914951819701,114.22117914205715,70.5127766712292,4.994338157339922,,
Xc_high__parameter_factor__Xc_1p2,Xc_high,Xc,1.2,parameter_factor,Xc,1.2,0.0,3746373210,20,0,140.0,0.025,140.0,92.65732606247356,7.077771837400622,115.19665293893556,72.65732606247357,5.550041189825387,,
Xc_high__parameter_factor__Xc_1p3,Xc_high,Xc,1.2,parameter_factor,Xc,1.3,0.0,2471822810,20,0,140.0,0.025,140.0,94.45814456240102,7.7176639981980735,116.03726710023828,74.45814456240102,6.083572192996538,,
Xc_high__parameter_factor__Xc_1p4,Xc_high,Xc,1.2,parameter_factor,Xc,1.4,0.0,1907914417,20,0,140.0,0.025,140.0,95.99190126470192,8.32400728481239,116.77389088654688,75.99190126470191,6.589692790538844,,
Xc_high__parameter_factor__Xc_1p5,Xc_high,Xc,1.2,parameter_factor,Xc,1.5,0.0,3895437611,20,0,140.0,0.025,140.0,97.3151725391832,8.892531759382226,117.42926276438509,77.3151725391832,7.064958211012527,,
Xc_high__h_ext_absolute__h_ext_0p0001,Xc_high,Xc,1.2,h_ext_absolute,h_ext,0.0001,0.0001,3003450494,20,0,140.0,0.025,140.0,87.82344960447534,5.657674726412565,113.05600041344434,67.82344960447534,4.369254662775197,,
Xc_high__h_ext_absolute__h_ext_0p00016681005,Xc_high,Xc,1.2,h_ext_absolute,h_ext,0.00016681005372,0.00016681005372,1259450,20,0,140.0,0.025,140.0,87.7598393888916,5.612434624297359,113.04862084331026,67.7598393888916,4.333390664468106,,
Xc_high__h_ext_absolute__h_ext_0p00027825594,Xc_high,Xc,1.2,h_ext_absolute,h_ext,0.0002782559402207,0.0002782559402207,3364412824,20,0,140.0,0.025,140.0,87.6529979131069,5.537183196590369,113.03640322097944,67.6529979131069,4.273750495274312,,
Xc_high__h_ext_absolute__h_ext_0p00046415888,Xc_high,Xc,1.2,h_ext_absolute,h_ext,0.0004641588833612,0.0004641588833612,3179117246,20,0,140.0,0.025,140.0,87.47268472661392,5.412272291459003,113.01592216054264,67.47268472661392,4.174795173116413,,
Xc_high__h_ext_absolute__h_ext_0p00077426368,Xc_high,Xc,1.2,h_ext_absolute,h_ext,0.0007742636826811,0.0007742636826811,1393178869,20,0,140.0,0.025,140.0,87.16593381228101,5.205755472539406,112.98170395643665,67.16593381228101,4.0113082281031955,,
Xc_high__h_ext_absolute__h_ext_0p0012915497,Xc_high,Xc,1.2,h_ext_absolute,h_ext,0.0012915496650148,0.0012915496650148,4223625133,20,0,140.0,0.025,140.0,86.63688096109853,4.8670943483648035,112.92445289933984,66.63688096109853,3.7435325824350687,,
Xc_high__h_ext_absolute__h_ext_0p0021544347,Xc_high,Xc,1.2,h_ext_absolute,h_ext,0.0021544346900318,0.0021544346900318,3977549087,20,0,140.0,0.025,140.0,85.70230166230265,4.3227750823489455,112.82864079787184,65.70230166230265,3.3139865204309222,,
Xc_high__h_ext_absolute__h_ext_0p0035938137,Xc_high,Xc,1.2,h_ext_absolute,h_ext,0.0035938136638046,0.0035938136638046,3111516290,20,0,140.0,0.025,140.0,83.97925925209594,3.50310679715376,112.66765291699184,63.97925925209594,2.6688277553160984,,
Xc_high__h_ext_absolute__h_ext_0p0059948425,Xc_high,Xc,1.2,h_ext_absolute,h_ext,0.0059948425031894,0.0059948425031894,652332826,20,0,140.0,0.025,140.0,80.54903530339261,2.520734927740402,112.3958099290953,60.549035303392614,1.8948466304452432,,
Xc_high__h_ext_absolute__h_ext_0p01,Xc_high,Xc,1.2,h_ext_absolute,h_ext,0.01,0.01,1866944266,20,0,140.0,0.025,140.0,72.92850161461774,1.755351182264243,111.93300393318944,52.928501614617744,1.2739615627324463,,
xc_std_frac_low__baseline__baseline_1,xc_std_frac_low,xc_std_frac,0.8,baseline,baseline,1.0,0.0,1269457945,20,0,140.0,0.025,140.0,82.02611939989738,5.117013534399593,109.36328401637437,62.02611939989738,3.869358867365328,,
xc_std_frac_low__parameter_factor__eta_0p5,xc_std_frac_low,xc_std_frac,0.8,parameter_factor,eta,0.5,0.0,3824299761,20,0,140.0,0.025,140.0,,,,,,,
xc_std_frac_low__parameter_factor__eta_0p6,xc_std_frac_low,xc_std_frac,0.8,parameter_factor,eta,0.6,0.0,1901978769,20,0,140.0,0.025,140.0,130.8894926141684,,,110.8894926141684,,,
xc_std_frac_low__parameter_factor__eta_0p7,xc_std_frac_low,xc_std_frac,0.8,parameter_factor,eta,0.7,0.0,4270710363,20,0,140.0,0.025,140.0,113.65510996129667,4.944015289663616,,93.65510996129667,4.074012121069223,,
xc_std_frac_low__parameter_factor__eta_0p8,xc_std_frac_low,xc_std_frac,0.8,parameter_factor,eta,0.8,0.0,1238295105,20,0,140.0,0.025,140.0,100.5820459545133,5.009889591768015,134.16074180645205,80.5820459545133,4.013709897027334,,
xc_std_frac_low__parameter_factor__eta_0p9,xc_std_frac_low,xc_std_frac,0.8,parameter_factor,eta,0.9,0.0,129042984,20,0,140.0,0.025,140.0,90.3132590394815,5.066892379765182,120.42740230671386,70.3132590394815,3.9448218369337846,,
xc_std_frac_low__parameter_factor__eta_1,xc_std_frac_low,xc_std_frac,0.8,parameter_factor,eta,1.0,0.0,3395524827,20,0,140.0,0.025,140.0,82.02611939989738,5.117013534399593,109.36328401637437,62.02611939989738,3.869358867365328,,
xc_std_frac_low__parameter_factor__eta_1p1,xc_std_frac_low,xc_std_frac,0.8,parameter_factor,eta,1.1,0.0,1097012705,20,0,140.0,0.025,140.0,75.19238198280921,5.161708445856832,100.25213353697566,55.19238198280921,3.7887745635289862,,
xc_std_frac_low__parameter_factor__eta_1p2,xc_std_frac_low,xc_std_frac,0.8,parameter_factor,eta,1.2,0.0,2559149524,20,0,140.0,0.025,140.0,69.45704853985586,5.202076544164342,92.61406444942212,49.45704853985586,3.704150371508363,,
xc_std_frac_low__parameter_factor__eta_1p3,xc_std_frac_low,xc_std_frac,0.8,parameter_factor,eta,1.3,0.0,1509197666,20,0,140.0,0.025,140.0,64.57255874210128,5.238976184903863,86.11492887324796,44.57255874210128,3.616312847114198,,
xc_std_frac_low__parameter_factor__eta_1p4,xc_std_frac_low,xc_std_frac,0.8,parameter_factor,eta,1.4,0.0,2803137763,20,0,140.0,0.025,140.0,60.36091149949924,5.2731095038241556,80.51505698951065,40.36091149949924,3.525916039435235,,
xc_std_frac_low__parameter_factor__eta_1p5,xc_std_frac_low,xc_std_frac,0.8,parameter_factor,eta,1.5,0.0,3322368357,20,0,140.0,0.025,140.0,56.69079451362429,5.305065850128073,75.63788813438165,36.69079451362429,3.4334865591187973,,
xc_std_frac_low__parameter_factor__beta_0p5,xc_std_frac_low,xc_std_frac,0.8,parameter_factor,beta,0.5,0.0,1968350299,20,0,140.0,0.025,140.0,37.856603361596285,3.0434169954952552,62.58375467579103,17.856603361596285,1.4355511410627595,,
xc_std_frac_low__parameter_factor__beta_0p6,xc_std_frac_low,xc_std_frac,0.8,parameter_factor,beta,0.6,0.0,2594070909,20,0,140.0,0.025,140.0,46.09879193433024,3.284572777623566,71.86534943172113,26.098791934330237,1.8595580907733835,,
xc_std_frac_low__parameter_factor__beta_0p7,xc_std_frac_low,xc_std_frac,0.8,parameter_factor,beta,0.7,0.0,2171675256,20,0,140.0,0.025,140.0,54.851301777576424,3.677477797361652,81.20775342197845,34.851301777576424,2.336587908449287,,
xc_std_frac_low__parameter_factor__beta_0p8,xc_std_frac_low,xc_std_frac,0.8,parameter_factor,beta,0.8,0.0,956467033,20,0,140.0,0.025,140.0,63.82522655388093,4.136051636723499,90.57851486267135,43.82522655388093,2.8399961865381824,,
xc_std_frac_low__parameter_factor__beta_0p9,xc_std_frac_low,xc_std_frac,0.8,parameter_factor,beta,0.9,0.0,3323879662,20,0,140.0,0.025,140.0,72.90112577720566,4.622300021803248,99.96549144243282,52.901125777205664,3.3541988854971954,,
xc_std_frac_low__parameter_factor__beta_1,xc_std_frac_low,xc_std_frac,0.8,parameter_factor,beta,1.0,0.0,3764866320,20,0,140.0,0.025,140.0,82.02611939989738,5.117013534399593,109.36328401637437,62.02611939989738,3.869358867365328,,
xc_std_frac_low__parameter_factor__beta_1p1,xc_std_frac_low,xc_std_frac,0.8,parameter_factor,beta,1.1,0.0,530046925,20,0,140.0,0.025,140.0,91.17641706462295,5.610421574842676,118.7693692725549,71.17641706462297,4.379747732753403,,
xc_std_frac_low__parameter_factor__beta_1p2,xc_std_frac_low,xc_std_frac,0.8,parameter_factor,beta,1.2,0.0,1665211779,20,0,140.0,0.025,140.0,100.34257438485366,6.098770605668021,128.18259979429484,80.34257438485366,4.8831807838887205,,
xc_std_frac_low__parameter_factor__beta_1p3,xc_std_frac_low,xc_std_frac,0.8,parameter_factor,beta,1.3,0.0,3170033426,20,0,140.0,0.025,140.0,109.5208005384688,6.58099947177213,137.60225520411424,89.5208005384688,5.3792187252078145,,
xc_std_frac_low__parameter_factor__beta_1p4,xc_std_frac_low,xc_std_frac,0.8,parameter_factor,beta,1.4,0.0,1569022219,20,0,140.0,0.025,140.0,118.7089271179181,7.056669970415704,,98.7089271179181,5.867766971839018,,
xc_std_frac_low__parameter_factor__beta_1p5,xc_std_frac_low,xc_std_frac,0.8,parameter_factor,beta,1.5,0.0,58839568,20,0,140.0,0.025,140.0,127.90530959126698,7.525370522214971,,107.90530959126698,6.348660885021179,,
xc_std_frac_low__parameter_factor__epsilon_0p5,xc_std_frac_low,xc_std_frac,0.8,parameter_factor,epsilon,0.5,0.0,3015205055,20,0,140.0,0.025,140.0,92.71529378534656,10.049855259489105,110.01460088598662,72.71529378534657,7.88195936029551,,
xc_std_frac_low__parameter_factor__epsilon_0p6,xc_std_frac_low,xc_std_frac,0.8,parameter_factor,epsilon,0.6,0.0,976996832,20,0,140.0,0.025,140.0,90.78311412692167,8.593399478992305,110.1036873381442,70.78311412692169,6.700228141649089,,
xc_std_frac_low__parameter_factor__epsilon_0p7,xc_std_frac_low,xc_std_frac,0.8,parameter_factor,epsilon,0.7,0.0,4238352194,20,0,140.0,0.025,140.0,88.73394694411589,7.442852809520787,110.06268615860569,68.73394694411589,5.765286767246515,,
xc_std_frac_low__parameter_factor__epsilon_0p8,xc_std_frac_low,xc_std_frac,0.8,parameter_factor,epsilon,0.8,0.0,2914148054,20,0,140.0,0.025,140.0,86.58330741952751,6.514791001548784,109.91509491241466,66.58330741952751,5.009930262057219,,
xc_std_frac_low__parameter_factor__epsilon_0p9,xc_std_frac_low,xc_std_frac,0.8,parameter_factor,epsilon,0.9,0.0,983442714,20,0,140.0,0.025,140.0,84.34385481533732,5.752680809628704,109.67774805162956,64.34385481533732,4.388578867116439,,
xc_std_frac_low__parameter_factor__epsilon_1,xc_std_frac_low,xc_std_frac,0.8,parameter_factor,epsilon,1.0,0.0,1040083170,20,0,140.0,0.025,140.0,82.02611939989738,5.117013534399593,109.36328401637437,62.02611939989738,3.869358867365328,,
xc_std_frac_low__parameter_factor__epsilon_1p1,xc_std_frac_low,xc_std_frac,0.8,parameter_factor,epsilon,1.1,0.0,4232389085,20,0,140.0,0.025,140.0,79.64185613370078,4.581141457735396,108.98150074410468,59.641856133700784,3.43070582498352,,
xc_std_frac_low__parameter_factor__epsilon_1p2,xc_std_frac_low,xc_std_frac,0.8,parameter_factor,epsilon,1.2,0.0,1394589695,20,0,140.0,0.025,140.0,77.20611264139417,4.1272102875991274,108.54073436557192,57.20611264139417,3.0580694783035907,,
xc_std_frac_low__parameter_factor__epsilon_1p3,xc_std_frac_low,xc_std_frac,0.8,parameter_factor,epsilon,1.3,0.0,116188774,20,0,140.0,0.025,140.0,74.73534316194099,3.7418281833568767,108.04789570976595,54.73534316194099,2.7404737973205777,,
xc_std_frac_low__parameter_factor__epsilon_1p4,xc_std_frac_low,xc_std_frac,0.8,parameter_factor,epsilon,1.4,0.0,137307389,20,0,140.0,0.025,140.0,72.24489911869317,3.4137621545023524,107.5089057817438,52.24489911869317,2.468709369836189,,
xc_std_frac_low__parameter_factor__epsilon_1p5,xc_std_frac_low,xc_std_frac,0.8,parameter_factor,epsilon,1.5,0.0,680700843,20,0,140.0,0.025,140.0,69.74902098549178,3.133672793466344,106.92860430356092,49.74902098549178,2.235116011108591,,
xc_std_frac_low__parameter_factor__Xc_0p5,xc_std_frac_low,xc_std_frac,0.8,parameter_factor,Xc,0.5,0.0,3332513749,20,0,140.0,0.025,140.0,47.479861287861354,2.0550760680525846,92.15526951829538,27.47986128786135,1.1894138642002818,,
xc_std_frac_low__parameter_factor__Xc_0p6,xc_std_frac_low,xc_std_frac,0.8,parameter_factor,Xc,0.6,0.0,3359475059,20,0,140.0,0.025,140.0,57.80197677396507,2.472407320761327,97.96836189092642,37.80197677396507,1.616932314974003,,
xc_std_frac_low__parameter_factor__Xc_0p7,xc_std_frac_low,xc_std_frac,0.8,parameter_factor,Xc,0.7,0.0,2245236089,20,0,140.0,0.025,140.0,66.24686805110196,3.057664292375896,102.0944614438578,46.24686805110195,2.13455218690481,,
xc_std_frac_low__parameter_factor__Xc_0p8,xc_std_frac_low,xc_std_frac,0.8,parameter_factor,Xc,0.8,0.0,3448546931,20,0,140.0,0.025,140.0,72.8325664022183,3.721281228727423,105.15068192192484,52.832566402218305,2.699408346155464,,
xc_std_frac_low__parameter_factor__Xc_0p9,xc_std_frac_low,xc_std_frac,0.8,parameter_factor,Xc,0.9,0.0,1115457546,20,0,140.0,0.025,140.0,77.96740256267645,4.4170186112054735,107.50027841556371,57.967402562676455,3.2839762201485905,,
xc_std_frac_low__parameter_factor__Xc_1,xc_std_frac_low,xc_std_frac,0.8,parameter_factor,Xc,1.0,0.0,3905972240,20,0,140.0,0.025,140.0,82.02611939989738,5.117013534399593,109.36328401637437,62.02611939989738,3.869358867365328,,
xc_std_frac_low__parameter_factor__Xc_1p1,xc_std_frac_low,xc_std_frac,0.8,parameter_factor,Xc,1.1,0.0,3470457359,20,0,140.0,0.025,140.0,85.2885655084631,5.802625030578026,110.8785510073499,65.2885655084631,4.441920932441392,,
xc_std_frac_low__parameter_factor__Xc_1p2,xc_std_frac_low,xc_std_frac,0.8,parameter_factor,Xc,1.2,0.0,2357279644,20,0,140.0,0.025,140.0,87.9608708840572,6.467015752668657,112.1382977648901,67.9608708840572,4.996585619889971,,
xc_std_frac_low__parameter_factor__Xc_1p3,xc_std_frac_low,xc_std_frac,0.8,parameter_factor,Xc,1.3,0.0,2056204546,20,0,140.0,0.025,140.0,90.18812144626004,7.107012600833681,113.20520525983744,70.18812144626003,5.530970770298713,,
xc_std_frac_low__parameter_factor__Xc_1p4,xc_std_frac_low,xc_std_frac,0.8,parameter_factor,Xc,1.4,0.0,199248628,20,0,140.0,0.025,140.0,92.0725913319194,7.720018204305453,114.123387190151,72.07259133191941,6.043076544984716,,
xc_std_frac_low__parameter_factor__Xc_1p5,xc_std_frac_low,xc_std_frac,0.8,parameter_factor,Xc,1.5,0.0,1278802024,20,0,140.0,0.025,140.0,93.68827140019155,8.304179149680795,114.92470060052348,73.68827140019157,6.531453700577501,,
xc_std_frac_low__h_ext_absolute__h_ext_0p0001,xc_std_frac_low,xc_std_frac,0.8,h_ext_absolute,h_ext,0.0001,0.0001,2018283259,20,0,140.0,0.025,140.0,81.93515202906524,5.066341148255101,109.35182802477313,61.93515202906523,3.82967019011545,,
xc_std_frac_low__h_ext_absolute__h_ext_0p00016681005,xc_std_frac_low,xc_std_frac,0.8,h_ext_absolute,h_ext,0.00016681005372,0.00016681005372,1294681837,20,0,140.0,0.025,140.0,81.87406709835241,5.032586882047557,109.34422206797692,61.87406709835241,3.8032386743905247,,
xc_std_frac_low__h_ext_absolute__h_ext_0p00027825594,xc_std_frac_low,xc_std_frac,0.8,h_ext_absolute,h_ext,0.0002782559402207,0.0002782559402207,3280853121,20,0,140.0,0.025,140.0,81.77160408504844,4.976468909567322,109.33149005433644,61.77160408504844,3.7593058209255896,,
xc_std_frac_low__h_ext_absolute__h_ext_0p00046415888,xc_std_frac_low,xc_std_frac,0.8,h_ext_absolute,h_ext,0.0004641588833612,0.0004641588833612,3091699086,20,0,140.0,0.025,140.0,81.59910246103766,4.883386456492045,109.31023954622565,61.59910246103766,3.686464846031001,,
xc_std_frac_low__h_ext_absolute__h_ext_0p00077426368,xc_std_frac_low,xc_std_frac,0.8,h_ext_absolute,h_ext,0.0007742636826811,0.0007742636826811,487490659,20,0,140.0,0.025,140.0,81.30684970005679,4.729666159555628,109.27467180281562,61.30684970005679,3.5662546691329893,,
xc_std_frac_low__h_ext_absolute__h_ext_0p0012915497,xc_std_frac_low,xc_std_frac,0.8,h_ext_absolute,h_ext,0.0012915496650148,0.0012915496650148,243413397,20,0,140.0,0.025,140.0,80.8064049158693,4.477958535070889,109.21533253901153,60.806404915869294,3.3696408120554753,,
xc_std_frac_low__h_ext_absolute__h_ext_0p0021544347,xc_std_frac_low,xc_std_frac,0.8,h_ext_absolute,h_ext,0.0021544346900318,0.0021544346900318,398300902,20,0,140.0,0.025,140.0,79.93358054898843,4.073341601061589,109.11586625406416,59.93358054898843,3.0541600322927076,,
xc_std_frac_low__h_ext_absolute__h_ext_0p0035938137,xc_std_frac_low,xc_std_frac,0.8,h_ext_absolute,h_ext,0.0035938136638046,0.0035938136638046,1538801824,20,0,140.0,0.025,140.0,78.36196928693965,3.4530968631027235,108.9487858580916,58.361969286939654,2.571777290732497,,
xc_std_frac_low__h_ext_absolute__h_ext_0p0059948425,xc_std_frac_low,xc_std_frac,0.8,h_ext_absolute,h_ext,0.0059948425031894,0.0059948425031894,2146299273,20,0,140.0,0.025,140.0,75.37255528058004,2.631780427815333,108.66699750217516,55.372555280580045,1.9334412463935728,,
xc_std_frac_low__h_ext_absolute__h_ext_0p01,xc_std_frac_low,xc_std_frac,0.8,h_ext_absolute,h_ext,0.01,0.01,1954600436,20,0,140.0,0.025,140.0,69.23708321575522,1.8863731549502205,108.1877292254619,49.23708321575522,1.341470606391974,,
xc_std_frac_high__baseline__baseline_1,xc_std_frac_high,xc_std_frac,1.2,baseline,baseline,1.0,0.0,1648254231,20,0,140.0,0.025,140.0,82.40700626041942,4.137282282403404,111.59344447131896,62.40700626041942,3.133172930504628,,
xc_std_frac_high__parameter_factor__eta_0p5,xc_std_frac_high,xc_std_frac,1.2,parameter_factor,eta,0.5,0.0,4066386693,20,0,140.0,0.025,140.0,,,,,,,
xc_std_frac_high__parameter_factor__eta_0p6,xc_std_frac_high,xc_std_frac,1.2,parameter_factor,eta,0.6,0.0,39234584,20,0,140.0,0.025,140.0,131.4789746853437,,,111.4789746853437,,,
xc_std_frac_high__parameter_factor__eta_0p7,xc_std_frac_high,xc_std_frac,1.2,parameter_factor,eta,0.7,0.0,1757357232,20,0,140.0,0.025,140.0,114.16442925122348,3.9219302681971664,,94.16442925122348,3.2348633255566,,
xc_std_frac_high__parameter_factor__eta_0p8,xc_std_frac_high,xc_std_frac,1.2,parameter_factor,eta,0.8,0.0,2577092390,20,0,140.0,0.025,140.0,101.0346491574863,4.000171130868413,137.01823058410363,81.0346491574863,3.208329685537474,,
xc_std_frac_high__parameter_factor__eta_0p9,xc_std_frac_high,xc_std_frac,1.2,parameter_factor,eta,0.9,0.0,3747540844,20,0,140.0,0.025,140.0,90.72462641394966,4.071395282712854,122.93372331641096,70.72462641394966,3.173867137678388,,
xc_std_frac_high__parameter_factor__eta_1,xc_std_frac_high,xc_std_frac,1.2,parameter_factor,eta,1.0,0.0,1475674294,20,0,140.0,0.025,140.0,82.40700626041942,4.137282282403404,111.59344447131896,62.40700626041942,3.133172930504628,,
xc_std_frac_high__parameter_factor__eta_1p1,xc_std_frac_high,xc_std_frac,1.2,parameter_factor,eta,1.1,0.0,3023738176,20,0,140.0,0.025,140.0,75.55058120800578,4.199079047043435,102.25998501084818,55.55058120800578,3.08748493885715,,
xc_std_frac_high__parameter_factor__eta_1p2,xc_std_frac_high,xc_std_frac,1.2,parameter_factor,eta,1.2,0.0,2180688782,20,0,140.0,0.025,140.0,69.7983613752749,4.257744499079964,94.4392697701216,49.798361375274894,3.0377317609046486,,
xc_std_frac_high__parameter_factor__eta_1p3,xc_std_frac_high,xc_std_frac,1.2,parameter_factor,eta,1.3,0.0,43243854,20,0,140.0,0.025,140.0,64.90141488996208,4.314033427051666,87.78771650503289,44.90141488996208,2.9846222164129004,,
xc_std_frac_high__parameter_factor__eta_1p4,xc_std_frac_high,xc_std_frac,1.2,parameter_factor,eta,1.4,0.0,54246260,20,0,140.0,0.025,140.0,60.680749872374115,4.368557582110694,82.05885465536844,40.680749872374115,2.928708011596553,,
xc_std_frac_high__parameter_factor__eta_1p5,xc_std_frac_high,xc_std_frac,1.2,parameter_factor,eta,1.5,0.0,1913965134,20,0,140.0,0.025,140.0,57.00431102406771,4.421817242939082,77.07120908595509,37.00431102406771,2.8704197561517573,,
xc_std_frac_high__parameter_factor__beta_0p5,xc_std_frac_high,xc_std_frac,1.2,parameter_factor,beta,0.5,0.0,1471974026,20,0,140.0,0.025,140.0,39.21696009343259,2.8819044904285764,64.55748835286231,19.21696009343259,1.4121809404325685,,
xc_std_frac_high__parameter_factor__beta_0p6,xc_std_frac_high,xc_std_frac,1.2,parameter_factor,beta,0.6,0.0,1081293682,20,0,140.0,0.025,140.0,47.24462646016762,3.0030214835889537,73.89305448919121,27.244626460167623,1.7317567034045538,,
xc_std_frac_high__parameter_factor__beta_0p7,xc_std_frac_high,xc_std_frac,1.2,parameter_factor,beta,0.7,0.0,485800980,20,0,140.0,0.025,140.0,55.792682460529015,3.2510575337261804,83.28690130696481,35.792682460529015,2.08565110752462,,
xc_std_frac_high__parameter_factor__beta_0p8,xc_std_frac_high,xc_std_frac,1.2,parameter_factor,beta,0.8,0.0,831670844,20,0,140.0,0.025,140.0,64.57052920471457,3.5418155255414394,92.70808821957654,44.570529204714575,2.4447777378186664,,
xc_std_frac_high__parameter_factor__beta_0p9,xc_std_frac_high,xc_std_frac,1.2,parameter_factor,beta,0.9,0.0,1153751585,20,0,140.0,0.025,140.0,73.4467287149492,3.835649441836079,102.14431530022958,53.4467287149492,2.791178296845416,,
xc_std_frac_high__parameter_factor__beta_1,xc_std_frac_high,xc_std_frac,1.2,parameter_factor,beta,1.0,0.0,255929684,20,0,140.0,0.025,140.0,82.40700626041942,4.137282282403404,111.59344447131896,62.40700626041942,3.133172930504628,,
xc_std_frac_high__parameter_factor__beta_1p1,xc_std_frac_high,xc_std_frac,1.2,parameter_factor,beta,1.1,0.0,3367839627,20,0,140.0,0.025,140.0,91.44973460749398,4.455948832279634,121.05448958383892,71.44973460749398,3.481435598008425,,
xc_std_frac_high__parameter_factor__beta_1p2,xc_std_frac_high,xc_std_frac,1.2,parameter_factor,beta,1.2,0.0,2947678085,20,0,140.0,0.025,140.0,100.55779920119602,4.790696807990225,130.52560814687317,80.55779920119602,3.837872293920461,,
xc_std_frac_high__parameter_factor__beta_1p3,xc_std_frac_high,xc_std_frac,1.2,parameter_factor,beta,1.3,0.0,3781553525,20,0,140.0,0.025,140.0,109.7099124638586,5.135109448735712,,89.7099124638586,4.198984474535709,,
xc_std_frac_high__parameter_factor__beta_1p4,xc_std_frac_high,xc_std_frac,1.2,parameter_factor,beta,1.4,0.0,86846431,20,0,140.0,0.025,140.0,118.88930095090002,5.482594651836156,,98.88930095090002,4.560292206118117,,
xc_std_frac_high__parameter_factor__beta_1p5,xc_std_frac_high,xc_std_frac,1.2,parameter_factor,beta,1.5,0.0,1466443197,20,0,140.0,0.025,140.0,128.08451619085986,5.827850437956662,,108.08451619085986,4.917849664830809,,
xc_std_frac_high__parameter_factor__epsilon_0p5,xc_std_frac_high,xc_std_frac,1.2,parameter_factor,epsilon,0.5,0.0,3165442210,20,0,140.0,0.025,140.0,92.68911431825649,7.98044023171706,111.30536755835575,72.68911431825649,6.258460193302734,,
xc_std_frac_high__parameter_factor__epsilon_0p6,xc_std_frac_high,xc_std_frac,1.2,parameter_factor,epsilon,0.6,0.0,4216703061,20,0,140.0,0.025,140.0,90.82569268792923,6.863686934512945,111.55813665121347,70.82569268792923,5.352289282287798,,
xc_std_frac_high__parameter_factor__epsilon_0p7,xc_std_frac_high,xc_std_frac,1.2,parameter_factor,epsilon,0.7,0.0,2938144124,20,0,140.0,0.025,140.0,88.81399956683705,5.93081402122855,111.69207313987032,68.81399956683705,4.595255652017779,,
xc_std_frac_high__parameter_factor__epsilon_0p8,xc_std_frac_high,xc_std_frac,1.2,parameter_factor,epsilon,0.8,0.0,3772507769,20,0,140.0,0.025,140.0,86.71119522927192,5.183259099258365,111.73166717293437,66.71119522927192,3.987736632856332,,
xc_std_frac_high__parameter_factor__epsilon_0p9,xc_std_frac_high,xc_std_frac,1.2,parameter_factor,epsilon,0.9,0.0,322804068,20,0,140.0,0.025,140.0,84.56497958754697,4.596630967576348,111.69457991493496,64.56497958754697,3.509506961871924,,
xc_std_frac_high__parameter_factor__epsilon_1,xc_std_frac_high,xc_std_frac,1.2,parameter_factor,epsilon,1.0,0.0,759440595,20,0,140.0,0.025,140.0,82.40700626041942,4.137282282403404,111.59344447131896,62.40700626041942,3.133172930504628,,
xc_std_frac_high__parameter_factor__epsilon_1p1,xc_std_frac_high,xc_std_frac,1.2,parameter_factor,epsilon,1.1,0.0,573628184,20,0,140.0,0.025,140.0,80.24857311760898,3.7706352957884666,111.43697889730352,60.248573117608984,2.8308963946961367,,
xc_std_frac_high__parameter_factor__epsilon_1p2,xc_std_frac_high,xc_std_frac,1.2,parameter_factor,epsilon,1.2,0.0,3433452013,20,0,140.0,0.025,140.0,78.07886155435298,3.4649463063020876,111.23072332537396,58.07886155435298,2.5773958893713704,,
xc_std_frac_high__parameter_factor__epsilon_1p3,xc_std_frac_high,xc_std_frac,1.2,parameter_factor,epsilon,1.3,0.0,415341770,20,0,140.0,0.025,140.0,75.88139214470986,3.198288650248049,110.97876197160288,55.881392144709864,2.3553181775533094,,
xc_std_frac_high__parameter_factor__epsilon_1p4,xc_std_frac_high,xc_std_frac,1.2,parameter_factor,epsilon,1.4,0.0,34633472,20,0,140.0,0.025,140.0,73.6556491207595,2.9615110863001295,110.68537932588204,53.655649120759506,2.157360658830625,,
xc_std_frac_high__parameter_factor__epsilon_1p5,xc_std_frac_high,xc_std_frac,1.2,parameter_factor,epsilon,1.5,0.0,2506220699,20,0,140.0,0.025,140.0,71.42386980431156,2.7540321550018496,110.35558161043656,51.423869804311565,1.9828523904364743,,
xc_std_frac_high__parameter_factor__Xc_0p5,xc_std_frac_high,xc_std_frac,1.2,parameter_factor,Xc,0.5,0.0,870117227,20,0,140.0,0.025,140.0,51.7902939531756,1.961053331926773,97.9814231938304,31.7902939531756,1.2037479828975546,,
xc_std_frac_high__parameter_factor__Xc_0p6,xc_std_frac_high,xc_std_frac,1.2,parameter_factor,Xc,0.6,0.0,2045176073,20,0,140.0,0.025,140.0,60.76824913315942,2.287218557703233,102.5171058765244,40.76824913315942,1.5344509231803665,,
xc_std_frac_high__parameter_factor__Xc_0p7,xc_std_frac_high,xc_std_frac,1.2,parameter_factor,Xc,0.7,0.0,1266991902,20,0,140.0,0.025,140.0,68.08359522887041,2.6899732165717105,105.75747678423976,48.08359522887041,1.8997760457175352,,
xc_std_frac_high__parameter_factor__Xc_0p8,xc_std_frac_high,xc_std_frac,1.2,parameter_factor,Xc,0.8,0.0,2534688158,20,0,140.0,0.025,140.0,74.05988828453634,3.180079901003733,108.1932112945148,54.05988828453634,2.3212938631998568,,
xc_std_frac_high__parameter_factor__Xc_0p9,xc_std_frac_high,xc_std_frac,1.2,parameter_factor,Xc,0.9,0.0,2979920680,20,0,140.0,0.025,140.0,78.69636066991622,3.656863870574647,110.080283833255,58.69636066991622,2.727503519106049,,
xc_std_frac_high__parameter_factor__Xc_1,xc_std_frac_high,xc_std_frac,1.2,parameter_factor,Xc,1.0,0.0,2794878231,20,0,140.0,0.025,140.0,82.40700626041942,4.137282282403404,111.59344447131896,62.40700626041942,3.133172930504628,,
xc_std_frac_high__parameter_factor__Xc_1p1,xc_std_frac_high,xc_std_frac,1.2,parameter_factor,Xc,1.1,0.0,1389281632,20,0,140.0,0.025,140.0,85.48429879799026,4.651783098572677,112.84331596562286,65.48429879799026,3.563446839404101,,
xc_std_frac_high__parameter_factor__Xc_1p2,xc_std_frac_high,xc_std_frac,1.2,parameter_factor,Xc,1.2,0.0,4124265000,20,0,140.0,0.025,140.0,88.06669737404857,5.191368376259928,113.89825653810205,68.06669737404857,4.012405492206161,,
xc_std_frac_high__parameter_factor__Xc_1p3,xc_std_frac_high,xc_std_frac,1.2,parameter_factor,Xc,1.3,0.0,1267577080,20,0,140.0,0.025,140.0,90.24688430832173,5.7363456099592245,114.80437806658416,70.24688430832171,4.465089398972165,,
xc_std_frac_high__parameter_factor__Xc_1p4,xc_std_frac_high,xc_std_frac,1.2,parameter_factor,Xc,1.4,0.0,3065251312,20,0,140.0,0.025,140.0,92.09806940743516,6.26734584360642,115.5943181939632,72.09806940743515,4.906330160230879,,
xc_std_frac_high__parameter_factor__Xc_1p5,xc_std_frac_high,xc_std_frac,1.2,parameter_factor,Xc,1.5,0.0,4124250246,20,0,140.0,0.025,140.0,93.67919504182764,6.767700178567279,116.29206700787807,73.67919504182763,5.322832900289426,,
xc_std_frac_high__h_ext_absolute__h_ext_0p0001,xc_std_frac_high,xc_std_frac,1.2,h_ext_absolute,h_ext,0.0001,0.0001,256945107,20,0,140.0,0.025,140.0,82.29551566755482,4.091106967808786,111.58189690775671,62.295515667554824,3.0968591197643236,,
xc_std_frac_high__h_ext_absolute__h_ext_0p00016681005,xc_std_frac_high,xc_std_frac,1.2,h_ext_absolute,h_ext,0.00016681005372,0.00016681005372,28964632,20,0,140.0,0.025,140.0,82.22060687306364,4.0604831121991305,111.5741400083814,62.220606873063645,3.0727786262743524,,
xc_std_frac_high__h_ext_absolute__h_ext_0p00027825594,xc_std_frac_high,xc_std_frac,1.2,h_ext_absolute,h_ext,0.0002782559402207,0.0002782559402207,490733504,20,0,140.0,0.025,140.0,82.09489363251953,4.009809657791337,111.56130350059182,62.09489363251953,3.0329377768822985,,
xc_std_frac_high__h_ext_absolute__h_ext_0p00046415888,xc_std_frac_high,xc_std_frac,1.2,h_ext_absolute,h_ext,0.0004641588833612,0.0004641588833612,4044237972,20,0,140.0,0.025,140.0,81.88305999089211,3.92645571378311,111.53978967368474,61.88305999089211,2.9674159040300667,,
xc_std_frac_high__h_ext_absolute__h_ext_0p00077426368,xc_std_frac_high,xc_std_frac,1.2,h_ext_absolute,h_ext,0.0007742636826811,0.0007742636826811,3952197061,20,0,140.0,0.025,140.0,81.52366636926313,3.790823326756883,111.5038238217504,61.523666369263125,2.8608299897088973,,
xc_std_frac_high__h_ext_absolute__h_ext_0p0012915497,xc_std_frac_high,xc_std_frac,1.2,h_ext_absolute,h_ext,0.0012915496650148,0.0012915496650148,1525826045,20,0,140.0,0.025,140.0,80.90685662147523,3.574636191722586,111.44372877879157,60.90685662147523,2.690993855091808,,
xc_std_frac_high__h_ext_absolute__h_ext_0p0021544347,xc_std_frac_high,xc_std_frac,1.2,h_ext_absolute,h_ext,0.0021544346900318,0.0021544346900318,1800756267,20,0,140.0,0.025,140.0,79.82749008638463,3.243812394678801,111.34302885955496,59.82749008638463,2.4311067988574773,,
xc_std_frac_high__h_ext_absolute__h_ext_0p0035938137,xc_std_frac_high,xc_std_frac,1.2,h_ext_absolute,h_ext,0.0035938136638046,0.0035938136638046,2143293748,20,0,140.0,0.025,140.0,77.87625385346254,2.7760209346587086,111.17378320432448,57.87625385346254,2.0630896373001413,,
xc_std_frac_high__h_ext_absolute__h_ext_0p0059948425,xc_std_frac_high,xc_std_frac,1.2,h_ext_absolute,h_ext,0.0059948425031894,0.0059948425031894,2506835409,20,0,140.0,0.025,140.0,74.17117198330135,2.204277087099351,110.88806853603526,54.17117198330135,1.6099013941830749,,
xc_std_frac_high__h_ext_absolute__h_ext_0p01,xc_std_frac_high,xc_std_frac,1.2,h_ext_absolute,h_ext,0.01,0.01,2449441849,20,0,140.0,0.025,140.0,66.97339447903009,1.6782993639661097,110.40126185251904,46.97339447903009,1.1771154604112142,,
