year,conservative_ci_low,conservative_ci_high,scenario_ci_low,scenario_ci_high,mismatch_ci_low,mismatch_ci_high,ggm_cov_ci_low,ggm_cov_ci_high,window_ci_low,window_ci_high
1900,0.8131478289636971,0.9009554492272798,0.8308454926562252,0.8864945189627707,0.8131478289636971,0.9009554492272798,0.8247809855367673,0.8914103024176999,0.85635020349172,0.8863239112867699
1950,0.8089979715055594,0.8861046179766926,0.8168641734395853,0.8781869931323312,0.8089979715055594,0.8861046179766926,0.8126995463031372,0.8827285883470424,0.8420725558156151,0.8550183011489263
2000,0.8817282685007926,0.938790495342622,0.8904973693668774,0.9336246000284727,0.8852787933313153,0.938790495342622,0.8817282685007926,0.9380841068875867,0.8934105621338436,0.9149052362201106
2019,0.9824758697601602,1.0051219937932478,0.9881645998879781,1.0009098026324343,0.9824758697601602,1.0051219937932478,,,0.9869197032463614,0.9969171243304041
