{
  "workflow": "USA first; Sweden fitted after fixing USA eta and beta.",
  "focus_age_window": [
    70,
    100
  ],
  "baseline": {
    "eta": 0.54,
    "beta": 54.75,
    "kappa": 0.5,
    "epsilon": 51.83,
    "Xc": 21.0,
    "xc_std_frac": 0.2
  },
  "vectors_log2": {
    "USA": [
      0.08,
      0.08,
      0.09,
      0.0,
      -0.36,
      -0.135
    ],
    "SWE": [
      0.0,
      0.0,
      -0.39999999999999997,
      0.0
    ]
  },
  "fitted_parameters": {
    "USA": {
      "eta": 0.5707897419031454,
      "beta": 57.87173772073557,
      "epsilon": 55.166306556557636,
      "Xc": 21.0,
      "xc_std_frac": 0.1558329159321,
      "h_ext": 0.0007381130319028933
    },
    "SWE": {
      "eta": 0.5707897419031454,
      "beta": 57.87173772073557,
      "epsilon": 51.83,
      "Xc": 21.0,
      "xc_std_frac": 0.15157165665103983,
      "h_ext": 0.0003767783778403702
    }
  },
  "metrics": {
    "SWE": {
      "hazard_log_rmse_70_100": 0.232302542455084,
      "hazard_median_fold_error_70_100": 1.1519948872180452,
      "survival_rmse_70_100": 0.029894992438630242
    },
    "USA": {
      "hazard_log_rmse_70_100": 0.16449559216193416,
      "hazard_median_fold_error_70_100": 1.121259685444884,
      "survival_rmse_70_100": 0.01525279691080509
    }
  },
  "plot_path": "results/sequential_70_100_usa_sweden_sr_fit_2019.png"
}