{
  "run_label": "sweden2019_artificial_survival_time_xdisease",
  "baseline": {
    "eta": 0.5868368257640714,
    "beta": 57.87173772073557,
    "kappa": 0.5,
    "epsilon": 49.718659304628446,
    "Xc": 21.74056340066893,
    "xc_std_frac": 0.14142135623730953
  },
  "disease_fraction": 0.75,
  "xc_factor": 1.2,
  "scenario_ids": [
    "baseline",
    "xc_only",
    "proportional"
  ],
  "n": 80000,
  "tmax": 160.0,
  "dt": 0.05,
  "save_times": 160.0,
  "h_ext": 0.0,
  "parallel": true,
  "base_seed": 20260520
}
